t_epoch_s,dt_ms,hz,x_mm,y_mm,z_mm,rz_deg,ry_deg,rx_deg
956298156.506350,0.000,0.00,-115.376,558.224,24.747,-90.351,2.368,179.698
956298179.584410,0.000,0.00,-105.376,558.222,24.747,-90.351,2.368,179.698
956298297.886012,0.000,0.00,-135.376,558.216,74.748,-90.351,2.368,179.698
956298316.554751,0.000,0.00,-125.376,558.214,74.748,-90.351,2.368,179.698
956298375.998278,0.000,0.00,-115.377,558.214,74.749,-90.351,2.368,179.698
956298376.069951,71.673,13.95,-115.127,558.545,74.672,-90.316,2.368,179.698
956298376.137559,67.608,14.79,-113.978,560.057,74.307,-90.157,2.368,179.698
956298376.204983,67.424,14.83,-113.866,560.204,74.270,-90.142,2.368,179.698
956298376.274243,69.260,14.44,-113.568,560.414,74.094,-90.103,2.368,179.698
956298376.341421,67.178,14.89,-111.369,561.962,72.783,-89.818,2.368,179.698
956298376.409262,67.841,14.74,-108.394,564.055,71.007,-89.432,2.368,179.698
956298376.476489,67.227,14.87,-107.355,564.785,70.388,-89.297,2.368,179.698
956298376.543690,67.201,14.88,-107.170,564.838,70.228,-89.267,2.368,179.698
956298376.610896,67.206,14.88,-105.294,565.332,68.596,-88.962,2.368,179.698
956298376.678071,67.175,14.89,-101.511,566.327,65.300,-88.347,2.368,179.698
956298376.745217,67.146,14.89,-98.191,567.203,62.409,-87.806,2.368,179.698
956298376.812372,67.155,14.89,-97.044,567.506,61.410,-87.619,2.368,179.698
956298376.879507,67.135,14.90,-97.017,567.511,61.384,-87.614,2.368,179.698
956298376.946686,67.179,14.89,-96.800,567.639,61.229,-87.605,2.368,179.698
956298377.014211,67.525,14.81,-94.892,568.761,59.852,-87.519,2.368,179.698
956298377.081450,67.239,14.87,-90.789,571.171,56.897,-87.335,2.368,179.698
956298377.148678,67.228,14.87,-86.021,573.969,53.462,-87.122,2.368,179.698
956298377.215847,67.169,14.89,-82.993,575.748,51.279,-86.986,2.368,179.698
956298377.282994,67.147,14.89,-82.164,576.234,50.683,-86.949,2.368,179.698
956298377.350170,67.176,14.89,-82.014,576.338,50.588,-86.949,2.368,179.698
956298377.417317,67.147,14.89,-80.342,577.489,49.553,-86.958,2.368,179.698
956298377.484630,67.313,14.86,-76.359,580.236,47.083,-86.978,2.368,179.698
956298377.555699,71.069,14.07,-71.186,583.801,43.879,-87.006,2.368,179.698
956298377.625081,69.382,14.41,-66.968,586.707,41.263,-87.028,2.368,179.698
956298377.692217,67.136,14.90,-65.092,588.001,40.101,-87.038,2.368,179.698
956298377.759447,67.230,14.87,-64.886,588.141,39.973,-87.039,2.368,179.698
956298377.826628,67.181,14.89,-64.672,588.299,39.850,-87.045,2.368,179.698
956298377.893809,67.181,14.89,-62.766,589.693,38.755,-87.104,2.368,179.698
956298377.961032,67.223,14.88,-58.674,592.689,36.401,-87.231,2.368,179.698
956298378.028189,67.157,14.89,-53.787,596.267,33.592,-87.382,2.368,179.698
956298378.095463,67.274,14.86,-49.285,599.564,31.005,-87.521,2.368,179.698
956298378.162513,67.050,14.91,-46.715,601.458,29.514,-87.601,2.368,179.698
956298378.229708,67.195,14.88,-46.192,601.826,29.226,-87.617,2.368,179.698
956298378.296910,67.202,14.88,-46.115,601.884,29.180,-87.620,2.368,179.698
956298378.364185,67.275,14.86,-44.708,602.939,28.393,-87.681,2.368,179.698
956298378.431405,67.220,14.88,-41.047,605.679,26.336,-87.840,2.368,179.698
956298378.498654,67.249,14.87,-36.143,609.351,23.584,-88.053,2.368,179.698
956298378.565915,67.261,14.87,-31.363,612.928,20.900,-88.260,2.368,179.698
956298378.633132,67.217,14.88,-27.984,615.457,19.002,-88.407,2.368,179.698
956298378.700303,67.171,14.89,-26.855,616.300,18.369,-88.456,2.368,179.698
956299205.770851,0.000,0.00,-126.819,566.313,68.349,-88.457,2.368,179.698
956299205.842722,71.871,13.91,-126.604,566.557,68.264,-88.489,2.368,179.698
956299205.910037,67.315,14.86,-125.286,568.056,67.741,-88.684,2.368,179.698
956299205.977331,67.294,14.86,-125.059,568.314,67.649,-88.718,2.368,179.698
956299206.044490,67.159,14.89,-124.879,568.611,67.526,-88.730,2.368,179.698
956299206.111688,67.198,14.88,-123.412,570.889,66.574,-88.819,2.368,179.698
956299206.179009,67.321,14.85,-121.816,573.383,65.530,-88.916,2.368,179.698
956299206.246200,67.191,14.88,-121.532,573.830,65.342,-88.934,2.368,179.698
956299206.313367,67.167,14.89,-121.413,574.037,65.219,-88.945,2.368,179.698
956299206.380629,67.262,14.87,-120.214,576.157,63.964,-89.059,2.368,179.698
956299206.448163,67.534,14.81,-118.206,579.705,61.859,-89.251,2.368,179.698
956299206.515332,67.169,14.89,-117.034,581.775,60.630,-89.363,2.368,179.698
956299206.584423,69.091,14.47,-116.917,581.982,60.507,-89.374,2.368,179.698
956299206.651628,67.205,14.88,-116.815,582.170,60.390,-89.389,2.368,179.698
956299206.718976,67.348,14.85,-115.749,584.160,59.168,-89.551,2.368,179.698
956299206.786217,67.241,14.87,-113.637,588.101,56.739,-89.870,2.368,179.698
956299206.853583,67.366,14.84,-111.838,591.454,54.675,-90.142,2.368,179.698
956299206.920720,67.137,14.89,-111.301,592.450,54.059,-90.223,2.368,179.698
956299206.987905,67.185,14.88,-111.202,592.634,53.954,-90.246,2.368,179.698
956299207.055185,67.280,14.86,-110.139,594.554,52.840,-90.493,2.368,179.698
956299207.122522,67.337,14.85,-107.904,598.658,50.458,-91.021,2.368,179.698
956299207.189710,67.188,14.88,-105.767,602.453,48.259,-91.509,2.368,179.698
956299207.256967,67.257,14.87,-104.922,603.980,47.371,-91.705,2.368,179.698
956299207.324154,67.187,14.88,-104.883,604.051,47.324,-91.715,2.367,179.698
956299207.392673,68.519,14.59,-104.778,604.238,47.224,-91.749,2.368,179.698
956299207.459895,67.222,14.88,-103.684,606.180,46.118,-92.116,2.368,179.698
956299207.527084,67.189,14.88,-101.415,610.209,43.828,-92.877,2.368,179.698
956299207.594265,67.181,14.89,-99.294,613.976,41.686,-93.588,2.368,179.698
956299207.661493,67.228,14.87,-98.441,615.499,40.820,-93.876,2.368,179.698
956299207.728741,67.248,14.87,-98.397,615.569,40.779,-93.889,2.368,179.698
956299207.799655,70.914,14.10,-98.223,615.738,40.598,-93.967,2.368,179.698
956299207.873388,73.733,13.56,-96.320,617.562,38.618,-94.823,2.368,179.698
956299207.945406,72.018,13.89,-93.589,620.175,35.778,-96.050,2.368,179.698
956299208.014678,69.272,14.44,-92.345,621.371,34.482,-96.610,2.368,179.698
956299208.081858,67.180,14.89,-92.291,621.417,34.428,-96.633,2.368,179.698
956299208.149103,67.245,14.87,-92.131,621.470,34.256,-96.717,2.368,179.698
956299208.216997,67.894,14.73,-90.358,622.037,32.353,-97.639,2.368,179.698
956299208.284201,67.204,14.88,-87.534,622.943,29.324,-99.109,2.368,179.698
956299208.351365,67.164,14.89,-86.162,623.385,27.851,-99.824,2.368,179.698
956299208.418722,67.357,14.85,-86.094,623.404,27.779,-99.858,2.368,179.698
956299208.485976,67.254,14.87,-85.918,623.423,27.633,-99.946,2.368,179.698
956299208.553273,67.297,14.86,-83.960,623.625,26.007,-100.919,2.368,179.698
956299208.620576,67.303,14.86,-80.339,623.991,23.005,-102.716,2.368,179.698
956299208.687893,67.317,14.86,-78.034,624.228,21.092,-103.861,2.368,179.698
956299208.755185,67.292,14.86,-77.716,624.259,20.828,-104.019,2.368,179.698
956299208.822468,67.283,14.86,-77.544,624.310,20.705,-104.102,2.368,179.698
956299208.889764,67.296,14.86,-75.524,624.903,19.258,-105.072,2.368,179.698
956299208.956778,67.014,14.92,-71.635,626.043,16.470,-106.940,2.368,179.698
956299209.023798,67.020,14.92,-68.611,626.930,14.300,-108.394,2.368,179.698
956299209.090813,67.015,14.92,-67.867,627.146,13.767,-108.751,2.368,179.698
956299209.157828,67.015,14.92,-67.700,627.229,13.646,-108.830,2.368,179.698
956299209.224877,67.049,14.91,-65.838,628.138,12.290,-109.707,2.368,179.698
956299209.291912,67.035,14.92,-61.984,630.020,9.484,-111.523,2.368,179.698
956299209.358999,67.087,14.91,-58.469,631.738,6.927,-113.179,2.368,179.698
956299209.425999,67.000,14.93,-57.151,632.380,5.968,-113.800,2.368,179.698
956299209.492989,66.990,14.93,-57.104,632.403,5.931,-113.822,2.368,179.698
956299209.560003,67.014,14.92,-56.788,632.410,5.720,-113.764,2.468,179.770
956299209.627014,67.011,14.92,-56.781,632.405,5.716,-113.761,2.468,179.772
956299209.694033,67.019,14.92,-56.781,632.405,5.716,-113.761,2.468,179.772
956299209.761050,67.017,14.92,-56.781,632.405,5.716,-113.761,2.468,179.772
956299209.828050,67.000,14.93,-56.781,632.405,5.716,-113.761,2.468,179.772
956299209.895137,67.087,14.91,-56.781,632.405,5.716,-113.761,2.468,179.772
956299209.962121,66.984,14.93,-56.781,632.405,5.716,-113.761,2.468,179.772
956299210.029233,67.112,14.90,-56.781,632.405,5.716,-113.761,2.468,179.772
956299210.096475,67.242,14.87,-56.781,632.405,5.716,-113.761,2.468,179.772
956300301.408431,0.000,0.00,-126.984,512.496,65.755,-89.998,2.440,179.710
956300301.480154,71.723,13.94,-126.146,513.495,65.331,-90.135,2.440,179.710
956300301.548643,68.489,14.60,-125.203,514.611,64.879,-90.281,2.440,179.710
956300301.615901,67.258,14.87,-122.614,517.444,64.147,-90.518,2.440,179.710
956300301.683069,67.168,14.89,-122.232,517.860,64.038,-90.553,2.440,179.710
956300301.750212,67.143,14.89,-121.504,518.934,63.343,-90.628,2.440,179.710
956300301.817356,67.144,14.89,-119.189,522.350,61.131,-90.868,2.440,179.710
956300301.884505,67.149,14.89,-118.221,523.774,60.204,-90.968,2.440,179.710
956300301.951676,67.171,14.89,-117.629,524.797,59.458,-91.048,2.440,179.710
956300302.018919,67.243,14.87,-115.655,528.197,56.962,-91.314,2.440,179.710
956300302.086099,67.180,14.89,-113.808,531.380,54.625,-91.563,2.440,179.710
956300302.153286,67.187,14.88,-113.651,531.647,54.426,-91.584,2.440,179.710
956300302.220449,67.163,14.89,-113.147,532.591,53.742,-91.682,2.440,179.710
956300302.287759,67.310,14.86,-111.262,536.100,51.186,-92.048,2.440,179.710
956300302.354945,67.186,14.88,-109.401,539.570,48.661,-92.410,2.440,179.710
956300302.422092,67.147,14.89,-108.429,541.379,47.340,-92.599,2.440,179.710
956300302.489411,67.319,14.85,-108.056,542.064,46.894,-92.693,2.440,179.710
956300302.556473,67.062,14.91,-106.135,545.640,44.555,-93.182,2.440,179.710
956300302.623707,67.234,14.87,-104.159,549.209,42.220,-93.672,2.440,179.710
956300302.691061,67.354,14.85,-102.455,552.334,40.177,-94.100,2.440,179.710
956300302.758553,67.492,14.82,-102.389,552.455,40.095,-94.117,2.440,179.710
956300302.825768,67.215,14.88,-101.602,553.891,39.302,-94.345,2.440,179.710
956300302.894885,69.117,14.47,-99.513,557.692,37.196,-94.951,2.440,179.710
956300302.962047,67.162,14.89,-97.485,561.387,35.154,-95.540,2.440,179.710
956300303.031388,69.341,14.42,-95.649,564.733,33.302,-96.073,2.440,179.710
956300303.098671,67.283,14.86,-95.578,564.857,33.230,-96.093,2.440,179.710
956300303.166042,67.371,14.84,-94.987,565.939,32.555,-96.322,2.440,179.710
956300303.233313,67.271,14.87,-93.016,569.527,30.299,-97.085,2.440,179.710
956300303.300471,67.158,14.89,-91.044,573.119,28.042,-97.850,2.440,179.710
956300303.367590,67.119,14.90,-89.837,575.319,26.660,-98.317,2.440,179.710
956300303.434711,67.121,14.90,-88.921,576.319,25.460,-98.789,2.440,179.710
956300303.501960,67.249,14.87,-86.562,578.895,22.361,-100.005,2.440,179.710
956300303.569188,67.228,14.87,-84.625,581.007,19.820,-101.002,2.440,179.710
956300303.636215,67.027,14.92,-83.770,581.504,18.827,-101.484,2.440,179.710
956300303.703368,67.153,14.89,-80.899,583.105,15.518,-103.106,2.440,179.710
956300303.770582,67.214,14.88,-78.644,584.364,12.917,-104.381,2.440,179.710
956300303.837685,67.103,14.90,-77.655,584.717,11.948,-104.951,2.440,179.710
956300303.904855,67.170,14.89,-74.422,585.859,8.792,-106.819,2.440,179.710
956300303.972004,67.149,14.89,-72.061,586.691,6.490,-108.182,2.440,179.710
956300304.040126,68.122,14.68,-72.049,586.683,6.447,-108.187,2.437,179.711
956300304.107148,67.022,14.92,-72.000,586.497,6.414,-108.076,2.396,179.743
956300304.174112,66.964,14.93,-72.000,586.497,6.414,-108.076,2.396,179.743
956300304.241097,66.985,14.93,-71.995,586.498,6.414,-108.076,2.396,179.743
956300304.308064,66.967,14.93,-71.995,586.498,6.414,-108.076,2.396,179.743
956300304.375030,66.966,14.93,-71.995,586.498,6.414,-108.076,2.396,179.743
956300304.441995,66.965,14.93,-71.995,586.498,6.414,-108.076,2.396,179.743
956300304.509140,67.145,14.89,-71.995,586.498,6.414,-108.076,2.396,179.743
956300304.576262,67.122,14.90,-71.995,586.498,6.414,-108.076,2.396,179.743
956301121.311332,0.000,0.00,-126.976,512.483,65.719,-90.000,-0.001,-179.999
956301121.382759,71.427,14.00,-126.976,512.483,65.719,-90.000,-0.001,-179.999
956301121.449903,67.144,14.89,-125.314,514.469,64.875,-90.272,-0.001,-179.999
956301121.517000,67.097,14.90,-122.858,516.924,64.176,-90.493,-0.001,-179.999
956301121.584135,67.135,14.90,-121.410,518.373,63.155,-90.644,-0.000,-179.999
956301121.651139,67.004,14.92,-119.287,520.494,61.104,-90.887,-0.001,-179.999
956301121.718190,67.051,14.91,-116.347,523.435,58.162,-91.294,-0.001,-179.999
956301121.785202,67.012,14.92,-114.459,525.320,56.277,-91.600,-0.000,-179.999
956301121.852210,67.008,14.92,-113.008,526.769,54.829,-91.854,-0.000,-179.999
956301121.921593,69.383,14.41,-110.304,529.470,52.122,-92.464,-0.001,-179.999
956301121.988841,67.248,14.87,-107.531,532.241,49.350,-93.189,-0.000,-179.999
956301122.055848,67.007,14.92,-106.011,533.759,47.832,-93.708,-0.000,-179.999
956301122.122848,67.000,14.93,-104.236,535.536,46.058,-94.343,0.000,-179.999
956301122.189879,67.031,14.92,-101.313,538.458,43.131,-95.535,-0.000,-179.999
956301122.256885,67.006,14.92,-99.082,540.688,40.900,-96.556,0.000,-179.999
956301122.323915,67.030,14.92,-97.801,541.967,39.618,-97.189,-0.000,-179.999
956301122.391100,67.185,14.88,-95.306,544.462,37.125,-98.562,0.000,-179.999
956301122.458150,67.050,14.91,-92.506,547.261,34.321,-100.228,-0.000,-179.999
956301122.525287,67.137,14.89,-91.016,548.748,32.831,-101.168,-0.000,-179.999
956301122.592346,67.059,14.91,-89.223,550.537,31.041,-102.313,-0.000,-179.999
956301122.659382,67.036,14.92,-86.312,553.449,28.128,-104.254,-0.000,-179.999
956301122.726396,67.014,14.92,-85.314,554.447,27.131,-104.920,0.000,-179.999
956301122.793387,66.991,14.93,-85.364,554.489,27.179,-104.825,0.016,-180.000
956301122.860694,67.307,14.86,-85.228,554.367,27.101,-104.769,0.020,-179.956
956301122.927982,67.288,14.86,-85.219,554.362,27.100,-104.769,0.018,-179.955
956301122.995413,67.431,14.83,-85.158,554.374,27.100,-104.776,0.019,-179.956
956301123.062437,67.024,14.92,-85.156,554.376,27.100,-104.776,0.019,-179.956
956301123.129409,66.972,14.93,-85.154,554.376,27.100,-104.776,0.019,-179.956
956301123.196390,66.981,14.93,-85.151,554.377,27.100,-104.776,0.019,-179.956
956301123.263388,66.998,14.93,-85.154,554.376,27.100,-104.776,0.019,-179.956
956301123.330431,67.043,14.92,-85.156,554.376,27.100,-104.776,0.019,-179.956
956301123.397580,67.149,14.89,-85.156,554.376,27.100,-104.776,0.019,-179.956
956301123.464599,67.019,14.92,-85.156,554.376,27.100,-104.776,0.019,-179.956
956301231.346327,0.000,0.00,-126.996,512.530,65.759,-90.000,0.010,180.000
956301231.417122,70.795,14.13,-126.996,512.530,65.759,-90.000,0.010,180.000
956301231.484889,67.767,14.76,-126.118,513.584,65.310,-90.144,0.010,179.999
956301231.552070,67.181,14.89,-125.327,514.534,64.908,-90.273,0.010,179.999
956301231.619329,67.259,14.87,-123.829,516.030,63.925,-90.431,0.010,179.999
956301231.688260,68.931,14.51,-122.331,517.526,62.944,-90.589,0.010,179.999
956301231.755493,67.233,14.87,-121.493,518.361,62.079,-90.700,0.010,179.999
956301231.822610,67.117,14.90,-119.590,520.264,60.202,-90.942,0.010,179.999
956301231.889831,67.221,14.88,-119.176,520.679,59.788,-91.005,0.010,179.999
956301231.956958,67.127,14.90,-117.367,522.485,57.980,-91.348,0.010,179.999
956301232.024104,67.146,14.89,-116.330,523.523,56.941,-91.546,0.010,179.999
956301232.091424,67.320,14.85,-115.203,524.648,55.818,-91.809,0.010,179.999
956301232.158905,67.481,14.82,-113.427,526.423,54.042,-92.224,0.010,179.999
956301232.226077,67.172,14.89,-112.982,526.868,53.596,-92.355,0.010,179.999
956301232.293250,67.173,14.89,-111.078,528.770,51.692,-92.945,0.010,179.999
956301232.360388,67.138,14.89,-110.323,529.527,50.937,-93.179,0.010,179.999
956301232.427652,67.264,14.87,-108.885,530.962,49.498,-93.731,0.010,179.999
956301232.494805,67.153,14.89,-107.349,532.497,47.961,-94.320,0.010,179.999
956301232.561890,67.085,14.91,-106.721,533.122,47.334,-94.612,0.010,179.999
956301232.629126,67.236,14.87,-104.799,535.044,45.413,-95.510,0.010,179.999
956301232.696315,67.189,14.88,-104.278,535.561,44.891,-95.760,0.010,179.999
956301232.764243,67.928,14.72,-102.598,537.242,43.211,-96.740,0.010,179.999
956301232.831830,67.587,14.80,-101.329,538.513,41.940,-97.480,0.009,180.000
956301232.899313,67.483,14.82,-100.433,539.405,41.047,-98.061,0.010,180.000
956301232.966387,67.074,14.91,-98.570,541.271,39.181,-99.273,0.010,180.000
956301233.033576,67.189,14.88,-98.144,541.695,38.756,-99.554,0.010,179.999
956301233.100821,67.245,14.87,-96.310,543.529,36.920,-100.776,0.009,180.000
956301233.168015,67.194,14.88,-95.329,544.509,35.941,-101.430,0.010,179.999
956301233.235331,67.316,14.86,-94.147,545.688,34.756,-102.218,0.009,180.000
956301233.302526,67.195,14.88,-92.418,547.430,33.017,-103.378,0.009,180.000
956301233.369725,67.199,14.88,-91.982,547.852,32.594,-103.661,0.009,179.999
956301233.437060,67.335,14.85,-90.080,549.755,30.691,-104.930,0.009,179.999
956301233.504262,67.202,14.88,-89.326,550.509,29.939,-105.432,0.010,179.999
956301233.571517,67.255,14.87,-87.914,551.918,28.529,-106.372,0.010,179.999
956301233.638793,67.276,14.86,-86.354,553.480,26.966,-107.413,0.010,180.000
956301233.706005,67.212,14.88,-85.751,554.079,26.361,-107.816,0.009,180.000
956301233.773196,67.191,14.88,-83.826,556.004,24.438,-109.098,0.009,180.000
956301233.840466,67.270,14.87,-83.295,556.543,23.899,-109.458,0.010,179.999
956301233.907670,67.204,14.88,-81.656,558.172,22.267,-110.545,0.009,180.000
956301233.974864,67.194,14.88,-80.331,559.498,20.942,-111.429,0.009,180.000
956301234.042019,67.155,14.89,-79.522,560.306,20.131,-111.968,0.009,179.999
956301234.110159,68.140,14.68,-77.612,562.217,18.221,-113.242,0.010,180.000
956301234.177729,67.570,14.80,-77.192,562.634,17.800,-113.522,0.009,180.000
956301234.249080,71.351,14.02,-75.281,564.543,15.891,-114.795,0.009,180.000
956301234.324647,75.567,13.23,-74.319,565.505,14.929,-115.436,0.009,180.000
956301234.392018,67.371,14.84,-72.857,566.965,13.467,-116.410,0.009,180.000
956301234.459381,67.363,14.84,-71.345,568.476,11.954,-117.419,0.009,180.000
956301234.526540,67.159,14.89,-70.694,569.128,11.302,-117.853,0.009,180.000
956301234.593600,67.060,14.91,-68.774,571.049,9.385,-119.133,0.010,180.000
956301234.660839,67.239,14.87,-68.280,571.541,8.890,-119.463,0.010,180.000
956301234.728040,67.201,14.88,-66.629,573.193,7.236,-120.564,0.009,180.000
956301234.795210,67.170,14.89,-65.330,574.491,5.941,-121.429,0.010,180.000
956301234.862438,67.228,14.87,-64.492,575.326,5.103,-121.987,0.009,179.999
956301234.929628,67.190,14.88,-62.588,577.229,3.201,-123.256,0.010,180.000
956301234.996784,67.156,14.89,-62.176,577.642,2.785,-123.532,0.010,180.000
956301235.063837,67.053,14.91,-60.367,579.449,0.977,-124.737,0.010,179.999
956301235.130944,67.107,14.90,-59.326,580.486,-0.061,-125.430,0.010,180.000
956301235.198272,67.328,14.85,-58.201,581.610,-1.186,-126.180,0.010,179.999
956301235.265247,66.975,14.93,-56.438,583.375,-2.947,-127.355,0.010,179.999
956301235.332400,67.153,14.89,-56.327,583.484,-3.059,-127.429,0.010,180.000
956301235.399389,66.989,14.93,-56.208,583.331,-3.180,-127.456,0.021,-179.957
956301235.466567,67.178,14.89,-56.205,583.328,-3.182,-127.456,0.020,-179.957
956301235.533547,66.980,14.93,-56.205,583.328,-3.182,-127.456,0.020,-179.957
956301235.600519,66.972,14.93,-56.205,583.328,-3.182,-127.456,0.020,-179.957
956301235.667558,67.039,14.92,-56.207,583.327,-3.182,-127.456,0.020,-179.957
956301235.734578,67.020,14.92,-56.207,583.327,-3.182,-127.456,0.020,-179.957
956301235.801621,67.043,14.92,-56.207,583.327,-3.182,-127.456,0.020,-179.957
956301235.868712,67.091,14.91,-56.207,583.327,-3.182,-127.456,0.020,-179.957
956301235.935727,67.015,14.92,-56.207,583.327,-3.182,-127.456,0.020,-179.957
956301236.002758,67.031,14.92,-56.207,583.327,-3.182,-127.456,0.020,-179.957
956301369.075433,0.000,0.00,-126.996,512.530,65.759,-90.000,0.010,180.000
956301369.146321,70.888,14.11,-126.996,512.530,65.759,-90.000,0.010,180.000
956301369.213535,67.214,14.88,-126.086,513.622,65.297,-90.149,0.010,179.999
956301369.280739,67.204,14.88,-125.325,514.538,64.906,-90.273,0.010,179.999
956301369.347872,67.133,14.90,-123.767,516.094,63.885,-90.437,0.010,179.999
956301369.415067,67.195,14.88,-122.331,517.527,62.944,-90.589,0.010,179.999
956301369.482233,67.166,14.89,-121.493,518.362,62.105,-90.697,0.010,179.999
956301369.549569,67.336,14.85,-119.590,520.265,60.202,-90.942,0.010,179.999
956301369.616791,67.222,14.88,-119.178,520.678,59.790,-91.005,0.010,179.999
956301369.684002,67.211,14.88,-117.369,522.486,57.980,-91.348,0.010,179.999
956301369.751208,67.206,14.88,-116.332,523.525,56.942,-91.546,0.010,179.999
956301369.818748,67.540,14.81,-115.178,524.678,55.789,-91.815,0.010,179.999
956301369.887045,68.297,14.64,-113.419,526.436,54.031,-92.226,0.010,179.999
956301369.955168,68.123,14.68,-112.961,526.894,53.573,-92.351,0.010,179.999
956301370.022400,67.232,14.87,-111.051,528.801,51.664,-92.887,0.010,179.999
956301370.091769,69.369,14.42,-110.319,529.534,50.930,-93.094,0.010,179.999
956301370.159269,67.500,14.81,-108.830,531.018,49.442,-93.665,0.010,179.999
956301370.226477,67.208,14.88,-107.342,532.508,47.951,-94.238,0.010,179.999
956301370.293681,67.204,14.88,-106.637,533.208,47.251,-94.565,0.010,179.999
956301370.360877,67.196,14.88,-104.726,535.120,45.337,-95.459,0.010,179.999
956301370.428078,67.201,14.88,-104.263,535.580,44.877,-95.683,0.010,179.999
956301370.495358,67.280,14.86,-102.572,537.273,43.185,-96.671,0.010,179.999
956301370.562571,67.213,14.88,-101.331,538.512,41.942,-97.394,0.010,179.999
956301370.630042,67.471,14.82,-100.406,539.434,41.020,-97.995,0.010,179.999
956301370.697219,67.177,14.89,-98.553,541.290,39.167,-99.201,0.010,179.999
956301370.764459,67.240,14.87,-98.146,541.693,38.760,-99.469,0.010,179.999
956301370.831634,67.175,14.89,-96.283,543.555,36.895,-100.710,0.010,179.999
956301370.898899,67.265,14.87,-95.331,544.506,35.943,-101.345,0.010,179.999
956301370.966050,67.151,14.89,-95.331,544.506,35.943,-101.345,0.010,179.999
956301371.033113,67.063,14.91,-95.331,544.506,35.943,-101.345,0.010,179.999
956301371.100409,67.296,14.86,-95.536,545.006,37.398,-101.452,0.136,179.895
956301371.167694,67.285,14.86,-95.531,544.986,37.397,-101.530,0.130,179.896
956301371.234968,67.274,14.86,-95.531,544.986,37.397,-101.530,0.130,179.896
956301371.302625,67.657,14.78,-95.531,544.988,37.398,-101.530,0.130,179.896
956301371.369807,67.182,14.88,-95.531,544.988,37.398,-101.530,0.130,179.896
956301371.436878,67.071,14.91,-95.531,544.988,37.398,-101.530,0.130,179.896
956301371.504053,67.175,14.89,-95.531,544.989,37.398,-101.530,0.130,179.896
956301371.571093,67.040,14.92,-95.531,544.989,37.398,-101.530,0.130,179.896
956301371.638409,67.316,14.86,-95.531,544.990,37.399,-101.530,0.130,179.896
956301371.705521,67.112,14.90,-95.531,544.990,37.399,-101.530,0.130,179.896
956301371.772607,67.086,14.91,-95.531,544.990,37.399,-101.530,0.130,179.896
956301679.804946,0.000,0.00,-126.998,512.530,65.759,-90.000,0.010,180.000
956301679.885688,80.742,12.39,-126.998,512.530,65.759,-90.000,0.010,180.000
956301679.952984,67.296,14.86,-125.773,514.000,65.134,-90.200,0.010,179.999
956301680.020243,67.259,14.87,-125.256,514.602,64.859,-90.280,0.010,179.999
956301680.087447,67.204,14.88,-123.385,516.475,63.630,-90.478,0.010,179.999
956301680.154649,67.202,14.88,-122.333,517.524,62.938,-90.589,0.010,179.999
956301680.221893,67.244,14.87,-121.120,518.765,61.699,-90.749,0.010,179.999
956301680.289027,67.134,14.90,-119.399,520.457,60.005,-90.968,0.010,179.999
956301680.357289,68.262,14.65,-118.887,520.970,59.494,-91.061,0.010,179.999
956301680.430660,73.371,13.63,-116.801,523.053,57.408,-91.458,0.010,179.999
956301680.498265,67.605,14.79,-116.272,523.582,56.880,-91.562,0.010,179.999
956301680.565538,67.273,14.86,-114.600,525.255,55.206,-91.956,0.010,179.999
956301680.632738,67.200,14.88,-113.331,526.522,53.939,-92.256,0.010,179.999
956301680.700244,67.506,14.81,-112.437,527.415,53.044,-92.511,0.010,179.999
956301680.767475,67.231,14.87,-110.570,529.282,51.179,-93.044,0.010,179.999
956301680.834717,67.242,14.87,-110.160,529.690,50.767,-93.179,0.010,179.999
956301680.902071,67.354,14.85,-108.311,531.538,48.917,-93.908,0.010,179.999
956301680.969811,67.740,14.76,-107.332,532.518,47.939,-94.295,0.010,179.999
956301681.037083,67.272,14.87,-106.119,533.728,46.726,-94.875,0.010,179.999
956301681.104282,67.199,14.88,-104.409,535.441,45.016,-95.693,0.010,179.999
956301681.171458,67.176,14.89,-103.937,535.910,44.543,-95.965,0.010,179.999
956301681.238662,67.204,14.88,-102.023,537.823,42.630,-97.099,0.010,179.999
956301681.306073,67.411,14.83,-101.318,538.529,41.924,-97.518,0.010,179.999
956301681.373329,67.256,14.87,-99.832,540.015,40.436,-98.499,0.010,179.999
956301681.440492,67.163,14.89,-98.344,541.501,38.951,-99.480,0.010,179.999
956301681.507696,67.204,14.88,-97.668,542.177,38.274,-99.930,0.010,179.999
956301681.574910,67.214,14.88,-95.726,544.118,36.332,-101.224,0.010,179.999
956301681.642129,67.219,14.88,-95.331,544.513,35.936,-101.488,0.010,179.999
956301681.710039,67.910,14.73,-95.331,544.513,35.936,-101.488,0.010,179.999
956301681.781329,71.290,14.03,-95.331,544.513,35.936,-101.488,0.010,179.999
956301681.853307,71.978,13.89,-95.331,544.513,35.936,-101.488,0.010,179.999
956301681.920789,67.482,14.82,-95.526,545.039,37.550,-101.590,0.153,179.894
956301681.988060,67.271,14.87,-95.535,545.029,37.555,-101.536,0.148,179.893
956301682.055246,67.186,14.88,-95.535,545.029,37.555,-101.536,0.148,179.893
956301682.122501,67.255,14.87,-95.535,545.029,37.555,-101.536,0.148,179.893
956301682.189735,67.234,14.87,-95.535,545.029,37.555,-101.536,0.148,179.893
956301682.256900,67.165,14.89,-95.535,545.029,37.555,-101.536,0.148,179.893
956301682.323957,67.057,14.91,-95.535,545.029,37.555,-101.536,0.148,179.893
956301682.391121,67.164,14.89,-95.535,545.029,37.555,-101.536,0.148,179.893
956301682.458497,67.376,14.84,-95.535,545.029,37.555,-101.536,0.148,179.893
956301682.525676,67.179,14.89,-95.535,545.029,37.555,-101.536,0.148,179.893
956301682.592843,67.167,14.89,-95.535,545.029,37.555,-101.536,0.148,179.893
956301803.118973,0.000,0.00,-126.996,512.531,65.759,-90.000,0.010,179.999
956301803.190696,71.723,13.94,-126.996,512.531,65.759,-90.000,0.010,179.999
956301803.258049,67.353,14.85,-125.908,513.836,65.204,-90.178,0.010,179.999
956301803.325109,67.060,14.91,-125.297,514.564,64.887,-90.276,0.010,179.999
956301803.392258,67.149,14.89,-123.542,516.318,63.736,-90.461,0.010,179.999
956301803.459311,67.053,14.91,-122.331,517.528,62.940,-90.589,0.010,179.999
956301803.526520,67.209,14.88,-121.292,518.565,61.903,-90.723,0.010,179.999
956301803.593579,67.059,14.91,-119.483,520.373,60.095,-90.957,0.010,179.999
956301803.660764,67.185,14.88,-119.090,520.767,59.699,-91.022,0.010,179.999
956301803.727763,66.999,14.93,-117.225,522.633,57.836,-91.377,0.011,179.999
956301803.794939,67.176,14.89,-116.330,523.527,56.940,-91.547,0.010,179.999
956301803.862100,67.161,14.89,-115.033,524.824,55.643,-91.851,0.010,179.999
956301803.929193,67.093,14.90,-113.381,526.478,53.992,-92.239,0.011,179.999
956301803.996318,67.125,14.90,-112.885,526.968,53.496,-92.376,0.010,179.999
956301804.063454,67.136,14.90,-110.965,528.889,51.576,-92.918,0.010,179.999
956301804.130605,67.151,14.89,-110.315,529.537,50.924,-93.104,0.010,179.999
956301804.197868,67.263,14.87,-108.802,531.047,49.410,-93.689,0.010,179.999
956301804.265004,67.136,14.90,-107.338,532.510,47.946,-94.255,0.010,179.999
956301804.332147,67.143,14.89,-106.610,533.236,47.220,-94.597,0.010,179.999
956301804.399285,67.138,14.89,-104.702,535.144,45.310,-95.495,0.010,179.999
956301804.466425,67.140,14.89,-104.243,535.602,44.853,-95.721,0.010,179.999
956301804.533561,67.136,14.90,-102.513,537.333,43.125,-96.734,0.011,179.999
956301804.600631,67.070,14.91,-101.331,538.513,41.942,-97.426,0.010,179.999
956301804.667769,67.138,14.89,-101.487,538.656,42.075,-97.495,0.009,179.947
956301804.734866,67.097,14.90,-101.571,538.786,42.120,-97.627,0.028,179.918
956301804.801992,67.126,14.90,-101.571,538.786,42.120,-97.627,0.028,179.918
956301804.869062,67.070,14.91,-101.571,538.786,42.120,-97.627,0.028,179.918
956301804.936163,67.101,14.90,-101.571,538.786,42.120,-97.627,0.028,179.918
956301805.003325,67.162,14.89,-101.571,538.786,42.120,-97.627,0.028,179.918
956301805.070495,67.170,14.89,-101.571,538.786,42.120,-97.627,0.028,179.918
956301805.137536,67.041,14.92,-101.571,538.786,42.120,-97.627,0.028,179.918
956301805.204983,67.447,14.83,-101.571,538.786,42.120,-97.627,0.028,179.918
956301805.272120,67.137,14.89,-101.571,538.786,42.120,-97.627,0.028,179.918
956301805.339261,67.141,14.89,-101.571,538.786,42.120,-97.627,0.028,179.918
956301866.714435,0.000,0.00,-126.996,512.527,85.758,-90.000,0.010,180.000
956301890.490664,0.000,0.00,-126.996,512.527,85.758,-90.000,0.010,180.000
956301890.562563,71.899,13.91,-126.996,512.527,85.758,-90.000,0.010,180.000
956301890.629676,67.113,14.90,-126.193,513.518,85.964,-90.077,0.010,180.000
956301890.696678,67.002,14.92,-126.390,513.372,85.912,-90.144,0.010,180.000
956301890.763667,66.989,14.93,-128.648,511.225,85.327,-90.492,0.010,180.000
956301890.830753,67.086,14.91,-129.004,510.719,85.364,-90.671,0.010,180.000
956301890.898028,67.275,14.86,-128.542,509.296,86.914,-91.977,0.010,179.999
956301890.965101,67.073,14.91,-127.910,509.020,87.832,-92.624,0.010,180.000
956301891.032133,67.032,14.92,-126.734,508.520,89.540,-93.824,0.010,180.000
956301891.099324,67.191,14.88,-125.732,507.778,90.541,-94.491,0.010,180.000
956301891.166334,67.010,14.92,-123.841,506.376,92.435,-95.752,0.010,180.000
956301891.233420,67.086,14.91,-123.790,505.854,92.938,-96.117,0.010,179.999
956301891.300427,67.007,14.92,-124.085,503.553,95.019,-97.652,0.010,180.000
956301891.367457,67.030,14.92,-124.346,503.067,95.255,-97.975,0.010,179.999
956301891.434463,67.006,14.92,-126.576,500.837,95.292,-99.461,0.010,179.999
956301891.501494,67.031,14.92,-127.178,500.232,95.245,-99.864,0.009,179.999
956301891.568615,67.121,14.90,-128.884,498.527,93.667,-101.000,0.009,179.999
956301891.635595,66.980,14.93,-130.120,497.293,92.522,-101.824,0.009,180.000
956301891.702602,67.007,14.92,-131.072,496.339,91.570,-102.458,0.010,180.000
956301891.769667,67.065,14.91,-132.916,494.496,89.727,-103.688,0.010,179.999
956301891.836674,67.007,14.92,-133.305,494.104,89.337,-103.948,0.010,179.999
956301891.903919,67.245,14.87,-135.138,492.270,87.502,-105.189,0.010,180.000
956301891.971152,67.233,14.87,-136.121,491.288,86.522,-105.823,0.010,180.000
956301892.038324,67.172,14.89,-137.332,490.075,85.310,-106.631,0.010,180.000
956301892.105478,67.154,14.89,-139.043,488.363,83.598,-107.772,0.010,180.000
956301892.172809,67.331,14.85,-139.515,487.887,83.127,-108.086,0.010,180.000
956301892.240057,67.248,14.87,-141.456,485.946,81.186,-109.381,0.010,180.000
956301892.307387,67.330,14.85,-142.131,485.268,80.510,-109.831,0.010,180.000
956301892.374535,67.148,14.89,-143.619,483.778,79.021,-110.824,0.009,180.000
956301892.441534,66.999,14.93,-145.107,482.294,77.533,-111.815,0.010,180.000
956301892.508537,67.003,14.92,-145.754,481.643,76.886,-112.247,0.010,180.000
956301892.575650,67.113,14.90,-147.673,479.724,74.967,-113.527,0.010,180.000
956301892.642725,67.075,14.91,-148.198,479.230,74.483,-113.878,0.009,180.000
956301892.710070,67.345,14.85,-150.564,477.980,73.364,-115.454,0.010,180.000
956301892.777328,67.258,14.87,-151.217,477.769,73.128,-115.890,0.010,180.000
956301892.844589,67.261,14.87,-153.437,479.627,73.725,-117.369,0.010,180.000
956301892.911663,67.074,14.91,-154.153,480.230,73.943,-117.847,0.010,180.000
956301892.978723,67.060,14.91,-155.776,481.854,75.475,-118.930,0.010,180.000
956301893.045774,67.051,14.91,-157.114,483.194,76.740,-119.822,0.010,180.000
956301893.112778,67.004,14.92,-157.923,484.003,77.549,-120.362,0.010,180.000
956301893.179852,67.074,14.91,-159.813,485.892,79.440,-121.622,0.010,179.999
956301893.246837,66.985,14.93,-160.239,486.316,79.865,-121.906,0.010,180.000
956301893.313835,66.998,14.93,-162.017,488.095,81.646,-123.092,0.010,180.000
956301893.380906,67.071,14.91,-163.115,489.190,82.739,-123.823,0.009,-180.000
956301893.448027,67.121,14.90,-164.176,490.257,83.807,-124.535,0.009,180.000
956301893.515185,67.158,14.89,-165.957,492.051,85.601,-125.731,0.009,180.000
956301893.582362,67.177,14.89,-166.320,492.463,86.017,-126.008,0.009,180.000
956301893.649539,67.177,14.89,-167.939,494.453,88.006,-127.334,0.010,180.000
956301893.716736,67.197,14.88,-168.545,495.198,88.748,-127.831,0.009,180.000
956301893.784070,67.334,14.85,-169.927,496.939,90.025,-128.992,0.009,180.000
956301893.851135,67.065,14.91,-170.916,498.187,90.937,-129.824,0.009,-180.000
956301893.918249,67.114,14.90,-172.138,499.488,91.162,-130.691,0.009,180.000
956301893.985310,67.061,14.91,-173.734,501.184,91.454,-131.822,0.009,180.000
956301894.052508,67.198,14.88,-174.669,502.119,91.011,-132.120,0.009,180.000
956301894.119729,67.221,14.88,-176.646,504.095,90.071,-132.749,0.009,180.000
956301894.186886,67.157,14.89,-177.108,504.582,89.624,-132.709,0.009,-180.000
956301894.254090,67.204,14.88,-178.941,506.562,87.646,-132.372,0.009,-180.000
956301894.321426,67.336,14.85,-179.518,507.204,87.006,-132.259,0.010,180.000
956301894.388598,67.172,14.89,-179.938,509.063,85.144,-131.592,0.010,180.000
956301894.455719,67.121,14.90,-180.189,510.176,84.029,-131.192,0.009,180.000
956301894.522853,67.134,14.90,-179.281,511.549,82.656,-130.506,0.009,180.000
956301894.590320,67.467,14.82,-178.212,513.171,81.036,-129.696,0.009,180.000
956301894.657481,67.161,14.89,-177.516,513.867,80.337,-129.278,0.009,180.000
956301894.724641,67.160,14.89,-175.603,515.779,78.423,-128.135,0.009,180.000
956301894.791798,67.157,14.89,-175.129,516.252,77.952,-127.848,0.010,180.000
956301894.858919,67.121,14.90,-173.419,517.963,76.240,-126.688,0.010,180.000
956301894.926048,67.129,14.90,-172.208,519.174,75.027,-125.899,0.009,180.000
956301894.993034,66.986,14.93,-171.208,520.174,74.106,-125.233,0.010,180.000
956301895.060165,67.131,14.90,-169.363,522.016,72.404,-124.004,0.009,180.000
956301895.127286,67.121,14.90,-168.933,522.448,72.031,-123.717,0.010,180.000
956301895.194424,67.138,14.89,-166.965,524.415,70.360,-122.404,0.010,180.000
956301895.261533,67.109,14.90,-166.201,525.173,69.714,-121.896,0.010,179.999
956301895.328779,67.246,14.87,-164.706,526.669,68.534,-120.899,0.010,180.000
956301895.395888,67.109,14.90,-163.211,528.166,67.354,-119.902,0.010,180.000
956301895.463012,67.124,14.90,-162.371,529.000,66.708,-119.343,0.009,180.000
956301895.530239,67.227,14.87,-160.405,530.967,65.197,-118.032,0.009,180.000
956301895.597581,67.342,14.85,-159.975,531.397,64.846,-117.746,0.009,180.000
956301895.664747,67.166,14.89,-158.047,533.325,63.192,-116.459,0.010,180.000
956301895.732641,67.894,14.73,-157.203,534.167,62.470,-115.897,0.010,180.000
956301895.800047,67.406,14.84,-155.793,535.577,61.076,-114.974,0.010,180.000
956301895.867310,67.263,14.87,-154.231,537.141,59.532,-113.952,0.010,180.000
956301895.934376,67.066,14.91,-153.628,537.740,58.929,-113.589,0.009,180.000
956301896.001691,67.315,14.86,-151.706,539.663,57.006,-112.436,0.010,180.000
956301896.068937,67.246,14.87,-151.170,540.201,56.466,-112.115,0.010,180.000
956301896.136080,67.143,14.89,-149.535,541.834,54.836,-111.242,0.010,180.000
956301896.203227,67.147,14.89,-148.207,543.159,53.510,-110.532,0.010,180.000
956301896.270392,67.165,14.89,-147.427,543.935,52.731,-110.136,0.010,180.000
956301896.337517,67.125,14.90,-145.530,545.834,50.833,-109.172,0.009,180.000
956301896.404648,67.131,14.90,-145.075,546.286,50.451,-108.969,0.009,180.000
956301896.471809,67.161,14.89,-143.015,548.347,49.533,-108.380,0.010,180.000
956301896.538894,67.085,14.91,-142.190,549.168,49.174,-108.149,0.010,180.000
956301896.606187,67.293,14.86,-140.371,550.989,49.227,-108.083,0.010,180.000
956301896.673302,67.115,14.90,-139.208,552.152,49.262,-108.041,0.010,179.999
956301896.740440,67.138,14.89,-137.825,553.532,49.855,-108.369,0.010,179.999
956301896.807653,67.213,14.88,-136.212,555.147,50.549,-108.752,0.010,179.999
956301896.874690,67.037,14.92,-135.385,555.970,51.118,-109.139,0.010,179.999
956301896.942130,67.440,14.83,-133.374,557.981,52.511,-110.083,0.010,179.999
956301897.009318,67.188,14.88,-132.923,558.427,52.833,-110.346,0.010,180.000
956301897.076442,67.124,14.90,-130.896,560.457,54.315,-111.673,0.010,179.999
956301897.143572,67.130,14.90,-130.191,561.158,54.826,-112.132,0.010,179.999
956301897.210755,67.183,14.88,-128.491,562.857,55.730,-113.265,0.010,180.000
956301897.277847,67.092,14.90,-127.207,564.141,56.413,-114.122,0.009,180.000
956301897.345013,67.166,14.89,-125.963,565.383,56.750,-114.950,0.010,179.999
956301897.412092,67.079,14.91,-124.218,567.130,57.223,-116.115,0.009,179.999
956301897.479250,67.158,14.89,-123.430,567.917,57.235,-116.641,0.010,179.999
956301897.546380,67.130,14.90,-121.314,570.033,57.257,-118.051,0.010,179.999
956301897.613718,67.338,14.85,-120.790,570.556,57.130,-118.399,0.010,179.999
956301897.680834,67.116,14.90,-118.567,572.780,56.450,-119.882,0.010,179.999
956301897.748027,67.193,14.88,-118.021,573.267,56.259,-120.246,0.010,179.999
956301897.815060,67.033,14.92,-115.669,574.900,55.234,-121.814,0.010,179.999
956301897.882188,67.128,14.90,-115.054,575.231,54.953,-122.224,0.010,179.999
956301897.949318,67.130,14.90,-112.517,575.470,53.626,-123.915,0.010,179.999
956301898.016893,67.575,14.80,-111.922,575.368,53.299,-124.310,0.010,179.999
956301898.083963,67.070,14.91,-109.487,574.236,51.880,-125.935,0.010,179.999
956301898.151141,67.178,14.89,-108.985,573.912,51.586,-126.269,0.010,179.999
956301898.218226,67.085,14.91,-106.823,572.025,50.314,-127.710,0.010,179.999
956301898.285355,67.129,14.90,-106.163,571.440,49.927,-128.149,0.010,179.999
956301898.352449,67.094,14.90,-104.348,569.620,48.897,-129.361,0.010,179.999
956301898.419679,67.230,14.87,-103.204,568.477,48.248,-130.123,0.010,179.999
956301898.486815,67.136,14.90,-101.884,567.158,47.534,-131.002,0.010,179.999
956301898.554221,67.406,14.84,-100.212,565.484,46.628,-132.117,0.010,179.999
956301898.621529,67.308,14.86,-99.382,564.652,46.181,-132.672,0.010,179.999
956301898.688568,67.039,14.92,-97.349,562.617,45.083,-134.027,0.010,179.999
956301898.755799,67.231,14.87,-96.858,562.212,44.795,-134.354,0.010,179.999
956301898.822959,67.160,14.89,-94.552,560.489,43.381,-135.891,0.010,179.999
956301898.890564,67.605,14.79,-94.018,560.157,43.041,-136.247,0.010,179.999
956301898.957687,67.123,14.90,-91.645,559.237,41.423,-137.830,0.010,179.999
956301899.024802,67.115,14.90,-91.054,559.054,41.008,-138.224,0.010,179.999
956301899.091935,67.133,14.90,-88.651,558.859,39.188,-139.827,0.010,179.999
956301899.159062,67.127,14.90,-88.059,558.841,38.730,-140.220,0.010,179.999
956301899.226122,67.060,14.91,-85.758,559.213,36.815,-141.754,0.010,179.999
956301899.293181,67.059,14.91,-85.123,559.332,36.280,-142.177,0.010,179.999
956301899.360463,67.282,14.86,-83.054,560.094,34.394,-143.558,0.010,179.999
956301899.427448,66.985,14.93,-82.197,560.408,33.611,-144.129,0.010,179.999
956301899.494491,67.043,14.92,-80.525,561.318,31.938,-145.243,0.010,179.999
956301899.561615,67.124,14.90,-79.206,562.034,30.618,-146.122,0.010,179.999
956301899.628861,67.246,14.87,-78.109,562.689,29.522,-146.853,0.010,179.999
956301899.695977,67.116,14.90,-76.254,563.796,27.666,-148.090,0.010,179.999
956301899.763132,67.155,14.89,-75.653,564.152,27.065,-148.493,0.010,179.999
956301899.830349,67.217,14.88,-73.547,565.401,24.958,-149.897,0.010,179.999
956301899.897361,67.012,14.92,-73.073,565.696,24.483,-150.212,0.010,179.999
956301899.964483,67.122,14.90,-71.146,567.078,22.558,-151.497,0.010,179.999
956301900.031626,67.143,14.89,-70.208,567.748,21.621,-152.122,0.010,179.999
956301900.098806,67.180,14.89,-68.895,568.726,20.308,-152.997,0.010,179.999
956301900.165988,67.182,14.88,-67.226,569.976,18.637,-154.111,0.010,179.999
956301900.233048,67.060,14.91,-66.505,570.451,17.919,-154.591,0.010,179.999
956301900.300216,67.168,14.89,-64.454,571.815,15.867,-155.959,0.010,179.999
956301900.367410,67.194,14.88,-64.024,571.920,15.438,-156.245,0.010,179.999
956301900.434497,67.087,14.91,-62.251,571.359,13.664,-157.427,0.010,179.999
956301900.501626,67.129,14.90,-62.208,571.344,13.622,-157.455,0.010,179.999
956301900.568705,67.079,14.91,-62.121,571.065,13.499,-157.549,0.019,-179.933
956301900.635958,67.253,14.87,-62.118,571.065,13.498,-157.549,0.019,-179.932
956301900.702990,67.032,14.92,-62.102,571.066,13.498,-157.551,0.019,-179.932
956301900.770032,67.042,14.92,-62.127,571.064,13.498,-157.548,0.019,-179.932
956301900.837050,67.018,14.92,-62.113,571.065,13.498,-157.549,0.019,-179.932
956301900.904227,67.177,14.89,-62.122,571.064,13.498,-157.549,0.019,-179.932
956301900.971296,67.069,14.91,-62.116,571.065,13.498,-157.549,0.019,-179.932
956301901.038449,67.153,14.89,-62.118,571.065,13.498,-157.549,0.019,-179.932
956301901.105572,67.123,14.90,-62.118,571.065,13.498,-157.549,0.019,-179.932
956301901.172712,67.140,14.89,-62.116,571.065,13.498,-157.549,0.019,-179.932
956301960.366394,0.000,0.00,-126.996,512.532,65.760,-90.000,0.010,179.999
956301960.438681,72.287,13.83,-126.996,512.532,65.760,-90.000,0.010,179.999
956301960.506206,67.525,14.81,-125.880,513.871,65.190,-90.182,0.010,179.999
956301960.573544,67.338,14.85,-125.291,514.573,64.884,-90.276,0.011,179.999
956301960.641233,67.689,14.77,-123.480,516.382,63.696,-90.468,0.010,179.999
956301960.708551,67.318,14.85,-122.331,517.530,62.941,-90.589,0.010,179.999
956301960.776029,67.478,14.82,-121.206,518.654,61.817,-90.734,0.011,179.999
956301960.843415,67.386,14.84,-119.442,520.416,60.052,-90.962,0.011,179.999
956301960.911050,67.635,14.79,-118.983,520.875,59.595,-91.042,0.011,179.999
956301960.978394,67.344,14.85,-117.083,522.779,57.692,-91.404,0.011,179.999
956301961.045707,67.313,14.86,-116.324,523.535,56.936,-91.549,0.011,179.999
956301961.113405,67.698,14.77,-114.889,524.969,55.499,-91.886,0.011,179.999
956301961.181005,67.600,14.79,-113.348,526.511,53.956,-92.249,0.010,179.999
956301961.248352,67.347,14.85,-112.724,527.132,53.334,-92.425,0.011,179.999
956301961.315676,67.324,14.85,-110.775,529.080,51.387,-92.977,0.011,179.999
956301961.383458,67.782,14.75,-110.272,529.582,50.883,-93.126,0.011,179.999
956301961.451271,67.813,14.75,-108.571,531.281,49.182,-93.789,0.011,179.999
956301961.518644,67.373,14.84,-107.332,532.519,47.941,-94.272,0.010,179.999
956301961.586244,67.600,14.79,-106.409,533.441,47.019,-94.709,0.011,179.999
956301961.653555,67.311,14.86,-104.551,535.298,45.165,-95.588,0.011,179.999
956301961.721240,67.685,14.77,-104.144,535.704,44.757,-95.802,0.011,179.999
956301961.788565,67.325,14.85,-102.312,537.536,42.923,-96.882,0.011,179.999
956301961.856265,67.700,14.77,-101.331,538.516,41.943,-97.459,0.011,179.999
956301961.924009,67.744,14.76,-100.090,539.754,40.701,-98.271,0.011,179.999
956301961.992025,68.016,14.70,-98.390,541.455,39.001,-99.385,0.011,179.999
956301962.059375,67.350,14.85,-97.886,541.954,38.498,-99.720,0.011,179.999
956301962.127020,67.645,14.78,-96.028,543.814,36.639,-100.959,0.011,179.999
956301962.194418,67.398,14.84,-95.822,544.019,36.432,-101.096,0.010,179.999
956301962.261580,67.162,14.89,-96.042,544.255,37.858,-101.185,0.059,179.910
956301962.328877,67.297,14.86,-96.042,544.257,37.859,-101.185,0.059,179.910
956301962.396095,67.218,14.88,-96.042,544.259,37.860,-101.185,0.059,179.910
956301962.463438,67.343,14.85,-96.042,544.259,37.860,-101.185,0.059,179.910
956301962.530682,67.244,14.87,-96.042,544.261,37.861,-101.185,0.059,179.910
956301962.598100,67.418,14.83,-96.042,544.261,37.861,-101.185,0.059,179.910
956301962.665304,67.204,14.88,-96.042,544.261,37.861,-101.185,0.059,179.910
956301962.732597,67.293,14.86,-96.042,544.261,37.861,-101.185,0.059,179.910
956301962.800047,67.450,14.83,-96.042,544.262,37.861,-101.185,0.060,179.910
956301962.867237,67.190,14.88,-96.042,544.262,37.861,-101.185,0.060,179.910
956302070.048105,0.000,0.00,-126.996,512.530,65.759,-90.000,0.010,180.000
956302070.119244,71.139,14.06,-126.996,512.530,65.759,-90.000,0.010,180.000
956302070.186515,67.271,14.87,-125.838,513.836,65.368,-90.175,0.010,179.999
956302070.253714,67.199,14.88,-125.189,514.564,65.143,-90.270,0.010,179.999
956302070.320915,67.201,14.88,-123.436,516.472,64.223,-90.366,0.011,179.999
956302070.388086,67.171,14.89,-122.415,517.529,63.710,-90.419,0.010,179.999
956302070.459250,71.164,14.05,-120.989,518.952,62.420,-90.528,0.010,180.000
956302070.526448,67.198,14.88,-119.431,520.513,61.010,-90.647,0.011,180.000
956302070.593591,67.143,14.89,-118.807,521.134,60.387,-90.740,0.011,180.000
956302070.660791,67.200,14.88,-116.885,523.056,58.465,-91.031,0.011,179.999
956302070.727973,67.182,14.88,-116.355,523.585,57.939,-91.114,0.011,179.999
956302070.795141,67.168,14.89,-114.683,525.256,56.265,-91.472,0.011,179.999
956302070.862296,67.155,14.89,-113.415,526.523,54.995,-91.743,0.010,179.999
956302070.929639,67.343,14.85,-112.521,527.417,54.102,-91.999,0.011,179.999
956302070.996843,67.204,14.88,-110.654,529.282,52.236,-92.532,0.011,179.999
956302071.063982,67.139,14.89,-110.230,529.708,51.810,-92.682,0.011,179.999
956302071.131320,67.338,14.85,-108.396,531.540,49.978,-93.476,0.011,179.999
956302071.198488,67.168,14.89,-107.416,532.521,48.995,-93.901,0.010,179.999
956302071.265697,67.209,14.88,-106.261,533.674,47.843,-94.519,0.011,179.999
956302071.332884,67.187,14.88,-104.502,535.433,46.084,-95.462,0.011,179.999
956302071.400140,67.256,14.87,-104.069,535.864,45.650,-95.728,0.011,179.999
956302071.467347,67.207,14.88,-103.031,536.902,44.611,-96.382,0.011,179.999
956302071.534563,67.216,14.88,-103.042,536.968,44.579,-96.456,0.030,179.995
956302071.601727,67.164,14.89,-102.909,536.867,44.502,-96.398,0.035,-179.961
956302071.668934,67.207,14.88,-102.923,536.864,44.502,-96.397,0.035,-179.961
956302071.736078,67.144,14.89,-102.894,536.869,44.502,-96.400,0.035,-179.961
956302071.806183,70.105,14.26,-102.911,536.866,44.502,-96.398,0.035,-179.961
956302071.873344,67.161,14.89,-102.900,536.868,44.502,-96.399,0.035,-179.961
956302071.940759,67.415,14.83,-102.905,536.867,44.502,-96.399,0.035,-179.961
956302072.007922,67.163,14.89,-102.905,536.867,44.502,-96.399,0.035,-179.961
956302072.075261,67.339,14.85,-102.905,536.867,44.502,-96.399,0.035,-179.961
956302072.142530,67.269,14.87,-102.905,536.867,44.502,-96.399,0.035,-179.961
956302072.209837,67.307,14.86,-102.905,536.867,44.502,-96.399,0.035,-179.961
956302101.398839,0.000,0.00,-126.996,512.530,65.759,-90.000,0.010,180.000
956302101.470298,71.459,13.99,-126.225,513.401,65.499,-90.117,0.010,179.999
956302101.537589,67.291,14.86,-125.180,514.589,65.150,-90.272,0.010,179.999
956302101.604896,67.307,14.86,-122.954,517.532,64.710,-90.424,0.010,179.999
956302101.672629,67.733,14.76,-122.547,518.067,64.628,-90.452,0.010,180.000
956302101.739912,67.283,14.86,-121.847,519.322,64.093,-90.501,0.010,180.000
956302101.807124,67.212,14.88,-119.693,523.184,62.442,-90.653,0.010,180.000
956302101.874359,67.235,14.87,-118.997,524.434,61.905,-90.702,0.010,180.000
956302101.941607,67.248,14.87,-118.249,525.852,61.205,-90.785,0.010,180.000
956302102.008825,67.218,14.88,-116.252,529.645,59.327,-91.006,0.010,180.000
956302102.076009,67.184,14.88,-114.584,532.814,57.758,-91.191,0.010,180.000
956302102.143173,67.164,14.89,-113.979,533.939,57.180,-91.290,0.010,180.000
956302102.210432,67.259,14.87,-111.976,537.679,55.258,-91.625,0.010,179.999
956302102.277667,67.235,14.87,-109.970,541.421,53.331,-91.961,0.010,179.999
956302102.346205,68.538,14.59,-109.221,542.818,52.611,-92.086,0.010,179.999
956302102.413941,67.736,14.76,-108.581,543.920,52.026,-92.253,0.010,179.999
956302102.481207,67.266,14.87,-106.443,547.597,50.076,-92.811,0.010,180.000
956302102.548402,67.195,14.88,-104.306,551.277,48.121,-93.370,0.010,179.999
956302102.615558,67.156,14.89,-103.063,553.417,46.985,-93.695,0.010,179.999
956302102.682710,67.152,14.89,-102.357,554.463,46.380,-93.938,0.010,179.999
956302102.749973,67.263,14.87,-99.977,557.997,44.333,-94.760,0.010,179.999
956302102.817147,67.174,14.89,-97.626,561.484,42.314,-95.570,0.010,180.000
956302102.884311,67.164,14.89,-96.571,563.043,41.407,-95.934,0.010,180.000
956302102.951461,67.150,14.89,-95.639,563.718,40.726,-96.308,0.010,179.999
956302103.018618,67.157,14.89,-92.375,566.067,38.337,-97.620,0.010,179.999
956302103.085783,67.165,14.89,-89.617,568.053,36.317,-98.728,0.010,179.999
956302103.152938,67.155,14.89,-89.545,568.106,36.263,-98.757,0.010,179.999
956302103.220242,67.304,14.86,-88.180,568.638,35.208,-99.373,0.010,179.999
956302103.287439,67.197,14.88,-84.664,570.015,32.484,-100.964,0.010,179.999
956302103.354598,67.159,14.89,-82.772,570.752,31.017,-101.818,0.010,179.999
956302103.421701,67.103,14.90,-81.361,571.026,29.911,-102.527,0.010,179.999
956302103.488975,67.274,14.86,-77.666,571.738,27.009,-104.379,0.010,179.999
956302103.556172,67.197,14.88,-75.658,572.120,25.428,-105.387,0.010,180.000
956302103.623198,67.026,14.92,-74.201,572.291,24.361,-106.113,0.010,179.999
956302103.690323,67.125,14.90,-70.448,572.724,21.608,-107.985,0.010,179.999
956302103.760151,69.828,14.32,-67.441,573.074,19.404,-109.485,0.010,179.999
956302103.827215,67.064,14.91,-66.020,573.437,18.423,-110.145,0.010,179.999
956302103.894323,67.108,14.90,-62.275,574.398,15.837,-111.882,0.010,179.999
956302103.961566,67.243,14.87,-61.200,574.672,15.094,-112.381,0.010,180.000
956302104.028770,67.204,14.88,-61.161,574.181,14.979,-112.228,-0.120,-179.940
956302104.096032,67.262,14.87,-61.099,574.108,14.929,-112.189,-0.111,-179.913
956302104.163299,67.267,14.87,-61.113,574.107,14.929,-112.187,-0.111,-179.913
956302104.230690,67.391,14.84,-61.124,574.105,14.929,-112.186,-0.111,-179.913
956302104.297984,67.294,14.86,-61.108,574.107,14.929,-112.188,-0.111,-179.913
956302104.365126,67.142,14.89,-61.120,574.106,14.929,-112.187,-0.111,-179.913
956302104.432285,67.159,14.89,-61.115,574.106,14.929,-112.187,-0.111,-179.913
956302104.499628,67.343,14.85,-61.117,574.106,14.929,-112.187,-0.111,-179.913
956302104.567142,67.514,14.81,-61.117,574.106,14.929,-112.187,-0.111,-179.913
956302777.035382,0.000,0.00,-126.996,512.530,65.759,-90.000,0.010,180.000
956302777.106721,71.339,14.02,-126.996,512.530,65.759,-90.000,0.010,180.000
956302777.173834,67.113,14.90,-125.870,513.799,65.377,-90.171,0.010,179.999
956302777.240973,67.139,14.89,-125.196,514.570,65.146,-90.270,0.010,179.999
956302777.308123,67.150,14.89,-123.792,516.790,64.421,-90.345,0.010,179.999
956302777.375236,67.113,14.90,-122.430,518.944,63.719,-90.418,0.010,180.000
956302777.442226,66.990,14.93,-121.932,519.824,63.344,-90.450,0.010,180.000
956302777.509357,67.131,14.90,-120.401,522.546,62.174,-90.547,0.010,180.000
956302777.576556,67.199,14.88,-118.967,525.094,61.082,-90.638,0.010,180.000
956302777.643685,67.129,14.90,-118.657,525.670,60.800,-90.667,0.010,180.000
956302777.710682,66.997,14.93,-117.298,528.277,59.433,-90.822,0.010,180.000
956302777.777829,67.147,14.89,-115.899,530.966,58.023,-90.982,0.010,180.000
956302777.844943,67.114,14.90,-114.490,533.669,56.607,-91.142,0.010,180.000
956302777.912058,67.115,14.90,-114.148,534.323,56.262,-91.185,0.010,180.000
956302777.979185,67.127,14.90,-112.873,536.685,55.017,-91.414,0.010,180.000
956302778.046262,67.077,14.91,-111.436,539.353,53.611,-91.671,0.010,179.999
956302778.113499,67.237,14.87,-109.996,542.019,52.201,-91.930,0.010,179.999
956302778.180608,67.109,14.90,-108.613,544.578,50.849,-92.177,0.010,179.999
956302778.247645,67.037,14.92,-108.314,545.113,50.566,-92.245,0.010,179.999
956302778.314764,67.119,14.90,-106.868,547.569,49.232,-92.652,0.010,179.999
956302778.381883,67.119,14.90,-105.333,550.216,47.797,-93.091,0.010,180.000
956302778.448996,67.113,14.90,-103.777,552.823,46.380,-93.523,0.010,179.999
956302778.516092,67.096,14.90,-102.253,555.414,44.974,-93.953,0.010,179.999
956302778.583202,67.110,14.90,-101.852,556.076,44.609,-94.070,0.010,179.999
956302778.650350,67.148,14.89,-100.344,558.114,43.300,-94.633,0.010,179.999
956302778.717491,67.141,14.89,-98.581,560.501,41.771,-95.293,0.010,179.999
956302778.784470,66.979,14.93,-96.816,562.888,40.240,-95.953,0.010,179.999
956302778.851568,67.098,14.90,-95.206,565.066,38.845,-96.555,0.010,179.999
956302778.918671,67.103,14.90,-94.677,565.371,38.438,-96.777,0.010,179.999
956302778.985774,67.103,14.90,-92.186,566.366,36.555,-97.853,0.010,179.999
956302779.052917,67.143,14.89,-89.645,567.397,34.610,-98.966,0.010,179.999
956302779.120280,67.363,14.84,-87.757,568.136,33.215,-99.765,0.010,179.999
956302779.187396,67.116,14.90,-86.791,568.367,32.444,-100.215,0.010,179.999
956302779.254523,67.127,14.90,-84.219,568.987,30.396,-101.414,0.010,179.999
956302779.321741,67.218,14.88,-81.646,569.605,28.347,-102.612,0.010,179.999
956302779.388764,67.023,14.92,-80.644,569.850,27.548,-103.080,0.010,179.999
956302779.455961,67.197,14.88,-78.756,569.976,26.056,-104.037,0.010,179.999
956302779.523641,67.680,14.78,-76.075,570.158,24.011,-105.349,0.010,179.999
956302779.590856,67.215,14.88,-73.435,570.341,21.967,-106.661,0.010,179.999
956302779.657919,67.063,14.91,-72.541,570.398,21.273,-107.104,0.009,180.000
956302779.725001,67.082,14.91,-70.388,570.832,19.773,-108.102,0.010,179.999
956302779.791974,66.973,14.93,-67.685,571.372,17.887,-109.355,0.010,180.000
956302779.859103,67.129,14.90,-64.981,571.915,16.004,-110.608,0.010,179.999
956302779.926175,67.072,14.91,-62.795,572.353,14.480,-111.621,0.010,179.999
956302779.993211,67.036,14.92,-62.014,572.667,13.947,-111.951,0.010,179.999
956302780.060411,67.200,14.88,-59.404,573.751,12.169,-113.049,0.010,179.999
956302780.127808,67.397,14.84,-56.787,574.835,10.389,-114.149,0.009,179.999
956302780.194841,67.033,14.92,-54.172,575.920,8.609,-115.250,0.010,179.999
956302780.261930,67.089,14.91,-51.566,577.000,6.834,-116.346,0.010,179.999
956302780.329045,67.115,14.90,-50.980,577.258,6.435,-116.582,0.010,179.999
956302780.396169,67.124,14.90,-48.656,578.467,4.866,-117.395,0.010,179.999
956302780.463300,67.131,14.90,-46.111,579.794,3.146,-118.287,0.010,179.999
956302780.530502,67.202,14.88,-43.563,581.122,1.426,-119.178,0.010,179.999
956302780.597537,67.035,14.92,-41.016,582.448,-0.296,-120.070,0.010,179.999
956302780.664638,67.101,14.90,-38.471,583.776,-2.015,-120.961,0.009,179.999
956302780.731749,67.111,14.90,-36.322,584.894,-3.466,-121.713,0.009,179.999
956302780.798846,67.097,14.90,-36.265,584.920,-3.506,-121.733,0.009,179.999
956302780.865820,66.974,14.93,-36.194,584.554,-3.627,-121.707,-0.046,-179.930
956302780.932814,66.994,14.93,-36.154,584.548,-3.632,-121.706,-0.045,-179.927
956302781.000093,67.279,14.86,-36.152,584.548,-3.632,-121.706,-0.045,-179.927
956302781.067089,66.996,14.93,-36.159,584.548,-3.632,-121.705,-0.045,-179.927
956302781.134204,67.115,14.90,-36.152,584.548,-3.632,-121.706,-0.045,-179.927
956302781.201195,66.991,14.93,-36.159,584.548,-3.632,-121.705,-0.045,-179.927
956302781.268158,66.963,14.93,-36.154,584.548,-3.632,-121.706,-0.045,-179.927
956302781.335155,66.997,14.93,-36.154,584.548,-3.632,-121.706,-0.045,-179.927
956302781.402271,67.116,14.90,-36.154,584.548,-3.632,-121.706,-0.045,-179.927
956302781.469440,67.169,14.89,-36.154,584.548,-3.632,-121.706,-0.045,-179.927
956303187.932991,0.000,0.00,-126.996,512.530,65.759,-90.000,0.010,180.000
956303188.004662,71.671,13.95,-126.996,512.530,65.759,-90.000,0.010,180.000
956303188.071939,67.277,14.86,-126.034,513.799,65.069,-90.202,0.010,179.999
956303188.139074,67.135,14.90,-125.467,514.553,64.654,-90.321,0.010,179.999
956303188.206169,67.095,14.90,-124.378,516.466,63.186,-90.593,0.010,179.999
956303188.273328,67.159,14.89,-123.418,518.149,61.893,-90.832,0.010,179.999
956303188.340386,67.058,14.91,-122.926,519.083,61.052,-90.940,0.011,179.999
956303188.407505,67.119,14.90,-121.710,521.397,58.965,-91.208,0.010,179.999
956303188.474670,67.165,14.89,-120.657,523.400,57.162,-91.440,0.010,179.999
956303188.541797,67.127,14.90,-120.387,523.992,56.588,-91.499,0.010,179.999
956303188.609239,67.442,14.83,-119.359,526.302,54.358,-91.723,0.011,179.999
956303188.676444,67.205,14.88,-118.342,528.589,52.143,-91.944,0.010,179.999
956303188.743554,67.110,14.90,-117.323,530.877,49.930,-92.166,0.010,179.999
956303188.810542,66.988,14.93,-116.995,531.614,49.213,-92.238,0.010,179.999
956303188.877665,67.123,14.90,-116.216,533.448,47.449,-92.404,0.011,179.999
956303188.944815,67.150,14.89,-115.238,535.748,45.231,-92.613,0.010,179.999
956303189.012043,67.228,14.87,-114.246,538.086,42.981,-92.826,0.011,179.999
956303189.078983,66.940,14.94,-113.268,540.387,40.762,-93.035,0.010,179.999
956303189.146119,67.136,14.90,-112.596,541.964,39.240,-93.178,0.010,179.999
956303189.213146,67.027,14.92,-112.186,542.963,38.277,-93.274,0.010,179.999
956303189.280310,67.164,14.89,-111.242,545.269,36.050,-93.497,0.010,179.999
956303189.347457,67.147,14.89,-110.298,547.575,33.826,-93.719,0.010,179.999
956303189.414565,67.108,14.90,-109.353,549.880,31.601,-93.941,0.011,179.999
956303189.481694,67.129,14.90,-108.407,552.186,29.375,-94.164,0.010,179.999
956303189.548904,67.210,14.88,-107.654,554.025,27.599,-94.341,0.010,179.999
956303189.615972,67.068,14.91,-107.343,554.778,26.897,-94.424,0.011,179.999
956303189.683075,67.103,14.90,-106.376,557.118,24.716,-94.680,0.010,179.999
956303189.750237,67.162,14.89,-105.411,559.462,22.538,-94.937,0.011,179.999
956303189.817330,67.093,14.90,-104.444,561.803,20.355,-95.193,0.010,179.999
956303189.884403,67.073,14.91,-103.510,564.065,18.252,-95.441,0.010,179.999
956303189.951392,66.989,14.93,-103.391,564.356,17.981,-95.473,0.010,179.999
956303190.018741,67.349,14.85,-103.614,564.519,18.135,-95.641,-0.005,179.922
956303190.085943,67.202,14.88,-103.613,564.503,18.135,-95.640,-0.010,179.923
956303190.152964,67.021,14.92,-103.613,564.499,18.135,-95.640,-0.011,179.923
956303190.220174,67.210,14.88,-103.613,564.498,18.135,-95.640,-0.011,179.923
956303190.287157,66.983,14.93,-103.613,564.496,18.135,-95.640,-0.012,179.923
956303190.354236,67.079,14.91,-103.613,564.497,18.136,-95.640,-0.012,179.923
956303190.421334,67.098,14.90,-103.613,564.497,18.136,-95.640,-0.012,179.923
956303190.488508,67.174,14.89,-103.613,564.496,18.136,-95.640,-0.012,179.923
956303190.555675,67.167,14.89,-103.613,564.496,18.136,-95.640,-0.012,179.923
956303190.622686,67.011,14.92,-103.613,564.496,18.136,-95.640,-0.012,179.923
956303361.471203,0.000,0.00,-126.996,512.530,65.759,-90.000,0.010,180.000
956303361.542636,71.433,14.00,-126.571,513.089,65.454,-90.089,0.010,179.999
956303361.609941,67.305,14.86,-124.711,515.547,64.118,-90.480,0.010,179.999
956303361.677221,67.280,14.86,-123.967,516.533,63.584,-90.637,0.011,179.999
956303361.744311,67.090,14.91,-122.902,518.247,62.414,-90.881,0.011,179.999
956303361.811418,67.107,14.90,-121.387,520.690,60.744,-91.229,0.010,179.999
956303361.878546,67.128,14.90,-120.685,521.824,59.975,-91.391,0.011,179.999
956303361.945841,67.295,14.86,-119.834,523.350,58.736,-91.606,0.011,179.999
956303362.013095,67.254,14.87,-118.487,525.768,56.780,-91.948,0.011,179.999
956303362.080320,67.225,14.88,-117.258,527.977,54.991,-92.259,0.011,179.999
956303362.147458,67.138,14.89,-116.993,528.455,54.569,-92.322,0.010,179.999
956303362.214453,66.995,14.93,-115.793,530.693,52.551,-92.598,0.011,179.999
956303362.281611,67.158,14.89,-114.552,533.000,50.470,-92.884,0.011,179.999
956303362.348755,67.144,14.89,-113.329,535.270,48.420,-93.165,0.011,179.999
956303362.415899,67.144,14.89,-113.045,535.800,47.937,-93.229,0.011,179.999
956303362.483009,67.110,14.90,-112.014,537.864,45.989,-93.458,0.011,179.999
956303362.550305,67.296,14.86,-110.872,540.147,43.835,-93.712,0.011,179.999
956303362.617427,67.122,14.90,-109.731,542.429,41.681,-93.965,0.011,179.999
956303362.684401,66.974,14.93,-108.836,544.218,39.994,-94.163,0.011,180.000
956303362.751485,67.084,14.91,-108.494,544.946,39.278,-94.240,0.011,180.000
956303362.818615,67.130,14.90,-107.436,547.213,37.058,-94.477,0.011,179.999
956303362.885695,67.080,14.91,-106.375,549.482,34.838,-94.714,0.011,179.999
956303362.952814,67.119,14.90,-105.315,551.752,32.617,-94.951,0.011,180.000
956303363.020038,67.224,14.88,-104.442,553.618,30.787,-95.146,0.011,180.000
956303363.087160,67.122,14.90,-104.161,554.257,30.150,-95.211,0.011,180.000
956303363.154289,67.129,14.90,-103.176,556.513,27.907,-95.436,0.011,180.000
956303363.221446,67.157,14.89,-102.186,558.776,25.657,-95.661,0.011,179.999
956303363.288528,67.082,14.91,-101.198,561.038,23.407,-95.887,0.011,180.000
956303363.355554,67.026,14.92,-100.220,563.275,21.181,-96.110,0.011,180.000
956303363.422658,67.104,14.90,-99.985,563.811,20.642,-96.164,0.011,180.000
956303363.489828,67.170,14.89,-99.130,565.803,18.667,-96.353,0.011,180.000
956303363.557071,67.243,14.87,-98.135,568.111,16.377,-96.572,0.011,180.000
956303363.624122,67.051,14.91,-97.158,570.385,14.120,-96.788,0.011,179.999
956303363.691241,67.119,14.90,-96.180,572.658,11.863,-97.004,0.011,180.000
956303363.758381,67.140,14.89,-95.550,574.118,10.417,-97.142,0.011,180.000
956303363.825469,67.088,14.91,-95.628,574.026,10.182,-97.215,-0.015,-179.997
956303363.892552,67.083,14.91,-95.497,574.211,10.113,-97.163,0.075,-179.968
956303363.959761,67.209,14.88,-95.480,574.176,10.100,-97.154,0.070,-179.960
956303364.026797,67.036,14.92,-95.470,574.169,10.100,-97.155,0.067,-179.960
956303364.093883,67.086,14.91,-95.451,574.173,10.100,-97.157,0.067,-179.960
956303364.160991,67.108,14.90,-95.442,574.174,10.100,-97.157,0.067,-179.960
956303364.228084,67.093,14.90,-95.437,574.175,10.100,-97.158,0.067,-179.960
956303364.295123,67.039,14.92,-95.423,574.177,10.100,-97.159,0.067,-179.960
956303364.362312,67.189,14.88,-95.435,574.175,10.100,-97.158,0.067,-179.960
956303618.049875,0.000,0.00,-126.996,512.530,65.759,-90.000,0.010,180.000
956303618.121284,71.409,14.00,-126.618,513.026,65.489,-90.079,0.010,179.999
956303618.188447,67.163,14.89,-124.792,515.438,64.178,-90.463,0.010,179.999
956303618.255538,67.091,14.91,-123.969,516.531,63.583,-90.636,0.010,179.999
956303618.322700,67.162,14.89,-122.957,518.143,62.494,-90.864,0.011,179.999
956303618.389891,67.191,14.88,-121.419,520.634,60.807,-91.216,0.010,179.999
956303618.456970,67.079,14.91,-120.639,521.845,59.989,-91.387,0.011,179.999
956303618.524152,67.182,14.88,-119.797,523.340,58.781,-91.596,0.011,179.999
956303618.591345,67.193,14.88,-118.453,525.729,56.853,-91.930,0.010,179.999
956303618.658462,67.117,14.90,-117.185,527.978,55.037,-92.245,0.010,179.999
956303618.725563,67.101,14.90,-116.924,528.449,54.633,-92.307,0.011,179.999
956303618.796758,71.195,14.05,-115.655,530.794,52.519,-92.595,0.010,179.999
956303618.864047,67.289,14.86,-114.390,533.129,50.418,-92.882,0.010,179.999
956303618.931201,67.154,14.89,-113.170,535.380,48.392,-93.159,0.010,179.999
956303618.998362,67.161,14.89,-112.907,535.867,47.944,-93.218,0.010,179.999
956303619.065469,67.107,14.90,-111.856,537.954,45.979,-93.449,0.010,179.999
956303619.132765,67.296,14.86,-110.705,540.242,43.827,-93.701,0.010,179.999
956303619.200000,67.235,14.87,-109.537,542.563,41.640,-93.958,0.010,179.999
956303619.267130,67.130,14.90,-108.665,544.291,40.010,-94.149,0.010,180.000
956303619.334406,67.276,14.86,-108.294,545.081,39.240,-94.231,0.010,180.000
956303619.401473,67.067,14.91,-107.231,547.344,37.027,-94.466,0.010,180.000
956303619.468700,67.227,14.87,-106.659,548.559,35.837,-94.593,0.010,180.000
956303619.535887,67.187,14.88,-106.907,548.852,37.823,-94.696,0.115,179.911
956303619.602884,66.997,14.93,-106.909,548.870,37.824,-94.697,0.120,179.910
956303619.669966,67.082,14.91,-106.909,548.870,37.824,-94.697,0.120,179.910
956303619.737089,67.123,14.90,-106.909,548.870,37.824,-94.697,0.120,179.910
956303619.804107,67.018,14.92,-106.909,548.870,37.824,-94.697,0.120,179.910
956303619.871145,67.038,14.92,-106.909,548.870,37.824,-94.697,0.120,179.910
956303619.938170,67.025,14.92,-106.909,548.872,37.825,-94.697,0.120,179.910
956303620.005146,66.976,14.93,-106.909,548.872,37.825,-94.697,0.120,179.910
956303620.072440,67.294,14.86,-106.909,548.872,37.825,-94.697,0.120,179.910
956303837.858541,0.000,0.00,-127.000,512.524,70.763,-90.000,0.010,179.999
956303837.938790,80.249,12.46,-126.621,512.954,70.592,-90.058,0.011,179.999
956303838.006024,67.234,14.87,-124.552,515.309,69.650,-90.377,0.011,179.999
956303838.073222,67.198,14.88,-123.486,516.521,69.165,-90.541,0.011,179.999
956303838.140472,67.250,14.87,-122.094,517.984,68.839,-90.656,0.011,179.999
956303838.207632,67.160,14.89,-119.817,520.375,68.301,-90.844,0.011,179.999
956303838.274799,67.167,14.89,-117.634,522.671,67.788,-91.025,0.011,179.999
956303838.341996,67.197,14.88,-117.197,523.155,67.627,-91.062,0.011,179.999
956303838.409308,67.312,14.86,-115.294,525.487,66.535,-91.223,0.010,179.999
956303838.476631,67.323,14.85,-113.302,527.923,65.395,-91.393,0.011,179.999
956303838.543818,67.187,14.88,-111.393,530.261,64.302,-91.555,0.011,180.000
956303838.612390,68.572,14.58,-110.976,530.794,64.024,-91.590,0.010,180.000
956303838.679408,67.018,14.92,-109.267,533.137,62.702,-91.727,0.010,180.000
956303838.746753,67.345,14.85,-107.477,535.591,61.319,-91.870,0.011,180.000
956303838.813765,67.012,14.92,-105.687,538.045,59.933,-92.014,0.010,180.000
956303838.882513,68.748,14.55,-104.699,539.397,59.168,-92.093,0.010,180.000
956303838.950003,67.490,14.82,-103.742,540.815,58.238,-92.185,0.011,180.000
956303839.017218,67.215,14.88,-102.076,543.290,56.615,-92.347,0.011,180.000
956303839.084419,67.201,14.88,-100.436,545.725,55.015,-92.505,0.010,180.000
956303839.151773,67.354,14.85,-98.795,548.163,53.415,-92.664,0.011,180.000
956303839.219049,67.276,14.86,-98.202,549.039,52.836,-92.721,0.010,180.000
956303839.286316,67.267,14.87,-97.023,550.890,51.571,-92.845,0.011,180.000
956303839.353491,67.175,14.89,-95.468,553.329,49.902,-93.010,0.011,180.000
956303839.420765,67.274,14.86,-93.911,555.765,48.233,-93.175,0.010,180.000
956303839.487839,67.074,14.91,-92.354,558.205,46.563,-93.339,0.010,180.000
956303839.555022,67.183,14.88,-91.564,559.441,45.718,-93.423,0.011,180.000
956303839.622271,67.249,14.87,-90.651,560.967,44.613,-93.536,0.010,180.000
956303839.689597,67.326,14.85,-89.690,562.566,43.458,-93.654,0.010,180.000
956303839.756966,67.369,14.84,-89.724,562.563,43.415,-93.675,0.005,179.996
956303839.824184,67.218,14.88,-89.507,562.037,43.319,-93.615,-0.122,-179.944
956303839.891401,67.217,14.88,-89.584,562.025,43.319,-93.607,-0.122,-179.944
956303839.958790,67.389,14.84,-89.541,562.032,43.319,-93.611,-0.122,-179.944
956303840.028227,69.437,14.40,-89.559,562.029,43.319,-93.609,-0.122,-179.944
956303840.095429,67.202,14.88,-89.550,562.030,43.319,-93.610,-0.122,-179.944
956303840.162456,67.027,14.92,-89.552,562.030,43.319,-93.610,-0.122,-179.944
956303840.229602,67.146,14.89,-89.552,562.030,43.319,-93.610,-0.122,-179.944
956303840.297191,67.589,14.80,-89.550,562.030,43.319,-93.610,-0.122,-179.944
956303892.066739,0.000,0.00,-126.996,512.529,80.759,-90.000,0.010,180.000
956303914.233486,0.000,0.00,-126.996,512.529,80.759,-90.000,0.010,180.000
956303914.304784,71.298,14.03,-126.484,513.039,80.827,-90.060,0.010,179.999
956303914.376206,71.422,14.00,-123.978,515.545,81.154,-90.352,0.010,179.999
956303914.444414,68.208,14.66,-122.992,516.528,81.281,-90.467,0.010,179.999
956303914.511610,67.196,14.88,-120.882,516.182,80.354,-90.523,0.010,180.000
956303914.578820,67.210,14.88,-118.211,515.748,79.188,-90.594,0.010,180.000
956303914.648035,69.215,14.45,-118.036,515.316,78.599,-90.693,0.010,180.000
956303914.715262,67.227,14.87,-117.871,514.075,76.979,-90.982,0.010,180.000
956303914.782444,67.182,14.88,-117.397,515.005,75.721,-91.362,0.010,179.999
956303914.849624,67.180,14.89,-116.909,515.965,74.424,-91.754,0.010,180.000
956303914.916868,67.244,14.87,-116.255,517.617,73.518,-92.195,0.010,179.999
956303914.984024,67.156,14.89,-115.182,520.338,72.027,-92.920,0.010,180.000
956303915.051262,67.238,14.87,-114.945,520.972,71.703,-93.085,0.010,179.999
956303915.118525,67.263,14.87,-114.111,523.686,70.606,-93.736,0.010,180.000
956303915.185688,67.163,14.89,-113.194,526.662,69.405,-94.450,0.010,179.999
956303915.252886,67.198,14.88,-112.798,527.948,68.884,-94.758,0.010,180.000
956303915.320217,67.331,14.85,-112.325,530.068,68.156,-95.232,0.010,179.999
956303915.387381,67.164,14.89,-111.634,533.155,67.093,-95.923,0.010,180.000
956303915.454576,67.195,14.88,-110.948,536.230,66.033,-96.611,0.010,180.000
956303915.521809,67.233,14.87,-110.766,537.063,65.747,-96.797,0.010,180.000
956303915.589137,67.328,14.85,-110.381,539.649,64.910,-97.337,0.010,180.000
956303915.656692,67.555,14.80,-109.914,542.791,63.892,-97.994,0.010,180.000
956303915.725157,68.465,14.61,-109.439,546.028,62.845,-98.671,0.010,180.000
956303915.792377,67.220,14.88,-109.184,547.712,62.296,-99.024,0.010,180.000
956303915.861771,69.394,14.41,-108.993,549.607,61.697,-99.398,0.010,179.999
956303915.929025,67.254,14.87,-108.671,552.785,60.694,-100.025,0.010,180.000
956303915.996218,67.193,14.88,-108.344,556.006,59.674,-100.661,0.010,180.000
956303916.063380,67.162,14.89,-108.028,559.142,58.682,-101.281,0.010,180.000
956303916.130532,67.152,14.89,-107.958,559.860,58.457,-101.421,0.010,179.999
956303916.197701,67.169,14.89,-107.751,562.641,57.583,-101.941,0.010,179.999
956303916.264845,67.144,14.89,-107.512,565.819,56.587,-102.535,0.010,180.000
956303916.332104,67.259,14.87,-107.271,568.997,55.593,-103.138,0.010,180.000
956303916.399361,67.257,14.87,-107.031,572.202,54.587,-103.729,0.010,179.999
956303916.466598,67.237,14.87,-106.972,573.015,54.332,-103.880,0.010,179.999
956303916.533762,67.164,14.89,-106.790,575.743,53.483,-104.364,0.010,179.999
956303916.600902,67.140,14.89,-106.578,578.935,52.490,-104.930,0.010,179.999
956303916.668082,67.180,14.89,-106.366,582.125,51.480,-105.505,0.010,179.999
956303916.735241,67.159,14.89,-106.151,585.365,50.487,-106.071,0.010,179.999
956303916.802416,67.175,14.89,-106.038,587.077,49.951,-106.376,0.010,179.999
956303916.869852,67.436,14.83,-105.890,588.929,49.382,-106.689,0.010,179.999
956303916.937109,67.257,14.87,-105.634,592.160,48.387,-107.236,0.010,179.999
956303917.004938,67.829,14.74,-105.379,595.343,47.405,-107.774,0.010,179.999
956303917.075182,70.244,14.24,-105.110,598.716,46.367,-108.345,0.010,179.999
956303917.142366,67.184,14.88,-104.872,601.736,45.437,-108.855,0.010,179.999
956303917.209568,67.202,14.88,-104.814,602.375,45.240,-108.962,0.010,179.999
956303917.276712,67.144,14.89,-104.522,605.413,44.315,-109.453,0.010,179.999
956303917.344185,67.473,14.82,-104.209,608.646,43.328,-109.976,0.010,179.999
956303917.411450,67.265,14.87,-103.902,611.831,42.355,-110.491,0.010,179.999
956303917.478650,67.200,14.88,-103.595,615.014,41.385,-111.006,0.010,179.999
956303917.545714,67.064,14.91,-103.342,617.626,40.588,-111.428,0.010,179.999
956303917.612836,67.122,14.90,-103.229,618.537,40.311,-111.573,0.010,179.999
956303917.680034,67.198,14.88,-102.840,621.705,39.348,-112.073,0.010,179.999
956303917.747365,67.331,14.85,-102.444,624.928,38.368,-112.582,0.010,179.999
956303917.814486,67.121,14.90,-102.052,628.105,37.403,-113.084,0.010,179.999
956303917.881697,67.211,14.88,-101.662,631.281,36.437,-113.585,0.010,179.999
956303917.948876,67.179,14.89,-101.356,633.770,35.683,-113.978,0.010,179.999
956303918.016160,67.284,14.86,-101.191,634.834,35.355,-114.147,0.010,179.999
956303918.083367,67.207,14.88,-100.703,637.996,34.385,-114.647,0.010,179.999
956303918.150823,67.456,14.82,-100.213,641.161,33.416,-115.147,0.010,179.999
956303918.218101,67.278,14.86,-99.726,644.324,32.444,-115.648,0.010,179.999
956303918.285254,67.153,14.89,-99.229,647.537,31.460,-116.156,0.010,179.999
956303918.352611,67.357,14.85,-98.822,650.170,30.653,-116.572,0.010,179.999
956303918.420302,67.691,14.77,-98.657,651.075,30.362,-116.719,0.010,180.000
956303918.492040,71.738,13.94,-98.054,654.399,29.307,-117.253,0.010,179.999
956303918.561553,69.513,14.39,-97.458,657.681,28.264,-117.781,0.010,179.999
956303918.628927,67.374,14.84,-96.890,660.824,27.264,-118.287,0.010,179.999
956303918.696078,67.151,14.89,-96.319,663.967,26.267,-118.792,0.010,179.999
956303918.763213,67.135,14.90,-95.817,666.733,25.387,-119.237,0.010,179.999
956303918.830343,67.130,14.90,-95.655,667.541,25.114,-119.372,0.010,179.999
956303918.897493,67.150,14.89,-95.027,670.628,24.060,-119.887,0.010,180.000
956303918.964687,67.194,14.88,-94.396,673.735,23.001,-120.406,0.010,180.000
956303919.031793,67.106,14.90,-93.765,676.841,21.941,-120.925,0.010,180.000
956303919.099043,67.250,14.87,-93.131,679.950,20.884,-121.443,0.010,179.999
956303919.166168,67.125,14.90,-92.509,683.008,19.840,-121.954,0.010,179.999
956303919.233300,67.132,14.90,-92.380,683.623,19.620,-122.059,0.010,180.000
956303919.300475,67.175,14.89,-91.749,686.443,18.559,-122.561,0.010,179.999
956303919.367701,67.226,14.88,-91.062,689.502,17.402,-123.105,0.010,180.000
956303919.434831,67.130,14.90,-90.376,692.564,16.247,-123.651,0.010,180.000
956303919.501954,67.123,14.90,-89.689,695.624,15.091,-124.195,0.010,180.000
956303919.569125,67.171,14.89,-88.991,698.732,13.920,-124.748,0.010,179.999
956303919.636290,67.165,14.89,-88.744,699.827,13.504,-124.944,0.010,180.000
956303919.703453,67.163,14.89,-88.680,699.333,13.401,-125.005,-0.099,-179.901
956303919.770595,67.142,14.89,-88.565,699.284,13.338,-124.978,-0.079,-179.871
956303919.839408,68.813,14.53,-88.567,699.284,13.338,-124.978,-0.079,-179.871
956303919.908224,68.816,14.53,-88.567,699.284,13.338,-124.978,-0.079,-179.871
956303919.975392,67.168,14.89,-88.567,699.284,13.338,-124.978,-0.079,-179.871
956303920.042470,67.078,14.91,-88.567,699.284,13.338,-124.978,-0.079,-179.871
956303920.109944,67.474,14.82,-88.567,699.284,13.338,-124.978,-0.079,-179.871
956303920.177134,67.190,14.88,-88.567,699.284,13.338,-124.978,-0.079,-179.871
956303920.244546,67.412,14.83,-88.567,699.284,13.338,-124.978,-0.079,-179.871
956646015.291267,0.000,0.00,-126.995,512.510,180.759,-90.000,0.010,180.000
956646015.358149,66.882,14.95,-126.660,512.581,180.732,-89.919,0.010,180.000
956646015.424718,66.569,15.02,-122.994,513.357,180.426,-89.025,0.010,179.999
956646015.491395,66.677,15.00,-117.450,516.425,179.155,-88.189,0.010,179.999
956646015.558061,66.666,15.00,-113.247,518.789,178.982,-87.510,0.010,179.999
956646015.624724,66.663,15.00,-108.908,521.959,179.057,-86.795,0.010,180.000
956646015.691410,66.686,15.00,-103.998,525.616,179.611,-86.079,0.010,180.000
956646015.759414,68.004,14.71,-99.775,529.141,180.484,-85.361,0.010,180.000
956646015.825737,66.323,15.08,-97.874,530.352,181.080,-84.687,0.010,180.000
956646015.891419,65.682,15.22,-99.194,528.061,179.242,-83.966,0.010,180.000
956646015.958053,66.634,15.01,-103.589,522.988,175.074,-83.730,0.010,180.000
956646016.025749,67.696,14.77,-108.073,518.155,171.057,-83.773,0.010,179.999
956646016.091416,65.667,15.23,-112.879,513.120,166.886,-84.026,0.010,180.000
956646016.158053,66.637,15.01,-117.554,508.292,162.978,-84.477,0.010,180.000
956646016.224721,66.668,15.00,-122.423,503.309,159.064,-85.178,0.010,179.999
956646016.291514,66.793,14.97,-126.326,499.340,156.060,-85.878,0.010,179.999
956646016.358058,66.544,15.03,-129.927,495.691,153.422,-86.613,0.010,179.999
956646016.424719,66.661,15.00,-133.170,492.416,151.217,-87.331,0.010,179.999
956646016.491401,66.682,15.00,-136.315,489.465,149.335,-88.068,0.010,179.999
956646016.558806,67.405,14.84,-139.468,487.015,147.751,-88.752,0.009,179.999
956646016.625711,66.905,14.95,-142.666,484.884,146.035,-89.468,0.009,179.999
956646016.691402,65.691,15.22,-145.023,483.725,144.049,-90.221,0.010,179.999
956646016.758843,67.441,14.83,-145.936,484.170,141.910,-90.903,0.009,179.999
956646016.824722,65.879,15.18,-143.796,488.559,139.058,-91.640,0.010,179.999
956646016.891436,66.714,14.99,-139.092,494.840,137.986,-91.816,0.010,179.999
956646016.958063,66.627,15.01,-134.100,500.738,138.404,-91.689,0.010,179.999
956646017.024728,66.665,15.00,-128.748,506.705,139.842,-91.368,0.010,179.999
956646017.091386,66.658,15.00,-123.666,512.187,141.842,-90.917,0.009,179.999
956646017.158096,66.710,14.99,-118.580,517.563,144.252,-90.347,0.010,179.999
956646017.224723,66.627,15.01,-113.368,522.991,146.870,-89.655,0.010,179.999
956646017.291390,66.667,15.00,-108.418,528.073,149.371,-88.923,0.010,179.999
956646017.358053,66.663,15.00,-104.158,531.853,151.438,-88.223,0.010,179.999
956646017.424735,66.682,15.00,-99.909,534.314,153.453,-87.507,0.010,179.999
956646017.491406,66.671,15.00,-96.992,535.375,155.131,-86.790,0.010,179.999
956646017.558050,66.644,15.01,-95.389,534.963,155.862,-86.092,0.010,179.999
956646017.624722,66.672,15.00,-95.873,531.680,154.827,-85.379,0.010,179.999
956646017.691463,66.741,14.98,-99.368,525.659,151.617,-85.092,0.010,179.999
956646017.758122,66.659,15.00,-103.620,519.938,148.096,-85.194,0.010,179.999
956646017.824731,66.609,15.01,-108.121,514.499,144.457,-85.424,0.010,179.999
956646017.891449,66.718,14.99,-112.774,509.192,140.798,-85.774,0.010,179.999
956646017.958052,66.603,15.01,-117.455,504.050,137.365,-86.341,0.010,179.999
956646018.024736,66.684,15.00,-121.850,499.331,134.473,-87.059,0.010,179.999
956646018.091505,66.769,14.98,-125.582,495.394,132.233,-87.775,0.010,179.999
956646018.158055,66.550,15.03,-128.885,491.952,130.410,-88.476,0.010,179.999
956646018.225547,67.492,14.82,-131.959,488.778,128.917,-89.175,0.009,179.999
956646018.291422,65.875,15.18,-135.046,485.612,127.754,-89.912,0.010,179.999
956646018.358080,66.658,15.00,-137.787,482.826,126.995,-90.614,0.009,179.999
956646018.424724,66.644,15.01,-139.901,480.518,126.456,-91.333,0.009,179.999
956646018.491383,66.659,15.00,-141.088,479.138,126.140,-92.052,0.009,179.999
956646018.558061,66.678,15.00,-141.314,478.740,126.131,-92.752,0.009,179.999
956646018.624719,66.658,15.00,-140.544,479.348,126.497,-93.454,0.009,179.999
956646018.691395,66.676,15.00,-138.768,480.980,127.291,-94.172,0.010,179.999
956646018.758096,66.701,14.99,-136.207,483.427,128.485,-94.892,0.010,179.999
956646018.824730,66.634,15.01,-133.271,486.274,129.958,-95.610,0.010,179.999
956646018.891382,66.652,15.00,-130.448,489.037,131.502,-96.310,0.009,179.999
956646018.958110,66.728,14.99,-127.707,491.736,133.129,-97.011,0.010,179.999
956646019.024720,66.610,15.01,-124.893,494.517,134.924,-97.748,0.010,179.999
956646019.091383,66.663,15.00,-122.181,497.202,136.740,-98.468,0.010,179.999
956646019.158116,66.733,14.99,-119.575,499.791,138.510,-99.168,0.010,179.999
956646019.224718,66.602,15.01,-116.916,502.402,140.262,-99.887,0.010,179.999
956646019.291402,66.684,15.00,-114.466,504.592,141.880,-100.604,0.010,179.999
956646019.358058,66.656,15.00,-112.742,505.954,143.260,-101.306,0.010,179.999
956646019.424721,66.663,15.00,-111.776,506.476,144.421,-102.006,0.010,179.999
956646019.491421,66.700,14.99,-111.536,506.347,145.430,-102.743,0.010,179.999
956646019.558175,66.754,14.98,-111.883,505.720,146.188,-103.445,0.010,179.999
956646019.624727,66.552,15.03,-112.703,504.675,146.781,-104.164,0.010,179.999
956646019.691432,66.705,14.99,-113.887,503.313,147.221,-104.884,0.010,179.999
956646019.758057,66.625,15.01,-115.323,501.739,147.528,-105.586,0.010,179.999
956646019.824721,66.664,15.00,-117.061,499.884,147.733,-106.321,0.009,179.999
956646019.891517,66.796,14.97,-118.938,497.916,147.820,-107.040,0.009,179.999
956646019.958094,66.577,15.02,-120.907,495.877,147.799,-107.740,0.009,179.999
956646020.024728,66.634,15.01,-123.046,493.680,147.714,-108.459,0.009,179.999
956646020.091402,66.674,15.00,-125.273,491.408,147.612,-109.178,0.010,179.999
956646020.158062,66.660,15.00,-127.220,489.298,147.542,-109.880,0.010,179.999
956646020.224722,66.660,15.00,-128.662,487.500,147.541,-110.598,0.010,179.999
956646020.291382,66.660,15.00,-129.343,486.226,147.631,-111.318,0.010,179.999
956646020.358062,66.680,15.00,-129.369,485.561,147.815,-112.019,0.009,179.999
956646020.424719,66.657,15.00,-128.871,485.457,148.094,-112.737,0.009,179.999
956646020.491381,66.662,15.00,-127.956,485.860,148.448,-113.455,0.010,179.999
956646020.558099,66.718,14.99,-126.738,486.661,148.848,-114.155,0.010,179.999
956646020.624721,66.622,15.01,-125.220,487.811,149.297,-114.874,0.010,179.999
956646020.691406,66.685,15.00,-123.488,489.204,149.771,-115.592,0.009,179.999
956646020.758058,66.652,15.00,-121.632,490.713,150.241,-116.293,0.010,179.999
956646020.824778,66.720,14.99,-119.642,492.277,150.702,-116.995,0.009,179.999
956646020.891448,66.670,15.00,-117.478,493.875,151.154,-117.732,0.009,179.999
956646020.958083,66.635,15.01,-115.629,495.149,151.517,-118.397,0.009,179.999
956646021.025770,67.687,14.77,-113.987,496.173,151.850,-119.098,0.009,179.999
956646021.091465,65.695,15.22,-112.749,496.763,152.153,-119.835,0.010,179.999
956646021.158057,66.592,15.02,-112.170,496.764,152.402,-120.537,0.010,179.999
956646021.224729,66.672,15.00,-112.204,496.247,152.625,-121.256,0.010,179.999
956646021.291514,66.785,14.97,-112.736,495.337,152.815,-121.957,0.010,179.999
956646021.358058,66.544,15.03,-113.690,494.075,152.981,-122.677,0.010,179.999
956646021.424729,66.671,15.00,-114.969,492.544,153.118,-123.396,0.010,179.999
956646021.491463,66.734,14.98,-116.512,490.805,153.226,-124.116,0.010,179.998
956646021.558069,66.606,15.01,-118.221,488.941,153.304,-124.817,0.010,179.998
956646021.624725,66.656,15.00,-120.142,486.891,153.363,-125.536,0.010,179.998
956646021.691392,66.667,15.00,-122.083,484.736,153.417,-126.256,0.010,179.998
956646021.758124,66.732,14.99,-123.815,482.718,153.474,-126.958,0.010,179.998
956646021.824724,66.600,15.02,-125.267,480.900,153.550,-127.677,0.010,179.998
956646021.891419,66.695,14.99,-126.254,479.472,153.648,-128.379,0.010,179.999
956646021.958057,66.638,15.01,-126.793,478.401,153.778,-129.098,0.010,179.998
956646022.024735,66.678,15.00,-126.895,477.700,153.932,-129.835,0.010,179.998
956646022.091445,66.710,14.99,-126.618,477.353,154.095,-130.573,0.010,179.998
956646022.158055,66.610,15.01,-126.073,477.319,154.251,-131.274,0.010,179.998
956646022.224723,66.668,15.00,-125.279,477.539,154.413,-132.011,0.010,179.998
956646022.291384,66.661,15.00,-124.330,477.965,154.565,-132.748,0.010,179.998
956646022.358064,66.680,15.00,-123.335,478.521,154.698,-133.450,0.010,179.998
956646022.424727,66.663,15.00,-122.270,479.199,154.823,-134.169,0.010,179.998
956646022.491407,66.680,15.00,-121.199,479.945,154.938,-134.889,0.010,179.998
956646022.558082,66.675,15.00,-120.186,480.704,155.041,-135.590,0.010,179.998
956646022.624723,66.641,15.01,-119.213,481.471,155.136,-136.309,0.010,179.999
956646022.691389,66.666,15.00,-118.342,482.190,155.226,-137.029,0.010,179.999
956646022.758056,66.667,15.00,-117.628,482.812,155.306,-137.730,0.010,179.999
956646022.824727,66.671,15.00,-117.066,483.338,155.380,-138.449,0.010,179.999
956646022.891469,66.742,14.98,-116.714,483.720,155.444,-139.151,0.010,179.999
956646022.958100,66.631,15.01,-116.576,483.970,155.501,-139.888,0.010,179.999
956646023.024725,66.625,15.01,-116.690,484.064,155.550,-140.625,0.010,179.999
956646023.091394,66.669,15.00,-117.077,484.013,155.584,-141.345,0.010,179.999
956646023.158058,66.664,15.00,-117.765,483.844,155.597,-142.046,0.010,179.999
956646023.225722,67.664,14.78,-118.807,483.583,155.581,-142.766,0.010,179.999
956646023.291407,65.685,15.22,-120.215,483.260,155.524,-143.521,0.010,179.999
956646023.358121,66.714,14.99,-121.733,482.949,155.436,-144.223,0.011,179.999
956646023.425100,66.979,14.93,-123.382,482.646,155.312,-144.942,0.010,179.999
956646023.491518,66.418,15.06,-125.049,482.377,155.159,-145.680,0.010,179.999
956646023.558465,66.947,14.94,-126.494,482.175,154.995,-146.381,0.010,179.999
956646023.624733,66.268,15.09,-127.697,482.075,154.825,-147.082,0.010,179.999
956646023.691435,66.702,14.99,-128.606,482.138,154.656,-147.802,0.010,179.999
956646023.758060,66.625,15.01,-129.151,482.422,154.510,-148.503,0.011,179.999
956646023.824729,66.669,15.00,-129.361,482.981,154.377,-149.222,0.011,179.999
956646023.891403,66.674,15.00,-129.223,483.827,154.261,-149.942,0.010,179.999
956646023.958054,66.651,15.00,-128.761,484.926,154.165,-150.644,0.011,179.999
956646024.024730,66.676,15.00,-127.972,486.312,154.076,-151.362,0.010,179.999
956646024.092380,67.650,14.78,-126.898,487.936,153.992,-152.080,0.010,179.999
956646024.158070,65.690,15.22,-125.599,489.727,153.908,-152.781,0.010,179.999
956646024.225768,67.698,14.77,-124.088,491.689,153.818,-153.482,0.010,179.999
956646024.291426,65.658,15.23,-122.317,493.884,153.713,-154.218,0.010,179.999
956646024.358066,66.640,15.01,-120.519,496.039,153.603,-154.919,0.010,179.999
956646024.424732,66.666,15.00,-118.676,498.209,153.500,-155.638,0.010,179.999
956646024.491428,66.696,14.99,-117.013,500.180,153.425,-156.355,0.010,179.999
956646024.558067,66.639,15.01,-115.748,501.750,153.402,-157.056,0.010,179.999
956646024.624731,66.664,15.00,-114.956,502.875,153.434,-157.756,0.010,179.999
956646024.691420,66.689,14.99,-114.693,503.557,153.523,-158.492,0.010,179.999
956646024.758068,66.648,15.00,-114.984,503.732,153.652,-159.193,0.010,180.000
956646024.824739,66.671,15.00,-115.771,503.468,153.815,-159.912,0.010,180.000
956646024.891436,66.697,14.99,-116.939,502.835,154.001,-160.631,0.010,180.000
956646024.958065,66.629,15.01,-118.368,501.951,154.199,-161.333,0.010,180.000
956646025.024732,66.667,15.00,-120.000,500.885,154.426,-162.052,0.010,179.999
956646025.091466,66.734,14.98,-121.678,499.755,154.672,-162.770,0.010,179.999
956646025.158067,66.601,15.01,-123.255,498.674,154.925,-163.470,0.010,180.000
956646025.224732,66.665,15.00,-124.718,497.681,155.196,-164.189,0.010,180.000
956646025.291405,66.673,15.00,-125.960,496.870,155.468,-164.908,0.010,180.000
956646025.358067,66.662,15.00,-126.917,496.304,155.729,-165.609,0.010,180.000
956646025.424736,66.669,15.00,-127.621,495.987,155.989,-166.346,0.010,180.000
956646025.491418,66.682,15.00,-127.982,495.996,156.224,-167.065,0.010,180.000
956646025.558066,66.648,15.00,-127.977,496.350,156.423,-167.766,0.009,180.000
956646025.624733,66.667,15.00,-127.582,497.090,156.595,-168.485,0.010,180.000
956646025.691434,66.701,14.99,-126.781,498.226,156.735,-169.205,0.010,179.999
956646025.758068,66.634,15.01,-125.617,499.703,156.844,-169.904,0.010,180.000
956646025.824733,66.665,15.00,-124.069,501.561,156.950,-170.620,0.010,179.999
956646025.891443,66.710,14.99,-122.250,503.684,157.067,-171.339,0.010,179.999
956646025.958075,66.632,15.01,-120.379,505.848,157.218,-172.039,0.010,180.000
956646026.024734,66.659,15.00,-118.595,507.932,157.434,-172.758,0.010,179.999
956646026.091418,66.684,15.00,-117.206,509.614,157.708,-173.475,0.010,179.999
956646026.159372,67.954,14.72,-116.357,510.765,158.027,-174.193,0.010,180.000
956646026.224733,65.361,15.30,-116.075,511.358,158.379,-174.895,0.010,180.000
956646026.291421,66.688,15.00,-116.310,511.464,158.761,-175.596,0.010,180.000
956646026.358070,66.649,15.00,-117.007,511.144,159.174,-176.314,0.010,-180.000
956646026.424739,66.669,15.00,-118.067,510.488,159.609,-177.032,0.010,180.000
956646026.491400,66.661,15.00,-119.380,509.597,160.067,-177.750,0.010,180.000
956646026.558074,66.674,15.00,-120.810,508.602,160.537,-178.451,0.010,180.000
956646026.624743,66.669,15.00,-122.318,507.545,161.041,-179.170,0.010,180.000
956646026.691408,66.665,15.00,-123.776,506.547,161.565,-179.888,0.010,179.999
956646026.758070,66.662,15.00,-125.097,505.688,162.094,179.412,0.010,179.999
956646026.824742,66.672,15.00,-126.334,504.949,162.672,178.676,0.010,180.000
956646026.891402,66.660,15.00,-127.371,504.425,163.261,177.956,0.010,179.999
956646026.958070,66.668,15.00,-128.183,504.129,163.858,177.255,0.010,179.999
956646027.024735,66.665,15.00,-128.795,504.070,164.495,176.536,0.010,179.999
956646027.092001,67.266,14.87,-129.182,504.255,165.162,175.819,0.010,180.000
956646027.158468,66.467,15.05,-129.341,504.675,165.847,175.118,0.010,180.000
956646027.224738,66.270,15.09,-129.295,505.341,166.589,174.399,0.010,179.999
956646027.291431,66.693,14.99,-129.064,506.213,167.376,173.680,0.010,180.000
956646027.358068,66.637,15.01,-128.697,507.227,168.190,172.979,0.010,180.000
956646027.424733,66.665,15.00,-128.221,508.384,169.081,172.260,0.010,180.000
956646027.491496,66.763,14.98,-127.704,509.595,170.035,171.541,0.010,179.999
956646027.558070,66.574,15.02,-127.224,510.755,171.018,170.842,0.010,180.000
956646027.624735,66.665,15.00,-126.816,511.856,172.086,170.125,0.010,179.999
956646027.691465,66.730,14.99,-126.548,512.804,173.207,169.407,0.010,179.999
956646027.758443,66.978,14.93,-126.462,513.546,174.376,168.690,0.010,179.999
956646027.824732,66.289,15.09,-126.584,514.035,175.554,167.991,0.010,179.999
956646027.891443,66.711,14.99,-126.932,514.277,176.795,167.273,0.010,180.000
956646027.958072,66.629,15.01,-127.489,514.266,178.036,166.571,0.010,180.000
956646028.024735,66.663,15.00,-128.266,514.015,179.330,165.853,0.010,180.000
956646028.091436,66.701,14.99,-129.236,513.546,180.645,165.135,0.010,180.000
956646028.158071,66.635,15.01,-130.343,512.906,181.945,164.436,0.010,180.000
956646028.224740,66.669,15.00,-131.619,512.086,183.301,163.717,0.010,-180.000
956646028.291450,66.710,14.99,-133.021,511.134,184.682,162.997,0.010,180.000
956646028.358072,66.622,15.01,-134.482,510.099,186.045,162.297,0.010,-180.000
956646028.424738,66.666,15.00,-136.062,508.957,187.471,161.579,0.010,-180.000
956646028.492453,67.715,14.77,-137.665,507.786,188.887,160.880,0.010,-180.000
956646028.558070,65.617,15.24,-139.362,506.546,190.372,160.161,0.010,-180.000
956646028.624736,66.666,15.00,-141.097,505.283,191.894,159.444,0.010,-180.000
956646028.691407,66.671,15.00,-142.856,504.014,193.461,158.727,0.010,180.000
956646028.758129,66.722,14.99,-144.576,502.789,195.041,158.027,0.010,-180.000
956646028.824740,66.611,15.01,-146.335,501.557,196.715,157.308,0.010,-180.000
956646028.891426,66.686,15.00,-148.088,500.343,198.391,156.591,0.010,-180.000
956646028.958063,66.637,15.01,-149.834,499.167,199.964,155.889,0.009,-180.000
956646029.024729,66.666,15.00,-151.685,497.982,201.471,155.172,0.009,-180.000
956646029.091460,66.731,14.99,-153.593,496.837,202.931,154.455,0.009,-180.000
956646029.158071,66.611,15.01,-155.445,495.792,204.384,153.754,0.009,-180.000
956646029.224728,66.657,15.00,-157.232,494.853,205.978,153.037,0.009,-180.000
956646029.291440,66.712,14.99,-158.762,494.128,207.790,152.318,0.009,-180.000
956646029.358129,66.689,14.99,-159.753,493.782,209.937,151.620,0.009,-180.000
956646029.424728,66.599,15.02,-159.710,494.135,212.928,150.902,0.009,-180.000
956646029.491439,66.711,14.99,-156.993,496.201,217.782,150.197,0.009,-180.000
956646029.558064,66.625,15.01,-151.821,499.578,222.366,149.985,0.009,-180.000
956646029.625538,67.474,14.82,-145.952,503.117,225.987,150.155,0.009,-180.000
956646029.691467,65.929,15.17,-139.473,506.707,229.337,150.549,0.009,-180.000
956646029.758122,66.655,15.00,-133.111,509.852,232.424,151.037,0.009,-180.000
956646029.824729,66.607,15.01,-126.473,512.643,235.703,151.588,0.009,-180.000
956646029.891468,66.739,14.98,-119.800,514.839,239.389,152.115,0.009,-180.000
956646029.958066,66.598,15.02,-113.578,516.099,243.741,152.483,0.009,-179.999
956646030.024728,66.662,15.00,-108.310,515.766,249.604,152.447,0.009,-179.999
956646030.091463,66.735,14.98,-107.294,513.263,254.857,151.730,0.009,-179.999
956646030.158065,66.602,15.01,-108.415,510.781,257.347,151.032,0.009,-180.000
956646030.224740,66.675,15.00,-110.183,508.214,259.101,150.314,0.009,-179.999
956646030.291404,66.664,15.00,-112.239,505.638,260.483,149.595,0.009,-179.999
956646030.358520,67.116,14.90,-114.396,503.182,261.633,148.896,0.009,-179.999
956646030.424881,66.361,15.07,-116.712,500.797,262.708,148.179,0.009,-179.999
956646030.491401,66.520,15.03,-119.095,498.606,263.718,147.461,0.009,-179.999
956646030.558067,66.666,15.00,-121.471,496.706,264.661,146.760,0.009,-179.999
956646030.624752,66.685,15.00,-123.889,495.039,265.587,146.041,0.009,-179.999
956646030.691407,66.655,15.00,-126.081,493.741,266.429,145.359,0.009,-179.999
956646030.758064,66.657,15.00,-128.219,492.675,267.275,144.658,0.009,-179.999
956646030.824857,66.793,14.97,-130.293,491.836,268.137,143.940,0.008,-179.999
956646030.891451,66.594,15.02,-132.248,491.244,269.004,143.223,0.008,-179.999
956646030.958069,66.618,15.01,-134.040,490.904,269.873,142.521,0.008,-179.999
956646031.024736,66.667,15.00,-135.741,490.806,270.797,141.803,0.008,-179.999
956646031.091416,66.680,15.00,-137.283,490.983,271.779,141.084,0.008,-179.999
956646031.158071,66.655,15.00,-138.599,491.452,272.810,140.385,0.008,-179.999
956646031.224737,66.666,15.00,-139.710,492.288,273.980,139.668,0.008,-179.999
956646031.291456,66.719,14.99,-140.510,493.541,275.312,138.949,0.008,-179.999
956646031.358067,66.611,15.01,-140.890,495.231,276.820,138.252,0.008,-179.999
956646031.424756,66.689,14.99,-140.731,497.563,278.695,137.535,0.008,-179.999
956646031.491407,66.651,15.00,-139.799,500.611,281.035,136.834,0.008,-179.999
956646031.558071,66.664,15.00,-137.535,504.922,284.379,136.119,0.008,-179.999
956646031.624740,66.669,15.00,-133.670,509.993,288.625,135.568,0.008,-179.999
956646031.692112,67.372,14.84,-128.743,514.609,293.183,135.313,0.007,-179.999
956646031.758198,66.086,15.13,-123.527,518.051,297.643,135.308,0.007,-179.999
956646031.824736,66.538,15.03,-117.826,520.533,302.445,135.474,0.007,-179.999
956646031.891398,66.662,15.00,-111.887,521.867,307.561,135.753,0.007,-179.999
956646031.958072,66.674,15.00,-106.427,521.793,312.670,136.053,0.007,-179.999
956646032.024865,66.793,14.97,-101.800,519.753,318.379,136.260,0.007,-179.999
956646032.091405,66.540,15.03,-100.487,514.613,324.630,136.016,0.007,-179.999
956646032.158071,66.666,15.00,-102.195,509.906,327.940,135.305,0.007,-179.999
956646032.224736,66.665,15.00,-104.367,506.319,329.718,134.590,0.007,-179.999
956646032.291407,66.671,15.00,-106.712,503.232,330.968,133.871,0.007,-179.999
956646032.358067,66.660,15.00,-109.076,500.600,331.931,133.171,0.007,-179.999
956646032.424856,66.789,14.97,-111.543,498.257,332.766,132.454,0.007,-179.999
956646032.491455,66.599,15.02,-113.990,496.310,333.489,131.752,0.007,-179.999
956646032.558075,66.620,15.01,-116.514,494.651,334.163,131.033,0.007,-179.999
956646032.624737,66.662,15.00,-119.050,493.297,334.790,130.315,0.007,-179.998
956646032.691432,66.695,14.99,-121.598,492.219,335.384,129.597,0.007,-179.998
956646032.758076,66.644,15.01,-124.092,491.406,335.941,128.896,0.007,-179.998
956646032.824738,66.662,15.00,-126.659,490.782,336.499,128.178,0.007,-179.998
956646032.891436,66.698,14.99,-129.289,490.330,337.057,127.458,0.006,-179.998
956646032.959203,67.767,14.76,-131.962,490.012,337.617,126.757,0.007,-179.998
956646033.024876,65.673,15.23,-134.865,489.781,338.224,126.038,0.006,-179.998
956646033.091494,66.618,15.01,-137.850,489.639,338.887,125.318,0.007,-179.998
956646033.158073,66.579,15.02,-140.753,489.600,339.624,124.618,0.007,-179.998
956646033.224739,66.666,15.00,-143.633,489.714,340.539,123.900,0.006,-179.998
956646033.291444,66.705,14.99,-146.209,490.281,341.774,123.184,0.006,-179.998
956646033.358074,66.630,15.01,-147.981,492.090,343.746,122.488,0.006,-179.998
956646033.425645,67.571,14.80,-147.541,498.473,348.170,122.001,0.006,-179.998
956646033.491421,65.776,15.20,-144.276,505.140,351.604,122.492,0.006,-179.998
956646033.558076,66.655,15.00,-141.094,509.393,353.562,123.186,0.006,-179.998
956646033.624739,66.663,15.00,-138.131,512.395,354.980,123.904,0.006,-179.998
956646033.691469,66.730,14.99,-135.306,514.665,356.165,124.621,0.006,-179.998
956646033.758076,66.607,15.01,-132.584,516.432,357.225,125.322,0.006,-179.998
956646033.824740,66.664,15.00,-129.748,517.909,358.284,126.040,0.006,-179.998
956646033.891426,66.686,15.00,-126.803,519.101,359.367,126.759,0.006,-179.998
956646033.958077,66.651,15.00,-123.793,519.986,360.482,127.459,0.006,-179.998
956646034.024748,66.671,15.00,-120.600,520.610,361.721,128.178,0.006,-179.998
956646034.091454,66.706,14.99,-117.346,520.909,363.096,128.897,0.006,-179.999
956646034.158072,66.618,15.01,-114.172,520.834,364.608,129.596,0.007,-179.999
956646034.224739,66.667,15.00,-110.950,520.276,366.413,130.315,0.007,-179.999
956646034.293226,68.487,14.60,-107.880,519.083,368.559,131.031,0.006,-179.999
956646034.358677,65.451,15.28,-105.191,517.014,371.181,131.730,0.006,-179.999
956646034.425745,67.068,14.91,-103.146,513.282,374.869,132.442,0.006,-179.999
956646034.491408,65.663,15.23,-103.182,507.126,379.921,132.963,0.006,-179.999
956646034.558073,66.665,15.00,-105.721,501.155,384.190,132.878,0.006,-179.999
956646034.624871,66.798,14.97,-109.796,495.446,387.971,132.208,0.006,-179.999
956646034.691459,66.588,15.02,-113.200,491.859,390.337,131.490,0.006,-179.999
956646034.758076,66.617,15.01,-116.194,489.297,392.119,130.790,0.006,-179.998
956646034.824741,66.665,15.00,-119.106,487.182,393.697,130.072,0.006,-179.998
956646034.891475,66.734,14.98,-121.851,485.437,395.096,129.372,0.006,-179.998
956646034.958643,67.168,14.89,-124.603,483.881,396.437,128.655,0.006,-179.998
956646035.024745,66.102,15.13,-127.444,482.460,397.776,127.901,0.006,-179.998
956646035.091413,66.668,15.00,-130.193,481.278,399.030,127.183,0.006,-179.998
956646035.158076,66.663,15.00,-132.956,480.277,400.314,126.483,0.006,-179.998
956646035.224741,66.665,15.00,-135.734,479.454,401.779,125.782,0.006,-179.998
956646035.291466,66.725,14.99,-138.585,478.957,403.694,125.044,0.006,-179.998
956646035.358081,66.615,15.01,-141.098,479.268,406.347,124.326,0.006,-179.998
956646035.424743,66.662,15.00,-142.559,482.248,411.668,123.592,0.006,-179.998
956646035.491419,66.676,15.00,-140.109,487.762,416.892,123.662,0.006,-179.998
956646035.558452,67.033,14.92,-135.857,493.057,420.461,124.256,0.006,-179.998
956646035.625582,67.130,14.90,-131.358,497.324,422.953,124.970,0.006,-179.998
956646035.692257,66.675,15.00,-126.787,500.811,425.042,125.687,0.006,-179.998
956646035.758074,65.817,15.19,-122.228,503.760,427.051,126.387,0.006,-179.998
956646035.824746,66.672,15.00,-117.399,506.423,429.356,127.101,0.006,-179.998
956646035.891414,66.668,15.00,-112.220,508.784,432.278,127.820,0.006,-179.998
956646035.958073,66.659,15.00,-106.458,510.724,436.613,128.516,0.006,-179.998
956646036.024749,66.676,15.00,-101.615,511.282,442.764,128.869,0.006,-179.998
956646036.091411,66.662,15.00,-101.076,509.094,449.873,128.331,0.006,-179.998
956646036.158126,66.715,14.99,-102.859,506.452,453.439,127.560,0.006,-179.998
956646036.224742,66.616,15.01,-104.952,503.969,455.588,126.844,0.006,-179.998
956646036.291410,66.668,15.00,-107.237,501.458,457.237,126.125,0.006,-179.998
956646036.358077,66.667,15.00,-109.554,499.008,458.541,125.424,0.006,-179.998
956646036.424739,66.662,15.00,-111.990,496.504,459.673,124.706,0.006,-179.998
956646036.491434,66.695,14.99,-114.466,494.003,460.664,123.987,0.006,-179.998
956646036.558071,66.637,15.01,-116.904,491.567,461.535,123.287,0.006,-179.998
956646036.624777,66.706,14.99,-119.433,489.062,462.373,122.568,0.006,-179.998
956646036.691414,66.637,15.01,-121.907,486.660,463.156,121.867,0.007,-179.998
956646036.758073,66.659,15.00,-124.457,484.289,463.949,121.148,0.006,-179.998
956646036.824742,66.669,15.00,-127.134,481.942,464.777,120.410,0.006,-179.998
956646036.891412,66.670,15.00,-129.776,479.705,465.628,119.691,0.006,-179.998
956646036.958076,66.664,15.00,-132.285,477.617,466.500,119.008,0.006,-179.998
956646037.026093,68.017,14.70,-134.286,475.953,467.281,118.452,0.006,-179.998
956646037.091472,65.379,15.30,-136.571,473.995,468.343,117.786,0.006,-179.998
956646037.158078,66.606,15.01,-138.606,472.095,469.630,117.120,0.007,-179.998
956646037.224746,66.668,15.00,-140.104,470.161,471.512,116.400,0.006,-179.998
956646037.291405,66.659,15.00,-140.088,470.200,471.446,116.399,0.014,-179.998
956646037.358071,66.666,15.00,-139.987,470.072,471.319,116.286,0.125,179.967
956646037.424736,66.665,15.00,-140.020,470.064,471.319,116.290,0.124,179.967
956646037.491404,66.668,15.00,-140.001,470.070,471.319,116.288,0.123,179.966
956646037.558067,66.663,15.00,-139.999,470.070,471.319,116.288,0.123,179.966
956646037.624738,66.671,15.00,-139.993,470.072,471.319,116.287,0.123,179.966
956646037.691407,66.669,15.00,-139.989,470.073,471.319,116.286,0.123,179.966
956646037.758067,66.660,15.00,-139.989,470.073,471.319,116.286,0.123,179.966
956646037.824736,66.669,15.00,-139.989,470.073,471.319,116.286,0.123,179.966
956646037.891402,66.666,15.00,-139.989,470.073,471.319,116.286,0.123,179.966
956646037.958067,66.665,15.00,-139.989,470.073,471.319,116.286,0.123,179.966
956646038.024738,66.671,15.00,-139.989,470.073,471.319,116.286,0.123,179.966
956646038.091405,66.667,15.00,-139.989,470.073,471.319,116.286,0.123,179.966
956646038.158075,66.670,15.00,-139.989,470.073,471.319,116.286,0.123,179.966
956646038.224747,66.672,15.00,-139.989,470.073,471.319,116.286,0.123,179.966
956646038.291403,66.656,15.00,-139.989,470.073,471.319,116.286,0.123,179.966
956646038.358068,66.665,15.00,-139.989,470.073,471.319,116.286,0.123,179.966
956646038.424737,66.669,15.00,-139.989,470.073,471.319,116.286,0.123,179.966
956646038.491402,66.665,15.00,-139.989,470.073,471.319,116.286,0.123,179.966
956646038.558071,66.669,15.00,-139.989,470.073,471.319,116.286,0.123,179.966
956646038.624739,66.668,15.00,-139.989,470.073,471.319,116.286,0.123,179.966
956646038.691403,66.664,15.00,-139.989,470.073,471.319,116.286,0.123,179.966
956646038.758068,66.665,15.00,-139.989,470.073,471.319,116.286,0.123,179.966
956646038.824739,66.671,15.00,-139.989,470.073,471.319,116.286,0.123,179.966
956646038.891406,66.667,15.00,-139.989,470.073,471.319,116.286,0.123,179.966
956646038.958070,66.664,15.00,-139.989,470.073,471.319,116.286,0.123,179.966
956646039.024738,66.668,15.00,-139.989,470.073,471.319,116.286,0.123,179.966
956646039.091403,66.665,15.00,-139.989,470.073,471.319,116.286,0.123,179.966
956646039.158068,66.665,15.00,-139.989,470.073,471.319,116.286,0.123,179.966
956646039.224745,66.677,15.00,-139.989,470.073,471.319,116.286,0.123,179.966
956646039.291405,66.660,15.00,-139.989,470.073,471.319,116.286,0.123,179.966
956646039.358071,66.666,15.00,-139.989,470.073,471.319,116.286,0.123,179.966
956646039.424738,66.667,15.00,-139.989,470.073,471.319,116.286,0.123,179.966
956646039.491407,66.669,15.00,-139.989,470.073,471.319,116.286,0.123,179.966
956646039.558068,66.661,15.00,-139.989,470.073,471.319,116.286,0.123,179.966
956646039.624743,66.675,15.00,-139.989,470.073,471.319,116.286,0.123,179.966
956646039.691404,66.661,15.00,-139.989,470.073,471.319,116.286,0.123,179.966
956646039.758073,66.669,15.00,-139.989,470.073,471.319,116.286,0.123,179.966
956646039.824738,66.665,15.00,-139.989,470.073,471.319,116.286,0.123,179.966
956646039.891404,66.666,15.00,-139.989,470.073,471.319,116.286,0.123,179.966
956646039.958072,66.668,15.00,-139.989,470.073,471.319,116.286,0.123,179.966
956646040.024740,66.668,15.00,-139.989,470.073,471.319,116.286,0.123,179.966
956646040.091406,66.666,15.00,-139.989,470.073,471.319,116.286,0.123,179.966
956646040.158069,66.663,15.00,-139.989,470.073,471.319,116.286,0.123,179.966
956646040.224743,66.674,15.00,-139.989,470.073,471.319,116.286,0.123,179.966
956646040.291406,66.663,15.00,-139.989,470.073,471.319,116.286,0.123,179.966
956646040.358071,66.665,15.00,-139.989,470.073,471.319,116.286,0.123,179.966
956646040.424740,66.669,15.00,-139.989,470.073,471.319,116.286,0.123,179.966
956646745.706325,0.000,0.00,-126.995,512.510,180.761,-90.000,0.010,179.999
956646745.773179,66.854,14.96,-126.995,512.510,180.761,-90.000,0.010,179.999
956646745.839777,66.598,15.02,-126.690,512.677,180.693,-89.955,0.011,179.999
956646745.907066,67.289,14.86,-122.879,514.784,179.817,-89.379,0.010,180.000
956646745.973109,66.043,15.14,-122.289,515.140,179.708,-89.286,0.011,180.000
956646746.039770,66.661,15.00,-118.583,517.720,179.299,-88.662,0.011,180.000
956646746.106439,66.669,15.00,-117.857,518.226,179.225,-88.540,0.011,179.999
956646746.173115,66.676,15.00,-115.131,520.567,179.424,-88.066,0.011,179.999
956646746.239777,66.662,15.00,-114.106,521.441,179.498,-87.888,0.011,180.000
956646746.306442,66.665,15.00,-111.852,523.523,179.886,-87.460,0.011,180.000
956646746.373116,66.674,15.00,-110.664,524.622,180.087,-87.234,0.010,180.000
956646746.439775,66.659,15.00,-108.872,526.125,180.434,-86.882,0.011,180.000
956646746.506500,66.725,14.99,-107.343,527.405,180.728,-86.581,0.010,180.000
956646746.573149,66.649,15.00,-106.272,527.945,180.965,-86.308,0.011,180.000
956646746.639882,66.733,14.99,-104.913,528.630,181.265,-85.960,0.010,180.000
956646746.706453,66.571,15.02,-104.179,528.762,181.453,-85.627,0.010,180.000
956646746.773114,66.661,15.00,-103.209,528.939,181.702,-85.187,0.010,180.000
956646746.839775,66.661,15.00,-103.575,528.186,181.325,-85.015,0.011,180.000
956646746.906464,66.689,14.99,-104.673,525.938,180.189,-84.503,0.011,180.000
956646746.973113,66.649,15.00,-105.564,524.830,179.424,-84.471,0.011,180.000
956646747.039779,66.666,15.00,-110.022,519.351,175.608,-84.333,0.011,180.000
956646747.106442,66.663,15.00,-110.596,518.704,175.137,-84.358,0.011,180.000
956646747.174909,68.467,14.61,-115.277,513.673,171.347,-84.689,0.011,180.000
956646747.239783,64.874,15.41,-115.946,512.964,170.817,-84.761,0.011,180.000
956646747.306440,66.657,15.00,-120.527,508.191,167.260,-85.392,0.011,180.000
956646747.373157,66.717,14.99,-121.215,507.475,166.727,-85.489,0.011,180.000
956646747.439813,66.656,15.00,-123.716,504.910,164.883,-85.976,0.011,180.000
956646747.506492,66.679,15.00,-124.373,504.238,164.397,-86.104,0.011,180.000
956646747.573107,66.615,15.01,-124.373,504.238,164.397,-86.104,0.011,180.000
956646747.639775,66.668,15.00,-124.373,504.238,164.397,-86.104,0.011,180.000
956646747.706490,66.715,14.99,-124.373,504.238,164.397,-86.104,0.011,180.000
956646747.773118,66.628,15.01,-124.373,504.238,164.397,-86.104,0.011,180.000
956646747.839819,66.701,14.99,-124.373,504.238,164.397,-86.104,0.011,180.000
956646747.906473,66.654,15.00,-124.373,504.238,164.397,-86.104,0.011,180.000
956646747.973102,66.629,15.01,-124.373,504.238,164.397,-86.104,0.011,180.000
956646748.039772,66.670,15.00,-124.373,504.238,164.397,-86.104,0.011,180.000
956646748.106437,66.665,15.00,-124.373,504.238,164.397,-86.104,0.011,180.000
956646748.173146,66.709,14.99,-124.373,504.238,164.397,-86.104,0.011,180.000
956646748.239822,66.676,15.00,-124.373,504.238,164.397,-86.104,0.011,180.000
956646748.306439,66.617,15.01,-124.373,504.238,164.397,-86.104,0.011,180.000
956646748.373103,66.664,15.00,-124.373,504.238,164.397,-86.104,0.011,180.000
956646748.439769,66.666,15.00,-124.373,504.238,164.397,-86.104,0.011,180.000
956646748.506442,66.673,15.00,-124.373,504.238,164.397,-86.104,0.011,180.000
956646748.573104,66.662,15.00,-124.373,504.238,164.397,-86.104,0.011,180.000
956646748.639774,66.670,15.00,-124.373,504.238,164.397,-86.104,0.011,180.000
956646748.706447,66.673,15.00,-124.373,504.238,164.397,-86.104,0.011,180.000
956646748.773105,66.658,15.00,-124.373,504.238,164.397,-86.104,0.011,180.000
956646748.839777,66.672,15.00,-124.373,504.238,164.397,-86.104,0.011,180.000
956646748.906440,66.663,15.00,-124.373,504.238,164.397,-86.104,0.011,180.000
956646748.973109,66.669,15.00,-124.373,504.238,164.397,-86.104,0.011,180.000
956646749.039776,66.667,15.00,-124.373,504.238,164.397,-86.104,0.011,180.000
956646749.106438,66.662,15.00,-124.373,504.238,164.397,-86.104,0.011,180.000
956646749.173145,66.707,14.99,-124.373,504.238,164.397,-86.104,0.011,180.000
956646749.239771,66.626,15.01,-124.373,504.238,164.397,-86.104,0.011,180.000
956646749.306441,66.670,15.00,-124.373,504.238,164.397,-86.104,0.011,180.000
956646749.373104,66.663,15.00,-124.373,504.238,164.397,-86.104,0.011,180.000
956646749.439776,66.672,15.00,-124.373,504.238,164.397,-86.104,0.011,180.000
956646749.506442,66.666,15.00,-124.373,504.238,164.397,-86.104,0.011,180.000
956646749.573116,66.674,15.00,-124.373,504.238,164.397,-86.104,0.011,180.000
956646749.639824,66.708,14.99,-124.373,504.238,164.397,-86.104,0.011,180.000
956646749.706519,66.695,14.99,-124.373,504.238,164.397,-86.104,0.011,180.000
956646749.773117,66.598,15.02,-124.373,504.238,164.397,-86.104,0.011,180.000
956646749.839776,66.659,15.00,-124.373,504.238,164.397,-86.104,0.011,180.000
956646749.906442,66.666,15.00,-124.373,504.238,164.397,-86.104,0.011,180.000
956646749.973105,66.663,15.00,-124.373,504.238,164.397,-86.104,0.011,180.000
956646750.039776,66.671,15.00,-124.373,504.238,164.397,-86.104,0.011,180.000
956646750.106447,66.671,15.00,-124.373,504.238,164.397,-86.104,0.011,180.000
956646750.173120,66.673,15.00,-124.373,504.238,164.397,-86.104,0.011,180.000
956646750.239773,66.653,15.00,-124.373,504.238,164.397,-86.104,0.011,180.000
956646750.306437,66.664,15.00,-124.373,504.238,164.397,-86.104,0.011,180.000
956646750.373117,66.680,15.00,-124.373,504.238,164.397,-86.104,0.011,180.000
956646750.439818,66.701,14.99,-124.373,504.238,164.397,-86.104,0.011,180.000
956646750.506443,66.625,15.01,-124.373,504.238,164.397,-86.104,0.011,180.000
956646750.573108,66.665,15.00,-124.373,504.238,164.397,-86.104,0.011,180.000
956646750.639773,66.665,15.00,-124.373,504.238,164.397,-86.104,0.011,180.000
956646750.706451,66.678,15.00,-124.373,504.238,164.397,-86.104,0.011,180.000
956646750.773110,66.659,15.00,-124.373,504.238,164.397,-86.104,0.011,180.000
956646750.839778,66.668,15.00,-124.373,504.238,164.397,-86.104,0.011,180.000
956646750.906490,66.712,14.99,-124.373,504.238,164.397,-86.104,0.011,180.000
956646750.973113,66.623,15.01,-124.373,504.238,164.397,-86.104,0.011,180.000
956646751.039780,66.667,15.00,-124.373,504.238,164.397,-86.104,0.011,180.000
956646751.106446,66.666,15.00,-124.373,504.238,164.397,-86.104,0.011,180.000
956646751.173127,66.681,15.00,-124.373,504.238,164.397,-86.104,0.011,180.000
956646751.239786,66.659,15.00,-124.373,504.238,164.397,-86.104,0.011,180.000
956646751.306443,66.657,15.00,-124.373,504.238,164.397,-86.104,0.011,180.000
956646751.373112,66.669,15.00,-124.373,504.238,164.397,-86.104,0.011,180.000
956646751.439774,66.662,15.00,-124.373,504.238,164.397,-86.104,0.011,180.000
956646751.506449,66.675,15.00,-124.373,504.238,164.397,-86.104,0.011,180.000
956646751.573175,66.726,14.99,-124.373,504.238,164.397,-86.104,0.011,180.000
956646751.639774,66.599,15.02,-124.373,504.238,164.397,-86.104,0.011,180.000
956646751.706449,66.675,15.00,-124.373,504.238,164.397,-86.104,0.011,180.000
956646751.773159,66.710,14.99,-124.373,504.238,164.397,-86.104,0.011,180.000
956646751.839776,66.617,15.01,-124.373,504.238,164.397,-86.104,0.011,180.000
956646751.906445,66.669,15.00,-124.373,504.238,164.397,-86.104,0.011,180.000
956646751.973110,66.665,15.00,-124.373,504.238,164.397,-86.104,0.011,180.000
956646752.039776,66.666,15.00,-124.373,504.238,164.397,-86.104,0.011,180.000
956646752.106443,66.667,15.00,-124.373,504.238,164.397,-86.104,0.011,180.000
956646752.173114,66.671,15.00,-124.373,504.238,164.397,-86.104,0.011,180.000
956646752.239773,66.659,15.00,-124.373,504.238,164.397,-86.104,0.011,180.000
956646752.306444,66.671,15.00,-124.373,504.238,164.397,-86.104,0.011,180.000
956646752.373108,66.664,15.00,-124.373,504.238,164.397,-86.104,0.011,180.000
956646752.439779,66.671,15.00,-124.373,504.238,164.397,-86.104,0.011,180.000
956646752.506447,66.668,15.00,-124.373,504.238,164.397,-86.104,0.011,180.000
956646752.573112,66.665,15.00,-124.373,504.238,164.397,-86.104,0.011,180.000
956646752.639774,66.662,15.00,-124.373,504.238,164.397,-86.104,0.011,180.000
956646752.706455,66.681,15.00,-124.373,504.238,164.397,-86.104,0.011,180.000
956646752.773137,66.682,15.00,-124.373,504.238,164.397,-86.104,0.011,180.000
956646752.839779,66.642,15.01,-124.373,504.238,164.397,-86.104,0.011,180.000
956646752.906447,66.668,15.00,-124.373,504.238,164.397,-86.104,0.011,180.000
956646752.973118,66.671,15.00,-124.373,504.238,164.397,-86.104,0.011,180.000
956646753.039778,66.660,15.00,-124.373,504.238,164.397,-86.104,0.011,180.000
956646753.106442,66.664,15.00,-124.373,504.238,164.397,-86.104,0.011,180.000
956646753.173116,66.674,15.00,-124.373,504.238,164.397,-86.104,0.011,180.000
956646753.239774,66.658,15.00,-124.373,504.238,164.397,-86.104,0.011,180.000
956646753.306444,66.670,15.00,-124.373,504.238,164.397,-86.104,0.011,180.000
956646753.373110,66.666,15.00,-124.373,504.238,164.397,-86.104,0.011,180.000
956646753.439777,66.667,15.00,-124.373,504.238,164.397,-86.104,0.011,180.000
956646753.506442,66.665,15.00,-124.373,504.238,164.397,-86.104,0.011,180.000
956646753.573113,66.671,15.00,-124.373,504.238,164.397,-86.104,0.011,180.000
956646753.639776,66.663,15.00,-124.373,504.238,164.397,-86.104,0.011,180.000
956646753.706450,66.674,15.00,-124.373,504.238,164.397,-86.104,0.011,180.000
956646753.773112,66.662,15.00,-124.373,504.238,164.397,-86.104,0.011,180.000
956646753.839776,66.664,15.00,-124.373,504.238,164.397,-86.104,0.011,180.000
956646753.906442,66.666,15.00,-124.373,504.238,164.397,-86.104,0.011,180.000
956646753.973112,66.670,15.00,-124.373,504.238,164.397,-86.104,0.011,180.000
956646754.039780,66.668,15.00,-124.373,504.238,164.397,-86.104,0.011,180.000
956646754.106447,66.667,15.00,-124.373,504.238,164.397,-86.104,0.011,180.000
956702306.242071,0.000,0.00,-126.995,512.510,180.759,-90.000,0.010,180.000
956702306.308933,66.862,14.96,-126.995,512.510,180.759,-90.000,0.010,180.000
956702306.375566,66.633,15.01,-126.939,512.521,180.754,-89.978,0.010,180.000
956702306.442190,66.624,15.01,-125.884,513.105,180.513,-89.712,0.010,180.000
956702306.508858,66.668,15.00,-124.936,513.768,180.401,-89.446,0.010,180.000
956702306.575526,66.668,15.00,-124.094,514.445,180.366,-89.190,0.010,180.000
956702306.642198,66.672,15.00,-123.221,515.195,180.421,-88.922,0.010,180.000
956702306.708858,66.660,15.00,-122.432,515.903,180.524,-88.655,0.010,180.000
956702306.775535,66.677,15.00,-121.714,516.561,180.657,-88.399,0.010,180.000
956702306.842193,66.658,15.00,-121.017,517.218,180.809,-88.131,0.010,180.000
956702306.908878,66.685,15.00,-120.350,517.853,180.968,-87.863,0.010,180.000
956702306.975530,66.652,15.00,-119.733,518.446,181.126,-87.607,0.010,-180.000
956702307.042216,66.686,15.00,-119.253,518.910,181.254,-87.403,0.010,-180.000
956702307.108916,66.700,14.99,-118.637,519.512,181.424,-87.135,0.010,-180.000
956702307.175521,66.605,15.01,-118.103,520.032,181.574,-86.900,0.010,-180.000
956702307.242214,66.693,14.99,-117.501,520.608,181.746,-86.632,0.010,-180.000
956702307.308861,66.647,15.00,-116.903,521.166,181.921,-86.365,0.010,-180.000
956702307.375553,66.692,14.99,-116.334,521.677,182.088,-86.108,0.010,-180.000
956702307.442333,66.780,14.97,-115.743,522.185,182.262,-85.840,0.010,-180.000
956702307.509512,67.179,14.89,-115.157,522.665,182.435,-85.572,0.010,-180.000
956702307.575533,66.021,15.15,-114.596,523.095,182.598,-85.316,0.010,-180.000
956702307.642268,66.735,14.98,-114.012,523.517,182.766,-85.048,0.010,-179.999
956702307.709347,67.079,14.91,-113.429,523.903,182.930,-84.780,0.010,-179.999
956702307.775634,66.287,15.09,-112.872,524.241,183.082,-84.524,0.010,-179.999
956702307.842233,66.599,15.02,-112.291,524.556,183.234,-84.256,0.010,-179.999
956702307.909486,67.253,14.87,-111.712,524.828,183.379,-83.988,0.009,-179.999
956702307.975549,66.063,15.14,-111.153,525.048,183.509,-83.732,0.009,-179.999
956702308.042270,66.721,14.99,-110.579,525.215,183.636,-83.463,0.009,-179.999
956702308.109468,67.198,14.88,-110.049,525.295,183.749,-83.196,0.009,-179.999
956702308.175530,66.062,15.14,-109.627,525.230,183.840,-82.939,0.009,-179.999
956702308.242260,66.730,14.99,-109.371,525.013,183.895,-82.671,0.009,-179.999
956702308.309636,67.376,14.84,-109.311,524.612,183.872,-82.403,0.009,-179.999
956702308.375605,65.969,15.16,-109.485,523.979,183.711,-82.148,0.009,-179.999
956702308.442482,66.877,14.95,-110.059,522.839,183.258,-81.880,0.009,-179.999
956702308.509438,66.956,14.94,-110.805,521.682,182.686,-81.745,0.009,-179.999
956702308.575546,66.108,15.13,-111.578,520.634,182.100,-81.717,0.009,-179.999
956702308.642203,66.657,15.00,-112.422,519.583,181.473,-81.767,0.009,-179.999
956702308.709980,67.777,14.75,-113.293,518.558,180.838,-81.880,0.009,-179.999
956702308.775663,65.683,15.22,-114.145,517.591,180.230,-82.039,0.009,-179.999
956702308.842406,66.743,14.98,-115.052,516.591,179.600,-82.251,0.009,-179.999
956702308.909704,67.298,14.86,-115.970,515.601,178.980,-82.503,0.009,-179.999
956702308.975585,65.881,15.18,-116.795,514.727,178.441,-82.760,0.009,-179.999
956702309.042413,66.828,14.96,-117.572,513.912,177.956,-83.029,0.010,-179.999
956702309.110126,67.713,14.77,-118.296,513.161,177.536,-83.297,0.010,-179.999
956702309.175613,65.487,15.27,-118.926,512.510,177.214,-83.543,0.010,-179.999
956702309.242259,66.646,15.00,-119.587,511.831,176.936,-83.810,0.010,-179.999
956702309.309537,67.278,14.86,-120.229,511.175,176.728,-84.079,0.010,-179.999
956702309.375615,66.078,15.13,-120.827,510.587,176.588,-84.335,0.010,-179.999
956702309.442477,66.862,14.96,-121.444,510.010,176.496,-84.603,0.010,-180.000
956702309.509648,67.171,14.89,-122.059,509.463,176.449,-84.870,0.010,-180.000
956702309.575626,65.978,15.16,-122.652,508.960,176.443,-85.127,0.010,-180.000
956702309.642416,66.790,14.97,-123.246,508.454,176.477,-85.394,0.010,-180.000
956702309.709798,67.382,14.84,-123.787,507.963,176.547,-85.661,0.010,-180.000
956702309.775593,65.795,15.20,-124.238,507.503,176.648,-85.918,0.010,-180.000
956702309.842237,66.644,15.01,-124.619,507.036,176.790,-86.186,0.010,-180.000
956702309.909607,67.370,14.84,-124.875,506.584,176.977,-86.453,0.010,-180.000
956702309.975631,66.024,15.15,-124.934,506.170,177.218,-86.709,0.010,-180.000
956702310.042254,66.623,15.01,-124.675,505.764,177.571,-86.976,0.010,-180.000
956702310.109814,67.560,14.80,-123.906,505.410,178.087,-87.241,0.010,-180.000
956702310.175532,65.718,15.22,-122.631,505.228,178.697,-87.436,0.010,-180.000
956702310.242197,66.665,15.00,-121.257,505.229,179.229,-87.532,0.010,-180.000
956702310.309062,66.865,14.96,-119.862,505.340,179.694,-87.576,0.010,-180.000
956702310.375534,66.472,15.04,-118.514,505.525,180.093,-87.595,0.010,-180.000
956702310.442208,66.674,15.00,-117.107,505.784,180.471,-87.603,0.010,-180.000
956702310.509189,66.981,14.93,-115.705,506.088,180.819,-87.608,0.010,-180.000
956702310.575535,66.346,15.07,-114.360,506.393,181.140,-87.621,0.010,-180.000
956702310.642203,66.668,15.00,-112.941,506.681,181.484,-87.669,0.010,-180.000
956702310.709306,67.103,14.90,-111.532,506.860,181.875,-87.813,0.010,-180.000
956702310.775545,66.239,15.10,-110.742,506.757,182.200,-88.068,0.010,-180.000
956702310.842245,66.700,14.99,-110.550,506.438,182.432,-88.335,0.010,-180.000
956702310.908891,66.646,15.00,-110.636,506.023,182.589,-88.603,0.010,-180.000
956702310.975535,66.644,15.01,-110.770,505.760,182.645,-88.753,0.010,-180.000
956702311.042584,67.049,14.91,-111.105,505.260,182.702,-89.021,0.010,180.000
956702311.109812,67.228,14.87,-111.503,504.741,182.728,-89.288,0.010,180.000
956702311.175612,65.800,15.20,-111.926,504.229,182.726,-89.544,0.010,180.000
956702311.242209,66.597,15.02,-112.399,503.684,182.698,-89.812,0.010,180.000
956702311.309232,67.023,14.92,-112.896,503.132,182.645,-90.080,0.010,180.000
956702311.375536,66.304,15.08,-113.390,502.595,182.573,-90.337,0.010,180.000
956702311.442260,66.724,14.99,-113.919,502.032,182.483,-90.605,0.010,180.000
956702311.509509,67.249,14.87,-114.458,501.468,182.380,-90.873,0.010,180.000
956702311.575530,66.021,15.15,-114.983,500.919,182.271,-91.129,0.010,180.000
956702311.642202,66.672,15.00,-115.537,500.345,182.152,-91.398,0.010,179.999
956702311.709254,67.052,14.91,-116.097,499.772,182.030,-91.665,0.010,179.999
956702311.775545,66.291,15.09,-116.635,499.221,181.913,-91.922,0.010,179.999
956702311.842271,66.726,14.99,-117.202,498.645,181.795,-92.190,0.010,179.999
956702311.909376,67.105,14.90,-117.772,498.065,181.685,-92.458,0.010,179.999
956702311.975536,66.160,15.11,-118.319,497.513,181.591,-92.715,0.010,179.999
956702312.042381,66.845,14.96,-118.891,496.939,181.505,-92.983,0.010,179.999
956702312.109393,67.012,14.92,-119.464,496.374,181.433,-93.250,0.010,179.999
956702312.176055,66.662,15.00,-120.015,495.837,181.378,-93.507,0.010,179.999
956702312.242222,66.167,15.11,-120.589,495.288,181.335,-93.775,0.010,179.999
956702312.309285,67.063,14.91,-121.163,494.741,181.307,-94.043,0.010,179.999
956702312.375552,66.267,15.09,-121.716,494.225,181.295,-94.300,0.010,179.999
956702312.442379,66.827,14.96,-122.293,493.692,181.293,-94.568,0.010,179.999
956702312.509538,67.159,14.89,-122.869,493.165,181.305,-94.835,0.010,179.999
956702312.575632,66.094,15.13,-123.421,492.669,181.326,-95.092,0.010,179.999
956702312.642459,66.827,14.96,-123.999,492.163,181.357,-95.360,0.011,179.998
956702312.709568,67.109,14.90,-124.576,491.671,181.396,-95.627,0.011,179.998
956702312.775598,66.030,15.14,-125.129,491.213,181.439,-95.884,0.011,179.998
956702312.842238,66.640,15.01,-125.706,490.758,181.489,-96.152,0.010,179.998
956702312.909263,67.025,14.92,-126.284,490.337,181.547,-96.420,0.010,179.998
956702312.975583,66.320,15.08,-126.838,489.975,181.607,-96.677,0.010,179.998
956702313.042288,66.705,14.99,-127.416,489.650,181.676,-96.945,0.010,179.998
956702313.109506,67.218,14.88,-127.992,489.382,181.751,-97.213,0.010,179.998
956702313.176145,66.639,15.01,-128.533,489.177,181.826,-97.469,0.010,179.998
956702313.242324,66.179,15.11,-129.056,489.025,181.904,-97.726,0.010,179.998
956702313.309305,66.981,14.93,-129.574,488.916,181.986,-97.994,0.010,179.998
956702313.375561,66.256,15.09,-130.039,488.857,182.068,-98.251,0.010,179.998
956702313.444133,68.572,14.58,-130.491,488.841,182.153,-98.519,0.010,179.998
956702313.509803,65.670,15.23,-130.871,488.868,182.232,-98.765,0.010,179.998
956702313.575537,65.734,15.21,-131.230,488.937,182.316,-99.022,0.010,179.998
956702313.642295,66.758,14.98,-131.508,489.032,182.391,-99.246,0.010,179.998
956702313.709335,67.040,14.92,-131.794,489.190,182.484,-99.515,0.010,179.998
956702313.775574,66.239,15.10,-132.022,489.383,182.578,-99.772,0.010,179.998
956702313.842226,66.652,15.00,-132.208,489.629,182.680,-100.040,0.010,179.997
956702313.909414,67.188,14.88,-132.338,489.918,182.786,-100.308,0.010,179.997
956702313.975584,66.170,15.11,-132.406,490.241,182.894,-100.565,0.010,179.997
956702314.042255,66.671,15.00,-132.418,490.620,183.014,-100.833,0.010,179.997
956702314.109393,67.138,14.89,-132.373,491.042,183.143,-101.101,0.010,179.997
956702314.177119,67.726,14.77,-132.273,491.497,183.280,-101.369,0.010,179.997
956702314.242198,65.079,15.37,-132.253,491.556,183.299,-101.404,0.010,179.997
956702314.308865,66.667,15.00,-132.253,491.556,183.299,-101.404,0.010,179.997
956702314.375529,66.664,15.00,-132.253,491.556,183.299,-101.404,0.010,179.997
956702314.442192,66.663,15.00,-132.253,491.556,183.299,-101.404,0.010,179.997
956702341.200299,0.000,0.00,-132.253,491.556,183.299,-101.404,0.010,179.997
956702341.267162,66.863,14.96,-132.253,491.556,183.299,-101.404,0.010,179.997
956702341.333763,66.601,15.01,-132.251,491.555,183.298,-101.404,0.010,179.997
956702341.400425,66.662,15.00,-131.872,492.119,183.325,-101.450,0.010,179.997
956702341.467806,67.381,14.84,-131.425,492.714,183.356,-101.457,0.010,179.997
956702341.533756,65.950,15.16,-130.947,493.282,183.355,-101.446,0.011,179.997
956702341.600424,66.668,15.00,-130.453,493.837,183.391,-101.446,0.011,179.997
956702341.667089,66.665,15.00,-129.957,494.377,183.510,-101.415,0.010,179.997
956702341.733766,66.677,15.00,-129.466,494.903,183.702,-101.385,0.010,179.997
956702341.800424,66.658,15.00,-128.980,495.409,183.943,-101.339,0.011,179.997
956702341.867086,66.662,15.00,-128.521,495.882,184.204,-101.288,0.010,179.997
956702341.933767,66.681,15.00,-128.045,496.366,184.497,-101.224,0.010,179.997
956702342.000420,66.653,15.00,-127.571,496.845,184.805,-101.150,0.010,179.997
956702342.067088,66.668,15.00,-127.102,497.325,185.127,-101.068,0.010,179.997
956702342.133766,66.678,15.00,-126.633,497.799,185.454,-100.978,0.010,179.997
956702342.200446,66.680,15.00,-126.167,498.269,185.786,-100.881,0.010,179.997
956702342.267090,66.644,15.01,-125.737,498.701,186.093,-100.787,0.010,179.997
956702342.333764,66.674,15.00,-125.270,499.169,186.429,-100.679,0.010,179.997
956702342.400423,66.659,15.00,-124.802,499.636,186.766,-100.568,0.010,179.997
956702342.467084,66.661,15.00,-124.352,500.087,187.089,-100.457,0.011,179.997
956702342.533764,66.680,15.00,-123.883,500.554,187.423,-100.340,0.010,179.998
956702342.600425,66.661,15.00,-123.412,501.023,187.755,-100.221,0.010,179.998
956702342.667089,66.664,15.00,-122.961,501.474,188.072,-100.106,0.011,179.998
956702342.733764,66.675,15.00,-122.509,501.924,188.383,-99.992,0.010,179.998
956702342.801495,67.731,14.76,-122.036,502.394,188.704,-99.874,0.010,179.998
956702342.870468,68.973,14.50,-121.616,502.815,188.985,-99.773,0.010,179.998
956702342.933762,63.294,15.80,-121.140,503.287,189.295,-99.662,0.010,179.998
956702343.000423,66.661,15.00,-120.661,503.763,189.600,-99.555,0.010,179.998
956702343.067186,66.763,14.98,-120.237,504.187,189.863,-99.467,0.011,179.998
956702343.133765,66.579,15.02,-119.753,504.667,190.153,-99.374,0.010,179.998
956702343.200427,66.662,15.00,-119.266,505.155,190.432,-99.290,0.010,179.998
956702343.267091,66.664,15.00,-118.797,505.623,190.691,-99.219,0.010,179.998
956702343.333775,66.684,15.00,-118.304,506.113,190.950,-99.156,0.010,179.998
956702343.400536,66.761,14.98,-117.809,506.606,191.198,-99.103,0.010,179.998
956702343.467088,66.552,15.03,-117.331,507.080,191.424,-99.062,0.010,179.998
956702343.533765,66.677,15.00,-116.828,507.583,191.648,-99.030,0.010,179.998
956702343.600426,66.661,15.00,-116.322,508.084,191.860,-99.007,0.010,179.998
956702343.667087,66.661,15.00,-115.838,508.571,192.051,-98.993,0.010,179.998
956702343.733769,66.682,15.00,-115.328,509.075,192.240,-98.985,0.010,179.998
956702343.800543,66.774,14.98,-114.818,509.583,192.415,-98.980,0.010,179.998
956702343.867089,66.546,15.03,-114.335,510.083,192.575,-98.978,0.011,179.998
956702343.933766,66.677,15.00,-113.842,510.615,192.729,-98.979,0.010,179.998
956702344.000448,66.682,15.00,-113.364,511.161,192.876,-98.981,0.010,179.998
956702344.067090,66.642,15.01,-112.917,511.698,193.012,-98.986,0.010,179.998
956702344.135597,68.507,14.60,-112.480,512.245,193.141,-98.994,0.010,179.998
956702344.200424,64.827,15.43,-112.033,512.820,193.273,-99.007,0.010,179.998
956702344.267088,66.664,15.00,-111.613,513.383,193.397,-99.026,0.010,179.998
956702344.333765,66.677,15.00,-111.183,513.969,193.525,-99.055,0.010,179.998
956702344.401472,67.707,14.77,-110.761,514.567,193.657,-99.099,0.010,179.998
956702344.467086,65.614,15.24,-110.368,515.140,193.786,-99.168,0.010,179.998
956702344.533768,66.682,15.00,-109.996,515.728,193.930,-99.289,0.010,179.998
956702344.600423,66.655,15.00,-109.664,516.356,194.113,-99.542,0.010,179.998
956702344.667088,66.665,15.00,-109.653,516.573,194.216,-99.798,0.010,179.998
956702344.733768,66.680,15.00,-109.883,516.489,194.261,-100.064,0.010,179.998
956702344.800426,66.658,15.00,-110.282,516.198,194.269,-100.331,0.010,179.998
956702344.867087,66.661,15.00,-110.763,515.787,194.253,-100.588,0.010,179.998
956702344.933769,66.682,15.00,-111.284,515.311,194.224,-100.844,0.010,179.998
956702345.000456,66.687,15.00,-111.828,514.802,194.191,-101.103,0.010,179.998
956702345.067087,66.631,15.01,-112.344,514.310,194.164,-101.347,0.010,179.998
956702345.133769,66.682,15.00,-112.878,513.795,194.140,-101.598,0.010,179.998
956702345.200432,66.663,15.00,-113.410,513.273,194.136,-101.848,0.010,179.998
956702345.267090,66.658,15.00,-113.944,512.752,194.159,-102.097,0.010,179.998
956702345.333766,66.676,15.00,-114.457,512.259,194.220,-102.336,0.010,179.998
956702345.400429,66.663,15.00,-114.987,511.748,194.327,-102.583,0.010,179.997
956702345.468458,68.029,14.70,-115.487,511.258,194.464,-102.817,0.010,179.997
956702345.533763,65.305,15.31,-116.003,510.753,194.638,-103.056,0.010,179.997
956702345.600423,66.660,15.00,-116.514,510.245,194.839,-103.294,0.010,179.997
956702345.667188,66.765,14.98,-117.020,509.745,195.064,-103.528,0.010,179.997
956702345.733769,66.581,15.02,-117.521,509.250,195.306,-103.760,0.010,179.997
956702345.800424,66.655,15.00,-118.017,508.760,195.565,-103.990,0.010,179.997
956702345.867091,66.667,15.00,-118.489,508.293,195.825,-104.209,0.010,179.997
956702345.933771,66.680,15.00,-118.977,507.802,196.106,-104.436,0.010,179.997
956702346.000425,66.654,15.00,-119.463,507.319,196.398,-104.660,0.010,179.997
956702346.067091,66.666,15.00,-119.926,506.857,196.687,-104.875,0.010,179.997
956702346.133769,66.678,15.00,-120.408,506.380,196.996,-105.098,0.010,179.997
956702346.200425,66.656,15.00,-120.909,505.884,197.324,-105.331,0.010,179.997
956702346.267187,66.762,14.98,-121.393,505.415,197.647,-105.555,0.010,179.997
956702346.333768,66.581,15.02,-121.895,504.932,197.990,-105.789,0.010,179.997
956702346.400469,66.701,14.99,-122.377,504.472,198.327,-106.016,0.010,179.997
956702346.467092,66.623,15.01,-122.858,504.018,198.671,-106.245,0.010,179.996
956702346.533770,66.678,15.00,-123.359,503.549,199.037,-106.487,0.010,179.997
956702346.600539,66.769,14.98,-123.837,503.110,199.397,-106.723,0.010,179.997
956702346.667190,66.651,15.00,-124.315,502.672,199.768,-106.964,0.010,179.996
956702346.734893,67.703,14.77,-124.791,502.248,200.148,-107.209,0.010,179.996
956702346.800451,65.558,15.25,-125.264,501.825,200.538,-107.461,0.010,179.996
956702346.867089,66.638,15.01,-125.711,501.431,200.929,-107.711,0.010,179.996
956702346.935488,68.399,14.62,-126.166,501.038,201.350,-107.979,0.010,179.996
956702347.000421,64.933,15.40,-126.584,500.671,201.768,-108.246,0.010,179.996
956702347.067094,66.673,15.00,-126.942,500.370,202.172,-108.503,0.010,179.996
956702347.133765,66.671,15.00,-127.259,500.106,202.588,-108.771,0.010,179.996
956702347.200425,66.660,15.00,-127.506,499.903,203.004,-109.039,0.010,179.996
956702347.267092,66.667,15.00,-127.676,499.774,203.414,-109.308,0.010,179.996
956702347.333766,66.674,15.00,-127.765,499.727,203.834,-109.586,0.010,179.996
956702347.400426,66.660,15.00,-127.765,499.759,204.233,-109.854,0.009,179.996
956702347.467094,66.668,15.00,-127.683,499.873,204.618,-110.111,0.010,179.996
956702347.533765,66.671,15.00,-127.508,500.082,205.029,-110.390,0.009,179.996
956702347.600429,66.664,15.00,-127.260,500.368,205.423,-110.658,0.010,179.996
956702347.667093,66.664,15.00,-126.956,500.708,205.796,-110.915,0.009,179.996
956702347.733765,66.672,15.00,-126.580,501.128,206.180,-111.183,0.009,179.996
956702347.800431,66.666,15.00,-126.154,501.598,206.560,-111.451,0.009,179.996
956702347.867089,66.658,15.00,-125.733,502.062,206.897,-111.693,0.009,179.996
956702347.933767,66.678,15.00,-125.286,502.552,207.226,-111.934,0.009,179.996
956702348.000429,66.662,15.00,-124.834,503.054,207.543,-112.168,0.009,179.996
956702348.067093,66.664,15.00,-124.400,503.534,207.834,-112.389,0.009,179.996
956702348.133768,66.675,15.00,-123.947,504.044,208.129,-112.617,0.009,179.996
956702348.200426,66.658,15.00,-123.494,504.551,208.422,-112.844,0.009,179.996
956702348.267130,66.704,14.99,-123.044,505.063,208.711,-113.074,0.009,179.996
956702348.333772,66.642,15.01,-122.646,505.515,208.966,-113.279,0.009,179.996
956702348.400425,66.653,15.00,-122.199,506.033,209.256,-113.517,0.009,179.996
956702348.467093,66.668,15.00,-121.773,506.527,209.539,-113.752,0.009,179.995
956702348.533814,66.721,14.99,-121.335,507.046,209.842,-114.005,0.009,179.995
956702348.600426,66.612,15.01,-120.902,507.564,210.148,-114.268,0.009,179.996
956702348.667094,66.668,15.00,-120.502,508.044,210.448,-114.525,0.009,179.995
956702348.733771,66.677,15.00,-120.111,508.520,210.757,-114.792,0.009,179.996
956702348.800425,66.654,15.00,-119.747,508.976,211.068,-115.060,0.009,179.996
956702348.867097,66.672,15.00,-119.425,509.379,211.369,-115.317,0.009,179.995
956702348.933770,66.673,15.00,-119.125,509.770,211.684,-115.585,0.009,179.995
956702349.000547,66.777,14.98,-118.857,510.132,212.000,-115.853,0.009,179.995
956702349.067186,66.639,15.01,-118.635,510.438,212.307,-116.109,0.009,179.995
956702349.133770,66.584,15.02,-118.441,510.726,212.631,-116.377,0.009,179.995
956702349.200424,66.654,15.00,-118.288,510.981,212.954,-116.644,0.009,179.995
956702349.267096,66.672,15.00,-118.178,511.189,213.273,-116.902,0.009,179.995
956702349.333769,66.673,15.00,-118.103,511.371,213.602,-117.169,0.009,179.995
956702349.400533,66.764,14.98,-118.069,511.514,213.937,-117.437,0.009,179.995
956702349.468230,67.697,14.77,-118.072,511.618,214.262,-117.694,0.009,179.995
956702349.533772,65.542,15.26,-118.117,511.691,214.601,-117.962,0.009,179.995
956702349.600429,66.657,15.00,-118.197,511.732,214.942,-118.229,0.009,179.995
956702349.667092,66.663,15.00,-118.311,511.738,215.270,-118.486,0.009,179.995
956702349.733767,66.675,15.00,-118.464,511.714,215.617,-118.754,0.009,179.995
956702349.800429,66.662,15.00,-118.650,511.662,215.962,-119.021,0.008,179.995
956702349.867093,66.664,15.00,-118.859,511.588,216.298,-119.278,0.008,179.995
956702349.933778,66.685,15.00,-119.106,511.490,216.652,-119.546,0.008,179.995
956702350.000541,66.763,14.98,-119.381,511.364,217.003,-119.813,0.008,179.995
956702350.067100,66.559,15.02,-119.668,511.226,217.345,-120.070,0.008,179.995
956702350.133772,66.672,15.00,-119.990,511.063,217.700,-120.338,0.008,179.995
956702350.200429,66.657,15.00,-120.334,510.883,218.058,-120.606,0.009,179.994
956702350.267095,66.666,15.00,-120.681,510.696,218.400,-120.863,0.008,179.995
956702350.333771,66.676,15.00,-121.059,510.484,218.758,-121.131,0.008,179.995
956702350.400423,66.652,15.00,-121.453,510.265,219.116,-121.399,0.008,179.994
956702350.467094,66.671,15.00,-121.842,510.041,219.460,-121.655,0.008,179.994
956702350.533769,66.675,15.00,-122.258,509.805,219.816,-121.923,0.008,179.994
956702350.600470,66.701,14.99,-122.683,509.557,220.173,-122.191,0.008,179.994
956702350.667093,66.623,15.01,-123.097,509.318,220.512,-122.448,0.008,179.994
956702350.733771,66.678,15.00,-123.536,509.063,220.866,-122.716,0.008,179.994
956702350.800535,66.764,14.98,-123.978,508.801,221.219,-122.984,0.008,179.994
956702350.867191,66.656,15.00,-124.404,508.554,221.555,-123.241,0.008,179.994
956702350.933769,66.578,15.02,-124.850,508.293,221.904,-123.509,0.008,179.994
956702351.002376,68.607,14.58,-125.298,508.029,222.253,-123.778,0.008,179.994
956702351.067090,64.714,15.45,-125.725,507.782,222.583,-124.034,0.008,179.994
956702351.133769,66.679,15.00,-126.167,507.525,222.929,-124.302,0.008,179.994
956702351.200426,66.657,15.00,-126.606,507.269,223.271,-124.570,0.008,179.994
956702351.267097,66.671,15.00,-127.022,507.031,223.599,-124.827,0.008,179.994
956702351.333772,66.675,15.00,-127.450,506.784,223.937,-125.095,0.008,179.994
956702351.400427,66.655,15.00,-127.870,506.548,224.279,-125.363,0.008,179.994
956702351.467098,66.671,15.00,-128.265,506.324,224.605,-125.620,0.008,179.994
956702351.533772,66.674,15.00,-128.669,506.102,224.941,-125.888,0.008,179.994
956702351.600465,66.693,14.99,-129.064,505.886,225.277,-126.156,0.008,179.994
956702351.667093,66.628,15.01,-129.433,505.685,225.599,-126.413,0.008,179.993
956702351.733775,66.682,15.00,-129.806,505.487,225.930,-126.680,0.008,179.994
956702351.800426,66.651,15.00,-130.168,505.299,226.265,-126.948,0.008,179.993
956702351.867095,66.669,15.00,-130.505,505.127,226.584,-127.205,0.008,179.993
956702351.933772,66.677,15.00,-130.844,504.960,226.912,-127.473,0.008,179.993
956702352.000409,66.637,15.01,-131.171,504.808,227.244,-127.741,0.008,179.993
956702352.067192,66.783,14.97,-131.472,504.670,227.557,-127.998,0.007,179.993
956702352.133770,66.578,15.02,-131.772,504.540,227.880,-128.266,0.007,179.993
956702352.200427,66.657,15.00,-132.056,504.433,228.199,-128.534,0.008,179.993
956702352.267096,66.669,15.00,-132.310,504.350,228.497,-128.791,0.007,179.993
956702352.333770,66.674,15.00,-132.557,504.288,228.802,-129.059,0.008,179.993
956702352.400433,66.663,15.00,-132.783,504.246,229.093,-129.327,0.007,179.993
956702352.467094,66.661,15.00,-132.981,504.226,229.369,-129.584,0.007,179.993
956702352.533769,66.675,15.00,-133.168,504.231,229.648,-129.852,0.007,179.993
956702352.600546,66.777,14.98,-133.338,504.255,229.923,-130.120,0.007,179.993
956702352.667099,66.553,15.03,-133.484,504.292,230.180,-130.377,0.007,179.993
956702352.733772,66.673,15.00,-133.623,504.347,230.443,-130.645,0.007,179.993
956702352.800448,66.676,15.00,-133.750,504.410,230.708,-130.912,0.007,179.993
956702352.867099,66.651,15.00,-133.856,504.473,230.940,-131.147,0.007,179.993
956702352.933776,66.677,15.00,-133.975,504.544,231.203,-131.415,0.007,179.993
956702353.000543,66.767,14.98,-134.092,504.617,231.470,-131.682,0.007,179.993
956702353.067099,66.556,15.02,-134.203,504.685,231.730,-131.939,0.007,179.993
956702353.133770,66.671,15.00,-134.314,504.759,232.003,-132.207,0.007,179.993
956702353.200433,66.663,15.00,-134.420,504.844,232.286,-132.475,0.007,179.993
956702353.267094,66.661,15.00,-134.509,504.932,232.559,-132.731,0.007,179.993
956702353.333771,66.677,15.00,-134.587,505.037,232.856,-132.999,0.006,179.993
956702353.400542,66.771,14.98,-134.641,505.168,233.167,-133.266,0.007,179.993
956702353.467206,66.664,15.00,-134.662,505.325,233.482,-133.523,0.006,179.993
956702353.533769,66.563,15.02,-134.641,505.529,233.834,-133.791,0.006,179.993
956702353.600942,67.173,14.89,-134.559,505.794,234.220,-134.059,0.006,179.993
956702353.667823,66.881,14.95,-134.406,506.118,234.630,-134.316,0.006,179.993
956702353.733771,65.948,15.16,-134.149,506.547,235.107,-134.583,0.006,179.993
956702353.800677,66.906,14.95,-133.816,507.017,235.577,-134.812,0.007,179.993
956702353.867099,66.422,15.06,-133.460,507.469,235.994,-134.986,0.007,179.993
956702353.933771,66.672,15.00,-133.057,507.937,236.397,-135.128,0.006,179.993
956702354.000541,66.770,14.98,-132.631,508.404,236.782,-135.240,0.006,179.993
956702354.067096,66.555,15.03,-132.207,508.848,237.138,-135.323,0.006,179.993
956702354.133776,66.680,15.00,-131.751,509.305,237.501,-135.391,0.006,179.993
956702354.200432,66.656,15.00,-131.287,509.760,237.860,-135.445,0.006,179.993
956702354.267096,66.664,15.00,-130.836,510.185,238.210,-135.485,0.006,179.993
956702354.333774,66.678,15.00,-130.365,510.626,238.579,-135.519,0.006,179.993
956702354.400433,66.659,15.00,-129.897,511.052,238.960,-135.549,0.006,179.993
956702354.467096,66.663,15.00,-129.451,511.457,239.340,-135.575,0.006,179.993
956702354.533771,66.675,15.00,-128.995,511.863,239.757,-135.604,0.006,179.993
956702354.600429,66.658,15.00,-128.550,512.253,240.207,-135.637,0.006,179.993
956702354.667096,66.667,15.00,-128.140,512.604,240.669,-135.676,0.006,179.993
956702354.733783,66.687,15.00,-127.740,512.945,241.188,-135.730,0.006,179.993
956702354.800435,66.652,15.00,-127.371,513.256,241.755,-135.800,0.006,179.993
956702354.867096,66.661,15.00,-127.064,513.510,242.343,-135.887,0.006,179.993
956702354.933790,66.694,14.99,-126.805,513.713,243.004,-136.005,0.006,179.993
956702355.000431,66.641,15.01,-126.621,513.851,243.715,-136.152,0.006,179.993
956702355.067098,66.667,15.00,-126.531,513.913,244.415,-136.320,0.006,179.993
956702355.133769,66.671,15.00,-126.530,513.897,245.158,-136.522,0.006,179.993
956702355.200433,66.664,15.00,-126.617,513.819,245.888,-136.745,0.006,179.993
956702355.267096,66.663,15.00,-126.772,513.687,246.573,-136.974,0.006,179.993
956702355.333773,66.677,15.00,-126.997,513.506,247.256,-137.221,0.006,179.993
956702355.400439,66.666,15.00,-127.268,513.292,247.911,-137.476,0.006,179.993
956702355.467098,66.659,15.00,-127.563,513.061,248.523,-137.724,0.006,179.993
956702355.533773,66.675,15.00,-127.894,512.804,249.136,-137.984,0.006,179.993
956702355.600439,66.666,15.00,-128.242,512.537,249.732,-138.244,0.006,179.993
956702355.667098,66.659,15.00,-128.585,512.272,250.296,-138.492,0.006,179.993
956702355.733779,66.681,15.00,-128.946,511.994,250.883,-138.750,0.006,179.993
956702355.800545,66.766,14.98,-129.304,511.713,251.471,-139.007,0.005,179.993
956702355.867099,66.554,15.03,-129.656,511.434,252.065,-139.261,0.005,179.993
956702355.933774,66.675,15.00,-129.981,511.171,252.644,-139.500,0.005,179.993
956702356.000433,66.659,15.00,-130.302,510.906,253.259,-139.743,0.005,179.993
956702356.067099,66.666,15.00,-130.588,510.662,253.864,-139.972,0.006,179.993
956702356.135484,68.385,14.62,-130.861,510.420,254.513,-140.205,0.006,179.993
956702356.200429,64.945,15.40,-131.103,510.194,255.173,-140.428,0.005,179.993
956702356.267290,66.861,14.96,-131.305,510.001,255.827,-140.635,0.005,179.993
956702356.335102,67.812,14.75,-131.481,509.818,256.527,-140.840,0.005,179.993
956702356.401201,66.099,15.13,-131.620,509.663,257.240,-141.035,0.005,179.993
956702356.467097,65.896,15.18,-131.719,509.537,257.931,-141.209,0.005,179.992
956702356.533771,66.674,15.00,-131.790,509.429,258.663,-141.379,0.005,179.992
956702356.600434,66.663,15.00,-131.829,509.342,259.396,-141.537,0.005,179.992
956702356.667101,66.667,15.00,-131.840,509.276,260.106,-141.679,0.005,179.992
956702356.733783,66.682,15.00,-131.828,509.229,260.847,-141.817,0.005,179.992
956702356.800431,66.648,15.00,-131.799,509.191,261.588,-141.946,0.005,179.993
956702356.867100,66.669,15.00,-131.757,509.167,262.297,-142.062,0.005,179.992
956702356.933773,66.673,15.00,-131.704,509.144,263.038,-142.177,0.005,179.992
956702357.000435,66.662,15.00,-131.644,509.128,263.779,-142.288,0.005,179.992
956702357.067099,66.664,15.00,-131.584,509.112,264.486,-142.392,0.005,179.992
956702357.133773,66.674,15.00,-131.524,509.091,265.226,-142.498,0.005,179.992
956702357.200437,66.664,15.00,-131.469,509.069,265.966,-142.604,0.005,179.992
956702357.267100,66.663,15.00,-131.420,509.038,266.674,-142.705,0.005,179.992
956702357.334012,66.912,14.94,-131.381,509.002,267.411,-142.812,0.005,179.992
956702357.400443,66.431,15.05,-131.352,508.952,268.152,-142.922,0.005,179.992
956702357.467101,66.658,15.00,-131.339,508.897,268.800,-143.021,0.005,179.992
956702357.533772,66.671,15.00,-131.337,508.831,269.541,-143.138,0.005,179.992
956702357.601245,67.473,14.82,-131.350,508.749,270.280,-143.259,0.005,179.992
956702357.667099,65.854,15.19,-131.378,508.659,270.983,-143.379,0.005,179.992
956702357.733774,66.675,15.00,-131.422,508.555,271.713,-143.509,0.005,179.992
956702357.800438,66.664,15.00,-131.484,508.439,272.444,-143.645,0.005,179.992
956702357.867098,66.660,15.00,-131.558,508.316,273.142,-143.781,0.005,179.992
956702357.933773,66.675,15.00,-131.650,508.172,273.867,-143.927,0.005,179.992
956702358.000434,66.661,15.00,-131.755,508.024,274.583,-144.078,0.005,179.992
956702358.067100,66.666,15.00,-131.869,507.868,275.268,-144.228,0.005,179.992
956702358.133775,66.675,15.00,-131.999,507.702,275.979,-144.388,0.005,179.992
956702358.200544,66.769,14.98,-132.138,507.526,276.688,-144.552,0.005,179.992
956702358.267104,66.560,15.02,-132.280,507.355,277.364,-144.712,0.005,179.992
956702358.333778,66.674,15.00,-132.435,507.170,278.064,-144.881,0.005,179.992
956702358.400440,66.662,15.00,-132.595,506.989,278.765,-145.052,0.005,179.992
956702358.467099,66.659,15.00,-132.750,506.809,279.438,-145.218,0.005,179.992
956702358.533775,66.676,15.00,-132.914,506.627,280.139,-145.390,0.005,179.991
956702358.600436,66.661,15.00,-133.075,506.444,280.836,-145.562,0.005,179.992
956702358.667101,66.665,15.00,-133.227,506.276,281.510,-145.727,0.005,179.991
956702358.733774,66.673,15.00,-133.380,506.100,282.214,-145.896,0.005,179.992
956702358.800435,66.661,15.00,-133.526,505.936,282.922,-146.062,0.005,179.991
956702358.867113,66.678,15.00,-133.661,505.775,283.635,-146.225,0.005,179.991
956702358.933919,66.806,14.97,-133.773,505.639,284.295,-146.370,0.005,179.992
956702359.000436,66.517,15.03,-133.881,505.504,285.017,-146.523,0.005,179.991
956702359.067102,66.666,15.00,-133.969,505.385,285.712,-146.663,0.005,179.992
956702359.133776,66.674,15.00,-134.040,505.276,286.443,-146.802,0.005,179.992
956702359.200436,66.660,15.00,-134.093,505.182,287.176,-146.932,0.005,179.992
956702359.267101,66.665,15.00,-134.123,505.105,287.885,-147.050,0.005,179.992
956702359.333778,66.677,15.00,-134.131,505.048,288.593,-147.159,0.005,179.992
956702359.400438,66.660,15.00,-134.118,505.001,289.334,-147.263,0.004,179.992
956702359.467102,66.664,15.00,-134.085,504.976,290.048,-147.355,0.005,179.991
956702359.533776,66.674,15.00,-134.029,504.955,290.787,-147.442,0.004,179.992
956702359.600434,66.658,15.00,-133.956,504.953,291.523,-147.521,0.004,179.992
956702359.667104,66.670,15.00,-133.871,504.959,292.228,-147.591,0.004,179.992
956702359.733776,66.672,15.00,-133.768,504.972,292.964,-147.658,0.004,179.992
956702359.800446,66.670,15.00,-133.657,504.992,293.697,-147.720,0.004,179.992
956702359.867106,66.660,15.00,-133.544,505.005,294.400,-147.778,0.004,179.992
956702359.933774,66.668,15.00,-133.424,505.021,295.130,-147.837,0.004,179.992
956702360.000434,66.660,15.00,-133.306,505.032,295.862,-147.899,0.004,179.992
956702360.067103,66.669,15.00,-133.198,505.034,296.564,-147.960,0.004,179.992
956702360.133776,66.673,15.00,-133.095,505.019,297.303,-148.031,0.004,179.992
956702360.200439,66.663,15.00,-133.006,504.994,298.039,-148.108,0.004,179.992
956702360.268847,68.408,14.62,-132.935,504.951,298.747,-148.190,0.004,179.992
956702360.333776,64.929,15.40,-132.877,504.889,299.481,-148.284,0.004,179.992
956702360.400438,66.662,15.00,-132.836,504.810,300.219,-148.388,0.004,179.992
956702360.467105,66.667,15.00,-132.814,504.721,300.926,-148.495,0.004,179.992
956702360.533776,66.671,15.00,-132.807,504.614,301.657,-148.615,0.004,179.992
956702360.600437,66.661,15.00,-132.815,504.488,302.390,-148.742,0.004,179.992
956702360.667099,66.662,15.00,-132.836,504.363,303.092,-148.870,0.004,179.992
956702360.733775,66.676,15.00,-132.869,504.226,303.818,-149.009,0.004,179.992
956702360.800444,66.669,15.00,-132.913,504.077,304.543,-149.153,0.004,179.992
956702360.867109,66.665,15.00,-132.964,503.934,305.242,-149.295,0.004,179.992
956702360.933776,66.667,15.00,-133.024,503.774,305.961,-149.445,0.004,179.992
956702361.000437,66.661,15.00,-133.091,503.611,306.685,-149.600,0.004,179.992
956702361.067102,66.665,15.00,-133.159,503.457,307.374,-149.750,0.004,179.993
956702361.133777,66.675,15.00,-133.236,503.290,308.096,-149.908,0.004,179.993
956702361.200437,66.660,15.00,-133.314,503.123,308.813,-150.067,0.004,179.993
956702361.267103,66.666,15.00,-133.391,502.968,309.503,-150.221,0.004,179.992
956702361.333777,66.674,15.00,-133.471,502.803,310.221,-150.382,0.004,179.992
956702361.400435,66.658,15.00,-133.551,502.644,310.939,-150.543,0.004,179.992
956702361.467101,66.666,15.00,-133.628,502.488,311.633,-150.699,0.004,179.992
956702361.533777,66.676,15.00,-133.705,502.334,312.353,-150.860,0.004,179.992
956702361.601243,67.466,14.82,-133.779,502.179,313.076,-151.022,0.003,179.993
956702361.667101,65.858,15.18,-133.845,502.042,313.742,-151.170,0.004,179.992
956702361.733778,66.677,15.00,-133.911,501.893,314.470,-151.330,0.004,179.992
956702361.800432,66.654,15.00,-133.976,501.747,315.225,-151.495,0.004,179.992
956702361.867102,66.670,15.00,-134.031,501.612,315.925,-151.646,0.004,179.992
956702361.933779,66.677,15.00,-134.082,501.479,316.650,-151.801,0.004,179.992
956702362.000553,66.774,14.98,-134.127,501.353,317.381,-151.956,0.004,179.992
956702362.067104,66.551,15.03,-134.162,501.232,318.083,-152.102,0.004,179.992
956702362.133777,66.673,15.00,-134.194,501.113,318.814,-152.252,0.004,179.992
956702362.200439,66.662,15.00,-134.217,501.001,319.547,-152.400,0.004,179.992
956702362.267104,66.665,15.00,-134.233,500.899,320.253,-152.541,0.004,179.992
956702362.333780,66.676,15.00,-134.242,500.796,320.988,-152.685,0.003,179.992
956702362.400434,66.654,15.00,-134.244,500.700,321.726,-152.827,0.004,179.992
956702362.467104,66.670,15.00,-134.240,500.613,322.432,-152.961,0.004,179.991
956702362.533777,66.673,15.00,-134.228,500.527,323.170,-153.099,0.004,179.991
956702362.600437,66.660,15.00,-134.210,500.444,323.906,-153.234,0.004,179.991
956702362.667105,66.668,15.00,-134.187,500.370,324.614,-153.363,0.004,179.991
956702362.733778,66.673,15.00,-134.155,500.295,325.350,-153.495,0.003,179.992
956702362.800438,66.660,15.00,-134.119,500.223,326.090,-153.625,0.003,179.992
956702362.867101,66.663,15.00,-134.079,500.157,326.796,-153.748,0.003,179.992
956702362.933913,66.812,14.97,-134.034,500.092,327.532,-153.875,0.003,179.992
956702363.002380,68.467,14.61,-133.984,500.028,328.273,-154.001,0.003,179.991
956702363.067106,64.726,15.45,-133.933,499.968,328.978,-154.121,0.003,179.992
956702363.133777,66.671,15.00,-133.875,499.907,329.714,-154.244,0.003,179.991
956702363.200546,66.769,14.98,-133.816,499.852,330.455,-154.368,0.003,179.991
956702363.267198,66.652,15.00,-133.756,499.797,331.159,-154.486,0.003,179.992
956702363.333775,66.577,15.02,-133.695,499.740,331.895,-154.608,0.003,179.992
956702363.403071,69.296,14.43,-133.631,499.682,332.638,-154.732,0.003,179.992
956702363.467113,64.042,15.61,-133.572,499.624,333.344,-154.849,0.003,179.992
956702363.533780,66.667,15.00,-133.510,499.566,334.080,-154.972,0.003,179.991
956702363.600439,66.659,15.00,-133.448,499.506,334.816,-155.096,0.003,179.991
956702363.667104,66.665,15.00,-133.391,499.452,335.527,-155.216,0.003,179.991
956702363.733778,66.674,15.00,-133.334,499.389,336.265,-155.342,0.003,179.991
956702363.800442,66.664,15.00,-133.278,499.326,337.001,-155.469,0.003,179.992
956702363.867105,66.663,15.00,-133.226,499.264,337.707,-155.592,0.003,179.991
956702363.933779,66.674,15.00,-133.177,499.195,338.441,-155.722,0.003,179.992
956702364.000439,66.660,15.00,-133.129,499.124,339.181,-155.854,0.003,179.991
956702364.067111,66.672,15.00,-133.087,499.054,339.892,-155.984,0.003,179.991
956702364.135485,68.374,14.63,-133.047,498.977,340.631,-156.121,0.003,179.991
956702364.200435,64.950,15.40,-133.011,498.897,341.365,-156.261,0.003,179.991
956702364.267365,66.930,14.94,-132.981,498.819,342.076,-156.398,0.003,179.991
956702364.335081,67.716,14.77,-132.953,498.734,342.812,-156.545,0.003,179.991
956702364.401201,66.120,15.12,-132.931,498.645,343.548,-156.696,0.003,179.991
956702364.467106,65.905,15.17,-132.915,498.556,344.255,-156.845,0.003,179.991
956702364.533777,66.671,15.00,-132.902,498.460,344.994,-157.006,0.003,179.991
956702364.600441,66.664,15.00,-132.897,498.355,345.726,-157.173,0.003,179.991
956702364.667108,66.667,15.00,-132.899,498.251,346.431,-157.340,0.003,179.991
956702364.733778,66.670,15.00,-132.908,498.140,347.160,-157.521,0.003,179.991
956702364.800446,66.668,15.00,-132.924,498.035,347.804,-157.689,0.003,179.991
956702364.867107,66.661,15.00,-132.948,497.910,348.507,-157.882,0.003,179.991
956702364.933783,66.676,15.00,-132.984,497.775,349.234,-158.095,0.003,179.991
956702365.000446,66.663,15.00,-133.031,497.637,349.931,-158.312,0.003,179.991
956702365.067111,66.665,15.00,-133.089,497.489,350.626,-158.540,0.003,179.990
956702365.133781,66.670,15.00,-133.162,497.320,351.346,-158.792,0.003,179.990
956702365.200445,66.664,15.00,-133.250,497.140,352.060,-159.058,0.003,179.990
956702365.267107,66.662,15.00,-133.343,496.969,352.713,-159.314,0.003,179.990
956702365.333780,66.673,15.00,-133.450,496.784,353.361,-159.582,0.003,179.991
956702365.400443,66.663,15.00,-133.564,496.595,353.977,-159.848,0.003,179.991
956702365.467105,66.662,15.00,-133.680,496.411,354.550,-160.105,0.003,179.990
956702365.533785,66.680,15.00,-133.807,496.221,355.121,-160.372,0.003,179.990
956702365.600453,66.668,15.00,-133.922,496.054,355.609,-160.606,0.003,179.990
956702365.667197,66.744,14.98,-134.024,495.901,356.025,-160.811,0.003,179.990
956702365.733780,66.583,15.02,-134.168,495.702,356.579,-161.090,0.003,179.990
956702365.800441,66.661,15.00,-134.308,495.508,357.100,-161.358,0.003,179.990
956702365.867106,66.665,15.00,-134.443,495.321,357.590,-161.614,0.002,179.990
956702365.933781,66.675,15.00,-134.582,495.127,358.097,-161.882,0.002,179.991
956702366.000443,66.662,15.00,-134.720,494.933,358.602,-162.149,0.003,179.990
956702366.067105,66.662,15.00,-134.851,494.753,359.078,-162.405,0.002,179.990
956702366.133822,66.717,14.99,-134.990,494.558,359.597,-162.684,0.002,179.990
956702366.200442,66.620,15.01,-135.118,494.372,360.091,-162.951,0.002,179.991
956702366.267108,66.666,15.00,-135.241,494.187,360.590,-163.219,0.002,179.991
956702366.333780,66.672,15.00,-135.359,494.011,361.087,-163.487,0.002,179.991
956702366.400443,66.663,15.00,-135.471,493.834,361.586,-163.755,0.002,179.991
956702366.467109,66.666,15.00,-135.575,493.663,362.090,-164.022,0.002,179.991
956702366.533780,66.671,15.00,-135.666,493.507,362.572,-164.279,0.002,179.991
956702366.600440,66.660,15.00,-135.752,493.347,363.079,-164.545,0.002,179.991
956702366.667106,66.666,15.00,-135.824,493.208,363.552,-164.792,0.002,179.991
956702366.733784,66.678,15.00,-135.890,493.058,364.071,-165.059,0.002,179.991
956702366.800441,66.657,15.00,-135.949,492.914,364.615,-165.337,0.002,179.991
956702366.868633,68.192,14.66,-135.991,492.783,365.122,-165.594,0.002,179.991
956702366.933991,65.358,15.30,-136.024,492.658,365.657,-165.862,0.002,179.991
956702367.000443,66.452,15.05,-136.046,492.541,366.195,-166.129,0.002,179.991
956702367.067108,66.665,15.00,-136.055,492.430,366.719,-166.385,0.002,179.991
956702367.133780,66.672,15.00,-136.053,492.326,367.268,-166.652,0.001,179.991
956702367.200444,66.664,15.00,-136.042,492.228,367.825,-166.920,0.001,179.991
956702367.267106,66.662,15.00,-136.021,492.142,368.361,-167.177,0.001,179.991
956702367.333784,66.678,15.00,-135.993,492.059,368.922,-167.444,0.001,179.991
956702367.400443,66.659,15.00,-135.959,491.981,369.487,-167.712,0.001,179.991
956702367.467107,66.664,15.00,-135.921,491.908,370.052,-167.979,0.001,179.990
956702367.533780,66.673,15.00,-135.886,491.840,370.588,-168.234,0.001,179.991
956702367.600441,66.661,15.00,-135.886,491.840,370.588,-168.234,0.001,179.991
956702367.667097,66.656,15.00,-135.886,491.840,370.588,-168.234,0.001,179.991
956702367.733775,66.678,15.00,-135.886,491.840,370.588,-168.234,0.001,179.991
956702423.786696,0.000,0.00,-126.995,512.510,180.759,-90.000,0.010,180.000
956702423.853562,66.866,14.96,-126.995,512.510,180.759,-90.000,0.010,180.000
956702423.920152,66.590,15.02,-126.972,512.515,180.756,-89.993,0.010,180.000
956702423.986832,66.680,15.00,-126.849,512.581,180.727,-89.962,0.010,180.000
956702424.053480,66.648,15.00,-126.730,512.667,180.716,-89.928,0.010,180.000
956702424.120146,66.666,15.00,-126.615,512.761,180.712,-89.892,0.010,180.000
956702424.188732,68.586,14.58,-126.504,512.851,180.720,-89.858,0.010,180.000
956702424.253483,64.751,15.44,-126.399,512.944,180.734,-89.822,0.010,180.000
956702424.320148,66.665,15.00,-126.291,513.042,180.755,-89.782,0.010,180.000
956702424.386817,66.669,15.00,-126.188,513.133,180.776,-89.742,0.010,180.000
956702424.453480,66.663,15.00,-126.082,513.238,180.802,-89.699,0.010,180.000
956702424.520153,66.673,15.00,-125.977,513.334,180.831,-89.655,0.010,180.000
956702424.586818,66.665,15.00,-125.877,513.431,180.862,-89.612,0.010,180.000
956702424.653480,66.662,15.00,-125.772,513.531,180.892,-89.566,0.010,180.000
956702424.720148,66.668,15.00,-125.668,513.627,180.922,-89.520,0.010,180.000
956702424.786818,66.670,15.00,-125.563,513.733,180.955,-89.473,0.010,180.000
956702424.853484,66.666,15.00,-125.455,513.832,180.988,-89.426,0.010,180.000
956702424.920149,66.665,15.00,-125.352,513.932,181.022,-89.379,0.010,180.000
956702424.986819,66.670,15.00,-125.254,514.028,181.055,-89.334,0.010,180.000
956702425.053479,66.660,15.00,-125.151,514.128,181.091,-89.288,0.010,180.000
956702425.120149,66.670,15.00,-125.048,514.231,181.129,-89.241,0.010,180.000
956702425.186819,66.670,15.00,-124.950,514.322,181.161,-89.196,0.010,180.000
956702425.253480,66.661,15.00,-124.847,514.423,181.200,-89.149,0.010,180.000
956702425.320150,66.670,15.00,-124.744,514.524,181.239,-89.101,0.010,180.000
956702425.386814,66.664,15.00,-124.642,514.624,181.277,-89.055,0.010,180.000
956702425.455988,69.174,14.46,-124.537,514.729,181.316,-89.006,0.010,180.000
956702425.521212,65.224,15.33,-124.434,514.824,181.356,-88.959,0.010,180.000
956702425.588857,67.645,14.78,-124.341,514.914,181.391,-88.917,0.010,180.000
956702425.653485,64.628,15.47,-124.240,515.012,181.430,-88.871,0.010,180.000
956702425.720151,66.666,15.00,-124.137,515.112,181.471,-88.823,0.010,180.000
956702425.786819,66.668,15.00,-124.034,515.211,181.512,-88.776,0.010,180.000
956702425.853505,66.686,15.00,-123.931,515.304,181.552,-88.728,0.010,180.000
956702425.920148,66.643,15.01,-123.828,515.400,181.590,-88.680,0.010,180.000
956702425.986816,66.668,15.00,-123.729,515.494,181.632,-88.634,0.010,180.000
956702426.053483,66.667,15.00,-123.623,515.590,181.674,-88.585,0.010,180.000
956702426.120150,66.667,15.00,-123.518,515.687,181.718,-88.537,0.010,180.000
956702426.186817,66.667,15.00,-123.416,515.774,181.759,-88.490,0.010,180.000
956702426.253481,66.664,15.00,-123.311,515.869,181.801,-88.441,0.010,180.000
956702426.320149,66.668,15.00,-123.205,515.962,181.843,-88.391,0.010,180.000
956702426.386819,66.670,15.00,-123.103,516.048,181.886,-88.344,0.011,180.000
956702426.453483,66.664,15.00,-122.995,516.138,181.929,-88.294,0.010,180.000
956702426.520148,66.665,15.00,-122.888,516.232,181.971,-88.244,0.010,180.000
956702426.586821,66.673,15.00,-122.784,516.313,182.013,-88.196,0.010,180.000
956702426.653482,66.661,15.00,-122.680,516.400,182.056,-88.147,0.010,180.000
956702426.720150,66.668,15.00,-122.569,516.492,182.099,-88.097,0.010,180.000
956702426.788298,68.148,14.67,-122.463,516.573,182.143,-88.047,0.010,180.000
956702426.853707,65.409,15.29,-122.355,516.661,182.188,-87.998,0.011,180.000
956702426.920151,66.444,15.05,-122.245,516.751,182.230,-87.947,0.011,180.000
956702426.986820,66.669,15.00,-122.138,516.830,182.272,-87.897,0.011,180.000
956702427.053486,66.666,15.00,-122.019,516.923,182.321,-87.842,0.011,180.000
956702427.120144,66.658,15.00,-121.915,517.005,182.360,-87.794,0.010,180.000
956702427.186810,66.666,15.00,-121.808,517.083,182.403,-87.744,0.010,180.000
956702427.253474,66.664,15.00,-121.695,517.168,182.449,-87.692,0.010,180.000
956702427.320143,66.669,15.00,-121.583,517.256,182.493,-87.640,0.011,180.000
956702427.386850,66.707,14.99,-121.474,517.333,182.535,-87.590,0.011,-180.000
956702427.453482,66.632,15.01,-121.365,517.413,182.578,-87.539,0.011,-180.000
956702427.520144,66.662,15.00,-121.250,517.500,182.622,-87.486,0.011,-180.000
956702427.586812,66.668,15.00,-121.139,517.577,182.666,-87.435,0.011,-180.000
956702427.653484,66.672,15.00,-121.024,517.660,182.710,-87.382,0.011,-180.000
956702427.720149,66.665,15.00,-120.906,517.738,182.756,-87.327,0.011,-180.000
956702427.786822,66.673,15.00,-120.789,517.819,182.800,-87.273,0.011,-180.000
956702427.853484,66.662,15.00,-120.669,517.896,182.843,-87.217,0.010,-180.000
956702427.920217,66.733,14.99,-120.552,517.973,182.887,-87.163,0.010,-180.000
956702427.986819,66.602,15.01,-120.436,518.051,182.929,-87.110,0.010,-180.000
956702428.053486,66.667,15.00,-120.314,518.125,182.974,-87.053,0.010,-180.000
956702428.120151,66.665,15.00,-120.194,518.197,183.020,-86.997,0.010,-180.000
956702428.188706,68.555,14.59,-120.074,518.270,183.063,-86.942,0.010,-180.000
956702428.253486,64.780,15.44,-119.952,518.346,183.109,-86.885,0.010,-180.000
956702428.320151,66.665,15.00,-119.830,518.416,183.153,-86.828,0.010,-180.000
956702428.386819,66.668,15.00,-119.709,518.479,183.196,-86.774,0.010,-180.000
956702428.453492,66.673,15.00,-119.585,518.550,183.237,-86.717,0.010,-180.000
956702428.520183,66.691,14.99,-119.460,518.617,183.282,-86.658,0.010,-180.000
956702428.586823,66.640,15.01,-119.336,518.682,183.324,-86.600,0.010,-180.000
956702428.653482,66.659,15.00,-119.211,518.744,183.366,-86.543,0.010,-180.000
956702428.720149,66.667,15.00,-119.092,518.799,183.409,-86.488,0.011,-180.000
956702428.786822,66.673,15.00,-118.969,518.858,183.450,-86.431,0.010,-180.000
956702428.853483,66.661,15.00,-118.840,518.914,183.494,-86.370,0.010,-180.000
956702428.920152,66.669,15.00,-118.708,518.968,183.536,-86.310,0.010,-180.000
956702428.986833,66.681,15.00,-118.583,519.023,183.578,-86.251,0.011,-180.000
956702429.053484,66.651,15.00,-118.451,519.072,183.621,-86.190,0.011,-180.000
956702429.120151,66.667,15.00,-118.317,519.121,183.664,-86.128,0.011,-180.000
956702429.186821,66.670,15.00,-118.187,519.164,183.705,-86.068,0.011,-180.000
956702429.253484,66.663,15.00,-118.051,519.206,183.746,-86.006,0.011,-180.000
956702429.320151,66.667,15.00,-117.915,519.244,183.788,-85.942,0.011,-180.000
956702429.386822,66.671,15.00,-117.782,519.280,183.829,-85.881,0.011,-180.000
956702429.455909,69.087,14.47,-117.639,519.314,183.871,-85.816,0.011,-180.000
956702429.521285,65.376,15.30,-117.503,519.342,183.911,-85.752,0.011,-180.000
956702429.588839,67.554,14.80,-117.366,519.370,183.951,-85.690,0.011,-180.000
956702429.653486,64.647,15.47,-117.231,519.394,183.991,-85.627,0.011,-180.000
956702429.720427,66.941,14.94,-117.094,519.417,184.029,-85.565,0.011,-180.000
956702429.786823,66.396,15.06,-116.959,519.436,184.068,-85.503,0.011,-180.000
956702429.853484,66.661,15.00,-116.818,519.454,184.108,-85.438,0.011,-180.000
956702429.920151,66.667,15.00,-116.674,519.470,184.150,-85.375,0.011,-179.999
956702429.986822,66.671,15.00,-116.537,519.482,184.187,-85.315,0.011,-179.999
956702430.053492,66.670,15.00,-116.393,519.485,184.223,-85.252,0.011,-179.999
956702430.120172,66.680,15.00,-116.249,519.490,184.263,-85.190,0.011,-179.999
956702430.186826,66.654,15.00,-116.111,519.484,184.300,-85.132,0.011,-179.999
956702430.253486,66.660,15.00,-115.973,519.479,184.336,-85.074,0.011,-179.999
956702430.320153,66.667,15.00,-115.831,519.472,184.371,-85.017,0.011,-179.999
956702430.386826,66.673,15.00,-115.701,519.457,184.402,-84.966,0.011,-179.999
956702430.453486,66.660,15.00,-115.557,519.435,184.437,-84.910,0.011,-179.999
956702430.520151,66.665,15.00,-115.414,519.410,184.473,-84.854,0.011,-179.999
956702430.586821,66.670,15.00,-115.277,519.377,184.505,-84.800,0.011,-179.999
956702430.653512,66.691,14.99,-115.139,519.334,184.542,-84.744,0.011,-179.999
956702430.720152,66.640,15.01,-115.002,519.288,184.578,-84.689,0.011,-179.999
956702430.788283,68.131,14.68,-114.873,519.227,184.617,-84.635,0.011,-179.999
956702430.853485,65.202,15.34,-114.751,519.161,184.654,-84.581,0.011,-179.999
956702430.920151,66.666,15.00,-114.634,519.070,184.693,-84.528,0.011,-179.999
956702430.986824,66.673,15.00,-114.536,518.973,184.732,-84.480,0.011,-179.999
956702431.053496,66.672,15.00,-114.452,518.857,184.773,-84.434,0.011,-179.999
956702431.120152,66.656,15.00,-114.391,518.724,184.815,-84.396,0.011,-179.999
956702431.186827,66.675,15.00,-114.360,518.586,184.852,-84.367,0.011,-179.999
956702431.253484,66.657,15.00,-114.354,518.442,184.888,-84.347,0.011,-179.999
956702431.320151,66.667,15.00,-114.371,518.295,184.922,-84.338,0.011,-179.999
956702431.386826,66.675,15.00,-114.410,518.159,184.949,-84.338,0.010,-179.999
956702431.453486,66.660,15.00,-114.469,518.018,184.979,-84.345,0.010,-179.999
956702431.520151,66.665,15.00,-114.541,517.888,185.002,-84.359,0.010,-179.999
956702431.586838,66.687,15.00,-114.620,517.767,185.026,-84.379,0.010,-179.999
956702431.653486,66.648,15.00,-114.701,517.654,185.045,-84.402,0.010,-179.999
956702431.720153,66.667,15.00,-114.793,517.537,185.067,-84.431,0.010,-179.999
956702431.786825,66.672,15.00,-114.885,517.426,185.086,-84.461,0.010,-179.999
956702431.853485,66.660,15.00,-114.981,517.312,185.105,-84.497,0.010,-179.999
956702431.920152,66.667,15.00,-115.079,517.201,185.123,-84.534,0.010,-179.999
956702431.986826,66.674,15.00,-115.175,517.095,185.141,-84.572,0.010,-179.999
956702432.055489,68.663,14.56,-115.277,516.983,185.159,-84.615,0.010,-179.999
956702432.120545,65.056,15.37,-115.377,516.876,185.176,-84.656,0.010,-179.999
956702432.190530,69.985,14.29,-115.479,516.765,185.193,-84.701,0.010,-179.999
956702432.253483,62.953,15.88,-115.575,516.663,185.209,-84.743,0.011,-179.999
956702432.320152,66.669,15.00,-115.671,516.562,185.223,-84.786,0.010,-179.999
956702432.387066,66.914,14.94,-115.771,516.456,185.241,-84.831,0.011,-179.999
956702432.453487,66.421,15.06,-115.875,516.351,185.256,-84.877,0.011,-179.999
956702432.520152,66.665,15.00,-115.979,516.242,185.273,-84.924,0.011,-179.999
956702432.586826,66.674,15.00,-116.079,516.142,185.289,-84.969,0.010,-179.999
956702432.653486,66.660,15.00,-116.183,516.034,185.311,-85.017,0.011,-179.999
956702432.720152,66.666,15.00,-116.287,515.930,185.329,-85.064,0.011,-179.999
956702432.786827,66.675,15.00,-116.387,515.828,185.348,-85.110,0.011,-179.999
956702432.853488,66.661,15.00,-116.491,515.721,185.369,-85.158,0.011,-179.999
956702432.920153,66.665,15.00,-116.595,515.613,185.389,-85.206,0.010,-179.999
956702432.986826,66.673,15.00,-116.694,515.510,185.410,-85.252,0.010,-179.999
956702433.053492,66.666,15.00,-116.798,515.403,185.431,-85.300,0.010,-180.000
956702433.120155,66.663,15.00,-116.902,515.296,185.455,-85.348,0.010,-180.000
956702433.186825,66.670,15.00,-117.002,515.197,185.476,-85.394,0.010,-180.000
956702433.253488,66.663,15.00,-117.105,515.086,185.499,-85.442,0.010,-180.000
956702433.320154,66.666,15.00,-117.209,514.985,185.522,-85.490,0.010,-180.000
956702433.386825,66.671,15.00,-117.309,514.881,185.545,-85.536,0.010,-180.000
956702433.453492,66.667,15.00,-117.410,514.779,185.570,-85.584,0.010,-180.000
956702433.522222,68.730,14.55,-117.516,514.674,185.595,-85.631,0.010,-180.000
956702433.586824,64.602,15.48,-117.615,514.572,185.622,-85.678,0.010,-180.000
956702433.653487,66.663,15.00,-117.719,514.466,185.648,-85.726,0.011,-180.000
956702433.720153,66.666,15.00,-117.822,514.360,185.675,-85.774,0.011,-180.000
956702433.786824,66.671,15.00,-117.922,514.259,185.702,-85.820,0.011,-180.000
956702433.853491,66.667,15.00,-118.025,514.151,185.728,-85.868,0.011,-180.000
956702433.920154,66.663,15.00,-118.128,514.048,185.755,-85.916,0.011,-180.000
956702433.986826,66.672,15.00,-118.228,513.944,185.782,-85.962,0.011,-180.000
956702434.053492,66.666,15.00,-118.331,513.843,185.811,-86.010,0.011,-180.000
956702434.120153,66.661,15.00,-118.434,513.734,185.838,-86.058,0.011,-180.000
956702434.186824,66.671,15.00,-118.533,513.635,185.865,-86.104,0.011,-180.000
956702434.253488,66.664,15.00,-118.641,513.527,185.896,-86.153,0.011,-180.000
956702434.320154,66.666,15.00,-118.744,513.422,185.926,-86.201,0.011,-180.000
956702434.386828,66.674,15.00,-118.843,513.319,185.953,-86.247,0.011,-180.000
956702434.453488,66.660,15.00,-118.946,513.214,185.983,-86.295,0.011,-180.000
956702434.520157,66.669,15.00,-119.049,513.108,186.017,-86.343,0.011,-180.000
956702434.586843,66.686,15.00,-119.148,513.007,186.047,-86.388,0.011,-180.000
956702434.653489,66.646,15.00,-119.251,512.907,186.079,-86.436,0.011,-180.000
956702434.720155,66.666,15.00,-119.354,512.796,186.109,-86.484,0.011,-180.000
956702434.788190,68.035,14.70,-119.455,512.697,186.142,-86.531,0.011,-180.000
956702434.853488,65.298,15.31,-119.555,512.595,186.172,-86.577,0.011,-180.000
956702434.920154,66.666,15.00,-119.658,512.490,186.205,-86.625,0.011,-180.000
956702434.986826,66.672,15.00,-119.757,512.389,186.236,-86.670,0.011,-180.000
956702435.053492,66.666,15.00,-119.860,512.283,186.268,-86.718,0.011,-180.000
956702435.120154,66.662,15.00,-119.962,512.178,186.303,-86.765,0.011,-180.000
956702435.186827,66.673,15.00,-120.061,512.077,186.336,-86.811,0.011,-180.000
956702435.253491,66.664,15.00,-120.164,511.975,186.371,-86.858,0.012,-180.000
956702435.320154,66.663,15.00,-120.266,511.868,186.405,-86.906,0.012,-180.000
956702435.386830,66.676,15.00,-120.365,511.771,186.436,-86.951,0.011,-180.000
956702435.453489,66.659,15.00,-120.467,511.665,186.470,-86.999,0.012,-180.000
956702435.520153,66.664,15.00,-120.570,511.562,186.503,-87.046,0.011,-180.000
956702435.586841,66.688,15.00,-120.668,511.462,186.537,-87.092,0.011,-180.000
956702435.653591,66.750,14.98,-120.771,511.356,186.572,-87.139,0.011,-180.000
956702435.720155,66.564,15.02,-120.873,511.249,186.608,-87.187,0.011,-180.000
956702435.786829,66.674,15.00,-120.971,511.148,186.641,-87.233,0.011,-180.000
956702435.853491,66.662,15.00,-121.078,511.041,186.678,-87.282,0.011,-180.000
956702435.920157,66.666,15.00,-121.180,510.935,186.713,-87.329,0.011,-180.000
956702435.986827,66.670,15.00,-121.278,510.839,186.745,-87.375,0.011,-180.000
956702436.055496,68.669,14.56,-121.383,510.730,186.780,-87.424,0.011,-180.000
956702436.120661,65.165,15.35,-121.481,510.632,186.814,-87.469,0.011,-180.000
956702436.188444,67.783,14.75,-121.571,510.537,186.847,-87.513,0.011,-180.000
956702436.253510,65.066,15.37,-121.667,510.437,186.883,-87.558,0.012,-180.000
956702436.320156,66.646,15.00,-121.767,510.328,186.918,-87.606,0.012,180.000
956702436.387055,66.899,14.95,-121.862,510.223,186.950,-87.653,0.011,180.000
956702436.453490,66.435,15.05,-121.960,510.115,186.987,-87.702,0.011,180.000
956702436.520156,66.666,15.00,-122.056,510.008,187.022,-87.750,0.011,180.000
956702436.586950,66.794,14.97,-122.143,509.912,187.056,-87.796,0.012,180.000
956702436.653490,66.540,15.03,-122.238,509.798,187.090,-87.845,0.011,180.000
956702436.720159,66.669,15.00,-122.332,509.691,187.129,-87.897,0.012,180.000
956702436.786827,66.668,15.00,-122.423,509.575,187.164,-87.947,0.011,180.000
956702436.853490,66.663,15.00,-122.514,509.466,187.200,-87.998,0.011,180.000
956702436.920157,66.667,15.00,-122.607,509.346,187.239,-88.050,0.011,180.000
956702436.986831,66.674,15.00,-122.693,509.235,187.274,-88.101,0.011,180.000
956702437.053494,66.663,15.00,-122.782,509.117,187.312,-88.152,0.011,180.000
956702437.120158,66.664,15.00,-122.870,509.000,187.352,-88.204,0.011,180.000
956702437.186829,66.671,15.00,-122.957,508.881,187.389,-88.256,0.011,180.000
956702437.253489,66.660,15.00,-123.043,508.759,187.428,-88.309,0.011,180.000
956702437.320158,66.669,15.00,-123.127,508.640,187.466,-88.361,0.011,180.000
956702437.386826,66.668,15.00,-123.209,508.522,187.502,-88.410,0.011,180.000
956702437.453493,66.667,15.00,-123.293,508.401,187.541,-88.464,0.011,180.000
956702437.520154,66.661,15.00,-123.375,508.274,187.581,-88.516,0.011,180.000
956702437.586827,66.673,15.00,-123.453,508.161,187.619,-88.565,0.011,180.000
956702437.653492,66.665,15.00,-123.533,508.038,187.656,-88.617,0.011,180.000
956702437.720159,66.667,15.00,-123.612,507.916,187.696,-88.670,0.011,180.000
956702437.786831,66.672,15.00,-123.688,507.801,187.736,-88.721,0.011,180.000
956702437.853494,66.663,15.00,-123.768,507.676,187.776,-88.775,0.011,180.000
956702437.920157,66.663,15.00,-123.847,507.560,187.818,-88.828,0.012,180.000
956702437.986832,66.675,15.00,-123.923,507.438,187.857,-88.880,0.012,180.000
956702438.053519,66.687,15.00,-124.000,507.315,187.896,-88.936,0.011,180.000
956702438.120169,66.650,15.00,-124.078,507.193,187.934,-88.991,0.011,180.000
956702438.186828,66.659,15.00,-124.153,507.078,187.973,-89.045,0.011,180.000
956702438.253492,66.664,15.00,-124.233,506.957,188.014,-89.101,0.011,180.000
956702438.320158,66.666,15.00,-124.312,506.830,188.055,-89.158,0.011,180.000
956702438.386830,66.672,15.00,-124.387,506.719,188.096,-89.214,0.011,180.000
956702438.453494,66.664,15.00,-124.466,506.594,188.138,-89.272,0.011,180.000
956702438.520157,66.663,15.00,-124.546,506.472,188.179,-89.332,0.011,180.000
956702438.586836,66.679,15.00,-124.623,506.356,188.220,-89.390,0.011,180.000
956702438.653493,66.657,15.00,-124.704,506.233,188.262,-89.453,0.011,180.000
956702438.720156,66.663,15.00,-124.784,506.114,188.305,-89.514,0.011,180.000
956702438.788173,68.017,14.70,-124.863,505.991,188.347,-89.575,0.011,180.000
956702438.853493,65.320,15.31,-124.942,505.878,188.389,-89.637,0.012,180.000
956702438.920158,66.665,15.00,-125.023,505.755,188.434,-89.700,0.012,180.000
956702438.986853,66.695,14.99,-125.098,505.644,188.474,-89.761,0.012,180.000
956702439.053497,66.644,15.01,-125.174,505.530,188.513,-89.822,0.011,180.000
956702439.120206,66.709,14.99,-125.255,505.413,188.558,-89.888,0.011,179.999
956702439.186830,66.624,15.01,-125.332,505.300,188.600,-89.952,0.011,179.999
956702439.253493,66.663,15.00,-125.413,505.183,188.647,-90.020,0.012,179.999
956702439.320159,66.666,15.00,-125.494,505.066,188.694,-90.089,0.012,179.999
956702439.386851,66.692,14.99,-125.571,504.948,188.740,-90.157,0.012,179.999
956702439.453491,66.640,15.01,-125.653,504.836,188.788,-90.229,0.012,179.999
956702439.520160,66.669,15.00,-125.735,504.713,188.835,-90.303,0.011,179.999
956702439.586829,66.669,15.00,-125.812,504.596,188.887,-90.379,0.012,179.999
956702439.653493,66.664,15.00,-125.895,504.476,188.944,-90.459,0.012,179.999
956702439.720163,66.670,15.00,-125.972,504.360,188.998,-90.540,0.012,179.999
956702439.786828,66.665,15.00,-126.045,504.251,189.052,-90.619,0.012,179.999
956702439.853491,66.663,15.00,-126.116,504.140,189.112,-90.704,0.012,179.999
956702439.920162,66.671,15.00,-126.184,504.026,189.174,-90.795,0.012,179.999
956702439.986831,66.669,15.00,-126.243,503.924,189.236,-90.883,0.012,179.999
956702440.055490,68.659,14.56,-126.306,503.812,189.311,-90.986,0.012,179.999
956702440.120563,65.073,15.37,-126.360,503.696,189.388,-91.095,0.011,179.999
956702440.189217,68.654,14.57,-126.406,503.589,189.478,-91.213,0.011,179.999
956702440.253496,64.279,15.56,-126.441,503.482,189.573,-91.336,0.012,179.999
956702440.320162,66.666,15.00,-126.467,503.377,189.678,-91.471,0.011,179.999
956702440.386836,66.674,15.00,-126.476,503.283,189.786,-91.609,0.011,179.999
956702440.453496,66.660,15.00,-126.472,503.193,189.906,-91.757,0.011,179.999
956702440.520160,66.664,15.00,-126.455,503.112,190.032,-91.910,0.011,179.999
956702440.586829,66.669,15.00,-126.423,503.043,190.154,-92.059,0.011,179.999
956702440.653506,66.677,15.00,-126.376,502.983,190.285,-92.215,0.011,179.999
956702440.720164,66.658,15.00,-126.318,502.940,190.416,-92.369,0.011,179.999
956702440.786833,66.669,15.00,-126.248,502.910,190.537,-92.512,0.011,179.999
956702440.853494,66.661,15.00,-126.163,502.900,190.660,-92.652,0.011,179.999
956702440.920164,66.670,15.00,-126.065,502.905,190.772,-92.777,0.011,179.999
956702440.986837,66.673,15.00,-125.963,502.929,190.867,-92.878,0.011,179.999
956702441.053496,66.659,15.00,-125.851,502.972,190.955,-92.965,0.011,179.999
956702441.120162,66.666,15.00,-125.736,503.021,191.033,-93.038,0.011,179.999
956702441.186834,66.672,15.00,-125.623,503.072,191.099,-93.096,0.011,179.999
956702441.253495,66.661,15.00,-125.503,503.138,191.163,-93.148,0.011,179.999
956702441.320165,66.670,15.00,-125.382,503.201,191.219,-93.191,0.011,179.999
956702441.386832,66.667,15.00,-125.266,503.261,191.269,-93.228,0.011,179.999
956702441.453497,66.665,15.00,-125.143,503.331,191.319,-93.262,0.011,179.999
956702441.520164,66.667,15.00,-125.021,503.398,191.368,-93.293,0.011,179.999
956702441.586832,66.668,15.00,-124.904,503.468,191.413,-93.320,0.011,179.999
956702441.655514,68.682,14.56,-124.774,503.540,191.461,-93.348,0.011,179.999
956702441.720161,64.647,15.47,-124.653,503.604,191.506,-93.373,0.011,179.999
956702441.786834,66.673,15.00,-124.534,503.672,191.548,-93.396,0.011,179.999
956702441.853499,66.665,15.00,-124.412,503.745,191.592,-93.420,0.011,179.999
956702441.920168,66.669,15.00,-124.289,503.815,191.637,-93.444,0.011,179.999
956702441.986832,66.664,15.00,-124.167,503.880,191.683,-93.469,0.012,179.999
956702442.053495,66.663,15.00,-124.044,503.953,191.728,-93.494,0.012,179.999
956702442.120164,66.669,15.00,-123.921,504.019,191.775,-93.521,0.012,179.999
956702442.186837,66.673,15.00,-123.795,504.091,191.823,-93.551,0.012,179.999
956702442.253500,66.663,15.00,-123.680,504.152,191.872,-93.581,0.012,179.999
956702442.320166,66.666,15.00,-123.557,504.215,191.923,-93.617,0.012,179.999
956702442.386835,66.669,15.00,-123.440,504.276,191.977,-93.656,0.012,179.999
956702442.453498,66.663,15.00,-123.321,504.334,192.040,-93.704,0.012,179.999
956702442.520166,66.668,15.00,-123.201,504.394,192.108,-93.762,0.012,179.999
956702442.586832,66.666,15.00,-123.088,504.443,192.181,-93.828,0.013,179.999
956702442.653498,66.666,15.00,-122.976,504.483,192.262,-93.911,0.012,179.999
956702442.720168,66.670,15.00,-122.864,504.516,192.363,-94.014,0.012,179.999
956702442.786838,66.670,15.00,-122.770,504.533,192.467,-94.127,0.012,179.999
956702442.853497,66.659,15.00,-122.687,504.536,192.589,-94.262,0.012,179.999
956702442.920162,66.665,15.00,-122.624,504.515,192.725,-94.413,0.012,179.999
956702442.986834,66.672,15.00,-122.590,504.479,192.860,-94.565,0.012,179.999
956702443.053498,66.664,15.00,-122.579,504.428,192.991,-94.712,0.012,179.998
956702443.120163,66.665,15.00,-122.593,504.365,193.123,-94.863,0.012,179.998
956702443.186834,66.671,15.00,-122.625,504.293,193.246,-95.001,0.012,179.998
956702443.253498,66.664,15.00,-122.671,504.216,193.365,-95.136,0.012,179.998
956702443.320165,66.667,15.00,-122.729,504.133,193.478,-95.264,0.012,179.998
956702443.386835,66.670,15.00,-122.792,504.054,193.580,-95.381,0.012,179.998
956702443.453499,66.664,15.00,-122.864,503.975,193.683,-95.498,0.012,179.998
956702443.520164,66.665,15.00,-122.941,503.891,193.781,-95.611,0.012,179.998
956702443.586841,66.677,15.00,-123.020,503.809,193.874,-95.717,0.012,179.998
956702443.653501,66.660,15.00,-123.107,503.731,193.970,-95.827,0.012,179.998
956702443.720169,66.668,15.00,-123.194,503.651,194.063,-95.932,0.012,179.998
956702443.786836,66.667,15.00,-123.281,503.575,194.147,-96.029,0.012,179.998
956702443.853500,66.664,15.00,-123.373,503.502,194.232,-96.127,0.012,179.998
956702443.920168,66.668,15.00,-123.468,503.423,194.320,-96.226,0.012,179.998
956702443.986838,66.670,15.00,-123.562,503.348,194.400,-96.320,0.012,179.998
956702444.053504,66.666,15.00,-123.659,503.275,194.484,-96.417,0.011,179.998
956702444.120167,66.663,15.00,-123.759,503.200,194.569,-96.512,0.012,179.998
956702444.186840,66.673,15.00,-123.855,503.132,194.646,-96.601,0.012,179.998
956702444.253501,66.661,15.00,-123.952,503.060,194.723,-96.690,0.011,179.998
956702444.320164,66.663,15.00,-124.056,502.990,194.800,-96.779,0.011,179.998
956702444.386837,66.673,15.00,-124.158,502.915,194.879,-96.870,0.011,179.998
956702444.453499,66.662,15.00,-124.263,502.843,194.957,-96.960,0.011,179.998
956702444.520164,66.665,15.00,-124.369,502.772,195.037,-97.050,0.011,179.998
956702444.586837,66.673,15.00,-124.471,502.707,195.113,-97.135,0.011,179.998
956702444.653501,66.664,15.00,-124.577,502.636,195.190,-97.225,0.011,179.998
956702444.720167,66.666,15.00,-124.685,502.570,195.269,-97.314,0.011,179.998
956702444.786838,66.671,15.00,-124.789,502.503,195.344,-97.400,0.011,179.998
956702444.853500,66.662,15.00,-124.897,502.439,195.425,-97.490,0.011,179.998
956702444.920170,66.670,15.00,-125.005,502.378,195.504,-97.581,0.011,179.998
956702444.986840,66.670,15.00,-125.109,502.316,195.583,-97.668,0.011,179.998
956702445.053501,66.661,15.00,-125.219,502.254,195.666,-97.760,0.011,179.998
956702445.120168,66.667,15.00,-125.330,502.194,195.747,-97.852,0.011,179.998
956702445.186860,66.692,14.99,-125.434,502.139,195.826,-97.941,0.011,179.998
956702445.253504,66.644,15.01,-125.544,502.084,195.909,-98.035,0.011,179.998
956702445.320169,66.665,15.00,-125.655,502.027,195.996,-98.130,0.011,179.998
956702445.386834,66.665,15.00,-125.761,501.977,196.078,-98.222,0.011,179.998
956702445.453500,66.666,15.00,-125.872,501.925,196.163,-98.319,0.011,179.998
956702445.520166,66.666,15.00,-125.982,501.873,196.252,-98.417,0.011,179.998
956702445.586836,66.670,15.00,-126.089,501.827,196.338,-98.514,0.011,179.998
956702445.653499,66.663,15.00,-126.202,501.779,196.431,-98.618,0.011,179.998
956702445.720168,66.669,15.00,-126.311,501.737,196.522,-98.720,0.011,179.998
956702445.786837,66.669,15.00,-126.416,501.698,196.611,-98.820,0.011,179.998
956702445.853504,66.667,15.00,-126.525,501.662,196.705,-98.925,0.011,179.998
956702445.920167,66.663,15.00,-126.635,501.627,196.801,-99.032,0.011,179.998
956702445.986840,66.673,15.00,-126.740,501.597,196.895,-99.137,0.011,179.998
956702446.053503,66.663,15.00,-126.850,501.566,196.997,-99.251,0.011,179.998
956702446.120169,66.666,15.00,-126.955,501.538,197.099,-99.363,0.011,179.998
956702446.186837,66.668,15.00,-127.057,501.514,197.197,-99.472,0.011,179.998
956702446.253504,66.667,15.00,-127.161,501.493,197.301,-99.588,0.011,179.998
956702446.320172,66.668,15.00,-127.265,501.473,197.406,-99.706,0.011,179.998
956702446.386836,66.664,15.00,-127.363,501.457,197.509,-99.821,0.011,179.998
956702446.453500,66.664,15.00,-127.463,501.443,197.618,-99.942,0.011,179.998
956702446.520167,66.667,15.00,-127.561,501.432,197.729,-100.066,0.011,179.997
956702446.586837,66.670,15.00,-127.655,501.424,197.840,-100.187,0.011,179.997
956702446.653502,66.665,15.00,-127.750,501.418,197.950,-100.312,0.011,179.997
956702446.720170,66.668,15.00,-127.836,501.420,198.058,-100.433,0.010,179.997
956702446.786838,66.668,15.00,-127.923,501.424,198.170,-100.559,0.010,179.997
956702446.853499,66.661,15.00,-128.012,501.428,198.290,-100.692,0.010,179.997
956702446.920170,66.671,15.00,-128.099,501.443,198.410,-100.827,0.010,179.997
956702446.986837,66.667,15.00,-128.180,501.456,198.526,-100.958,0.010,179.997
956702447.053503,66.666,15.00,-128.261,501.470,198.649,-101.096,0.010,179.997
956702447.120167,66.664,15.00,-128.341,501.496,198.772,-101.236,0.010,179.997
956702447.186836,66.669,15.00,-128.415,501.523,198.894,-101.372,0.010,179.997
956702447.253500,66.664,15.00,-128.491,501.554,199.023,-101.518,0.010,179.997
956702447.320167,66.667,15.00,-128.561,501.589,199.151,-101.663,0.010,179.997
956702447.386839,66.672,15.00,-128.629,501.628,199.277,-101.807,0.010,179.997
956702447.453502,66.663,15.00,-128.695,501.667,199.409,-101.957,0.010,179.997
956702447.520171,66.669,15.00,-128.757,501.713,199.536,-102.102,0.010,179.997
956702447.586838,66.667,15.00,-128.816,501.758,199.658,-102.240,0.010,179.997
956702447.653506,66.668,15.00,-128.872,501.801,199.780,-102.382,0.010,179.997
956702447.720168,66.662,15.00,-128.928,501.854,199.910,-102.530,0.010,179.997
956702447.786837,66.669,15.00,-128.981,501.911,200.037,-102.677,0.010,179.997
956702447.853499,66.662,15.00,-129.031,501.963,200.168,-102.829,0.010,179.997
956702447.920167,66.668,15.00,-129.083,502.028,200.297,-102.977,0.010,179.997
956702447.986839,66.672,15.00,-129.127,502.083,200.422,-103.123,0.009,179.997
956702448.053501,66.662,15.00,-129.172,502.146,200.546,-103.270,0.009,179.997
956702448.120169,66.668,15.00,-129.215,502.212,200.674,-103.418,0.010,179.997
956702448.186841,66.672,15.00,-129.256,502.275,200.795,-103.559,0.010,179.997
956702448.253500,66.659,15.00,-129.297,502.344,200.920,-103.705,0.010,179.997
956702448.320169,66.669,15.00,-129.334,502.403,201.037,-103.845,0.010,179.997
956702448.386838,66.669,15.00,-129.368,502.468,201.148,-103.977,0.009,179.997
956702448.453503,66.665,15.00,-129.405,502.535,201.272,-104.124,0.009,179.997
956702448.520169,66.666,15.00,-129.441,502.609,201.398,-104.273,0.010,179.997
956702448.586838,66.669,15.00,-129.476,502.682,201.521,-104.419,0.010,179.997
956702448.653504,66.666,15.00,-129.509,502.756,201.645,-104.566,0.010,179.997
956702448.720173,66.669,15.00,-129.542,502.831,201.768,-104.715,0.009,179.997
956702448.786839,66.666,15.00,-129.574,502.907,201.890,-104.860,0.009,179.997
956702448.853505,66.666,15.00,-129.605,502.983,202.011,-105.007,0.009,179.997
956702448.920168,66.663,15.00,-129.634,503.063,202.134,-105.156,0.009,179.997
956702448.986839,66.671,15.00,-129.664,503.139,202.252,-105.300,0.009,179.997
956702449.053503,66.664,15.00,-129.691,503.216,202.370,-105.440,0.009,179.997
956702449.120167,66.664,15.00,-129.716,503.294,202.488,-105.584,0.009,179.997
956702449.186841,66.674,15.00,-129.744,503.373,202.608,-105.729,0.009,179.997
956702449.253506,66.665,15.00,-129.769,503.453,202.726,-105.873,0.009,179.997
956702449.320173,66.667,15.00,-129.792,503.532,202.839,-106.010,0.009,179.997
956702449.386840,66.667,15.00,-129.816,503.612,202.955,-106.150,0.009,179.997
956702449.453508,66.668,15.00,-129.839,503.695,203.075,-106.297,0.009,179.997
956702449.520171,66.663,15.00,-129.863,503.778,203.195,-106.443,0.009,179.997
956702449.586841,66.670,15.00,-129.884,503.858,203.310,-106.583,0.009,179.997
956702449.653505,66.664,15.00,-129.906,503.943,203.432,-106.731,0.009,179.997
956702449.720172,66.667,15.00,-129.928,504.040,203.567,-106.898,0.009,179.997
956702449.786843,66.671,15.00,-129.947,504.112,203.669,-107.023,0.009,179.997
956702449.853509,66.666,15.00,-129.966,504.197,203.789,-107.169,0.009,179.997
956702449.920170,66.661,15.00,-129.986,504.283,203.908,-107.313,0.009,179.997
956702449.986840,66.670,15.00,-130.005,504.364,204.022,-107.450,0.009,179.997
956702450.053507,66.667,15.00,-130.025,504.449,204.141,-107.593,0.009,179.997
956702450.120172,66.665,15.00,-130.044,504.535,204.261,-107.735,0.009,179.997
956702450.186838,66.666,15.00,-130.064,504.616,204.375,-107.870,0.009,179.997
956702450.253507,66.669,15.00,-130.083,504.699,204.495,-108.009,0.009,179.997
956702450.320172,66.665,15.00,-130.103,504.783,204.614,-108.148,0.008,179.997
956702450.386839,66.667,15.00,-130.122,504.862,204.729,-108.281,0.008,179.997
956702450.453506,66.667,15.00,-130.143,504.945,204.850,-108.417,0.008,179.997
956702450.520172,66.666,15.00,-130.165,505.028,204.971,-108.553,0.008,179.997
956702450.586842,66.670,15.00,-130.184,505.107,205.086,-108.683,0.008,179.997
956702450.653508,66.666,15.00,-130.206,505.189,205.206,-108.817,0.008,179.997
956702450.720171,66.663,15.00,-130.227,505.270,205.328,-108.950,0.008,179.997
956702450.786842,66.671,15.00,-130.248,505.347,205.444,-109.077,0.008,179.997
956702450.853502,66.660,15.00,-130.272,505.427,205.566,-109.208,0.008,179.997
956702450.920172,66.670,15.00,-130.295,505.506,205.688,-109.338,0.008,179.997
956702450.986842,66.670,15.00,-130.318,505.582,205.806,-109.462,0.008,179.997
956702451.053508,66.666,15.00,-130.344,505.660,205.930,-109.590,0.008,179.997
956702451.120172,66.664,15.00,-130.369,505.739,206.054,-109.718,0.008,179.997
956702451.186840,66.668,15.00,-130.394,505.813,206.174,-109.839,0.008,179.997
956702451.253514,66.674,15.00,-130.422,505.889,206.296,-109.964,0.008,179.997
956702451.320171,66.657,15.00,-130.451,505.958,206.423,-110.088,0.008,179.996
956702451.386844,66.673,15.00,-130.480,506.032,206.542,-110.206,0.008,179.997
956702451.453505,66.661,15.00,-130.509,506.099,206.668,-110.327,0.008,179.997
956702451.520172,66.667,15.00,-130.541,506.169,206.794,-110.448,0.008,179.997
956702451.586842,66.670,15.00,-130.570,506.239,206.916,-110.562,0.008,179.997
956702451.653510,66.668,15.00,-130.601,506.306,207.040,-110.678,0.008,179.996
956702451.720173,66.663,15.00,-130.630,506.372,207.159,-110.787,0.008,179.996
956702451.786839,66.666,15.00,-130.661,506.433,207.282,-110.897,0.008,179.996
956702451.853506,66.667,15.00,-130.692,506.502,207.408,-111.010,0.008,179.997
956702451.920171,66.665,15.00,-130.723,506.566,207.537,-111.121,0.008,179.997
956702451.986845,66.674,15.00,-130.752,506.631,207.661,-111.226,0.008,179.996
956702452.053509,66.664,15.00,-130.783,506.699,207.791,-111.333,0.008,179.996
956702452.120175,66.666,15.00,-130.812,506.767,207.918,-111.438,0.008,179.996
956702452.186845,66.670,15.00,-130.839,506.835,208.042,-111.536,0.008,179.996
956702452.253503,66.658,15.00,-130.864,506.900,208.170,-111.635,0.008,179.996
956702452.320174,66.671,15.00,-130.887,506.968,208.297,-111.731,0.007,179.997
956702452.386849,66.675,15.00,-130.906,507.039,208.425,-111.823,0.008,179.996
956702452.453506,66.657,15.00,-130.920,507.109,208.548,-111.910,0.008,179.996
956702452.520177,66.671,15.00,-130.931,507.185,208.676,-111.995,0.008,179.996
956702452.586843,66.666,15.00,-130.938,507.263,208.799,-112.074,0.008,179.996
956702452.653504,66.661,15.00,-130.937,507.343,208.920,-112.147,0.008,179.996
956702452.720170,66.666,15.00,-130.929,507.420,209.042,-112.216,0.008,179.996
956702452.786846,66.676,15.00,-130.915,507.500,209.158,-112.276,0.008,179.996
956702452.853507,66.661,15.00,-130.891,507.583,209.271,-112.331,0.008,179.996
956702452.920173,66.666,15.00,-130.861,507.673,209.385,-112.380,0.008,179.996
956702452.986846,66.673,15.00,-130.822,507.760,209.491,-112.421,0.008,179.996
956702453.053509,66.663,15.00,-130.777,507.849,209.595,-112.457,0.008,179.996
956702453.120175,66.666,15.00,-130.726,507.939,209.688,-112.485,0.007,179.996
956702453.186844,66.669,15.00,-130.669,508.023,209.782,-112.508,0.008,179.996
956702453.253509,66.665,15.00,-130.603,508.118,209.878,-112.526,0.008,179.996
956702453.320174,66.665,15.00,-130.531,508.209,209.968,-112.541,0.008,179.996
956702453.386843,66.669,15.00,-130.459,508.299,210.050,-112.550,0.008,179.996
956702453.453509,66.666,15.00,-130.381,508.392,210.135,-112.557,0.008,179.996
956702453.520178,66.669,15.00,-130.301,508.479,210.219,-112.560,0.008,179.996
956702453.586844,66.666,15.00,-130.220,508.566,210.297,-112.561,0.008,179.996
956702453.653504,66.660,15.00,-130.136,508.656,210.375,-112.560,0.008,179.996
956702453.720172,66.668,15.00,-130.049,508.747,210.456,-112.557,0.008,179.996
956702453.786844,66.672,15.00,-129.964,508.832,210.533,-112.553,0.008,179.996
956702453.853506,66.662,15.00,-129.875,508.917,210.612,-112.547,0.008,179.996
956702453.920173,66.667,15.00,-129.786,509.003,210.691,-112.541,0.008,179.996
956702453.986845,66.672,15.00,-129.701,509.088,210.767,-112.534,0.008,179.996
956702454.053507,66.662,15.00,-129.611,509.167,210.848,-112.526,0.007,179.996
956702454.120175,66.668,15.00,-129.522,509.252,210.933,-112.518,0.008,179.996
956702454.186844,66.669,15.00,-129.437,509.334,211.016,-112.511,0.008,179.996
956702454.253510,66.666,15.00,-129.349,509.412,211.102,-112.503,0.008,179.996
956702454.320174,66.664,15.00,-129.261,509.492,211.191,-112.495,0.008,179.996
956702454.386843,66.669,15.00,-129.180,509.569,211.279,-112.488,0.008,179.996
956702454.453509,66.666,15.00,-129.094,509.644,211.375,-112.481,0.008,179.996
956702454.520173,66.664,15.00,-129.011,509.721,211.471,-112.476,0.008,179.996
956702454.586849,66.676,15.00,-128.933,509.786,211.568,-112.471,0.008,179.996
956702454.653510,66.661,15.00,-128.853,509.858,211.673,-112.467,0.008,179.996
956702454.720176,66.666,15.00,-128.777,509.924,211.782,-112.465,0.008,179.996
956702454.786844,66.668,15.00,-128.709,509.989,211.886,-112.464,0.008,179.996
956702454.853511,66.667,15.00,-128.640,510.055,212.002,-112.464,0.008,179.996
956702454.920175,66.664,15.00,-128.574,510.114,212.120,-112.467,0.008,179.996
956702454.986844,66.669,15.00,-128.514,510.167,212.236,-112.471,0.008,179.996
956702455.053510,66.666,15.00,-128.456,510.223,212.361,-112.477,0.008,179.996
956702455.120172,66.662,15.00,-128.403,510.272,212.489,-112.485,0.008,179.996
956702455.186847,66.675,15.00,-128.357,510.319,212.616,-112.494,0.008,179.996
956702455.253510,66.663,15.00,-128.311,510.361,212.753,-112.507,0.008,179.996
956702455.320177,66.667,15.00,-128.271,510.400,212.890,-112.521,0.008,179.996
956702455.386842,66.665,15.00,-128.237,510.431,213.024,-112.537,0.008,179.996
956702455.453508,66.666,15.00,-128.208,510.466,213.165,-112.555,0.008,179.996
956702455.520175,66.667,15.00,-128.180,510.495,213.308,-112.575,0.008,179.996
956702455.586844,66.669,15.00,-128.158,510.518,213.447,-112.597,0.008,179.996
956702455.653510,66.666,15.00,-128.141,510.545,213.593,-112.620,0.008,179.996
956702455.720176,66.666,15.00,-128.125,510.566,213.737,-112.646,0.008,179.996
956702455.786905,66.729,14.99,-128.116,510.583,213.878,-112.671,0.008,179.996
956702455.853509,66.604,15.01,-128.106,510.596,214.026,-112.698,0.008,179.996
956702455.920175,66.666,15.00,-128.100,510.609,214.174,-112.727,0.008,179.996
956702455.986847,66.672,15.00,-128.097,510.619,214.317,-112.755,0.008,179.996
956702456.053511,66.664,15.00,-128.093,510.627,214.464,-112.785,0.008,179.996
956702456.120177,66.666,15.00,-128.091,510.634,214.613,-112.815,0.008,179.996
956702456.186848,66.671,15.00,-128.090,510.640,214.756,-112.844,0.008,179.996
956702456.253508,66.660,15.00,-128.088,510.646,214.904,-112.875,0.008,179.996
956702456.320182,66.674,15.00,-128.086,510.650,215.051,-112.906,0.008,179.996
956702456.386849,66.667,15.00,-128.084,510.661,215.193,-112.936,0.008,179.996
956702456.453512,66.663,15.00,-128.083,510.668,215.334,-112.965,0.008,179.996
956702456.520175,66.663,15.00,-128.081,510.673,215.483,-112.996,0.008,179.996
956702456.586846,66.671,15.00,-128.077,510.680,215.626,-113.024,0.008,179.996
956702456.653515,66.669,15.00,-128.073,510.687,215.775,-113.054,0.008,179.996
956702456.720175,66.660,15.00,-128.067,510.695,215.924,-113.084,0.008,179.996
956702456.786848,66.673,15.00,-128.061,510.701,216.067,-113.111,0.008,179.996
956702456.853510,66.662,15.00,-128.053,510.708,216.215,-113.140,0.008,179.996
956702456.920177,66.667,15.00,-128.045,510.715,216.363,-113.169,0.008,179.996
956702456.986853,66.676,15.00,-128.037,510.720,216.504,-113.196,0.008,179.996
956702457.053512,66.659,15.00,-128.029,510.725,216.654,-113.225,0.008,179.996
956702457.120177,66.665,15.00,-128.023,510.729,216.802,-113.254,0.008,179.996
956702457.186846,66.669,15.00,-128.019,510.731,216.944,-113.283,0.008,179.996
956702457.253513,66.667,15.00,-128.017,510.731,217.092,-113.314,0.008,179.996
956702457.320208,66.695,14.99,-128.017,510.728,217.242,-113.346,0.008,179.996
956702457.386853,66.645,15.00,-128.019,510.724,217.385,-113.377,0.008,179.996
956702457.453510,66.657,15.00,-128.023,510.718,217.540,-113.412,0.008,179.996
956702457.520180,66.670,15.00,-128.028,510.710,217.683,-113.445,0.008,179.996
956702457.586850,66.670,15.00,-128.034,510.702,217.826,-113.478,0.008,179.996
956702457.653513,66.663,15.00,-128.042,510.693,217.969,-113.512,0.008,179.996
956702457.720177,66.664,15.00,-128.050,510.683,218.117,-113.548,0.008,179.996
956702457.786848,66.671,15.00,-128.058,510.673,218.259,-113.583,0.008,179.996
956702457.853511,66.663,15.00,-128.066,510.663,218.408,-113.620,0.008,179.996
956702457.920176,66.665,15.00,-128.073,510.646,218.557,-113.657,0.008,179.996
956702457.986848,66.672,15.00,-128.081,510.632,218.698,-113.692,0.008,179.996
956702458.053513,66.665,15.00,-128.088,510.620,218.847,-113.729,0.008,179.996
956702458.120179,66.666,15.00,-128.096,510.607,218.996,-113.766,0.008,179.996
956702458.186846,66.667,15.00,-128.102,510.595,219.138,-113.802,0.008,179.996
956702458.253515,66.669,15.00,-128.107,510.582,219.286,-113.839,0.008,179.996
956702458.320177,66.662,15.00,-128.111,510.573,219.435,-113.877,0.008,179.996
956702458.386845,66.668,15.00,-128.115,510.562,219.579,-113.912,0.008,179.996
956702458.453511,66.666,15.00,-128.118,510.551,219.727,-113.949,0.008,179.996
956702458.520178,66.667,15.00,-128.120,510.544,219.876,-113.987,0.008,179.996
956702458.586849,66.671,15.00,-128.121,510.527,220.019,-114.023,0.008,179.996
956702458.653508,66.659,15.00,-128.121,510.516,220.172,-114.061,0.008,179.996
956702458.720182,66.674,15.00,-128.120,510.505,220.327,-114.099,0.008,179.996
956702458.786850,66.668,15.00,-128.117,510.494,220.462,-114.133,0.008,179.996
956702458.853510,66.660,15.00,-128.115,510.485,220.608,-114.170,0.008,179.996
956702458.920180,66.670,15.00,-128.110,510.477,220.755,-114.205,0.008,179.996
956702458.986846,66.666,15.00,-128.105,510.468,220.896,-114.241,0.007,179.996
956702459.053515,66.669,15.00,-128.098,510.453,221.050,-114.279,0.007,179.996
956702459.120178,66.663,15.00,-128.091,510.443,221.199,-114.316,0.008,179.996
956702459.186852,66.674,15.00,-128.085,510.435,221.340,-114.351,0.008,179.996
956702459.253516,66.664,15.00,-128.076,510.425,221.488,-114.387,0.007,179.996
956702459.320177,66.661,15.00,-128.065,510.418,221.640,-114.424,0.008,179.996
956702459.386847,66.670,15.00,-128.056,510.410,221.788,-114.461,0.008,179.996
956702459.453516,66.669,15.00,-128.047,510.402,221.940,-114.499,0.008,179.996
956702459.520183,66.667,15.00,-128.034,510.394,222.089,-114.536,0.007,179.996
956702459.586849,66.666,15.00,-128.023,510.386,222.230,-114.572,0.007,179.996
956702459.653514,66.665,15.00,-128.013,510.381,222.379,-114.609,0.007,179.996
956702459.720180,66.666,15.00,-128.001,510.368,222.527,-114.647,0.007,179.996
956702459.786849,66.669,15.00,-127.990,510.359,222.670,-114.683,0.007,179.996
956702459.853511,66.662,15.00,-127.979,510.349,222.817,-114.721,0.007,179.996
956702459.920177,66.666,15.00,-127.968,510.340,222.965,-114.759,0.007,179.996
956702459.986849,66.672,15.00,-127.957,510.332,223.108,-114.795,0.008,179.996
956702460.053513,66.664,15.00,-127.946,510.322,223.256,-114.834,0.007,179.996
956702460.120182,66.669,15.00,-127.937,510.307,223.393,-114.870,0.007,179.996
956702460.186850,66.668,15.00,-127.928,510.298,223.501,-114.898,0.007,179.996
956702460.253519,66.669,15.00,-127.917,510.288,223.649,-114.938,0.007,179.996
956702460.320181,66.662,15.00,-127.906,510.277,223.797,-114.978,0.007,179.996
956702460.386850,66.669,15.00,-127.897,510.266,223.944,-115.018,0.007,179.996
956702460.453513,66.663,15.00,-127.888,510.255,224.088,-115.057,0.007,179.996
956702460.520181,66.668,15.00,-127.877,510.244,224.237,-115.098,0.007,179.996
956702460.586849,66.668,15.00,-127.868,510.232,224.377,-115.138,0.007,179.996
956702460.653513,66.664,15.00,-127.859,510.215,224.525,-115.180,0.007,179.996
956702460.720182,66.669,15.00,-127.850,510.203,224.676,-115.222,0.007,179.996
956702460.786849,66.667,15.00,-127.841,510.190,224.818,-115.263,0.007,179.996
956702460.853517,66.668,15.00,-127.832,510.178,224.964,-115.305,0.007,179.996
956702460.920179,66.662,15.00,-127.825,510.160,225.102,-115.346,0.008,179.996
956702460.986852,66.673,15.00,-127.817,510.144,225.244,-115.388,0.007,179.996
956702461.053512,66.660,15.00,-127.810,510.129,225.391,-115.432,0.007,179.996
956702461.120179,66.667,15.00,-127.803,510.113,225.540,-115.477,0.007,179.996
956702461.186852,66.673,15.00,-127.798,510.099,225.682,-115.522,0.007,179.996
956702461.253517,66.665,15.00,-127.793,510.083,225.836,-115.569,0.008,179.996
956702461.320181,66.664,15.00,-127.788,510.061,225.985,-115.616,0.007,179.996
956702461.386851,66.670,15.00,-127.785,510.042,226.129,-115.662,0.007,179.996
956702461.453516,66.665,15.00,-127.782,510.024,226.274,-115.708,0.007,179.996
956702461.520179,66.663,15.00,-127.779,510.007,226.407,-115.752,0.007,179.996
956702461.586850,66.671,15.00,-127.775,509.985,226.550,-115.798,0.007,179.996
956702461.653513,66.663,15.00,-127.774,509.964,226.698,-115.847,0.007,179.996
956702461.720182,66.669,15.00,-127.773,509.944,226.841,-115.894,0.007,179.996
956702461.786850,66.668,15.00,-127.772,509.927,226.969,-115.938,0.007,179.996
956702461.853531,66.681,15.00,-127.773,509.908,227.116,-115.988,0.007,179.996
956702461.920180,66.649,15.00,-127.774,509.882,227.263,-116.039,0.007,179.996
956702461.986849,66.669,15.00,-127.775,509.861,227.403,-116.088,0.007,179.996
956702462.053517,66.668,15.00,-127.776,509.840,227.552,-116.140,0.007,179.996
956702462.120181,66.664,15.00,-127.778,509.812,227.699,-116.192,0.007,179.996
956702462.186853,66.672,15.00,-127.781,509.790,227.842,-116.243,0.007,179.996
956702462.253518,66.665,15.00,-127.784,509.768,227.987,-116.296,0.007,179.996
956702462.320183,66.665,15.00,-127.789,509.743,228.134,-116.350,0.007,179.996
956702462.386851,66.668,15.00,-127.794,509.722,228.275,-116.401,0.007,179.996
956702462.453512,66.661,15.00,-127.799,509.693,228.423,-116.456,0.007,179.996
956702462.520182,66.670,15.00,-127.804,509.669,228.567,-116.511,0.007,179.996
956702462.586849,66.667,15.00,-127.809,509.646,228.710,-116.564,0.007,179.996
956702462.653516,66.667,15.00,-127.816,509.615,228.856,-116.620,0.007,179.996
956702462.720185,66.669,15.00,-127.823,509.590,229.005,-116.676,0.007,179.996
956702462.786851,66.666,15.00,-127.830,509.567,229.145,-116.731,0.007,179.996
956702462.853519,66.668,15.00,-127.837,509.542,229.292,-116.788,0.007,179.996
956702462.920184,66.665,15.00,-127.844,509.512,229.439,-116.846,0.007,179.996
956702462.986853,66.669,15.00,-127.851,509.486,229.577,-116.902,0.007,179.996
956702463.053513,66.660,15.00,-127.860,509.460,229.724,-116.960,0.007,179.996
956702463.120183,66.670,15.00,-127.869,509.429,229.870,-117.019,0.007,179.996
956702463.186847,66.664,15.00,-127.878,509.404,230.012,-117.076,0.007,179.996
956702463.253517,66.670,15.00,-127.887,509.378,230.156,-117.135,0.007,179.996
956702463.320182,66.665,15.00,-127.896,509.352,230.303,-117.196,0.007,179.996
956702463.386857,66.675,15.00,-127.905,509.329,230.444,-117.254,0.007,179.996
956702463.453519,66.662,15.00,-127.916,509.297,230.591,-117.315,0.007,179.996
956702463.520183,66.664,15.00,-127.927,509.271,230.735,-117.376,0.007,179.996
956702463.586850,66.667,15.00,-127.938,509.245,230.874,-117.435,0.007,179.996
956702463.653513,66.663,15.00,-127.949,509.215,231.022,-117.497,0.007,179.996
956702463.720181,66.668,15.00,-127.960,509.187,231.165,-117.559,0.007,179.996
956702463.786853,66.672,15.00,-127.971,509.162,231.305,-117.619,0.007,179.996
956702463.853519,66.666,15.00,-127.982,509.137,231.453,-117.682,0.007,179.996
956702463.920182,66.663,15.00,-127.993,509.106,231.600,-117.745,0.007,179.996
956702463.986854,66.672,15.00,-128.004,509.081,231.741,-117.806,0.007,179.996
956702464.053520,66.666,15.00,-128.017,509.053,231.887,-117.870,0.007,179.996
956702464.120187,66.667,15.00,-128.030,509.022,232.035,-117.934,0.007,179.996
956702464.186856,66.669,15.00,-128.041,508.994,232.173,-117.996,0.007,179.996
956702464.253517,66.661,15.00,-128.055,508.969,232.318,-118.059,0.007,179.996
956702464.320183,66.666,15.00,-128.066,508.944,232.451,-118.119,0.007,179.996
956702464.386851,66.668,15.00,-128.077,508.916,232.583,-118.178,0.007,179.996
956702464.453519,66.668,15.00,-128.090,508.889,232.728,-118.243,0.007,179.996
956702464.520186,66.667,15.00,-128.103,508.862,232.875,-118.309,0.007,179.996
956702464.586853,66.667,15.00,-128.116,508.831,233.015,-118.373,0.007,179.996
956702464.653516,66.663,15.00,-128.129,508.803,233.162,-118.439,0.007,179.996
956702464.720181,66.665,15.00,-128.142,508.777,233.307,-118.506,0.007,179.996
956702464.786853,66.672,15.00,-128.155,508.751,233.448,-118.570,0.007,179.996
956702464.853515,66.662,15.00,-128.169,508.726,233.594,-118.637,0.007,179.996
956702464.920186,66.671,15.00,-128.182,508.697,233.740,-118.704,0.007,179.996
956702464.986851,66.665,15.00,-128.195,508.672,233.874,-118.766,0.007,179.996
956702465.053519,66.668,15.00,-128.208,508.646,234.019,-118.835,0.007,179.996
956702465.120182,66.663,15.00,-128.221,508.616,234.167,-118.903,0.007,179.996
956702465.186851,66.669,15.00,-128.234,508.590,234.305,-118.968,0.006,179.996
956702465.253518,66.667,15.00,-128.248,508.565,234.452,-119.037,0.007,179.996
956702465.320184,66.666,15.00,-128.261,508.541,234.599,-119.106,0.007,179.996
956702465.386853,66.669,15.00,-128.276,508.510,234.738,-119.171,0.007,179.996
956702465.453516,66.663,15.00,-128.291,508.483,234.882,-119.240,0.006,179.996
956702465.520181,66.665,15.00,-128.306,508.458,235.030,-119.309,0.006,179.996
956702465.586855,66.674,15.00,-128.318,508.436,235.168,-119.375,0.006,179.996
956702465.653516,66.661,15.00,-128.333,508.407,235.306,-119.440,0.007,179.996
956702465.720184,66.668,15.00,-128.348,508.380,235.449,-119.509,0.006,179.996
956702465.786855,66.671,15.00,-128.361,508.356,235.590,-119.577,0.006,179.996
956702465.853518,66.663,15.00,-128.377,508.333,235.736,-119.646,0.006,179.996
956702465.920184,66.666,15.00,-128.392,508.308,235.882,-119.716,0.006,179.996
956702465.986853,66.669,15.00,-128.405,508.280,236.019,-119.784,0.006,179.996
956702466.053518,66.665,15.00,-128.420,508.255,236.167,-119.854,0.006,179.996
956702466.120184,66.666,15.00,-128.436,508.230,236.312,-119.925,0.006,179.996
956702466.186857,66.673,15.00,-128.449,508.203,236.455,-119.993,0.006,179.996
956702466.253521,66.664,15.00,-128.462,508.178,236.597,-120.062,0.006,179.996
956702466.320186,66.665,15.00,-128.477,508.155,236.733,-120.128,0.006,179.996
956702466.386852,66.666,15.00,-128.491,508.133,236.876,-120.197,0.006,179.996
956702466.453520,66.668,15.00,-128.506,508.109,237.028,-120.271,0.006,179.996
956702466.520185,66.665,15.00,-128.521,508.081,237.173,-120.342,0.006,179.996
956702466.586853,66.668,15.00,-128.535,508.058,237.315,-120.410,0.006,179.996
956702466.653516,66.663,15.00,-128.550,508.034,237.461,-120.482,0.006,179.996
956702466.720185,66.669,15.00,-128.565,508.008,237.609,-120.553,0.007,179.996
956702466.786854,66.669,15.00,-128.578,507.984,237.750,-120.621,0.006,179.996
956702466.853516,66.662,15.00,-128.594,507.960,237.894,-120.693,0.006,179.996
956702466.920188,66.672,15.00,-128.609,507.935,238.041,-120.765,0.006,179.996
956702466.986857,66.669,15.00,-128.623,507.914,238.179,-120.833,0.006,179.996
956702467.053524,66.667,15.00,-128.640,507.892,238.323,-120.902,0.006,179.996
956702467.120185,66.661,15.00,-128.655,507.866,238.471,-120.974,0.006,179.996
956702467.186854,66.669,15.00,-128.671,507.842,238.615,-121.045,0.006,179.996
956702467.253520,66.666,15.00,-128.686,507.820,238.764,-121.117,0.007,179.996
956702467.320185,66.665,15.00,-128.701,507.792,238.910,-121.189,0.007,179.996
956702467.386860,66.675,15.00,-128.717,507.769,239.052,-121.258,0.007,179.996
956702467.453518,66.658,15.00,-128.732,507.744,239.202,-121.332,0.006,179.996
956702467.520184,66.666,15.00,-128.747,507.721,239.348,-121.404,0.006,179.996
956702467.586856,66.672,15.00,-128.763,507.701,239.490,-121.473,0.007,179.995
956702467.653524,66.668,15.00,-128.778,507.678,239.636,-121.545,0.006,179.995
956702467.720185,66.661,15.00,-128.793,507.653,239.783,-121.617,0.006,179.995
956702467.786856,66.671,15.00,-128.807,507.631,239.923,-121.686,0.006,179.995
956702467.853517,66.661,15.00,-128.822,507.610,240.071,-121.757,0.007,179.995
956702467.920227,66.710,14.99,-128.838,507.585,240.218,-121.829,0.007,179.995
956702467.986861,66.634,15.01,-128.851,507.561,240.357,-121.898,0.006,179.996
956702468.053520,66.659,15.00,-128.866,507.540,240.502,-121.970,0.006,179.996
956702468.120184,66.664,15.00,-128.880,507.518,240.647,-122.040,0.006,179.996
956702468.186855,66.671,15.00,-128.895,507.499,240.779,-122.105,0.006,179.995
956702468.253518,66.663,15.00,-128.911,507.477,240.927,-122.176,0.006,179.995
956702468.320188,66.670,15.00,-128.926,507.451,241.073,-122.248,0.006,179.995
956702468.386855,66.667,15.00,-128.939,507.430,241.214,-122.317,0.007,179.995
956702468.453521,66.666,15.00,-128.955,507.407,241.361,-122.388,0.007,179.995
956702468.520188,66.667,15.00,-128.968,507.388,241.510,-122.460,0.007,179.995
956702468.586856,66.668,15.00,-128.983,507.362,241.654,-122.529,0.007,179.995
956702468.653520,66.664,15.00,-128.997,507.339,241.803,-122.603,0.007,179.995
956702468.720186,66.666,15.00,-129.012,507.316,241.952,-122.675,0.007,179.995
956702468.786857,66.671,15.00,-129.026,507.296,242.098,-122.746,0.007,179.995
956702468.853523,66.666,15.00,-129.037,507.276,242.244,-122.817,0.007,179.995
956702468.920189,66.666,15.00,-129.050,507.250,242.390,-122.888,0.007,179.995
956702468.986859,66.670,15.00,-129.063,507.230,242.531,-122.956,0.007,179.995
956702469.053523,66.664,15.00,-129.077,507.208,242.675,-123.026,0.007,179.995
956702469.120186,66.663,15.00,-129.088,507.189,242.814,-123.093,0.007,179.995
956702469.186859,66.673,15.00,-129.102,507.169,242.955,-123.161,0.007,179.995
956702469.253518,66.659,15.00,-129.115,507.143,243.101,-123.231,0.007,179.995
956702469.320187,66.669,15.00,-129.128,507.122,243.249,-123.303,0.007,179.995
956702469.386859,66.672,15.00,-129.142,507.101,243.395,-123.373,0.007,179.995
956702469.453518,66.659,15.00,-129.153,507.082,243.542,-123.443,0.007,179.995
956702469.520188,66.670,15.00,-129.164,507.062,243.689,-123.514,0.006,179.995
956702469.586855,66.667,15.00,-129.176,507.045,243.828,-123.582,0.006,179.995
956702469.653520,66.665,15.00,-129.187,507.020,243.975,-123.652,0.006,179.995
956702469.720186,66.666,15.00,-129.198,506.999,244.123,-123.722,0.006,179.995
956702469.786856,66.670,15.00,-129.210,506.979,244.261,-123.789,0.006,179.995
956702469.853520,66.664,15.00,-129.219,506.961,244.406,-123.856,0.006,179.995
956702469.920188,66.668,15.00,-129.230,506.936,244.553,-123.926,0.006,179.995
956702469.986856,66.668,15.00,-129.239,506.918,244.693,-123.993,0.006,179.995
956702470.053526,66.670,15.00,-129.249,506.897,244.841,-124.063,0.006,179.995
956702470.120189,66.663,15.00,-129.258,506.879,244.989,-124.132,0.006,179.995
956702470.186856,66.667,15.00,-129.267,506.859,245.131,-124.199,0.006,179.995
956702470.253521,66.665,15.00,-129.277,506.843,245.278,-124.268,0.006,179.995
956702470.320191,66.670,15.00,-129.286,506.819,245.426,-124.337,0.006,179.995
956702470.386854,66.663,15.00,-129.293,506.801,245.568,-124.403,0.006,179.995
956702470.453521,66.667,15.00,-129.300,506.783,245.716,-124.472,0.006,179.995
956702470.520186,66.665,15.00,-129.308,506.764,245.864,-124.541,0.006,179.995
956702470.586859,66.673,15.00,-129.315,506.742,246.013,-124.610,0.006,179.995
956702470.653521,66.662,15.00,-129.322,506.723,246.166,-124.680,0.006,179.995
956702470.720187,66.666,15.00,-129.327,506.704,246.313,-124.749,0.006,179.995
956702470.786857,66.670,15.00,-129.332,506.688,246.457,-124.814,0.006,179.995
956702470.853524,66.667,15.00,-129.338,506.670,246.605,-124.882,0.006,179.995
956702470.920186,66.662,15.00,-129.343,506.656,246.748,-124.948,0.006,179.995
956702470.986859,66.673,15.00,-129.346,506.636,246.884,-125.010,0.006,179.995
956702471.053524,66.665,15.00,-129.349,506.620,247.017,-125.071,0.006,179.995
956702471.120188,66.664,15.00,-129.352,506.603,247.168,-125.139,0.006,179.995
956702471.186858,66.670,15.00,-129.356,506.587,247.315,-125.206,0.006,179.995
956702471.253521,66.663,15.00,-129.359,506.571,247.468,-125.273,0.007,179.995
956702471.320191,66.670,15.00,-129.360,506.552,247.608,-125.337,0.006,179.995
956702471.386857,66.666,15.00,-129.361,506.535,247.754,-125.403,0.006,179.995
956702471.453520,66.663,15.00,-129.362,506.518,247.902,-125.469,0.006,179.995
956702471.520191,66.671,15.00,-129.363,506.504,248.050,-125.535,0.007,179.995
956702471.586857,66.666,15.00,-129.365,506.489,248.192,-125.599,0.006,179.995
956702471.653524,66.667,15.00,-129.364,506.477,248.345,-125.666,0.006,179.995
956702471.720190,66.666,15.00,-129.363,506.457,248.493,-125.732,0.006,179.995
956702471.786860,66.670,15.00,-129.362,506.443,248.635,-125.794,0.006,179.995
956702471.853522,66.662,15.00,-129.361,506.427,248.783,-125.859,0.006,179.995
956702471.920187,66.665,15.00,-129.360,506.414,248.932,-125.925,0.006,179.995
956702471.986860,66.673,15.00,-129.358,506.402,249.078,-125.987,0.006,179.995
956702472.053522,66.662,15.00,-129.355,506.387,249.214,-126.047,0.006,179.995
956702472.120187,66.665,15.00,-129.352,506.373,249.357,-126.110,0.006,179.995
956702472.186857,66.670,15.00,-129.349,506.358,249.501,-126.172,0.006,179.995
956702472.253524,66.667,15.00,-129.346,506.345,249.653,-126.236,0.006,179.995
956702472.320190,66.666,15.00,-129.343,506.333,249.792,-126.296,0.006,179.995
956702472.386859,66.669,15.00,-129.338,506.321,249.933,-126.357,0.006,179.995
956702472.453522,66.663,15.00,-129.334,506.310,250.082,-126.421,0.006,179.995
956702472.520191,66.669,15.00,-129.329,506.299,250.236,-126.486,0.006,179.995
956702472.586856,66.665,15.00,-129.324,506.283,250.378,-126.547,0.006,179.995
956702472.653522,66.666,15.00,-129.317,506.270,250.524,-126.609,0.006,179.995
956702472.720189,66.667,15.00,-129.312,506.259,250.663,-126.668,0.006,179.995
956702472.786859,66.670,15.00,-129.305,506.247,250.813,-126.730,0.006,179.995
956702472.853525,66.666,15.00,-129.298,506.236,250.958,-126.792,0.006,179.995
956702472.920188,66.663,15.00,-129.291,506.220,251.107,-126.855,0.006,179.995
956702472.986858,66.670,15.00,-129.284,506.206,251.251,-126.915,0.006,179.995
956702473.053525,66.667,15.00,-129.277,506.193,251.403,-126.979,0.006,179.995
956702473.120190,66.665,15.00,-129.270,506.181,251.552,-127.041,0.006,179.995
956702473.186859,66.669,15.00,-129.263,506.169,251.694,-127.101,0.006,179.995
956702473.253523,66.664,15.00,-129.254,506.158,251.842,-127.163,0.006,179.995
956702473.320192,66.669,15.00,-129.245,506.150,251.990,-127.225,0.006,179.995
956702473.386862,66.670,15.00,-129.236,506.133,252.134,-127.285,0.006,179.995
956702473.453526,66.664,15.00,-129.227,506.120,252.286,-127.348,0.006,179.995
956702473.520188,66.662,15.00,-129.218,506.108,252.435,-127.410,0.006,179.995
956702473.586859,66.671,15.00,-129.209,506.097,252.578,-127.470,0.006,179.995
956702473.653523,66.664,15.00,-129.200,506.086,252.725,-127.532,0.006,179.995
956702473.720190,66.667,15.00,-129.191,506.072,252.873,-127.594,0.006,179.995
956702473.786861,66.671,15.00,-129.182,506.060,253.014,-127.652,0.006,179.995
956702473.853524,66.663,15.00,-129.173,506.047,253.157,-127.713,0.006,179.995
956702473.920191,66.667,15.00,-129.164,506.035,253.307,-127.775,0.006,179.995
956702473.986866,66.675,15.00,-129.155,506.023,253.448,-127.835,0.006,179.995
956702474.053527,66.661,15.00,-129.146,506.011,253.596,-127.896,0.006,179.995
956702474.120189,66.662,15.00,-129.137,506.001,253.743,-127.958,0.006,179.995
956702474.186859,66.670,15.00,-129.128,505.985,253.885,-128.018,0.006,179.995
956702474.253525,66.666,15.00,-129.118,505.970,254.032,-128.080,0.006,179.995
956702474.320191,66.666,15.00,-129.109,505.958,254.182,-128.142,0.006,179.994
956702474.386862,66.671,15.00,-129.100,505.945,254.323,-128.202,0.006,179.995
956702474.453527,66.665,15.00,-129.091,505.932,254.470,-128.265,0.006,179.995
956702474.520194,66.667,15.00,-129.082,505.914,254.619,-128.328,0.006,179.995
956702474.586858,66.664,15.00,-129.075,505.900,254.761,-128.387,0.006,179.995
956702474.653524,66.666,15.00,-129.068,505.884,254.909,-128.450,0.006,179.995
956702474.720193,66.669,15.00,-129.061,505.871,255.059,-128.513,0.006,179.995
956702474.786863,66.670,15.00,-129.054,505.859,255.201,-128.574,0.006,179.995
956702474.853524,66.661,15.00,-129.047,505.845,255.348,-128.637,0.006,179.995
956702474.920189,66.665,15.00,-129.040,505.825,255.496,-128.700,0.006,179.995
956702474.986861,66.672,15.00,-129.032,505.809,255.637,-128.760,0.006,179.995
956702475.053530,66.669,15.00,-129.025,505.795,255.786,-128.824,0.006,179.995
956702475.120193,66.663,15.00,-129.018,505.779,255.933,-128.887,0.006,179.995
956702475.186859,66.666,15.00,-129.011,505.758,256.075,-128.948,0.006,179.995
956702475.253528,66.669,15.00,-129.004,505.743,256.223,-129.012,0.006,179.995
956702475.320193,66.665,15.00,-128.998,505.725,256.371,-129.076,0.006,179.995
956702475.386860,66.667,15.00,-128.993,505.709,256.514,-129.137,0.006,179.995
956702475.453528,66.668,15.00,-128.988,505.693,256.661,-129.201,0.006,179.995
956702475.520191,66.663,15.00,-128.983,505.678,256.805,-129.264,0.006,179.995
956702475.586862,66.671,15.00,-128.978,505.658,256.937,-129.322,0.006,179.995
956702475.653526,66.664,15.00,-128.973,505.640,257.086,-129.387,0.006,179.995
956702475.720190,66.664,15.00,-128.970,505.623,257.236,-129.452,0.006,179.994
956702475.786862,66.672,15.00,-128.967,505.605,257.377,-129.514,0.006,179.995
956702475.853527,66.665,15.00,-128.963,505.582,257.524,-129.580,0.006,179.995
956702475.920195,66.668,15.00,-128.962,505.561,257.670,-129.645,0.006,179.995
956702475.986860,66.665,15.00,-128.963,505.541,257.812,-129.708,0.006,179.995
956702476.053528,66.668,15.00,-128.966,505.519,257.960,-129.775,0.006,179.995
956702476.120192,66.664,15.00,-128.971,505.490,258.106,-129.842,0.005,179.995
956702476.186861,66.669,15.00,-128.977,505.466,258.246,-129.907,0.005,179.995
956702476.253525,66.664,15.00,-128.990,505.437,258.391,-129.975,0.005,179.995
956702476.320193,66.668,15.00,-129.005,505.401,258.537,-130.045,0.005,179.995
956702476.386859,66.666,15.00,-129.024,505.368,258.674,-130.112,0.005,179.995
956702476.453532,66.673,15.00,-129.049,505.331,258.816,-130.183,0.005,179.995
956702476.520194,66.662,15.00,-129.079,505.288,258.957,-130.255,0.005,179.995
956702476.586864,66.670,15.00,-129.114,505.244,259.094,-130.325,0.005,179.995
956702476.653528,66.664,15.00,-129.157,505.198,259.231,-130.397,0.005,179.995
956702476.720194,66.666,15.00,-129.202,505.143,259.363,-130.470,0.005,179.995
956702476.786863,66.669,15.00,-129.251,505.093,259.494,-130.542,0.005,179.995
956702476.853531,66.668,15.00,-129.306,505.033,259.626,-130.616,0.005,179.995
956702476.920196,66.665,15.00,-129.361,504.978,259.754,-130.687,0.005,179.995
956702476.986862,66.666,15.00,-129.417,504.918,259.871,-130.756,0.005,179.995
956702477.053527,66.665,15.00,-129.478,504.859,259.994,-130.827,0.005,179.995
956702477.120194,66.667,15.00,-129.541,504.795,260.114,-130.898,0.004,179.996
956702477.186861,66.667,15.00,-129.606,504.735,260.228,-130.966,0.004,179.996
956702477.253528,66.667,15.00,-129.673,504.669,260.344,-131.036,0.004,179.996
956702477.320196,66.668,15.00,-129.739,504.607,260.461,-131.107,0.004,179.996
956702477.386989,66.793,14.97,-129.804,504.542,260.575,-131.175,0.004,179.996
956702477.453531,66.542,15.03,-129.873,504.479,260.689,-131.245,0.004,179.996
956702477.520194,66.663,15.00,-129.942,504.411,260.802,-131.315,0.004,179.996
956702477.586861,66.667,15.00,-130.008,504.350,260.909,-131.382,0.004,179.996
956702477.653527,66.666,15.00,-130.079,504.282,261.024,-131.452,0.004,179.996
956702477.720194,66.667,15.00,-130.150,504.211,261.139,-131.523,0.004,179.996
956702477.786864,66.670,15.00,-130.220,504.147,261.253,-131.593,0.004,179.996
956702477.853526,66.662,15.00,-130.291,504.078,261.364,-131.661,0.004,179.996
956702477.920194,66.668,15.00,-130.362,504.013,261.479,-131.731,0.004,179.996
956702477.986864,66.670,15.00,-130.430,503.947,261.587,-131.798,0.004,179.996
956702478.053526,66.662,15.00,-130.501,503.882,261.703,-131.868,0.004,179.996
956702478.120198,66.672,15.00,-130.571,503.814,261.815,-131.938,0.004,179.996
956702478.186860,66.662,15.00,-130.636,503.754,261.924,-132.005,0.004,179.996
956702478.253530,66.670,15.00,-130.705,503.688,262.035,-132.073,0.004,179.996
956702478.320195,66.665,15.00,-130.774,503.627,262.149,-132.142,0.004,179.996
956702478.386862,66.667,15.00,-130.836,503.565,262.252,-132.205,0.004,179.996
956702478.453529,66.667,15.00,-130.905,503.505,262.369,-132.276,0.004,179.996
956702478.520238,66.709,14.99,-130.971,503.440,262.484,-132.346,0.004,179.996
956702478.586869,66.631,15.01,-131.032,503.386,262.589,-132.409,0.004,179.996
956702478.653527,66.658,15.00,-131.099,503.320,262.706,-132.481,0.004,179.996
956702478.720197,66.670,15.00,-131.165,503.260,262.827,-132.552,0.004,179.996
956702478.786865,66.668,15.00,-131.228,503.198,262.941,-132.622,0.004,179.996
956702478.855484,68.619,14.57,-131.294,503.137,263.070,-132.697,0.004,179.996
956702478.920192,64.708,15.45,-131.355,503.077,263.189,-132.767,0.004,179.996
956702478.986862,66.670,15.00,-131.414,503.023,263.308,-132.837,0.004,179.996
956702479.053529,66.667,15.00,-131.474,502.964,263.431,-132.909,0.004,179.996
956702479.120198,66.669,15.00,-131.533,502.909,263.559,-132.983,0.004,179.996
956702479.186862,66.664,15.00,-131.589,502.851,263.688,-133.056,0.004,179.996
956702479.253527,66.665,15.00,-131.644,502.800,263.816,-133.128,0.004,179.996
956702479.320196,66.669,15.00,-131.697,502.746,263.946,-133.202,0.004,179.996
956702479.386863,66.667,15.00,-131.743,502.699,264.073,-133.274,0.004,179.996
956702479.453527,66.664,15.00,-131.790,502.654,264.211,-133.350,0.004,179.996
956702479.520196,66.669,15.00,-131.835,502.604,264.349,-133.425,0.004,179.996
956702479.586862,66.666,15.00,-131.873,502.563,264.484,-133.499,0.004,179.996
956702479.653527,66.665,15.00,-131.910,502.518,264.623,-133.573,0.004,179.996
956702479.720197,66.670,15.00,-131.943,502.481,264.763,-133.648,0.004,179.996
956702479.786860,66.663,15.00,-131.970,502.447,264.897,-133.718,0.004,179.996
956702479.853530,66.670,15.00,-131.993,502.420,265.034,-133.789,0.004,179.996
956702479.920196,66.666,15.00,-132.011,502.387,265.170,-133.859,0.004,179.996
956702479.986861,66.665,15.00,-132.026,502.363,265.314,-133.931,0.004,179.996
956702480.053535,66.674,15.00,-132.039,502.340,265.460,-134.003,0.004,179.996
956702480.120201,66.666,15.00,-132.046,502.319,265.605,-134.073,0.004,179.996
956702480.186862,66.661,15.00,-132.049,502.300,265.747,-134.143,0.004,179.996
956702480.253528,66.666,15.00,-132.048,502.286,265.894,-134.213,0.004,179.996
956702480.320195,66.667,15.00,-132.043,502.273,266.044,-134.283,0.004,179.996
956702480.386863,66.668,15.00,-132.037,502.265,266.184,-134.350,0.004,179.996
956702480.453533,66.670,15.00,-132.024,502.259,266.328,-134.415,0.004,179.996
956702480.520195,66.662,15.00,-132.009,502.255,266.475,-134.483,0.004,179.996
956702480.586865,66.670,15.00,-131.992,502.252,266.621,-134.548,0.004,179.996
956702480.653534,66.669,15.00,-131.972,502.252,266.770,-134.616,0.004,179.996
956702480.720195,66.661,15.00,-131.951,502.250,266.918,-134.682,0.004,179.996
956702480.786865,66.670,15.00,-131.928,502.250,267.059,-134.744,0.004,179.995
956702480.853528,66.663,15.00,-131.903,502.251,267.206,-134.809,0.004,179.996
956702480.920200,66.672,15.00,-131.877,502.253,267.354,-134.874,0.004,179.995
956702480.986863,66.663,15.00,-131.852,502.254,267.493,-134.935,0.004,179.996
956702481.053532,66.669,15.00,-131.825,502.257,267.639,-134.999,0.004,179.996
956702481.120198,66.666,15.00,-131.798,502.261,267.784,-135.063,0.004,179.996
956702481.186865,66.667,15.00,-131.772,502.264,267.924,-135.124,0.004,179.995
956702481.253534,66.669,15.00,-131.745,502.267,268.071,-135.188,0.004,179.996
956702481.320196,66.662,15.00,-131.719,502.272,268.219,-135.252,0.004,179.995
956702481.386872,66.676,15.00,-131.694,502.274,268.360,-135.313,0.004,179.995
956702481.453527,66.655,15.00,-131.669,502.277,268.507,-135.378,0.004,179.995
956702481.520200,66.673,15.00,-131.645,502.278,268.653,-135.443,0.004,179.996
956702481.586863,66.663,15.00,-131.622,502.278,268.797,-135.508,0.004,179.996
956702481.653535,66.672,15.00,-131.603,502.278,268.937,-135.569,0.004,179.995
956702481.720203,66.668,15.00,-131.584,502.278,269.085,-135.636,0.004,179.995
956702481.786863,66.660,15.00,-131.568,502.270,269.226,-135.700,0.004,179.995
956702481.853529,66.666,15.00,-131.553,502.264,269.375,-135.768,0.004,179.995
956702481.920200,66.671,15.00,-131.540,502.256,269.522,-135.836,0.004,179.996
956702481.986865,66.665,15.00,-131.531,502.248,269.665,-135.902,0.004,179.996
956702482.053531,66.666,15.00,-131.522,502.237,269.820,-135.974,0.004,179.996
956702482.120199,66.668,15.00,-131.515,502.226,269.969,-136.044,0.004,179.996
956702482.186869,66.670,15.00,-131.510,502.215,270.110,-136.113,0.004,179.996
956702482.253530,66.661,15.00,-131.509,502.202,270.258,-136.183,0.004,179.996
956702482.320197,66.667,15.00,-131.510,502.180,270.409,-136.256,0.004,179.995
956702482.386864,66.667,15.00,-131.513,502.164,270.557,-136.328,0.004,179.995
956702482.453532,66.668,15.00,-131.518,502.143,270.705,-136.400,0.004,179.995
956702482.520198,66.666,15.00,-131.525,502.123,270.851,-136.474,0.004,179.995
956702482.586865,66.667,15.00,-131.534,502.097,270.997,-136.545,0.004,179.995
956702482.653530,66.665,15.00,-131.545,502.073,271.148,-136.622,0.004,179.995
956702482.720200,66.670,15.00,-131.560,502.048,271.296,-136.696,0.004,179.995
956702482.786865,66.665,15.00,-131.575,502.024,271.438,-136.768,0.004,179.995
956702482.853531,66.666,15.00,-131.591,501.993,271.588,-136.845,0.004,179.995
956702482.920201,66.670,15.00,-131.610,501.963,271.739,-136.922,0.005,179.994
956702482.986870,66.669,15.00,-131.627,501.937,271.875,-136.992,0.005,179.994
956702483.053534,66.664,15.00,-131.646,501.902,272.020,-137.067,0.005,179.994
956702483.120200,66.666,15.00,-131.667,501.872,272.164,-137.143,0.005,179.994
956702483.186867,66.667,15.00,-131.687,501.843,272.304,-137.215,0.005,179.994
956702483.253537,66.670,15.00,-131.710,501.812,272.446,-137.291,0.005,179.994
956702483.320198,66.661,15.00,-131.733,501.776,272.591,-137.367,0.005,179.994
956702483.386864,66.666,15.00,-131.756,501.745,272.729,-137.439,0.005,179.994
956702483.453535,66.671,15.00,-131.779,501.715,272.875,-137.515,0.005,179.994
956702483.520202,66.667,15.00,-131.801,501.679,273.019,-137.591,0.005,179.994
956702483.586863,66.661,15.00,-131.824,501.646,273.163,-137.667,0.005,179.994
956702483.653532,66.669,15.00,-131.847,501.617,273.306,-137.743,0.005,179.994
956702483.720197,66.665,15.00,-131.870,501.587,273.449,-137.819,0.004,179.994
956702483.786866,66.669,15.00,-131.892,501.553,273.591,-137.894,0.004,179.994
956702483.853534,66.668,15.00,-131.915,501.523,273.737,-137.970,0.005,179.994
956702483.920197,66.663,15.00,-131.938,501.493,273.878,-138.046,0.004,179.994
956702483.986865,66.668,15.00,-131.959,501.462,274.018,-138.118,0.005,179.994
956702484.053534,66.669,15.00,-131.980,501.432,274.156,-138.191,0.005,179.994
956702484.120199,66.665,15.00,-132.001,501.405,274.302,-138.267,0.005,179.994
956702484.186866,66.667,15.00,-132.020,501.380,274.441,-138.341,0.005,179.994
956702484.253536,66.670,15.00,-132.038,501.348,274.586,-138.416,0.005,179.994
956702484.320196,66.660,15.00,-132.057,501.322,274.733,-138.492,0.005,179.994
956702484.386864,66.668,15.00,-132.074,501.296,274.871,-138.565,0.005,179.994
956702484.453535,66.671,15.00,-132.093,501.267,275.015,-138.640,0.004,179.994
956702484.520198,66.663,15.00,-132.110,501.240,275.161,-138.716,0.004,179.994
956702484.586882,66.684,15.00,-132.127,501.216,275.301,-138.789,0.004,179.994
956702484.653534,66.652,15.00,-132.144,501.194,275.446,-138.864,0.004,179.994
956702484.720202,66.668,15.00,-132.161,501.174,275.594,-138.939,0.005,179.994
956702484.786868,66.666,15.00,-132.176,501.148,275.734,-139.011,0.005,179.994
956702484.853537,66.669,15.00,-132.191,501.126,275.883,-139.087,0.005,179.994
956702484.920199,66.662,15.00,-132.207,501.105,276.029,-139.162,0.004,179.994
956702484.986870,66.671,15.00,-132.222,501.087,276.167,-139.234,0.004,179.994
956702485.053536,66.666,15.00,-132.237,501.069,276.315,-139.309,0.004,179.994
956702485.120200,66.664,15.00,-132.252,501.046,276.462,-139.384,0.004,179.994
956702485.186869,66.669,15.00,-132.268,501.027,276.602,-139.457,0.004,179.994
956702485.253535,66.666,15.00,-132.285,501.010,276.751,-139.531,0.004,179.994
956702485.320201,66.666,15.00,-132.303,500.994,276.898,-139.606,0.004,179.994
956702485.386871,66.670,15.00,-132.320,500.979,277.041,-139.678,0.004,179.994
956702485.453540,66.669,15.00,-132.340,500.964,277.193,-139.755,0.004,179.994
956702485.520200,66.660,15.00,-132.358,500.950,277.341,-139.830,0.004,179.994
956702485.586876,66.676,15.00,-132.375,500.937,277.480,-139.901,0.004,179.994
956702485.653538,66.662,15.00,-132.395,500.919,277.626,-139.976,0.004,179.994
956702485.720200,66.662,15.00,-132.415,500.905,277.775,-140.050,0.004,179.994
956702485.786865,66.665,15.00,-132.434,500.891,277.917,-140.122,0.004,179.994
956702485.853540,66.675,15.00,-132.456,500.878,278.069,-140.199,0.004,179.994
956702485.920198,66.658,15.00,-132.478,500.867,278.218,-140.273,0.004,179.994
956702485.986865,66.667,15.00,-132.500,500.856,278.365,-140.347,0.004,179.994
956702486.053536,66.671,15.00,-132.522,500.846,278.516,-140.423,0.004,179.994
956702486.120201,66.665,15.00,-132.544,500.836,278.664,-140.496,0.004,179.994
956702486.186872,66.671,15.00,-132.564,500.828,278.798,-140.564,0.004,179.994
956702486.253536,66.664,15.00,-132.584,500.821,278.946,-140.637,0.004,179.994
956702486.320202,66.666,15.00,-132.605,500.815,279.092,-140.709,0.004,179.994
956702486.386868,66.666,15.00,-132.623,500.810,279.233,-140.779,0.004,179.994
956702486.453538,66.670,15.00,-132.641,500.805,279.381,-140.851,0.004,179.994
956702486.520201,66.663,15.00,-132.660,500.801,279.529,-140.923,0.004,179.994
956702486.586870,66.669,15.00,-132.676,500.800,279.670,-140.992,0.004,179.994
956702486.653541,66.671,15.00,-132.690,500.799,279.818,-141.064,0.004,179.994
956702486.720202,66.661,15.00,-132.705,500.799,279.967,-141.135,0.004,179.994
956702486.786866,66.664,15.00,-132.717,500.799,280.110,-141.203,0.004,179.994
956702486.853535,66.669,15.00,-132.730,500.801,280.258,-141.273,0.004,179.994
956702486.920201,66.666,15.00,-132.740,500.803,280.406,-141.344,0.004,179.994
956702486.986872,66.671,15.00,-132.749,500.807,280.548,-141.411,0.004,179.994
956702487.053541,66.669,15.00,-132.757,500.811,280.698,-141.480,0.004,179.994
956702487.120206,66.665,15.00,-132.764,500.815,280.847,-141.550,0.004,179.994
956702487.186872,66.666,15.00,-132.768,500.828,280.997,-141.620,0.004,179.994
956702487.253536,66.664,15.00,-132.773,500.837,281.149,-141.689,0.004,179.994
956702487.320203,66.667,15.00,-132.776,500.846,281.300,-141.758,0.004,179.994
956702487.386867,66.664,15.00,-132.777,500.856,281.448,-141.826,0.004,179.994
956702487.453540,66.673,15.00,-132.775,500.869,281.596,-141.892,0.004,179.994
956702487.520199,66.659,15.00,-132.774,500.881,281.744,-141.960,0.004,179.994
956702487.586870,66.671,15.00,-132.771,500.893,281.891,-142.026,0.004,179.994
956702487.653539,66.669,15.00,-132.765,500.906,282.039,-142.091,0.004,179.994
956702487.720200,66.661,15.00,-132.760,500.925,282.187,-142.156,0.004,179.994
956702487.786870,66.670,15.00,-132.753,500.941,282.328,-142.218,0.004,179.994
956702487.853539,66.669,15.00,-132.744,500.958,282.474,-142.283,0.004,179.995
956702487.920204,66.665,15.00,-132.735,500.975,282.625,-142.346,0.004,179.994
956702487.986874,66.670,15.00,-132.726,500.991,282.766,-142.407,0.004,179.994
956702488.053539,66.665,15.00,-132.715,501.015,282.913,-142.469,0.004,179.994
956702488.120203,66.664,15.00,-132.702,501.037,283.059,-142.532,0.004,179.994
956702488.186873,66.670,15.00,-132.688,501.056,283.200,-142.591,0.004,179.994
956702488.253537,66.664,15.00,-132.675,501.076,283.343,-142.652,0.004,179.994
956702488.320204,66.667,15.00,-132.660,501.095,283.489,-142.712,0.004,179.994
956702488.386870,66.666,15.00,-132.645,501.115,283.630,-142.771,0.004,179.994
956702488.453540,66.670,15.00,-132.628,501.141,283.776,-142.830,0.004,179.994
956702488.520201,66.661,15.00,-132.611,501.164,283.920,-142.889,0.004,179.995
956702488.586870,66.669,15.00,-132.594,501.187,284.061,-142.946,0.004,179.994
956702488.653541,66.671,15.00,-132.574,501.209,284.206,-143.004,0.004,179.994
956702488.720201,66.660,15.00,-132.556,501.238,284.352,-143.063,0.004,179.994
956702488.786876,66.675,15.00,-132.537,501.262,284.492,-143.119,0.004,179.994
956702488.853540,66.664,15.00,-132.518,501.286,284.634,-143.176,0.004,179.994
956702488.920200,66.660,15.00,-132.496,501.311,284.783,-143.233,0.004,179.994
956702488.986870,66.670,15.00,-132.477,501.333,284.920,-143.287,0.004,179.994
956702489.053539,66.669,15.00,-132.456,501.362,285.065,-143.343,0.004,179.994
956702489.120557,67.018,14.92,-132.435,501.388,285.210,-143.399,0.004,179.994
956702489.186880,66.323,15.08,-132.414,501.412,285.351,-143.453,0.004,179.994
956702489.253537,66.657,15.00,-132.391,501.438,285.494,-143.508,0.004,179.994
956702489.320202,66.665,15.00,-132.368,501.470,285.640,-143.563,0.004,179.994
956702489.386876,66.674,15.00,-132.345,501.497,285.783,-143.618,0.004,179.994
956702489.453535,66.659,15.00,-132.322,501.522,285.926,-143.672,0.004,179.994
956702489.520201,66.666,15.00,-132.299,501.547,286.072,-143.727,0.004,179.994
956702489.586871,66.670,15.00,-132.276,501.577,286.216,-143.780,0.004,179.994
956702489.653538,66.667,15.00,-132.253,501.605,286.359,-143.834,0.004,179.994
956702489.720204,66.666,15.00,-132.230,501.629,286.502,-143.887,0.004,179.994
956702489.786872,66.668,15.00,-132.206,501.653,286.641,-143.939,0.004,179.994
956702489.853541,66.669,15.00,-132.182,501.684,286.789,-143.993,0.004,179.994
956702489.920209,66.668,15.00,-132.156,501.712,286.933,-144.046,0.004,179.994
956702489.986872,66.663,15.00,-132.133,501.737,287.073,-144.098,0.004,179.994
956702490.053542,66.670,15.00,-132.108,501.763,287.221,-144.151,0.004,179.994
956702490.120204,66.662,15.00,-132.083,501.792,287.363,-144.203,0.004,179.994
956702490.186871,66.667,15.00,-132.058,501.818,287.501,-144.254,0.003,179.995
956702490.253540,66.669,15.00,-132.035,501.844,287.650,-144.307,0.004,179.994
956702490.320208,66.668,15.00,-132.009,501.870,287.795,-144.359,0.004,179.994
956702490.386873,66.665,15.00,-131.986,501.892,287.935,-144.408,0.004,179.994
956702490.453538,66.665,15.00,-131.961,501.922,288.079,-144.459,0.004,179.994
956702490.520204,66.666,15.00,-131.936,501.947,288.223,-144.511,0.003,179.994
956702490.586872,66.668,15.00,-131.911,501.972,288.367,-144.562,0.004,179.994
956702490.653545,66.673,15.00,-131.885,501.995,288.511,-144.612,0.004,179.994
956702490.720205,66.660,15.00,-131.860,502.025,288.655,-144.663,0.004,179.994
956702490.786953,66.748,14.98,-131.837,502.050,288.793,-144.711,0.003,179.994
956702490.853536,66.583,15.02,-131.812,502.075,288.937,-144.761,0.004,179.994
956702490.920205,66.669,15.00,-131.786,502.098,289.082,-144.812,0.003,179.994
956702490.986876,66.671,15.00,-131.763,502.120,289.228,-144.862,0.003,179.994
956702491.053540,66.664,15.00,-131.740,502.148,289.372,-144.912,0.003,179.994
956702491.120205,66.665,15.00,-131.716,502.172,289.517,-144.962,0.003,179.994
956702491.186873,66.668,15.00,-131.693,502.195,289.662,-145.012,0.003,179.994
956702491.253539,66.666,15.00,-131.670,502.217,289.804,-145.060,0.003,179.994
956702491.320207,66.668,15.00,-131.646,502.238,289.947,-145.109,0.003,179.994
956702491.386875,66.668,15.00,-131.625,502.263,290.083,-145.156,0.003,179.994
956702491.453544,66.669,15.00,-131.600,502.287,290.234,-145.207,0.003,179.994
956702491.520203,66.659,15.00,-131.576,502.309,290.378,-145.256,0.003,179.994
956702491.586877,66.674,15.00,-131.555,502.329,290.520,-145.303,0.003,179.994
956702491.653542,66.665,15.00,-131.531,502.350,290.665,-145.352,0.003,179.994
956702491.720209,66.667,15.00,-131.508,502.376,290.816,-145.403,0.003,179.994
956702491.786872,66.663,15.00,-131.485,502.399,290.958,-145.450,0.003,179.994
956702491.853542,66.670,15.00,-131.463,502.419,291.106,-145.500,0.003,179.994
956702491.920205,66.663,15.00,-131.440,502.440,291.250,-145.548,0.003,179.994
956702491.986875,66.670,15.00,-131.416,502.460,291.389,-145.594,0.004,179.994
956702492.053543,66.668,15.00,-131.394,502.477,291.539,-145.643,0.004,179.994
956702492.120208,66.665,15.00,-131.373,502.495,291.683,-145.691,0.003,179.994
956702492.186884,66.676,15.00,-131.349,502.520,291.833,-145.740,0.004,179.994
956702492.253539,66.655,15.00,-131.330,502.538,291.967,-145.785,0.003,179.994
956702492.320208,66.669,15.00,-131.308,502.557,292.113,-145.833,0.004,179.994
956702492.386876,66.668,15.00,-131.287,502.575,292.254,-145.879,0.004,179.994
956702492.453546,66.670,15.00,-131.265,502.592,292.399,-145.926,0.004,179.994
956702492.520205,66.659,15.00,-131.243,502.610,292.547,-145.974,0.004,179.994
956702492.586875,66.670,15.00,-131.222,502.632,292.694,-146.022,0.003,179.994
956702492.653547,66.672,15.00,-131.200,502.651,292.841,-146.070,0.003,179.994
956702492.720208,66.661,15.00,-131.179,502.670,292.987,-146.118,0.003,179.994
956702492.786875,66.667,15.00,-131.159,502.686,293.130,-146.164,0.003,179.994
956702492.853540,66.665,15.00,-131.137,502.704,293.281,-146.212,0.003,179.994
956702492.920208,66.668,15.00,-131.118,502.719,293.427,-146.259,0.003,179.994
956702492.986878,66.670,15.00,-131.098,502.734,293.569,-146.304,0.003,179.994
956702493.053548,66.670,15.00,-131.078,502.756,293.720,-146.352,0.003,179.994
956702493.120207,66.659,15.00,-131.059,502.773,293.866,-146.399,0.003,179.994
956702493.186876,66.669,15.00,-131.041,502.788,294.008,-146.444,0.003,179.994
956702493.253545,66.669,15.00,-131.022,502.806,294.158,-146.491,0.003,179.994
956702493.320204,66.659,15.00,-131.004,502.820,294.307,-146.538,0.003,179.994
956702493.386874,66.670,15.00,-130.986,502.833,294.444,-146.582,0.003,179.994
956702493.453540,66.666,15.00,-130.968,502.847,294.590,-146.628,0.003,179.995
956702493.520209,66.669,15.00,-130.951,502.866,294.737,-146.673,0.003,179.995
956702493.586878,66.669,15.00,-130.933,502.883,294.878,-146.717,0.003,179.995
956702493.653546,66.668,15.00,-130.915,502.898,295.023,-146.763,0.003,179.995
956702493.720207,66.661,15.00,-130.898,502.915,295.171,-146.809,0.003,179.995
956702493.786877,66.670,15.00,-130.882,502.928,295.314,-146.853,0.003,179.994
956702493.853541,66.664,15.00,-130.866,502.943,295.461,-146.898,0.003,179.994
956702493.920204,66.663,15.00,-130.851,502.956,295.606,-146.943,0.003,179.994
956702493.986874,66.670,15.00,-130.835,502.970,295.749,-146.987,0.003,179.994
956702494.053542,66.668,15.00,-130.819,502.982,295.894,-147.031,0.003,179.995
956702494.120206,66.664,15.00,-130.806,503.000,296.040,-147.076,0.003,179.995
956702494.186877,66.671,15.00,-130.792,503.014,296.185,-147.120,0.003,179.995
956702494.253543,66.666,15.00,-130.779,503.028,296.334,-147.166,0.003,179.995
956702494.320211,66.668,15.00,-130.765,503.042,296.481,-147.210,0.003,179.995
956702494.386874,66.663,15.00,-130.753,503.054,296.627,-147.254,0.003,179.995
956702494.453543,66.669,15.00,-130.739,503.066,296.776,-147.300,0.003,179.995
956702494.520206,66.663,15.00,-130.728,503.079,296.923,-147.344,0.003,179.995
956702494.586874,66.668,15.00,-130.716,503.095,297.069,-147.388,0.003,179.995
956702494.653543,66.669,15.00,-130.705,503.110,297.218,-147.433,0.003,179.995
956702494.720207,66.664,15.00,-130.695,503.121,297.366,-147.477,0.003,179.995
956702494.786879,66.672,15.00,-130.688,503.132,297.508,-147.520,0.003,179.995
956702494.853542,66.663,15.00,-130.678,503.144,297.658,-147.565,0.003,179.995
956702494.920216,66.674,15.00,-130.670,503.153,297.808,-147.610,0.003,179.995
956702494.986877,66.661,15.00,-130.664,503.160,297.957,-147.656,0.003,179.995
956702495.053543,66.666,15.00,-130.660,503.163,298.104,-147.702,0.003,179.995
956702495.120209,66.666,15.00,-130.661,503.164,298.253,-147.750,0.003,179.995
956702495.186897,66.688,15.00,-130.664,503.159,298.398,-147.798,0.003,179.995
956702495.253544,66.647,15.00,-130.672,503.151,298.545,-147.849,0.003,179.995
956702495.320207,66.663,15.00,-130.688,503.134,298.696,-147.903,0.003,179.994
956702495.386875,66.668,15.00,-130.705,503.113,298.842,-147.958,0.003,179.995
956702495.453543,66.668,15.00,-130.728,503.082,298.991,-148.015,0.003,179.994
956702495.520206,66.663,15.00,-130.755,503.049,299.134,-148.073,0.003,179.994
956702495.586876,66.670,15.00,-130.786,503.013,299.277,-148.131,0.003,179.994
956702495.653545,66.669,15.00,-130.818,502.969,299.413,-148.188,0.003,179.994
956702495.720206,66.661,15.00,-130.853,502.926,299.552,-148.247,0.003,179.994
956702495.786878,66.672,15.00,-130.892,502.882,299.684,-148.305,0.003,179.994
956702495.853543,66.665,15.00,-130.928,502.830,299.818,-148.364,0.003,179.994
956702495.920209,66.666,15.00,-130.968,502.782,299.951,-148.424,0.003,179.995
956702495.986876,66.667,15.00,-131.009,502.727,300.082,-148.482,0.003,179.994
956702496.053546,66.670,15.00,-131.053,502.675,300.212,-148.541,0.003,179.994
956702496.120208,66.662,15.00,-131.085,502.628,300.314,-148.589,0.003,179.995
956702496.186880,66.672,15.00,-131.121,502.581,300.427,-148.641,0.003,179.995
956702496.253545,66.665,15.00,-131.167,502.521,300.557,-148.702,0.003,179.995
956702496.320206,66.661,15.00,-131.212,502.465,300.691,-148.763,0.003,179.994
956702496.386877,66.671,15.00,-131.255,502.404,300.822,-148.824,0.003,179.995
956702496.453542,66.665,15.00,-131.301,502.346,300.957,-148.887,0.003,179.994
956702496.520210,66.668,15.00,-131.343,502.285,301.085,-148.948,0.003,179.995
956702496.586874,66.664,15.00,-131.383,502.231,301.211,-149.008,0.003,179.995
956702496.653547,66.673,15.00,-131.425,502.171,301.339,-149.069,0.003,179.995
956702496.720211,66.664,15.00,-131.467,502.115,301.472,-149.130,0.003,179.995
956702496.786882,66.671,15.00,-131.507,502.056,301.599,-149.189,0.003,179.995
956702496.853545,66.663,15.00,-131.548,501.998,301.729,-149.250,0.003,179.995
956702496.920209,66.664,15.00,-131.588,501.942,301.859,-149.312,0.003,179.995
956702496.986878,66.669,15.00,-131.628,501.883,301.989,-149.372,0.003,179.995
956702497.053546,66.668,15.00,-131.668,501.825,302.124,-149.435,0.003,179.995
956702497.120206,66.660,15.00,-131.705,501.765,302.256,-149.497,0.003,179.995
956702497.186875,66.669,15.00,-131.741,501.713,302.386,-149.557,0.003,179.995
956702497.253547,66.672,15.00,-131.779,501.655,302.519,-149.618,0.003,179.995
956702497.320209,66.662,15.00,-131.815,501.600,302.653,-149.680,0.003,179.994
956702497.386876,66.667,15.00,-131.849,501.546,302.778,-149.738,0.003,179.994
956702497.453545,66.669,15.00,-131.881,501.497,302.904,-149.796,0.003,179.995
956702497.520212,66.667,15.00,-131.914,501.439,303.039,-149.858,0.003,179.995
956702497.586877,66.665,15.00,-131.948,501.389,303.172,-149.919,0.003,179.995
956702497.653543,66.666,15.00,-131.978,501.337,303.298,-149.977,0.003,179.995
956702497.720210,66.667,15.00,-132.010,501.285,303.434,-150.039,0.003,179.995
956702497.786878,66.668,15.00,-132.039,501.232,303.565,-150.099,0.003,179.995
956702497.853545,66.667,15.00,-132.069,501.183,303.701,-150.160,0.003,179.995
956702497.920209,66.664,15.00,-132.099,501.128,303.838,-150.222,0.003,179.995
956702497.986875,66.666,15.00,-132.127,501.081,303.969,-150.282,0.003,179.995
956702498.053547,66.672,15.00,-132.154,501.028,304.107,-150.343,0.003,179.995
956702498.120214,66.667,15.00,-132.182,500.980,304.247,-150.405,0.003,179.994
956702498.186876,66.662,15.00,-132.208,500.931,304.381,-150.465,0.003,179.994
956702498.253549,66.673,15.00,-132.234,500.884,304.517,-150.526,0.003,179.994
956702498.320211,66.662,15.00,-132.257,500.835,304.651,-150.586,0.003,179.994
956702498.386877,66.666,15.00,-132.281,500.791,304.787,-150.646,0.003,179.994
956702498.453548,66.671,15.00,-132.305,500.741,304.923,-150.707,0.003,179.994
956702498.520215,66.667,15.00,-132.327,500.695,305.065,-150.769,0.003,179.994
956702498.586878,66.663,15.00,-132.346,500.648,305.199,-150.829,0.003,179.994
956702498.653547,66.669,15.00,-132.368,500.603,305.342,-150.890,0.003,179.994
956702498.720209,66.662,15.00,-132.388,500.555,305.483,-150.951,0.003,179.994
956702498.786876,66.667,15.00,-132.406,500.514,305.617,-151.011,0.003,179.995
956702498.853549,66.673,15.00,-132.424,500.474,305.756,-151.071,0.003,179.994
956702498.920213,66.664,15.00,-132.442,500.429,305.895,-151.131,0.003,179.994
956702498.986878,66.665,15.00,-132.458,500.391,306.026,-151.188,0.003,179.994
956702499.053546,66.668,15.00,-132.473,500.346,306.168,-151.249,0.003,179.994
956702499.120210,66.664,15.00,-132.489,500.306,306.312,-151.311,0.003,179.994
956702499.186876,66.666,15.00,-132.503,500.263,306.446,-151.370,0.003,179.994
956702499.253550,66.674,15.00,-132.517,500.223,306.591,-151.431,0.003,179.994
956702499.320211,66.661,15.00,-132.529,500.186,306.732,-151.493,0.003,179.994
956702499.386882,66.671,15.00,-132.541,500.143,306.873,-151.552,0.003,179.994
956702499.453547,66.665,15.00,-132.553,500.107,307.015,-151.613,0.003,179.994
956702499.520212,66.665,15.00,-132.564,500.065,307.157,-151.675,0.003,179.995
956702499.586880,66.668,15.00,-132.574,500.029,307.296,-151.734,0.003,179.995
956702499.653547,66.667,15.00,-132.585,499.994,307.439,-151.795,0.003,179.995
956702499.720214,66.667,15.00,-132.594,499.954,307.583,-151.856,0.003,179.995
956702499.786879,66.665,15.00,-132.602,499.921,307.722,-151.916,0.002,179.995
956702499.853548,66.669,15.00,-132.610,499.882,307.866,-151.976,0.003,179.994
956702499.920211,66.663,15.00,-132.618,499.847,308.012,-152.037,0.003,179.994
956702499.986878,66.667,15.00,-132.624,499.815,308.152,-152.097,0.003,179.994
956702500.053549,66.671,15.00,-132.630,499.777,308.295,-152.157,0.003,179.994
956702500.120211,66.662,15.00,-132.636,499.744,308.440,-152.218,0.003,179.994
956702500.186881,66.670,15.00,-132.642,499.707,308.577,-152.276,0.003,179.994
956702500.253547,66.666,15.00,-132.646,499.678,308.709,-152.332,0.003,179.994
956702500.320212,66.665,15.00,-132.651,499.648,308.845,-152.389,0.003,179.994
956702500.386879,66.667,15.00,-132.655,499.613,308.987,-152.447,0.003,179.994
956702500.453550,66.671,15.00,-132.659,499.581,309.133,-152.508,0.003,179.994
956702500.520211,66.661,15.00,-132.663,499.551,309.279,-152.569,0.003,179.994
956702500.586879,66.668,15.00,-132.665,499.515,309.419,-152.628,0.003,179.994
956702500.653547,66.668,15.00,-132.667,499.485,309.565,-152.688,0.003,179.994
956702500.720209,66.662,15.00,-132.669,499.457,309.710,-152.749,0.003,179.994
956702500.786880,66.671,15.00,-132.671,499.423,309.849,-152.808,0.003,179.994
956702500.853550,66.670,15.00,-132.671,499.393,309.997,-152.869,0.003,179.994
956702500.920212,66.662,15.00,-132.671,499.362,310.141,-152.930,0.003,179.994
956702500.986878,66.666,15.00,-132.671,499.333,310.284,-152.989,0.003,179.994
956702501.053551,66.673,15.00,-132.672,499.304,310.427,-153.049,0.003,179.994
956702501.120211,66.660,15.00,-132.671,499.271,310.575,-153.110,0.003,179.994
956702501.186879,66.668,15.00,-132.672,499.242,310.715,-153.168,0.003,179.994
956702501.253559,66.680,15.00,-132.670,499.214,310.860,-153.229,0.003,179.994
956702501.320218,66.659,15.00,-132.668,499.182,311.007,-153.290,0.003,179.994
956702501.386880,66.662,15.00,-132.666,499.156,311.145,-153.347,0.003,179.994
956702501.453551,66.671,15.00,-132.664,499.130,311.274,-153.401,0.002,179.994
956702501.520213,66.662,15.00,-132.662,499.102,311.421,-153.462,0.003,179.994
956702501.586879,66.666,15.00,-132.661,499.075,311.563,-153.521,0.003,179.994
956702501.653547,66.668,15.00,-132.657,499.047,311.708,-153.581,0.002,179.994
956702501.720211,66.664,15.00,-132.653,499.019,311.855,-153.642,0.003,179.994
956702501.786886,66.675,15.00,-132.649,498.994,311.997,-153.701,0.003,179.994
956702501.853549,66.663,15.00,-132.646,498.968,312.142,-153.762,0.002,179.994
956702501.920213,66.664,15.00,-132.642,498.943,312.290,-153.823,0.003,179.994
956702501.986882,66.669,15.00,-132.638,498.915,312.433,-153.881,0.003,179.993
956702502.053551,66.669,15.00,-132.634,498.889,312.577,-153.942,0.003,179.994
956702502.120213,66.662,15.00,-132.631,498.864,312.725,-154.003,0.003,179.993
956702502.186878,66.665,15.00,-132.627,498.835,312.866,-154.062,0.003,179.994
956702502.253551,66.673,15.00,-132.621,498.810,313.012,-154.122,0.003,179.994
956702502.320212,66.661,15.00,-132.615,498.786,313.159,-154.183,0.003,179.994
956702502.386881,66.669,15.00,-132.609,498.758,313.298,-154.242,0.003,179.994
956702502.453554,66.673,15.00,-132.604,498.733,313.446,-154.303,0.003,179.994
956702502.520213,66.659,15.00,-132.598,498.710,313.591,-154.364,0.002,179.994
956702502.586881,66.668,15.00,-132.592,498.681,313.733,-154.423,0.002,179.994
956702502.653550,66.669,15.00,-132.586,498.658,313.880,-154.483,0.003,179.994
956702502.720216,66.666,15.00,-132.581,498.635,314.025,-154.544,0.002,179.994
956702502.786881,66.665,15.00,-132.575,498.614,314.165,-154.602,0.002,179.994
956702502.853551,66.670,15.00,-132.569,498.587,314.303,-154.658,0.002,179.994
956702502.920213,66.662,15.00,-132.562,498.564,314.450,-154.720,0.002,179.994
956702502.986884,66.671,15.00,-132.554,498.543,314.590,-154.778,0.002,179.994
956702503.053553,66.669,15.00,-132.546,498.515,314.737,-154.840,0.002,179.994
956702503.120216,66.663,15.00,-132.539,498.493,314.885,-154.901,0.002,179.994
956702503.186881,66.665,15.00,-132.531,498.472,315.029,-154.960,0.002,179.994
956702503.253557,66.676,15.00,-132.524,498.452,315.174,-155.020,0.002,179.994
956702503.320213,66.656,15.00,-132.514,498.428,315.322,-155.082,0.003,179.993
956702503.386880,66.667,15.00,-132.504,498.408,315.460,-155.141,0.002,179.994
956702503.453552,66.672,15.00,-132.495,498.388,315.609,-155.201,0.002,179.994
956702503.520213,66.661,15.00,-132.485,498.363,315.755,-155.262,0.002,179.994
956702503.586880,66.667,15.00,-132.476,498.343,315.897,-155.321,0.002,179.994
956702503.653551,66.671,15.00,-132.466,498.324,316.043,-155.382,0.002,179.994
956702503.720218,66.667,15.00,-132.457,498.304,316.191,-155.443,0.002,179.994
956702503.786882,66.664,15.00,-132.447,498.283,316.333,-155.502,0.002,179.994
956702503.853555,66.673,15.00,-132.433,498.263,316.480,-155.562,0.002,179.994
956702503.920215,66.660,15.00,-132.422,498.246,316.625,-155.623,0.002,179.994
956702503.986885,66.670,15.00,-132.411,498.228,316.766,-155.682,0.002,179.994
956702504.053551,66.666,15.00,-132.399,498.206,316.914,-155.743,0.002,179.994
956702504.120217,66.666,15.00,-132.390,498.188,317.059,-155.802,0.002,179.994
956702504.186884,66.667,15.00,-132.376,498.173,317.189,-155.857,0.002,179.994
956702504.253556,66.672,15.00,-132.365,498.157,317.331,-155.915,0.002,179.994
956702504.320215,66.659,15.00,-132.353,498.135,317.481,-155.976,0.002,179.994
956702504.386881,66.666,15.00,-132.342,498.117,317.623,-156.035,0.002,179.994
956702504.453552,66.671,15.00,-132.329,498.103,317.770,-156.095,0.002,179.994
956702504.520215,66.663,15.00,-132.315,498.087,317.917,-156.156,0.002,179.994
956702504.586883,66.668,15.00,-132.302,498.068,318.059,-156.214,0.002,179.993
956702504.653555,66.672,15.00,-132.289,498.052,318.201,-156.272,0.002,179.993
956702504.720215,66.660,15.00,-132.275,498.038,318.347,-156.333,0.002,179.993
956702504.786880,66.665,15.00,-132.262,498.023,318.489,-156.391,0.002,179.993
956702504.853551,66.671,15.00,-132.249,498.010,318.631,-156.450,0.002,179.993
956702504.920216,66.665,15.00,-132.235,497.991,318.781,-156.511,0.003,179.993
956702504.986885,66.669,15.00,-132.222,497.977,318.921,-156.569,0.002,179.993
956702505.053554,66.669,15.00,-132.209,497.963,319.064,-156.628,0.003,179.993
956702505.120214,66.660,15.00,-132.196,497.949,319.210,-156.689,0.002,179.993
956702505.186881,66.667,15.00,-132.182,497.930,319.353,-156.748,0.002,179.993
956702505.253549,66.668,15.00,-132.169,497.914,319.500,-156.809,0.002,179.993
956702505.320217,66.668,15.00,-132.156,497.900,319.647,-156.870,0.002,179.993
956702505.386885,66.668,15.00,-132.144,497.886,319.791,-156.930,0.002,179.993
956702505.453554,66.669,15.00,-132.131,497.873,319.939,-156.990,0.003,179.993
956702505.520216,66.662,15.00,-132.118,497.854,320.085,-157.052,0.002,179.993
956702505.586882,66.666,15.00,-132.107,497.839,320.228,-157.112,0.002,179.993
956702505.653553,66.671,15.00,-132.095,497.824,320.375,-157.173,0.002,179.993
956702505.720214,66.661,15.00,-132.084,497.808,320.521,-157.235,0.002,179.993
956702505.787745,67.531,14.81,-132.073,497.788,320.664,-157.295,0.002,179.993
956702505.853560,65.815,15.19,-132.063,497.771,320.811,-157.356,0.002,179.993
956702505.920217,66.657,15.00,-132.050,497.756,320.961,-157.419,0.002,179.993
956702505.986884,66.667,15.00,-132.043,497.741,321.108,-157.481,0.002,179.993
956702506.053555,66.671,15.00,-132.034,497.725,321.256,-157.543,0.002,179.993
956702506.120216,66.661,15.00,-132.024,497.704,321.404,-157.606,0.002,179.993
956702506.186883,66.667,15.00,-132.015,497.688,321.544,-157.666,0.002,179.993
956702506.253555,66.672,15.00,-132.006,497.672,321.687,-157.726,0.002,179.993
956702506.320216,66.661,15.00,-131.996,497.655,321.835,-157.790,0.002,179.993
956702506.386885,66.669,15.00,-131.989,497.634,321.978,-157.851,0.002,179.993
956702506.453555,66.670,15.00,-131.982,497.616,322.124,-157.914,0.002,179.993
956702506.520218,66.663,15.00,-131.974,497.599,322.272,-157.977,0.002,179.993
956702506.586881,66.663,15.00,-131.967,497.582,322.415,-158.039,0.002,179.993
956702506.653557,66.676,15.00,-131.960,497.559,322.562,-158.102,0.002,179.993
956702506.720220,66.663,15.00,-131.952,497.539,322.708,-158.166,0.002,179.993
956702506.786885,66.665,15.00,-131.947,497.520,322.852,-158.228,0.002,179.993
956702506.853552,66.667,15.00,-131.942,497.503,322.995,-158.290,0.002,179.993
956702506.920215,66.663,15.00,-131.936,497.480,323.132,-158.351,0.002,179.993
956702506.986888,66.673,15.00,-131.931,497.458,323.277,-158.414,0.002,179.993
956702507.053554,66.666,15.00,-131.925,497.438,323.427,-158.480,0.002,179.993
956702507.120214,66.660,15.00,-131.922,497.419,323.576,-158.546,0.002,179.993
956702507.186884,66.670,15.00,-131.918,497.394,323.725,-158.612,0.002,179.992
956702507.253554,66.670,15.00,-131.915,497.371,323.873,-158.678,0.002,179.993
956702507.320224,66.670,15.00,-131.911,497.350,324.022,-158.743,0.002,179.993
956702507.386885,66.661,15.00,-131.908,497.331,324.164,-158.806,0.002,179.993
956702507.453559,66.674,15.00,-131.904,497.305,324.310,-158.871,0.002,179.993
956702507.520217,66.658,15.00,-131.901,497.284,324.456,-158.937,0.002,179.993
956702507.586885,66.668,15.00,-131.898,497.264,324.600,-159.000,0.002,179.992
956702507.653554,66.669,15.00,-131.896,497.237,324.742,-159.063,0.002,179.992
956702507.720219,66.665,15.00,-131.895,497.223,324.841,-159.108,0.002,179.993
956702507.786891,66.672,15.00,-131.895,497.223,324.841,-159.108,0.002,179.993
956702507.853538,66.647,15.00,-131.895,497.223,324.841,-159.108,0.002,179.993
956702507.920209,66.671,15.00,-131.895,497.223,324.841,-159.108,0.002,179.993
956702550.130217,0.000,0.00,-126.995,512.510,180.759,-90.000,0.010,180.000
956702550.197071,66.854,14.96,-126.995,512.510,180.759,-90.000,0.010,180.000
956702550.263653,66.582,15.02,-126.995,512.510,180.759,-90.000,0.010,180.000
956702550.330359,66.706,14.99,-126.995,512.510,180.759,-90.000,0.010,180.000
956702550.396992,66.633,15.01,-126.995,512.510,180.759,-90.000,0.010,180.000
956702550.463656,66.664,15.00,-126.995,512.510,180.759,-90.000,0.010,180.000
956702550.530331,66.675,15.00,-126.995,512.510,180.759,-90.000,0.010,180.000
956702550.596993,66.662,15.00,-126.995,512.510,180.759,-90.000,0.010,180.000
956702550.663656,66.663,15.00,-126.995,512.510,180.759,-90.000,0.010,180.000
956702550.730691,67.035,14.92,-126.995,512.510,180.759,-90.000,0.010,180.000
956702550.796994,66.303,15.08,-126.995,512.510,180.759,-90.000,0.010,180.000
956702550.863661,66.667,15.00,-126.995,512.510,180.759,-90.000,0.010,180.000
956702550.930331,66.670,15.00,-126.995,512.510,180.759,-90.000,0.010,180.000
956702550.996989,66.658,15.00,-126.995,512.510,180.759,-90.000,0.010,180.000
956702551.063657,66.668,15.00,-126.995,512.510,180.759,-90.000,0.010,180.000
956702551.130330,66.673,15.00,-126.995,512.510,180.759,-90.000,0.010,180.000
956702551.196998,66.668,15.00,-126.995,512.510,180.759,-90.000,0.010,180.000
956702551.263661,66.663,15.00,-126.995,512.510,180.759,-90.000,0.010,180.000
956702551.330321,66.660,15.00,-126.995,512.510,180.759,-90.000,0.010,180.000
956702551.396991,66.670,15.00,-126.995,512.510,180.759,-90.000,0.010,180.000
956702551.463665,66.674,15.00,-126.995,512.510,180.759,-90.000,0.010,180.000
956702551.530330,66.665,15.00,-126.995,512.510,180.759,-90.000,0.010,180.000
956702551.596990,66.660,15.00,-126.995,512.510,180.759,-90.000,0.010,180.000
956702551.663655,66.665,15.00,-126.995,512.510,180.759,-90.000,0.010,180.000
956702551.730340,66.685,15.00,-126.995,512.510,180.759,-90.000,0.010,180.000
956702551.796998,66.658,15.00,-126.995,512.510,180.759,-90.000,0.010,180.000
956702551.865510,68.512,14.60,-126.995,512.510,180.759,-90.000,0.010,180.000
956702551.930322,64.812,15.43,-126.995,512.510,180.759,-90.000,0.010,180.000
956702551.997305,66.983,14.93,-126.995,512.510,180.759,-90.000,0.010,180.000
956702552.064997,67.692,14.77,-126.995,512.510,180.759,-90.000,0.010,180.000
956702552.131146,66.149,15.12,-126.995,512.510,180.759,-90.000,0.010,180.000
956702552.196995,65.849,15.19,-126.995,512.510,180.759,-90.000,0.010,180.000
956702552.263659,66.664,15.00,-126.995,512.510,180.759,-90.000,0.010,180.000
956702552.330326,66.667,15.00,-126.995,512.510,180.759,-90.000,0.010,180.000
956702552.396992,66.666,15.00,-126.995,512.510,180.759,-90.000,0.010,180.000
956702552.463666,66.674,15.00,-126.995,512.510,180.759,-90.000,0.010,180.000
956702552.530329,66.663,15.00,-126.995,512.510,180.759,-90.000,0.010,180.000
956702552.596991,66.662,15.00,-126.995,512.510,180.759,-90.000,0.010,180.000
956702552.663658,66.667,15.00,-126.995,512.510,180.759,-90.000,0.010,180.000
956702552.730390,66.732,14.99,-126.995,512.510,180.759,-90.000,0.010,180.000
956702552.796997,66.607,15.01,-126.995,512.510,180.759,-90.000,0.010,180.000
956702552.863658,66.661,15.00,-126.995,512.510,180.759,-90.000,0.010,180.000
956702552.930330,66.672,15.00,-126.995,512.510,180.759,-90.000,0.010,180.000
956702552.996996,66.666,15.00,-126.995,512.510,180.759,-90.000,0.010,180.000
956702553.063668,66.672,15.00,-126.995,512.510,180.759,-90.000,0.010,180.000
956702553.130333,66.665,15.00,-126.995,512.510,180.759,-90.000,0.010,180.000
956702553.196996,66.663,15.00,-126.995,512.510,180.759,-90.000,0.010,180.000
956702553.263666,66.670,15.00,-126.995,512.510,180.759,-90.000,0.010,180.000
956702553.331169,67.503,14.81,-126.995,512.510,180.759,-90.000,0.010,180.000
956702553.396993,65.824,15.19,-126.995,512.510,180.759,-90.000,0.010,180.000
956702553.463659,66.666,15.00,-126.995,512.510,180.759,-90.000,0.010,180.000
956702553.530372,66.713,14.99,-126.995,512.510,180.759,-90.000,0.010,180.000
956702553.596993,66.621,15.01,-126.995,512.510,180.759,-90.000,0.010,180.000
956702553.663660,66.667,15.00,-126.995,512.510,180.759,-90.000,0.010,180.000
956702553.730337,66.677,15.00,-126.995,512.510,180.759,-90.000,0.010,180.000
956702553.797001,66.664,15.00,-126.995,512.510,180.759,-90.000,0.010,180.000
956702553.863660,66.659,15.00,-126.995,512.510,180.759,-90.000,0.010,180.000
956702553.930329,66.669,15.00,-126.995,512.510,180.759,-90.000,0.010,180.000
956702553.996994,66.665,15.00,-126.995,512.510,180.759,-90.000,0.010,180.000
956702554.063658,66.664,15.00,-126.995,512.510,180.759,-90.000,0.010,180.000
956702554.130330,66.672,15.00,-126.995,512.510,180.759,-90.000,0.010,180.000
956702554.196996,66.666,15.00,-126.995,512.510,180.759,-90.000,0.010,180.000
956702554.263672,66.676,15.00,-126.995,512.510,180.759,-90.000,0.010,180.000
956702554.330331,66.659,15.00,-126.995,512.510,180.759,-90.000,0.010,180.000
956702554.396998,66.667,15.00,-126.995,512.510,180.759,-90.000,0.010,180.000
956702554.463660,66.662,15.00,-126.995,512.510,180.759,-90.000,0.010,180.000
956702554.530332,66.672,15.00,-126.995,512.510,180.759,-90.000,0.010,180.000
956702554.598260,67.928,14.72,-126.995,512.510,180.759,-90.000,0.010,180.000
956702554.663739,65.479,15.27,-126.995,512.510,180.759,-90.000,0.010,180.000
956702554.730330,66.591,15.02,-126.995,512.510,180.759,-90.000,0.010,180.000
956702554.796995,66.665,15.00,-126.995,512.510,180.759,-90.000,0.010,180.000
956702554.863665,66.670,15.00,-126.995,512.510,180.759,-90.000,0.010,180.000
956702554.930329,66.664,15.00,-126.995,512.510,180.759,-90.000,0.010,180.000
956702554.996992,66.663,15.00,-126.995,512.510,180.759,-90.000,0.010,180.000
956702555.063658,66.666,15.00,-126.995,512.510,180.759,-90.000,0.010,180.000
956702555.130333,66.675,15.00,-126.995,512.510,180.759,-90.000,0.010,180.000
956702555.196996,66.663,15.00,-126.995,512.510,180.759,-90.000,0.010,180.000
956702555.263664,66.668,15.00,-126.995,512.510,180.759,-90.000,0.010,180.000
956702555.330330,66.666,15.00,-126.995,512.510,180.759,-90.000,0.010,180.000
956702555.396992,66.662,15.00,-126.995,512.510,180.759,-90.000,0.010,180.000
956702555.463662,66.670,15.00,-126.995,512.510,180.759,-90.000,0.010,180.000
956702555.530327,66.665,15.00,-126.995,512.510,180.759,-90.000,0.010,180.000
956702555.596996,66.669,15.00,-126.995,512.510,180.759,-90.000,0.010,180.000
956702555.663658,66.662,15.00,-126.995,512.510,180.759,-90.000,0.010,180.000
956702555.730331,66.673,15.00,-126.995,512.510,180.759,-90.000,0.010,180.000
956702555.797005,66.674,15.00,-126.995,512.510,180.759,-90.000,0.010,180.000
956702555.863661,66.656,15.00,-126.995,512.510,180.759,-90.000,0.010,180.000
956702555.930333,66.672,15.00,-126.995,512.510,180.759,-90.000,0.010,180.000
956702555.998681,68.348,14.63,-126.995,512.510,180.759,-90.000,0.010,180.000
956702556.063660,64.979,15.39,-126.995,512.510,180.759,-90.000,0.010,180.000
956702556.130336,66.676,15.00,-126.995,512.510,180.759,-90.000,0.010,180.000
956702556.196994,66.658,15.00,-126.995,512.510,180.759,-90.000,0.010,180.000
956702556.263661,66.667,15.00,-126.995,512.510,180.759,-90.000,0.010,180.000
956702556.330335,66.674,15.00,-126.995,512.510,180.759,-90.000,0.010,180.000
956702556.396998,66.663,15.00,-126.995,512.510,180.759,-90.000,0.010,180.000
956702556.463662,66.664,15.00,-126.995,512.510,180.759,-90.000,0.010,180.000
956702556.530332,66.670,15.00,-126.995,512.510,180.759,-90.000,0.010,180.000
956702556.596995,66.663,15.00,-126.995,512.510,180.759,-90.000,0.010,180.000
956702556.663663,66.668,15.00,-126.995,512.510,180.759,-90.000,0.010,180.000
956702556.730362,66.699,14.99,-126.995,512.510,180.759,-90.000,0.010,180.000
956702556.796998,66.636,15.01,-126.995,512.510,180.759,-90.000,0.010,180.000
956702556.863662,66.664,15.00,-126.995,512.510,180.759,-90.000,0.010,180.000
956702556.930332,66.670,15.00,-126.995,512.510,180.759,-90.000,0.010,180.000
956702556.997008,66.676,15.00,-126.995,512.510,180.759,-90.000,0.010,180.000
956702557.063673,66.665,15.00,-126.995,512.510,180.759,-90.000,0.010,180.000
956702557.130348,66.675,15.00,-126.995,512.510,180.759,-90.000,0.010,180.000
956702557.197009,66.661,15.00,-126.995,512.510,180.759,-90.000,0.010,180.000
956702557.263717,66.708,14.99,-126.995,512.510,180.759,-90.000,0.010,180.000
956702557.331757,68.040,14.70,-126.995,512.510,180.759,-90.000,0.010,180.000
956702557.396990,65.233,15.33,-126.995,512.510,180.759,-90.000,0.010,180.000
956702557.463660,66.670,15.00,-126.995,512.510,180.759,-90.000,0.010,180.000
956702557.530333,66.673,15.00,-126.995,512.510,180.759,-90.000,0.010,180.000
956702557.596996,66.663,15.00,-126.995,512.510,180.759,-90.000,0.010,180.000
956702557.663661,66.665,15.00,-126.995,512.510,180.759,-90.000,0.010,180.000
956702557.730330,66.669,15.00,-126.995,512.510,180.759,-90.000,0.010,180.000
956702557.796997,66.667,15.00,-126.995,512.510,180.759,-90.000,0.010,180.000
956702557.863663,66.666,15.00,-126.995,512.510,180.759,-90.000,0.010,180.000
956702557.930329,66.666,15.00,-126.995,512.510,180.759,-90.000,0.010,180.000
956702557.996995,66.666,15.00,-126.995,512.510,180.759,-90.000,0.010,180.000
956702558.063669,66.674,15.00,-126.995,512.510,180.759,-90.000,0.010,180.000
956702558.130343,66.674,15.00,-126.995,512.510,180.759,-90.000,0.010,180.000
956702558.196998,66.655,15.00,-126.995,512.510,180.759,-90.000,0.010,180.000
956702558.263667,66.669,15.00,-126.995,512.510,180.759,-90.000,0.010,180.000
956702558.330343,66.676,15.00,-126.995,512.510,180.759,-90.000,0.010,180.000
956702558.397011,66.668,15.00,-126.995,512.510,180.759,-90.000,0.010,180.000
956702558.463668,66.657,15.00,-126.995,512.510,180.759,-90.000,0.010,180.000
956702558.530334,66.666,15.00,-126.995,512.510,180.759,-90.000,0.010,180.000
956702558.597089,66.755,14.98,-126.995,512.510,180.759,-90.000,0.010,180.000
956702558.663811,66.722,14.99,-126.995,512.510,180.759,-90.000,0.010,180.000
956702558.732332,68.521,14.59,-126.995,512.510,180.759,-90.000,0.010,180.000
956702558.797013,64.681,15.46,-126.995,512.510,180.759,-90.000,0.010,180.000
956702558.863662,66.649,15.00,-126.995,512.510,180.759,-90.000,0.010,180.000
956702558.930336,66.674,15.00,-126.995,512.510,180.759,-90.000,0.010,180.000
956702558.996999,66.663,15.00,-126.995,512.510,180.759,-90.000,0.010,180.000
956702559.063666,66.667,15.00,-126.995,512.510,180.759,-90.000,0.010,180.000
956702559.130339,66.673,15.00,-126.995,512.510,180.759,-90.000,0.010,180.000
956702559.196997,66.658,15.00,-126.995,512.510,180.759,-90.000,0.010,180.000
956702559.263667,66.670,15.00,-126.995,512.510,180.759,-90.000,0.010,180.000
956702559.330334,66.667,15.00,-126.995,512.510,180.759,-90.000,0.010,180.000
956702559.397094,66.760,14.98,-126.995,512.510,180.759,-90.000,0.010,180.000
956702559.463673,66.579,15.02,-126.995,512.510,180.759,-90.000,0.010,180.000
956702559.530338,66.665,15.00,-126.995,512.510,180.759,-90.000,0.010,180.000
956702559.596997,66.659,15.00,-126.995,512.510,180.759,-90.000,0.010,180.000
956702559.663665,66.668,15.00,-126.995,512.510,180.759,-90.000,0.010,180.000
956702559.730335,66.670,15.00,-126.995,512.510,180.759,-90.000,0.010,180.000
956702559.796997,66.662,15.00,-126.995,512.510,180.759,-90.000,0.010,180.000
956702559.865470,68.473,14.60,-126.995,512.510,180.759,-90.000,0.010,180.000
956702559.930368,64.898,15.41,-126.995,512.510,180.759,-90.000,0.010,180.000
956702559.997238,66.870,14.95,-126.995,512.510,180.759,-90.000,0.010,180.000
956702560.065071,67.833,14.74,-126.995,512.510,180.759,-90.000,0.010,180.000
956702560.131162,66.091,15.13,-126.995,512.510,180.759,-90.000,0.010,180.000
956702560.196998,65.836,15.19,-126.995,512.510,180.759,-90.000,0.010,180.000
956702560.263667,66.669,15.00,-126.995,512.510,180.759,-90.000,0.010,180.000
956702560.330350,66.683,15.00,-126.995,512.510,180.759,-90.000,0.010,180.000
956702560.397004,66.654,15.00,-126.995,512.510,180.759,-90.000,0.010,180.000
956702560.463671,66.667,15.00,-126.995,512.510,180.759,-90.000,0.010,180.000
956702560.530346,66.675,15.00,-126.995,512.510,180.759,-90.000,0.010,180.000
956702560.596996,66.650,15.00,-126.995,512.510,180.759,-90.000,0.010,180.000
956702560.663666,66.670,15.00,-126.995,512.510,180.759,-90.000,0.010,180.000
956702560.730337,66.671,15.00,-126.995,512.510,180.759,-90.000,0.010,180.000
956702560.797001,66.664,15.00,-126.995,512.510,180.759,-90.000,0.010,180.000
956702560.863669,66.668,15.00,-126.995,512.510,180.759,-90.000,0.010,180.000
956702560.930339,66.670,15.00,-126.995,512.510,180.759,-90.000,0.010,180.000
956702567.564884,0.000,0.00,-126.995,512.510,180.759,-90.000,0.010,180.000
956702567.631743,66.859,14.96,-126.995,512.510,180.759,-90.000,0.010,180.000
956702567.698331,66.588,15.02,-126.978,512.514,180.754,-89.997,0.010,179.999
956702567.765020,66.689,14.99,-126.856,512.580,180.708,-89.980,0.010,179.999
956702567.831674,66.654,15.00,-126.736,512.662,180.671,-89.961,0.010,180.000
956702567.898345,66.671,15.00,-126.621,512.754,180.651,-89.936,0.010,180.000
956702567.965034,66.689,14.99,-126.512,512.842,180.645,-89.909,0.010,180.000
956702568.031676,66.642,15.01,-126.401,512.940,180.650,-89.875,0.010,180.000
956702568.098336,66.660,15.00,-126.297,513.035,180.659,-89.838,0.010,180.000
956702568.165005,66.669,15.00,-126.194,513.126,180.675,-89.800,0.010,180.000
956702568.231676,66.671,15.00,-126.091,513.222,180.695,-89.759,0.010,180.000
956702568.298337,66.661,15.00,-125.985,513.322,180.717,-89.716,0.010,180.000
956702568.365006,66.669,15.00,-125.885,513.420,180.738,-89.673,0.010,180.000
956702568.431673,66.667,15.00,-125.780,513.521,180.760,-89.628,0.010,180.000
956702568.498332,66.659,15.00,-125.680,513.613,180.784,-89.583,0.010,180.000
956702568.565006,66.674,15.00,-125.573,513.713,180.812,-89.537,0.010,180.000
956702568.631672,66.666,15.00,-125.466,513.811,180.840,-89.489,0.010,180.000
956702568.698337,66.665,15.00,-125.363,513.905,180.866,-89.442,0.010,180.000
956702568.764996,66.659,15.00,-125.254,514.002,180.896,-89.392,0.010,180.000
956702568.831704,66.708,14.99,-125.139,514.096,180.928,-89.340,0.010,180.000
956702568.898351,66.647,15.00,-125.031,514.183,180.958,-89.291,0.010,180.000
956702568.965000,66.649,15.00,-124.918,514.273,180.988,-89.238,0.010,180.000
956702569.031667,66.667,15.00,-124.802,514.356,181.020,-89.185,0.010,180.000
956702569.098333,66.666,15.00,-124.690,514.439,181.052,-89.134,0.010,180.000
956702569.165005,66.672,15.00,-124.571,514.524,181.083,-89.079,0.010,180.000
956702569.231670,66.665,15.00,-124.453,514.600,181.117,-89.025,0.010,180.000
956702569.298342,66.672,15.00,-124.332,514.679,181.150,-88.969,0.010,180.000
956702569.365008,66.666,15.00,-124.216,514.754,181.182,-88.916,0.010,180.000
956702569.431679,66.671,15.00,-124.093,514.833,181.215,-88.860,0.010,180.000
956702569.498374,66.695,14.99,-123.970,514.906,181.250,-88.804,0.010,180.000
956702569.565003,66.629,15.01,-123.851,514.978,181.281,-88.751,0.010,180.000
956702569.631666,66.663,15.00,-123.732,515.048,181.316,-88.697,0.010,180.000
956702569.698343,66.677,15.00,-123.616,515.116,181.347,-88.646,0.010,180.000
956702569.765003,66.660,15.00,-123.491,515.187,181.382,-88.590,0.010,180.000
956702569.831665,66.662,15.00,-123.365,515.255,181.415,-88.535,0.010,180.000
956702569.898341,66.676,15.00,-123.246,515.326,181.450,-88.481,0.010,180.000
956702569.965001,66.660,15.00,-123.121,515.399,181.483,-88.426,0.010,180.000
956702570.031665,66.664,15.00,-122.995,515.469,181.517,-88.371,0.010,180.000
956702570.098334,66.669,15.00,-122.876,515.534,181.550,-88.319,0.010,180.000
956702570.164999,66.665,15.00,-122.750,515.608,181.583,-88.264,0.010,180.000
956702570.231664,66.665,15.00,-122.625,515.676,181.618,-88.210,0.010,180.000
956702570.298337,66.673,15.00,-122.505,515.745,181.649,-88.158,0.010,180.000
956702570.365002,66.665,15.00,-122.380,515.815,181.684,-88.104,0.010,180.000
956702570.431671,66.669,15.00,-122.254,515.883,181.717,-88.050,0.010,180.000
956702570.498335,66.664,15.00,-122.134,515.952,181.751,-87.998,0.010,180.000
956702570.565002,66.667,15.00,-122.009,516.026,181.784,-87.945,0.010,180.000
956702570.631668,66.666,15.00,-121.883,516.095,181.818,-87.892,0.010,180.000
956702570.698345,66.677,15.00,-121.761,516.159,181.850,-87.841,0.010,180.000
956702570.765001,66.656,15.00,-121.635,516.231,181.882,-87.788,0.010,180.000
956702570.831672,66.671,15.00,-121.509,516.298,181.917,-87.735,0.010,180.000
956702570.898378,66.706,14.99,-121.387,516.368,181.948,-87.685,0.010,180.000
956702570.965007,66.629,15.01,-121.270,516.429,181.980,-87.637,0.010,-180.000
956702571.031672,66.665,15.00,-121.141,516.493,182.010,-87.585,0.010,-180.000
956702571.098344,66.672,15.00,-121.019,516.559,182.041,-87.534,0.010,-180.000
956702571.165004,66.660,15.00,-120.891,516.623,182.076,-87.482,0.010,-180.000
956702571.231673,66.669,15.00,-120.763,516.691,182.107,-87.430,0.010,-180.000
956702571.298346,66.673,15.00,-120.638,516.751,182.139,-87.381,0.010,-180.000
956702571.365005,66.659,15.00,-120.508,516.811,182.172,-87.329,0.010,-180.000
956702571.431673,66.668,15.00,-120.377,516.869,182.202,-87.277,0.009,-180.000
956702571.498343,66.670,15.00,-120.250,516.930,182.235,-87.228,0.010,-180.000
956702571.565004,66.661,15.00,-120.117,516.987,182.266,-87.177,0.009,-180.000
956702571.631672,66.668,15.00,-119.985,517.048,182.298,-87.126,0.009,-180.000
956702571.698347,66.675,15.00,-119.856,517.100,182.329,-87.077,0.009,-180.000
956702571.765006,66.659,15.00,-119.720,517.152,182.358,-87.026,0.009,-180.000
956702571.831679,66.673,15.00,-119.585,517.202,182.389,-86.975,0.009,-180.000
956702571.898342,66.663,15.00,-119.449,517.249,182.419,-86.924,0.008,-180.000
956702571.965007,66.665,15.00,-119.318,517.296,182.450,-86.875,0.009,-180.000
956702572.031674,66.667,15.00,-119.180,517.345,182.483,-86.825,0.009,-180.000
956702572.098341,66.667,15.00,-119.047,517.387,182.513,-86.777,0.009,-180.000
956702572.165006,66.665,15.00,-118.906,517.426,182.543,-86.727,0.009,-180.000
956702572.231669,66.663,15.00,-118.766,517.463,182.575,-86.677,0.009,-180.000
956702572.298344,66.675,15.00,-118.632,517.497,182.605,-86.630,0.009,-180.000
956702572.365005,66.661,15.00,-118.492,517.530,182.635,-86.581,0.009,-180.000
956702572.431689,66.684,15.00,-118.349,517.560,182.666,-86.533,0.009,-180.000
956702572.498345,66.656,15.00,-118.213,517.586,182.696,-86.487,0.009,-180.000
956702572.565007,66.662,15.00,-118.070,517.610,182.727,-86.440,0.009,-180.000
956702572.631676,66.669,15.00,-117.927,517.633,182.759,-86.394,0.009,-180.000
956702572.698350,66.674,15.00,-117.788,517.652,182.786,-86.350,0.008,-180.000
956702572.765007,66.657,15.00,-117.643,517.661,182.816,-86.305,0.008,-180.000
956702572.831679,66.672,15.00,-117.497,517.673,182.848,-86.262,0.009,-180.000
956702572.898347,66.668,15.00,-117.358,517.680,182.878,-86.221,0.009,-180.000
956702572.965009,66.662,15.00,-117.212,517.683,182.906,-86.180,0.008,-180.000
956702573.031678,66.669,15.00,-117.066,517.678,182.937,-86.140,0.009,-180.000
956702573.098344,66.666,15.00,-116.927,517.672,182.968,-86.104,0.009,-180.000
956702573.165008,66.664,15.00,-116.781,517.655,182.997,-86.067,0.009,-180.000
956702573.231680,66.672,15.00,-116.636,517.637,183.028,-86.031,0.008,-180.000
956702573.298342,66.662,15.00,-116.500,517.609,183.061,-85.998,0.009,-180.000
956702573.365006,66.664,15.00,-116.360,517.571,183.096,-85.964,0.009,-180.000
956702573.431675,66.669,15.00,-116.223,517.528,183.132,-85.933,0.009,-180.000
956702573.498349,66.674,15.00,-116.093,517.462,183.171,-85.903,0.009,-180.000
956702573.565005,66.656,15.00,-115.974,517.388,183.211,-85.879,0.009,-180.000
956702573.631680,66.675,15.00,-115.864,517.296,183.254,-85.858,0.009,-180.000
956702573.698346,66.666,15.00,-115.776,517.186,183.297,-85.844,0.009,-180.000
956702573.765002,66.656,15.00,-115.711,517.061,183.344,-85.838,0.009,-180.000
956702573.831667,66.665,15.00,-115.673,516.920,183.389,-85.842,0.009,-180.000
956702573.898344,66.677,15.00,-115.665,516.788,183.428,-85.853,0.009,-180.000
956702573.965010,66.666,15.00,-115.682,516.647,183.468,-85.873,0.009,-180.000
956702574.031672,66.662,15.00,-115.724,516.510,183.509,-85.901,0.009,-180.000
956702574.098339,66.667,15.00,-115.783,516.382,183.543,-85.934,0.008,-180.000
956702574.165003,66.664,15.00,-115.857,516.251,183.578,-85.972,0.008,-180.000
956702574.231672,66.669,15.00,-115.940,516.129,183.610,-86.013,0.009,-180.000
956702574.298338,66.666,15.00,-116.022,516.015,183.638,-86.054,0.009,-180.000
956702574.365005,66.667,15.00,-116.114,515.898,183.664,-86.098,0.008,-180.000
956702574.431679,66.674,15.00,-116.209,515.783,183.689,-86.143,0.008,-180.000
956702574.498340,66.661,15.00,-116.302,515.674,183.711,-86.187,0.008,-180.000
956702574.565007,66.667,15.00,-116.400,515.563,183.735,-86.234,0.009,-180.000
956702574.631669,66.662,15.00,-116.499,515.453,183.758,-86.280,0.009,-180.000
956702574.698338,66.669,15.00,-116.595,515.348,183.779,-86.326,0.009,-180.000
956702574.765010,66.672,15.00,-116.696,515.239,183.803,-86.373,0.009,-180.000
956702574.831671,66.661,15.00,-116.798,515.129,183.826,-86.421,0.009,-180.000
956702574.898343,66.672,15.00,-116.895,515.030,183.848,-86.466,0.009,-180.000
956702574.965007,66.664,15.00,-116.997,514.918,183.872,-86.514,0.008,-180.000
956702575.031671,66.664,15.00,-117.101,514.816,183.897,-86.562,0.009,-180.000
956702575.098339,66.668,15.00,-117.200,514.707,183.921,-86.607,0.009,-180.000
956702575.165005,66.666,15.00,-117.304,514.604,183.948,-86.655,0.009,-180.000
956702575.231671,66.666,15.00,-117.407,514.499,183.975,-86.703,0.009,-180.000
956702575.298339,66.668,15.00,-117.507,514.397,184.002,-86.749,0.009,-180.000
956702575.365008,66.669,15.00,-117.610,514.292,184.030,-86.796,0.009,-180.000
956702575.431749,66.741,14.98,-117.713,514.185,184.056,-86.844,0.009,-180.000
956702575.498360,66.611,15.01,-117.817,514.079,184.083,-86.892,0.009,-180.000
956702575.565006,66.646,15.00,-117.916,513.977,184.110,-86.938,0.009,-180.000
956702575.631672,66.666,15.00,-118.020,513.874,184.140,-86.986,0.009,-180.000
956702575.698340,66.668,15.00,-118.119,513.769,184.165,-87.031,0.009,-180.000
956702575.765015,66.675,15.00,-118.222,513.667,184.193,-87.079,0.008,-180.000
956702575.831667,66.652,15.00,-118.325,513.562,184.221,-87.127,0.008,-180.000
956702575.898344,66.677,15.00,-118.424,513.461,184.251,-87.173,0.009,-180.000
956702575.965010,66.666,15.00,-118.528,513.356,184.282,-87.220,0.009,-180.000
956702576.031671,66.661,15.00,-118.631,513.250,184.311,-87.268,0.008,-180.000
956702576.098340,66.669,15.00,-118.730,513.148,184.341,-87.314,0.008,-180.000
956702576.165007,66.667,15.00,-118.833,513.043,184.371,-87.362,0.008,-180.000
956702576.231672,66.665,15.00,-118.936,512.936,184.403,-87.410,0.008,-180.000
956702576.298338,66.666,15.00,-119.034,512.832,184.431,-87.455,0.008,-180.000
956702576.365009,66.671,15.00,-119.138,512.733,184.464,-87.503,0.008,-180.000
956702576.431683,66.674,15.00,-119.240,512.622,184.494,-87.550,0.008,-180.000
956702576.498347,66.664,15.00,-119.339,512.524,184.525,-87.596,0.008,-180.000
956702576.565009,66.662,15.00,-119.442,512.420,184.561,-87.644,0.009,-180.000
956702576.631676,66.667,15.00,-119.545,512.315,184.594,-87.691,0.009,-180.000
956702576.698344,66.668,15.00,-119.644,512.213,184.624,-87.737,0.008,-180.000
956702576.765014,66.670,15.00,-119.746,512.108,184.657,-87.784,0.008,-180.000
956702576.831673,66.659,15.00,-119.849,512.002,184.689,-87.832,0.008,180.000
956702576.898345,66.672,15.00,-119.947,511.900,184.722,-87.878,0.008,180.000
956702576.965017,66.672,15.00,-120.050,511.799,184.755,-87.925,0.008,180.000
956702577.031673,66.656,15.00,-120.146,511.691,184.788,-87.971,0.008,180.000
956702577.098340,66.667,15.00,-120.243,511.593,184.821,-88.017,0.008,180.000
956702577.165008,66.668,15.00,-120.343,511.489,184.856,-88.065,0.008,180.000
956702577.231672,66.664,15.00,-120.444,511.384,184.893,-88.113,0.008,180.000
956702577.298342,66.670,15.00,-120.544,511.277,184.928,-88.161,0.008,180.000
956702577.365011,66.669,15.00,-120.640,511.173,184.961,-88.208,0.008,180.000
956702577.431682,66.671,15.00,-120.740,511.067,184.997,-88.256,0.008,180.000
956702577.498343,66.661,15.00,-120.836,510.964,185.031,-88.302,0.008,180.000
956702577.565008,66.665,15.00,-120.937,510.856,185.067,-88.351,0.008,180.000
956702577.631679,66.671,15.00,-121.037,510.748,185.104,-88.399,0.008,180.000
956702577.698339,66.660,15.00,-121.131,510.650,185.139,-88.446,0.008,180.000
956702577.765008,66.669,15.00,-121.228,510.537,185.175,-88.495,0.008,180.000
956702577.831679,66.671,15.00,-121.326,510.436,185.213,-88.544,0.008,180.000
956702577.898349,66.670,15.00,-121.420,510.326,185.248,-88.591,0.008,180.000
956702577.965006,66.657,15.00,-121.518,510.222,185.286,-88.639,0.008,180.000
956702578.031674,66.668,15.00,-121.616,510.115,185.325,-88.688,0.008,180.000
956702578.098344,66.670,15.00,-121.713,510.009,185.363,-88.738,0.008,180.000
956702578.165009,66.665,15.00,-121.807,509.904,185.402,-88.785,0.008,180.000
956702578.231674,66.665,15.00,-121.905,509.796,185.442,-88.834,0.008,180.000
956702578.298341,66.667,15.00,-121.996,509.692,185.479,-88.881,0.008,180.000
956702578.365007,66.666,15.00,-122.092,509.583,185.518,-88.931,0.008,180.000
956702578.431681,66.674,15.00,-122.187,509.472,185.556,-88.981,0.008,180.000
956702578.498359,66.678,15.00,-122.282,509.363,185.594,-89.030,0.008,180.000
956702578.565012,66.653,15.00,-122.373,509.257,185.633,-89.078,0.008,180.000
956702578.631719,66.707,14.99,-122.469,509.151,185.675,-89.128,0.009,180.000
956702578.698346,66.627,15.01,-122.548,509.054,185.707,-89.169,0.008,180.000
956702578.765013,66.667,15.00,-122.639,508.947,185.744,-89.217,0.008,180.000
956702578.831686,66.673,15.00,-122.732,508.836,185.786,-89.267,0.008,180.000
956702578.898353,66.667,15.00,-122.821,508.730,185.825,-89.316,0.008,180.000
956702578.965014,66.661,15.00,-122.914,508.619,185.867,-89.366,0.008,180.000
956702579.031677,66.663,15.00,-123.007,508.506,185.907,-89.416,0.008,180.000
956702579.098348,66.671,15.00,-123.099,508.393,185.948,-89.467,0.008,180.000
956702579.165062,66.714,14.99,-123.188,508.285,185.988,-89.515,0.008,180.000
956702579.231681,66.619,15.01,-123.279,508.172,186.031,-89.567,0.008,180.000
956702579.298356,66.675,15.00,-123.365,508.064,186.071,-89.615,0.008,180.000
956702579.365023,66.667,15.00,-123.456,507.950,186.115,-89.667,0.008,180.000
956702579.431704,66.681,15.00,-123.544,507.835,186.158,-89.719,0.008,180.000
956702579.498350,66.646,15.00,-123.632,507.720,186.203,-89.771,0.008,180.000
956702579.565019,66.669,15.00,-123.715,507.609,186.245,-89.821,0.007,180.000
956702579.631671,66.652,15.00,-123.799,507.494,186.292,-89.875,0.007,180.000
956702579.698343,66.672,15.00,-123.883,507.378,186.340,-89.929,0.007,180.000
956702579.765015,66.672,15.00,-123.961,507.269,186.388,-89.983,0.008,180.000
956702579.831677,66.662,15.00,-124.040,507.153,186.440,-90.040,0.008,180.000
956702579.898353,66.676,15.00,-124.114,507.041,186.490,-90.097,0.008,180.000
956702579.965006,66.653,15.00,-124.189,506.923,186.543,-90.159,0.007,180.000
956702580.031677,66.671,15.00,-124.260,506.799,186.602,-90.222,0.007,180.000
956702580.098394,66.717,14.99,-124.327,506.679,186.664,-90.289,0.007,180.000
956702580.165015,66.621,15.01,-124.386,506.563,186.726,-90.356,0.007,180.000
956702580.231686,66.671,15.00,-124.443,506.442,186.795,-90.429,0.008,180.000
956702580.298364,66.678,15.00,-124.491,506.325,186.863,-90.501,0.007,180.000
956702580.365027,66.663,15.00,-124.537,506.198,186.934,-90.580,0.007,180.000
956702580.431734,66.707,14.99,-124.576,506.075,187.013,-90.662,0.007,180.000
956702580.498351,66.617,15.01,-124.608,505.959,187.090,-90.743,0.007,180.000
956702580.565018,66.667,15.00,-124.635,505.832,187.172,-90.830,0.007,180.000
956702580.631676,66.658,15.00,-124.656,505.710,187.258,-90.919,0.007,180.000
956702580.698344,66.668,15.00,-124.671,505.595,187.342,-91.006,0.007,180.000
956702580.765011,66.667,15.00,-124.682,505.470,187.430,-91.098,0.007,180.000
956702580.831683,66.672,15.00,-124.688,505.351,187.522,-91.192,0.008,179.999
956702580.898355,66.672,15.00,-124.691,505.238,187.610,-91.283,0.008,179.999
956702580.965007,66.652,15.00,-124.691,505.114,187.700,-91.379,0.007,179.999
956702581.031680,66.673,15.00,-124.690,504.997,187.794,-91.475,0.008,179.999
956702581.098343,66.663,15.00,-124.686,504.886,187.885,-91.568,0.008,179.999
956702581.165005,66.662,15.00,-124.681,504.766,187.979,-91.666,0.008,179.999
956702581.231679,66.674,15.00,-124.673,504.650,188.073,-91.764,0.008,179.999
956702581.298342,66.663,15.00,-124.665,504.537,188.167,-91.863,0.008,179.999
956702581.365009,66.667,15.00,-124.656,504.429,188.250,-91.950,0.008,179.999
956702581.431686,66.677,15.00,-124.646,504.314,188.347,-92.050,0.008,179.999
956702581.498393,66.707,14.99,-124.637,504.200,188.442,-92.150,0.008,179.999
956702581.565020,66.627,15.01,-124.627,504.084,188.533,-92.246,0.008,179.999
956702581.631681,66.661,15.00,-124.617,503.970,188.631,-92.347,0.008,179.999
956702581.698346,66.665,15.00,-124.607,503.858,188.727,-92.448,0.008,179.999
956702581.765010,66.664,15.00,-124.598,503.745,188.820,-92.546,0.008,179.999
956702581.831682,66.672,15.00,-124.588,503.629,188.916,-92.648,0.008,179.999
956702581.898350,66.668,15.00,-124.579,503.521,189.009,-92.746,0.008,179.999
956702581.965015,66.665,15.00,-124.571,503.402,189.104,-92.849,0.008,179.999
956702582.031681,66.666,15.00,-124.563,503.289,189.202,-92.952,0.008,179.999
956702582.098345,66.664,15.00,-124.556,503.182,189.295,-93.052,0.008,179.999
956702582.165011,66.666,15.00,-124.550,503.063,189.392,-93.156,0.008,179.999
956702582.231680,66.669,15.00,-124.545,502.950,189.491,-93.261,0.008,179.999
956702582.298345,66.665,15.00,-124.540,502.842,189.587,-93.361,0.008,179.999
956702582.365006,66.661,15.00,-124.536,502.723,189.682,-93.467,0.008,179.999
956702582.431686,66.680,15.00,-124.532,502.611,189.782,-93.572,0.008,179.999
956702582.498344,66.658,15.00,-124.531,502.500,189.882,-93.679,0.008,179.999
956702582.565012,66.668,15.00,-124.530,502.386,189.975,-93.781,0.008,179.999
956702582.631698,66.686,15.00,-124.529,502.276,190.076,-93.888,0.009,179.999
956702582.698352,66.654,15.00,-124.528,502.178,190.157,-93.978,0.008,179.999
956702582.765017,66.665,15.00,-124.529,502.072,190.253,-94.081,0.008,179.999
956702582.831689,66.672,15.00,-124.532,501.961,190.350,-94.190,0.008,179.999
956702582.898360,66.671,15.00,-124.535,501.850,190.447,-94.294,0.008,179.999
956702582.965023,66.663,15.00,-124.539,501.738,190.549,-94.403,0.008,179.999
956702583.031698,66.675,15.00,-124.544,501.630,190.649,-94.513,0.009,179.999
956702583.098358,66.660,15.00,-124.549,501.516,190.745,-94.619,0.008,179.999
956702583.165022,66.664,15.00,-124.556,501.410,190.842,-94.725,0.008,179.999
956702583.231688,66.666,15.00,-124.563,501.300,190.943,-94.836,0.008,179.999
956702583.298361,66.673,15.00,-124.573,501.195,191.042,-94.943,0.008,179.999
956702583.365027,66.666,15.00,-124.582,501.087,191.142,-95.055,0.008,179.999
956702583.431730,66.703,14.99,-124.583,501.070,191.160,-95.075,0.008,179.999
956702583.498352,66.622,15.01,-124.583,501.070,191.160,-95.075,0.008,179.999
956702583.565020,66.668,15.00,-124.583,501.070,191.160,-95.075,0.008,179.999
956702583.631694,66.674,15.00,-124.583,501.070,191.160,-95.075,0.008,179.999
956702655.296903,0.000,0.00,-126.995,512.508,220.759,-90.000,0.010,180.000
956702655.363795,66.892,14.95,-126.995,512.508,220.759,-90.000,0.010,180.000
956702655.430370,66.575,15.02,-126.995,512.506,220.760,-90.000,0.010,179.999
956702655.497035,66.665,15.00,-126.946,512.530,220.752,-89.986,0.010,180.000
956702655.563708,66.673,15.00,-126.819,512.602,220.745,-89.946,0.011,179.999
956702655.630360,66.652,15.00,-126.699,512.686,220.747,-89.902,0.010,180.000
956702655.697026,66.666,15.00,-126.588,512.777,220.765,-89.860,0.010,180.000
956702655.765879,68.853,14.52,-126.473,512.871,220.793,-89.817,0.011,179.999
956702655.831208,65.329,15.31,-126.367,512.963,220.821,-89.776,0.011,180.000
956702655.898872,67.664,14.78,-126.260,513.058,220.853,-89.735,0.011,180.000
956702655.963689,64.817,15.43,-126.167,513.144,220.884,-89.698,0.011,180.000
956702656.030361,66.672,15.00,-126.071,513.233,220.920,-89.661,0.011,180.000
956702656.097028,66.667,15.00,-125.970,513.325,220.961,-89.620,0.011,180.000
956702656.163687,66.659,15.00,-125.870,513.422,221.004,-89.579,0.011,180.000
956702656.230362,66.675,15.00,-125.774,513.516,221.046,-89.538,0.011,180.000
956702656.297025,66.663,15.00,-125.675,513.605,221.087,-89.499,0.011,180.000
956702656.363690,66.665,15.00,-125.579,513.701,221.130,-89.457,0.011,180.000
956702656.430463,66.773,14.98,-125.478,513.799,221.174,-89.414,0.011,180.000
956702656.497026,66.563,15.02,-125.378,513.895,221.217,-89.372,0.011,180.000
956702656.563688,66.662,15.00,-125.281,513.993,221.262,-89.329,0.011,180.000
956702656.630357,66.669,15.00,-125.181,514.089,221.305,-89.285,0.010,180.000
956702656.697028,66.671,15.00,-125.080,514.185,221.348,-89.241,0.010,180.000
956702656.763688,66.660,15.00,-124.983,514.279,221.392,-89.197,0.010,180.000
956702656.830358,66.670,15.00,-124.883,514.379,221.435,-89.152,0.010,180.000
956702656.897025,66.667,15.00,-124.788,514.473,221.475,-89.110,0.010,180.000
956702656.963688,66.663,15.00,-124.693,514.562,221.515,-89.067,0.010,180.000
956702657.030360,66.672,15.00,-124.593,514.661,221.558,-89.021,0.010,180.000
956702657.097789,67.429,14.83,-124.492,514.759,221.599,-88.977,0.010,180.000
956702657.163686,65.897,15.18,-124.395,514.856,221.639,-88.931,0.010,180.000
956702657.230370,66.684,15.00,-124.295,514.956,221.678,-88.885,0.010,180.000
956702657.297036,66.666,15.00,-124.198,515.051,221.718,-88.841,0.010,180.000
956702657.363695,66.659,15.00,-124.101,515.145,221.757,-88.797,0.010,180.000
956702657.430358,66.663,15.00,-124.000,515.242,221.798,-88.750,0.010,180.000
956702657.497025,66.667,15.00,-123.899,515.340,221.835,-88.705,0.010,180.000
956702657.563688,66.663,15.00,-123.802,515.438,221.873,-88.660,0.010,180.000
956702657.630357,66.669,15.00,-123.701,515.537,221.911,-88.613,0.010,180.000
956702657.697028,66.671,15.00,-123.600,515.634,221.947,-88.568,0.010,180.000
956702657.763690,66.662,15.00,-123.501,515.729,221.984,-88.523,0.010,180.000
956702657.830357,66.667,15.00,-123.396,515.831,222.021,-88.477,0.010,180.000
956702657.897028,66.671,15.00,-123.297,515.929,222.054,-88.432,0.010,180.000
956702657.963689,66.661,15.00,-123.195,516.028,222.091,-88.387,0.010,180.000
956702658.030361,66.672,15.00,-123.092,516.131,222.125,-88.341,0.010,180.000
956702658.097027,66.666,15.00,-122.991,516.226,222.159,-88.296,0.010,180.000
956702658.163689,66.662,15.00,-122.890,516.325,222.191,-88.252,0.010,180.000
956702658.230478,66.789,14.97,-122.786,516.427,222.226,-88.206,0.010,180.000
956702658.297025,66.547,15.03,-122.685,516.526,222.257,-88.161,0.010,180.000
956702658.363692,66.667,15.00,-122.584,516.628,222.290,-88.117,0.010,180.000
956702658.430364,66.672,15.00,-122.476,516.732,222.324,-88.070,0.010,180.000
956702658.498774,68.410,14.62,-122.377,516.829,222.354,-88.026,0.010,180.000
956702658.563688,64.914,15.41,-122.277,516.922,222.385,-87.983,0.010,180.000
956702658.630359,66.671,15.00,-122.174,517.025,222.416,-87.938,0.010,180.000
956702658.697027,66.668,15.00,-122.072,517.124,222.447,-87.893,0.010,180.000
956702658.763691,66.664,15.00,-121.975,517.221,222.475,-87.850,0.010,180.000
956702658.830360,66.669,15.00,-121.871,517.319,222.503,-87.805,0.010,180.000
956702658.897025,66.665,15.00,-121.769,517.415,222.532,-87.761,0.010,180.000
956702658.963689,66.664,15.00,-121.668,517.516,222.562,-87.717,0.010,180.000
956702659.030363,66.674,15.00,-121.564,517.618,222.590,-87.672,0.010,180.000
956702659.097028,66.665,15.00,-121.462,517.718,222.616,-87.628,0.010,-180.000
956702659.163690,66.662,15.00,-121.361,517.821,222.647,-87.584,0.010,-180.000
956702659.230362,66.672,15.00,-121.257,517.919,222.674,-87.539,0.010,-180.000
956702659.297028,66.666,15.00,-121.161,518.014,222.699,-87.496,0.010,-180.000
956702659.363690,66.662,15.00,-121.061,518.111,222.728,-87.454,0.010,-180.000
956702659.430360,66.670,15.00,-120.957,518.213,222.755,-87.409,0.010,-180.000
956702659.497032,66.672,15.00,-120.855,518.315,222.781,-87.365,0.010,-180.000
956702659.563690,66.658,15.00,-120.753,518.414,222.806,-87.320,0.010,-180.000
956702659.630360,66.670,15.00,-120.649,518.515,222.833,-87.275,0.010,-180.000
956702659.697023,66.663,15.00,-120.547,518.611,222.859,-87.231,0.010,-180.000
956702659.765886,68.863,14.52,-120.441,518.717,222.884,-87.185,0.010,-180.000
956702659.831190,65.304,15.31,-120.339,518.818,222.909,-87.141,0.010,-180.000
956702659.898951,67.761,14.76,-120.235,518.922,222.933,-87.095,0.010,-180.000
956702659.963691,64.740,15.45,-120.137,519.021,222.957,-87.053,0.010,-180.000
956702660.030364,66.673,15.00,-120.033,519.120,222.982,-87.008,0.010,-180.000
956702660.097031,66.667,15.00,-119.930,519.220,223.006,-86.964,0.010,-180.000
956702660.163689,66.658,15.00,-119.828,519.319,223.031,-86.919,0.011,-180.000
956702660.230408,66.719,14.99,-119.724,519.424,223.054,-86.874,0.011,-180.000
956702660.297033,66.625,15.01,-119.622,519.524,223.078,-86.830,0.011,-180.000
956702660.363690,66.657,15.00,-119.519,519.624,223.102,-86.786,0.011,-180.000
956702660.430364,66.674,15.00,-119.413,519.727,223.125,-86.740,0.011,-180.000
956702660.497036,66.672,15.00,-119.308,519.826,223.147,-86.694,0.011,-180.000
956702660.563692,66.656,15.00,-119.206,519.927,223.172,-86.650,0.011,-180.000
956702660.630477,66.785,14.97,-119.101,520.031,223.194,-86.605,0.011,-180.000
956702660.697030,66.553,15.03,-118.999,520.132,223.217,-86.561,0.011,-180.000
956702660.763692,66.662,15.00,-118.896,520.235,223.238,-86.516,0.011,-180.000
956702660.830369,66.677,15.00,-118.791,520.336,223.261,-86.471,0.011,-180.000
956702660.897030,66.661,15.00,-118.689,520.435,223.281,-86.426,0.011,-180.000
956702660.963692,66.662,15.00,-118.586,520.532,223.300,-86.382,0.010,-180.000
956702661.030360,66.668,15.00,-118.481,520.635,223.322,-86.337,0.010,-180.000
956702661.098290,67.930,14.72,-118.376,520.738,223.343,-86.292,0.010,-180.000
956702661.163698,65.408,15.29,-118.276,520.838,223.364,-86.248,0.010,-180.000
956702661.230363,66.665,15.00,-118.171,520.944,223.384,-86.201,0.010,-180.000
956702661.297030,66.667,15.00,-118.074,521.035,223.403,-86.160,0.010,-180.000
956702661.363692,66.662,15.00,-117.971,521.137,223.421,-86.115,0.010,-180.000
956702661.430356,66.664,15.00,-117.868,521.233,223.439,-86.072,0.010,-180.000
956702661.497022,66.666,15.00,-117.765,521.335,223.458,-86.027,0.010,-180.000
956702661.563690,66.668,15.00,-117.662,521.436,223.478,-85.983,0.010,-180.000
956702661.630358,66.668,15.00,-117.557,521.539,223.497,-85.937,0.010,-180.000
956702661.697016,66.658,15.00,-117.454,521.643,223.514,-85.893,0.010,-180.000
956702661.763685,66.669,15.00,-117.351,521.741,223.532,-85.848,0.010,-180.000
956702661.830360,66.675,15.00,-117.246,521.843,223.550,-85.803,0.010,-180.000
956702661.897022,66.662,15.00,-117.143,521.945,223.568,-85.758,0.010,-180.000
956702661.963682,66.660,15.00,-117.040,522.047,223.586,-85.713,0.010,-180.000
956702662.030364,66.682,15.00,-116.934,522.152,223.601,-85.668,0.010,-180.000
956702662.097031,66.667,15.00,-116.831,522.251,223.620,-85.623,0.010,-180.000
956702662.163693,66.662,15.00,-116.728,522.351,223.634,-85.578,0.010,-180.000
956702662.230363,66.670,15.00,-116.622,522.451,223.650,-85.532,0.010,-180.000
956702662.297030,66.667,15.00,-116.519,522.550,223.664,-85.487,0.010,-180.000
956702662.363694,66.664,15.00,-116.416,522.652,223.679,-85.442,0.010,-180.000
956702662.432392,68.698,14.56,-116.306,522.760,223.692,-85.394,0.010,-180.000
956702662.498712,66.320,15.08,-116.205,522.861,223.707,-85.351,0.010,-180.000
956702662.563694,64.982,15.39,-116.103,522.957,223.721,-85.307,0.010,-180.000
956702662.630360,66.666,15.00,-115.997,523.060,223.735,-85.261,0.010,-180.000
956702662.697029,66.669,15.00,-115.894,523.158,223.747,-85.216,0.009,-180.000
956702662.763693,66.664,15.00,-115.790,523.260,223.760,-85.171,0.010,-180.000
956702662.830362,66.669,15.00,-115.685,523.363,223.772,-85.125,0.010,-179.999
956702662.897030,66.668,15.00,-115.581,523.467,223.783,-85.080,0.010,-179.999
956702662.963693,66.663,15.00,-115.477,523.570,223.798,-85.035,0.010,-179.999
956702663.030364,66.671,15.00,-115.371,523.671,223.807,-84.989,0.010,-179.999
956702663.097028,66.664,15.00,-115.268,523.772,223.817,-84.944,0.010,-179.999
956702663.163696,66.668,15.00,-115.164,523.870,223.827,-84.899,0.010,-179.999
956702663.230368,66.672,15.00,-115.058,523.973,223.835,-84.853,0.009,-179.999
956702663.297041,66.673,15.00,-114.954,524.076,223.844,-84.808,0.010,-179.999
956702663.363700,66.659,15.00,-114.850,524.177,223.855,-84.763,0.010,-179.999
956702663.430366,66.666,15.00,-114.744,524.282,223.860,-84.717,0.009,-179.999
956702663.497031,66.665,15.00,-114.642,524.382,223.869,-84.672,0.009,-179.999
956702663.563693,66.662,15.00,-114.536,524.485,223.876,-84.625,0.009,-179.999
956702663.630366,66.673,15.00,-114.428,524.586,223.882,-84.579,0.009,-179.999
956702663.697028,66.662,15.00,-114.326,524.687,223.888,-84.533,0.009,-179.999
956702663.764903,67.875,14.73,-114.217,524.793,223.893,-84.486,0.008,-179.999
956702663.831183,66.280,15.09,-114.109,524.899,223.902,-84.439,0.009,-179.999
956702663.898836,67.653,14.78,-114.007,525.002,223.908,-84.393,0.009,-179.999
956702663.963692,64.856,15.42,-113.909,525.098,223.913,-84.350,0.009,-179.999
956702664.030368,66.676,15.00,-113.807,525.197,223.918,-84.304,0.009,-179.999
956702664.097031,66.663,15.00,-113.707,525.294,223.920,-84.260,0.009,-179.999
956702664.163695,66.664,15.00,-113.606,525.394,223.924,-84.215,0.009,-179.999
956702664.230365,66.670,15.00,-113.502,525.498,223.926,-84.169,0.009,-179.999
956702664.297029,66.664,15.00,-113.398,525.601,223.927,-84.123,0.009,-179.999
956702664.363695,66.666,15.00,-113.298,525.702,223.931,-84.078,0.009,-179.999
956702664.430365,66.670,15.00,-113.193,525.804,223.931,-84.031,0.008,-179.999
956702664.497029,66.664,15.00,-113.089,525.904,223.930,-83.986,0.008,-179.999
956702664.563694,66.665,15.00,-112.988,526.002,223.932,-83.940,0.009,-179.999
956702664.630368,66.674,15.00,-112.884,526.107,223.932,-83.894,0.009,-179.999
956702664.697030,66.662,15.00,-112.781,526.209,223.930,-83.848,0.009,-179.999
956702664.763696,66.666,15.00,-112.679,526.312,223.927,-83.803,0.009,-179.999
956702664.830373,66.677,15.00,-112.574,526.419,223.926,-83.755,0.009,-179.999
956702664.897029,66.656,15.00,-112.474,526.519,223.923,-83.709,0.009,-179.999
956702664.963694,66.665,15.00,-112.373,526.622,223.920,-83.661,0.009,-179.999
956702665.030363,66.669,15.00,-112.271,526.725,223.916,-83.612,0.009,-179.999
956702665.098348,67.985,14.71,-112.168,526.833,223.912,-83.561,0.009,-179.999
956702665.163887,65.539,15.26,-112.072,526.932,223.906,-83.513,0.009,-179.999
956702665.230366,66.479,15.04,-111.967,527.043,223.899,-83.460,0.009,-179.999
956702665.297032,66.666,15.00,-111.871,527.148,223.890,-83.409,0.009,-179.999
956702665.363697,66.665,15.00,-111.774,527.255,223.884,-83.356,0.009,-179.999
956702665.430368,66.671,15.00,-111.676,527.365,223.875,-83.300,0.009,-179.999
956702665.497031,66.663,15.00,-111.580,527.475,223.863,-83.244,0.009,-179.999
956702665.563699,66.668,15.00,-111.485,527.584,223.851,-83.186,0.009,-179.999
956702665.630367,66.668,15.00,-111.389,527.696,223.838,-83.126,0.009,-179.999
956702665.697030,66.663,15.00,-111.295,527.806,223.822,-83.065,0.009,-179.999
956702665.763698,66.668,15.00,-111.203,527.918,223.805,-83.001,0.009,-179.999
956702665.830367,66.669,15.00,-111.108,528.031,223.787,-82.935,0.009,-179.999
956702665.897032,66.665,15.00,-111.023,528.137,223.770,-82.871,0.009,-179.999
956702665.963697,66.665,15.00,-110.939,528.245,223.748,-82.805,0.009,-179.999
956702666.030366,66.669,15.00,-110.849,528.358,223.725,-82.731,0.009,-179.999
956702666.097031,66.665,15.00,-110.763,528.473,223.699,-82.656,0.009,-179.999
956702666.163695,66.664,15.00,-110.679,528.583,223.671,-82.577,0.008,-179.999
956702666.230368,66.673,15.00,-110.593,528.702,223.640,-82.493,0.009,-179.999
956702666.297047,66.679,15.00,-110.514,528.818,223.608,-82.409,0.009,-179.999
956702666.363697,66.650,15.00,-110.432,528.934,223.572,-82.322,0.009,-179.999
956702666.430371,66.674,15.00,-110.353,529.059,223.529,-82.221,0.009,-179.999
956702666.498738,68.367,14.63,-110.282,529.173,223.486,-82.126,0.009,-179.999
956702666.563698,64.960,15.39,-110.211,529.286,223.441,-82.028,0.009,-179.999
956702666.630365,66.667,15.00,-110.145,529.404,223.386,-81.917,0.009,-179.999
956702666.697039,66.674,15.00,-110.082,529.522,223.329,-81.804,0.009,-179.999
956702666.763700,66.661,15.00,-110.028,529.635,223.262,-81.680,0.009,-179.999
956702666.830368,66.668,15.00,-109.979,529.751,223.184,-81.546,0.009,-179.999
956702666.897030,66.662,15.00,-109.940,529.858,223.098,-81.407,0.009,-179.999
956702666.963698,66.668,15.00,-109.910,529.965,223.006,-81.260,0.009,-179.999
956702667.030370,66.672,15.00,-109.892,530.064,222.904,-81.105,0.009,-179.999
956702667.097033,66.663,15.00,-109.887,530.155,222.796,-80.949,0.009,-179.999
956702667.163699,66.666,15.00,-109.895,530.233,222.676,-80.785,0.009,-179.999
956702667.230369,66.670,15.00,-109.918,530.301,222.547,-80.617,0.009,-179.999
956702667.297035,66.666,15.00,-109.952,530.359,222.418,-80.455,0.009,-179.999
956702667.363701,66.666,15.00,-109.998,530.402,222.288,-80.296,0.009,-179.999
956702667.430368,66.667,15.00,-110.054,530.433,222.156,-80.140,0.009,-179.999
956702667.497033,66.665,15.00,-110.117,530.456,222.028,-79.993,0.010,-179.998
956702667.563696,66.663,15.00,-110.189,530.470,221.898,-79.850,0.010,-179.998
956702667.630371,66.675,15.00,-110.267,530.478,221.769,-79.708,0.010,-179.998
956702667.697035,66.664,15.00,-110.344,530.479,221.645,-79.578,0.010,-179.998
956702667.765314,68.279,14.65,-110.433,530.475,221.517,-79.442,0.010,-179.998
956702667.830364,65.050,15.37,-110.512,530.470,221.398,-79.321,0.010,-179.998
956702667.897032,66.668,15.00,-110.594,530.463,221.283,-79.201,0.010,-179.998
956702667.965469,68.437,14.61,-110.683,530.460,221.166,-79.081,0.010,-179.998
956702668.030922,65.453,15.28,-110.760,530.455,221.060,-78.973,0.010,-179.998
956702668.097030,66.108,15.13,-110.844,530.448,220.951,-78.862,0.010,-179.998
956702668.163701,66.671,15.00,-110.935,530.442,220.834,-78.742,0.010,-179.998
956702668.230372,66.671,15.00,-111.029,530.437,220.710,-78.616,0.010,-179.998
956702668.297038,66.666,15.00,-111.122,530.433,220.592,-78.495,0.010,-179.998
956702668.363704,66.666,15.00,-111.215,530.437,220.477,-78.374,0.010,-179.998
956702668.430374,66.670,15.00,-111.310,530.439,220.357,-78.249,0.010,-179.998
956702668.497048,66.674,15.00,-111.403,530.442,220.241,-78.124,0.010,-179.998
956702668.563706,66.658,15.00,-111.496,530.447,220.124,-77.999,0.009,-179.998
956702668.630373,66.667,15.00,-111.589,530.456,220.009,-77.873,0.010,-179.998
956702668.697040,66.667,15.00,-111.680,530.466,219.895,-77.746,0.009,-179.998
956702668.763697,66.657,15.00,-111.768,530.481,219.781,-77.618,0.010,-179.998
956702668.830374,66.677,15.00,-111.860,530.503,219.667,-77.485,0.010,-179.998
956702668.897034,66.660,15.00,-111.946,530.523,219.554,-77.353,0.010,-179.998
956702668.963698,66.664,15.00,-112.033,530.544,219.440,-77.219,0.010,-179.998
956702669.030367,66.669,15.00,-112.122,530.571,219.324,-77.079,0.010,-179.998
956702669.098191,67.824,14.74,-112.212,530.598,219.209,-76.937,0.010,-179.998
956702669.163797,65.606,15.24,-112.296,530.625,219.099,-76.800,0.010,-179.998
956702669.230368,66.571,15.02,-112.386,530.651,218.983,-76.655,0.010,-179.998
956702669.297037,66.669,15.00,-112.473,530.682,218.870,-76.508,0.010,-179.998
956702669.363702,66.665,15.00,-112.553,530.717,218.761,-76.366,0.010,-179.998
956702669.430369,66.667,15.00,-112.638,530.746,218.651,-76.217,0.010,-179.998
956702669.497035,66.666,15.00,-112.726,530.777,218.540,-76.063,0.010,-179.998
956702669.563699,66.664,15.00,-112.813,530.809,218.425,-75.904,0.010,-179.998
956702669.630370,66.671,15.00,-112.902,530.846,218.309,-75.737,0.010,-179.998
956702669.697034,66.664,15.00,-112.989,530.875,218.197,-75.573,0.010,-179.998
956702669.763748,66.714,14.99,-113.077,530.909,218.086,-75.406,0.010,-179.998
956702669.830370,66.622,15.01,-113.166,530.938,217.968,-75.232,0.010,-179.998
956702669.897034,66.664,15.00,-113.253,530.971,217.859,-75.059,0.010,-179.998
956702669.963698,66.664,15.00,-113.343,530.996,217.747,-74.883,0.010,-179.998
956702670.030372,66.674,15.00,-113.432,531.027,217.631,-74.701,0.010,-179.998
956702670.097031,66.659,15.00,-113.521,531.051,217.519,-74.520,0.010,-179.997
956702670.163701,66.670,15.00,-113.611,531.080,217.407,-74.337,0.010,-179.997
956702670.230372,66.671,15.00,-113.700,531.101,217.295,-74.153,0.010,-179.997
956702670.297035,66.663,15.00,-113.789,531.119,217.188,-73.970,0.010,-179.997
956702670.363704,66.669,15.00,-113.880,531.141,217.075,-73.784,0.010,-179.997
956702670.430370,66.666,15.00,-113.976,531.159,216.962,-73.592,0.010,-179.997
956702670.497034,66.664,15.00,-114.072,531.175,216.853,-73.405,0.010,-179.997
956702670.563699,66.665,15.00,-114.163,531.188,216.750,-73.225,0.010,-179.997
956702670.632294,68.595,14.58,-114.261,531.201,216.639,-73.034,0.010,-179.997
956702670.697035,64.741,15.45,-114.352,531.213,216.539,-72.861,0.010,-179.997
956702670.763704,66.669,15.00,-114.447,531.222,216.436,-72.681,0.010,-179.997
956702670.830398,66.694,14.99,-114.549,531.228,216.329,-72.497,0.010,-179.997
956702670.897039,66.641,15.01,-114.651,531.236,216.224,-72.317,0.010,-179.997
956702670.963699,66.660,15.00,-114.755,531.239,216.119,-72.142,0.010,-179.997
956702671.030370,66.671,15.00,-114.861,531.240,216.019,-71.967,0.010,-179.997
956702671.097035,66.665,15.00,-114.967,531.238,215.918,-71.798,0.010,-179.997
956702671.163699,66.664,15.00,-115.073,531.240,215.820,-71.632,0.010,-179.997
956702671.230375,66.676,15.00,-115.182,531.239,215.720,-71.463,0.010,-179.997
956702671.297032,66.657,15.00,-115.292,531.237,215.623,-71.303,0.010,-179.997
956702671.363699,66.667,15.00,-115.402,531.232,215.527,-71.144,0.010,-179.997
956702671.430373,66.674,15.00,-115.515,531.234,215.429,-70.984,0.010,-179.997
956702671.497034,66.661,15.00,-115.625,531.235,215.333,-70.829,0.010,-179.997
956702671.563709,66.675,15.00,-115.736,531.236,215.237,-70.674,0.010,-179.997
956702671.630369,66.660,15.00,-115.848,531.238,215.139,-70.517,0.010,-179.997
956702671.697034,66.665,15.00,-115.959,531.248,215.044,-70.363,0.010,-179.997
956702671.763701,66.667,15.00,-116.068,531.259,214.951,-70.209,0.010,-179.997
956702671.830374,66.673,15.00,-116.179,531.279,214.854,-70.050,0.011,-179.997
956702671.897037,66.663,15.00,-116.281,531.293,214.762,-69.903,0.010,-179.997
956702671.963705,66.668,15.00,-116.379,531.311,214.674,-69.760,0.010,-179.997
956702672.030370,66.665,15.00,-116.486,531.335,214.578,-69.602,0.010,-179.997
956702672.097035,66.665,15.00,-116.593,531.360,214.484,-69.443,0.010,-179.997
956702672.163700,66.665,15.00,-116.696,531.391,214.386,-69.284,0.010,-179.997
956702672.230372,66.672,15.00,-116.799,531.428,214.288,-69.119,0.010,-179.997
956702672.297036,66.664,15.00,-116.898,531.467,214.191,-68.956,0.010,-179.996
956702672.363705,66.669,15.00,-116.997,531.512,214.095,-68.793,0.010,-179.996
956702672.430371,66.666,15.00,-117.093,531.558,213.993,-68.625,0.010,-179.996
956702672.497038,66.667,15.00,-117.188,531.602,213.893,-68.458,0.010,-179.996
956702672.563703,66.665,15.00,-117.281,531.653,213.793,-68.291,0.010,-179.996
956702672.630374,66.671,15.00,-117.371,531.709,213.689,-68.118,0.010,-179.996
956702672.697038,66.664,15.00,-117.460,531.765,213.589,-67.947,0.010,-179.996
956702672.763701,66.663,15.00,-117.544,531.821,213.486,-67.774,0.010,-179.996
956702672.830382,66.681,15.00,-117.629,531.883,213.382,-67.594,0.010,-179.996
956702672.897038,66.656,15.00,-117.707,531.949,213.280,-67.415,0.010,-179.996
956702672.963701,66.663,15.00,-117.781,532.019,213.176,-67.234,0.010,-179.996
956702673.030373,66.672,15.00,-117.853,532.097,213.068,-67.041,0.010,-179.996
956702673.097038,66.665,15.00,-117.919,532.176,212.963,-66.850,0.010,-179.996
956702673.163701,66.663,15.00,-117.976,532.260,212.860,-66.662,0.010,-179.996
956702673.230891,67.190,14.88,-118.031,532.348,212.756,-66.468,0.010,-179.996
956702673.297804,66.913,14.94,-118.082,532.437,212.654,-66.276,0.010,-179.996
956702673.363701,65.897,15.18,-118.126,532.529,212.552,-66.082,0.010,-179.996
956702673.430372,66.671,15.00,-118.166,532.626,212.450,-65.883,0.010,-179.996
956702673.497037,66.665,15.00,-118.196,532.727,212.349,-65.687,0.009,-179.996
956702673.563715,66.678,15.00,-118.219,532.829,212.250,-65.489,0.009,-179.996
956702673.630375,66.660,15.00,-118.238,532.938,212.150,-65.286,0.010,-179.996
956702673.697038,66.663,15.00,-118.252,533.041,212.054,-65.086,0.010,-179.996
956702673.763702,66.664,15.00,-118.260,533.147,211.958,-64.885,0.010,-179.996
956702673.830377,66.675,15.00,-118.268,533.255,211.857,-64.678,0.009,-179.996
956702673.897042,66.665,15.00,-118.272,533.360,211.758,-64.473,0.009,-179.996
956702673.963704,66.662,15.00,-118.271,533.466,211.662,-64.267,0.010,-179.996
956702674.030374,66.670,15.00,-118.270,533.569,211.558,-64.052,0.009,-179.996
956702674.097037,66.663,15.00,-118.269,533.674,211.455,-63.837,0.009,-179.996
956702674.163702,66.665,15.00,-118.266,533.770,211.351,-63.619,0.009,-179.996
956702674.230376,66.674,15.00,-118.263,533.871,211.241,-63.392,0.009,-179.996
956702674.297040,66.664,15.00,-118.260,533.962,211.132,-63.165,0.009,-179.996
956702674.363704,66.664,15.00,-118.261,534.055,211.018,-62.932,0.009,-179.996
956702674.430376,66.672,15.00,-118.261,534.141,210.899,-62.689,0.009,-179.996
956702674.497035,66.659,15.00,-118.262,534.224,210.780,-62.446,0.009,-179.995
956702674.563743,66.708,14.99,-118.267,534.301,210.659,-62.198,0.010,-179.995
956702674.632399,68.656,14.57,-118.276,534.374,210.524,-61.929,0.010,-179.995
956702674.697040,64.641,15.47,-118.285,534.436,210.402,-61.685,0.010,-179.995
956702674.763701,66.661,15.00,-118.293,534.495,210.278,-61.439,0.010,-179.995
956702674.830379,66.678,15.00,-118.310,534.543,210.146,-61.184,0.010,-179.995
956702674.897043,66.664,15.00,-118.331,534.585,210.009,-60.922,0.010,-179.995
956702674.963703,66.660,15.00,-118.354,534.624,209.869,-60.659,0.009,-179.995
956702675.030375,66.672,15.00,-118.381,534.653,209.727,-60.392,0.009,-179.995
956702675.097036,66.661,15.00,-118.413,534.674,209.585,-60.130,0.009,-179.995
956702675.163703,66.667,15.00,-118.446,534.688,209.447,-59.871,0.010,-179.995
956702675.230374,66.671,15.00,-118.481,534.695,209.300,-59.608,0.009,-179.995
956702675.297036,66.662,15.00,-118.518,534.704,209.159,-59.353,0.009,-179.995
956702675.363707,66.671,15.00,-118.556,534.705,209.017,-59.101,0.009,-179.995
956702675.430374,66.667,15.00,-118.595,534.703,208.874,-58.845,0.009,-179.995
956702675.497036,66.662,15.00,-118.632,534.696,208.735,-58.597,0.009,-179.995
956702675.563705,66.669,15.00,-118.671,534.688,208.594,-58.352,0.009,-179.995
956702675.630373,66.668,15.00,-118.710,534.678,208.451,-58.102,0.009,-179.995
956702675.697039,66.666,15.00,-118.748,534.666,208.310,-57.859,0.009,-179.995
956702675.765511,68.472,14.60,-118.787,534.652,208.163,-57.608,0.009,-179.995
956702675.830372,64.861,15.42,-118.826,534.638,208.027,-57.373,0.009,-179.995
956702675.897372,67.000,14.93,-118.862,534.621,207.888,-57.134,0.009,-179.995
956702675.965022,67.650,14.78,-118.903,534.598,207.741,-56.887,0.009,-179.995
956702676.031270,66.248,15.09,-118.939,534.575,207.601,-56.653,0.009,-179.995
956702676.097041,65.771,15.20,-118.974,534.552,207.475,-56.444,0.008,-179.995
956702676.163705,66.664,15.00,-119.010,534.526,207.349,-56.233,0.008,-179.995
956702676.230377,66.672,15.00,-119.050,534.495,207.210,-56.001,0.008,-179.995
956702676.297041,66.664,15.00,-119.090,534.464,207.076,-55.781,0.008,-179.995
956702676.363705,66.664,15.00,-119.131,534.429,206.945,-55.562,0.008,-179.995
956702676.430376,66.671,15.00,-119.173,534.389,206.807,-55.335,0.008,-179.995
956702676.497039,66.663,15.00,-119.215,534.351,206.670,-55.114,0.008,-179.995
956702676.563705,66.666,15.00,-119.255,534.307,206.536,-54.893,0.008,-179.995
956702676.630375,66.670,15.00,-119.293,534.268,206.398,-54.668,0.008,-179.995
956702676.697039,66.664,15.00,-119.329,534.231,206.264,-54.448,0.009,-179.994
956702676.763703,66.664,15.00,-119.360,534.195,206.127,-54.227,0.009,-179.994
956702676.830376,66.673,15.00,-119.389,534.155,205.984,-54.001,0.008,-179.994
956702676.897062,66.686,15.00,-119.416,534.123,205.844,-53.778,0.008,-179.994
956702676.963707,66.645,15.00,-119.439,534.087,205.706,-53.554,0.009,-179.994
956702677.030375,66.668,15.00,-119.460,534.056,205.559,-53.326,0.008,-179.994
956702677.097040,66.665,15.00,-119.472,534.030,205.415,-53.103,0.008,-179.994
956702677.163703,66.663,15.00,-119.484,534.005,205.272,-52.881,0.008,-179.994
956702677.231209,67.506,14.81,-119.490,533.984,205.123,-52.652,0.008,-179.994
956702677.297041,65.832,15.19,-119.491,533.965,204.978,-52.435,0.008,-179.994
956702677.363705,66.664,15.00,-119.488,533.947,204.836,-52.226,0.008,-179.994
956702677.430373,66.668,15.00,-119.483,533.931,204.686,-52.004,0.008,-179.994
956702677.497043,66.670,15.00,-119.472,533.917,204.543,-51.804,0.008,-179.994
956702677.563707,66.664,15.00,-119.458,533.905,204.397,-51.605,0.008,-179.994
956702677.630373,66.666,15.00,-119.440,533.887,204.249,-51.407,0.008,-179.994
956702677.697039,66.666,15.00,-119.422,533.872,204.104,-51.217,0.008,-179.994
956702677.763705,66.666,15.00,-119.400,533.857,203.961,-51.033,0.008,-179.994
956702677.830378,66.673,15.00,-119.376,533.842,203.815,-50.851,0.008,-179.994
956702677.897039,66.661,15.00,-119.351,533.826,203.672,-50.677,0.008,-179.994
956702677.963707,66.668,15.00,-119.326,533.806,203.530,-50.506,0.008,-179.994
956702678.030415,66.708,14.99,-119.302,533.786,203.390,-50.338,0.008,-179.994
956702678.097040,66.625,15.01,-119.277,533.763,203.252,-50.181,0.008,-179.994
956702678.163706,66.666,15.00,-119.250,533.731,203.111,-50.026,0.008,-179.994
956702678.230376,66.670,15.00,-119.224,533.700,202.968,-49.870,0.008,-179.994
956702678.297041,66.665,15.00,-119.199,533.668,202.828,-49.723,0.008,-179.994
956702678.363706,66.665,15.00,-119.176,533.627,202.689,-49.578,0.008,-179.994
956702678.430379,66.673,15.00,-119.153,533.585,202.546,-49.435,0.008,-179.994
956702678.497040,66.661,15.00,-119.132,533.539,202.409,-49.297,0.008,-179.994
956702678.563752,66.712,14.99,-119.110,533.493,202.267,-49.159,0.008,-179.994
956702678.632317,68.565,14.58,-119.091,533.440,202.128,-49.025,0.008,-179.994
956702678.697148,64.831,15.42,-119.074,533.388,202.002,-48.904,0.008,-179.994
956702678.763706,66.558,15.02,-119.057,533.335,201.868,-48.776,0.008,-179.994
956702678.830377,66.671,15.00,-119.039,533.272,201.730,-48.649,0.008,-179.994
956702678.897040,66.663,15.00,-119.024,533.209,201.600,-48.528,0.008,-179.994
956702678.963708,66.668,15.00,-119.009,533.147,201.469,-48.409,0.008,-179.994
956702679.030383,66.675,15.00,-118.993,533.076,201.338,-48.289,0.008,-179.993
956702679.097041,66.658,15.00,-118.977,533.001,201.211,-48.173,0.008,-179.994
956702679.163707,66.666,15.00,-118.959,532.923,201.088,-48.061,0.008,-179.994
956702679.230387,66.680,15.00,-118.941,532.840,200.966,-47.948,0.008,-179.994
956702679.297043,66.656,15.00,-118.925,532.756,200.849,-47.839,0.008,-179.993
956702679.363705,66.662,15.00,-118.911,532.661,200.734,-47.733,0.007,-179.994
956702679.430379,66.674,15.00,-118.899,532.562,200.628,-47.629,0.008,-179.994
956702679.497041,66.662,15.00,-118.893,532.452,200.527,-47.532,0.008,-179.994
956702679.563707,66.666,15.00,-118.893,532.343,200.431,-47.440,0.007,-179.994
956702679.630378,66.671,15.00,-118.900,532.223,200.339,-47.350,0.008,-179.993
956702679.697043,66.665,15.00,-118.909,532.101,200.256,-47.267,0.008,-179.993
956702679.765467,68.424,14.61,-118.922,531.981,200.176,-47.187,0.008,-179.993
956702679.830374,64.907,15.41,-118.939,531.864,200.106,-47.117,0.008,-179.993
956702679.897426,67.052,14.91,-118.956,531.739,200.034,-47.045,0.007,-179.994
956702679.965070,67.644,14.78,-118.982,531.610,199.962,-46.972,0.007,-179.994
956702680.031166,66.096,15.13,-119.006,531.483,199.895,-46.905,0.007,-179.994
956702680.097044,65.878,15.18,-119.032,531.359,199.830,-46.839,0.007,-179.994
956702680.163710,66.666,15.00,-119.060,531.231,199.765,-46.774,0.007,-179.994
956702680.230377,66.667,15.00,-119.090,531.096,199.699,-46.708,0.007,-179.994
956702680.297042,66.665,15.00,-119.122,530.966,199.636,-46.644,0.007,-179.994
956702680.363709,66.667,15.00,-119.154,530.838,199.577,-46.582,0.008,-179.993
956702680.430377,66.668,15.00,-119.188,530.705,199.514,-46.519,0.008,-179.993
956702680.497042,66.665,15.00,-119.221,530.575,199.452,-46.458,0.007,-179.994
956702680.563709,66.667,15.00,-119.255,530.443,199.393,-46.397,0.007,-179.994
956702680.630375,66.666,15.00,-119.291,530.312,199.332,-46.335,0.007,-179.994
956702680.697042,66.667,15.00,-119.325,530.183,199.271,-46.275,0.007,-179.994
956702680.763708,66.666,15.00,-119.362,530.049,199.214,-46.214,0.007,-179.993
956702680.830383,66.675,15.00,-119.400,529.915,199.154,-46.153,0.007,-179.993
956702680.897040,66.657,15.00,-119.439,529.786,199.096,-46.093,0.007,-179.993
956702680.963717,66.677,15.00,-119.475,529.654,199.036,-46.033,0.007,-179.994
956702681.030377,66.660,15.00,-119.513,529.521,198.977,-45.972,0.007,-179.994
956702681.097045,66.668,15.00,-119.552,529.393,198.919,-45.912,0.007,-179.993
956702681.163707,66.662,15.00,-119.588,529.260,198.861,-45.853,0.007,-179.994
956702681.231248,67.541,14.81,-119.626,529.127,198.800,-45.791,0.007,-179.994
956702681.297042,65.794,15.20,-119.663,528.999,198.743,-45.733,0.007,-179.994
956702681.363710,66.668,15.00,-119.697,528.875,198.689,-45.678,0.007,-179.993
956702681.430379,66.669,15.00,-119.731,528.754,198.636,-45.622,0.007,-179.994
956702681.497045,66.666,15.00,-119.763,528.624,198.579,-45.565,0.007,-179.993
956702681.563709,66.664,15.00,-119.799,528.491,198.521,-45.507,0.007,-179.994
956702681.630377,66.668,15.00,-119.833,528.359,198.462,-45.447,0.007,-179.993
956702681.697044,66.667,15.00,-119.865,528.223,198.405,-45.389,0.007,-179.994
956702681.763712,66.668,15.00,-119.899,528.092,198.348,-45.331,0.007,-179.994
956702681.830379,66.667,15.00,-119.932,527.958,198.291,-45.272,0.007,-179.993
956702681.897046,66.667,15.00,-119.964,527.822,198.234,-45.215,0.007,-179.994
956702681.963710,66.664,15.00,-119.996,527.690,198.176,-45.157,0.007,-179.994
956702682.030377,66.667,15.00,-120.025,527.555,198.118,-45.099,0.007,-179.994
956702682.097046,66.669,15.00,-120.055,527.423,198.062,-45.044,0.007,-179.994
956702682.163712,66.666,15.00,-120.084,527.294,198.008,-44.989,0.007,-179.994
956702682.230379,66.667,15.00,-120.116,527.160,197.951,-44.931,0.007,-179.994
956702682.297044,66.665,15.00,-120.147,527.022,197.893,-44.875,0.007,-179.994
956702682.363711,66.667,15.00,-120.176,526.890,197.837,-44.819,0.007,-179.994
956702682.430381,66.670,15.00,-120.208,526.755,197.779,-44.763,0.007,-179.994
956702682.498232,67.851,14.74,-120.239,526.616,197.720,-44.706,0.006,-179.994
956702682.563764,65.532,15.26,-120.266,526.487,197.667,-44.653,0.006,-179.994
956702682.630378,66.614,15.01,-120.296,526.351,197.612,-44.597,0.007,-179.994
956702682.697043,66.665,15.00,-120.327,526.215,197.554,-44.543,0.006,-179.994
956702682.763708,66.665,15.00,-120.354,526.082,197.500,-44.489,0.007,-179.994
956702682.830383,66.675,15.00,-120.383,525.947,197.444,-44.434,0.007,-179.994
956702682.897045,66.662,15.00,-120.412,525.815,197.388,-44.381,0.007,-179.994
956702682.963723,66.678,15.00,-120.440,525.684,197.334,-44.330,0.007,-179.994
956702683.030375,66.652,15.00,-120.467,525.558,197.281,-44.280,0.007,-179.994
956702683.097042,66.667,15.00,-120.494,525.431,197.229,-44.231,0.007,-179.994
956702683.163759,66.717,14.99,-120.523,525.298,197.176,-44.180,0.007,-179.993
956702683.230380,66.621,15.01,-120.553,525.166,197.120,-44.128,0.007,-179.993
956702683.297044,66.664,15.00,-120.582,525.035,197.069,-44.078,0.007,-179.993
956702683.363711,66.667,15.00,-120.609,524.899,197.012,-44.028,0.007,-179.993
956702683.430379,66.668,15.00,-120.640,524.765,196.956,-43.976,0.007,-179.993
956702683.497047,66.668,15.00,-120.671,524.632,196.900,-43.926,0.007,-179.993
956702683.563719,66.672,15.00,-120.700,524.497,196.845,-43.877,0.007,-179.993
956702683.630382,66.663,15.00,-120.731,524.364,196.788,-43.827,0.007,-179.993
956702683.697051,66.669,15.00,-120.763,524.230,196.734,-43.778,0.007,-179.993
956702683.763709,66.658,15.00,-120.791,524.096,196.680,-43.730,0.007,-179.993
956702683.830387,66.678,15.00,-120.825,523.960,196.623,-43.681,0.007,-179.993
956702683.898723,68.336,14.63,-120.854,523.824,196.567,-43.634,0.007,-179.993
956702683.963709,64.986,15.39,-120.885,523.689,196.515,-43.588,0.007,-179.993
956702684.030377,66.668,15.00,-120.916,523.553,196.458,-43.540,0.007,-179.993
956702684.097043,66.666,15.00,-120.947,523.423,196.406,-43.495,0.007,-179.993
956702684.163709,66.666,15.00,-120.978,523.288,196.350,-43.450,0.007,-179.994
956702684.230378,66.669,15.00,-121.011,523.153,196.296,-43.404,0.007,-179.993
956702684.297042,66.664,15.00,-121.042,523.021,196.244,-43.360,0.007,-179.993
956702684.363710,66.668,15.00,-121.075,522.885,196.187,-43.316,0.007,-179.993
956702684.430376,66.666,15.00,-121.108,522.746,196.133,-43.271,0.007,-179.993
956702684.497047,66.671,15.00,-121.139,522.615,196.077,-43.229,0.007,-179.993
956702684.563712,66.665,15.00,-121.172,522.482,196.023,-43.186,0.007,-179.993
956702684.630381,66.669,15.00,-121.205,522.345,195.971,-43.144,0.007,-179.993
956702684.697044,66.663,15.00,-121.236,522.214,195.915,-43.102,0.007,-179.993
956702684.763709,66.665,15.00,-121.269,522.081,195.861,-43.061,0.007,-179.993
956702684.830378,66.669,15.00,-121.302,521.944,195.807,-43.020,0.007,-179.993
956702684.897044,66.666,15.00,-121.333,521.813,195.752,-42.981,0.007,-179.993
956702684.963710,66.666,15.00,-121.366,521.679,195.698,-42.941,0.007,-179.993
956702685.030399,66.689,14.99,-121.398,521.543,195.643,-42.902,0.007,-179.993
956702685.097042,66.643,15.01,-121.429,521.410,195.589,-42.865,0.007,-179.993
956702685.163709,66.667,15.00,-121.462,521.277,195.535,-42.828,0.007,-179.993
956702685.231209,67.500,14.81,-121.495,521.133,195.480,-42.790,0.007,-179.993
956702685.297046,65.837,15.19,-121.525,521.003,195.428,-42.756,0.007,-179.993
956702685.363709,66.663,15.00,-121.556,520.870,195.374,-42.722,0.007,-179.993
956702685.430377,66.668,15.00,-121.585,520.732,195.321,-42.688,0.007,-179.993
956702685.497052,66.675,15.00,-121.615,520.595,195.268,-42.657,0.007,-179.993
956702685.563712,66.660,15.00,-121.644,520.466,195.215,-42.627,0.007,-179.993
956702685.630387,66.675,15.00,-121.672,520.332,195.163,-42.599,0.007,-179.993
956702685.697048,66.661,15.00,-121.701,520.197,195.113,-42.572,0.007,-179.993
956702685.763712,66.664,15.00,-121.729,520.068,195.062,-42.547,0.007,-179.993
956702685.830382,66.670,15.00,-121.760,519.931,195.010,-42.523,0.007,-179.993
956702685.897047,66.665,15.00,-121.790,519.795,194.958,-42.502,0.007,-179.993
956702685.963713,66.666,15.00,-121.817,519.659,194.907,-42.484,0.007,-179.993
956702686.030383,66.670,15.00,-121.845,519.525,194.857,-42.467,0.007,-179.993
956702686.097047,66.664,15.00,-121.873,519.386,194.809,-42.454,0.007,-179.993
956702686.163712,66.665,15.00,-121.901,519.251,194.758,-42.442,0.007,-179.993
956702686.230386,66.674,15.00,-121.932,519.115,194.710,-42.433,0.007,-179.993
956702686.297046,66.660,15.00,-121.962,518.982,194.659,-42.425,0.007,-179.993
956702686.363714,66.668,15.00,-121.995,518.844,194.610,-42.420,0.007,-179.993
956702686.430382,66.668,15.00,-122.027,518.707,194.559,-42.416,0.007,-179.993
956702686.498276,67.894,14.73,-122.059,518.570,194.510,-42.415,0.007,-179.993
956702686.563819,65.543,15.26,-122.090,518.437,194.460,-42.414,0.007,-179.993
956702686.630382,66.563,15.02,-122.122,518.296,194.408,-42.415,0.007,-179.993
956702686.697050,66.668,15.00,-122.155,518.165,194.360,-42.417,0.007,-179.993
956702686.763715,66.665,15.00,-122.187,518.026,194.310,-42.419,0.007,-179.993
956702686.830382,66.667,15.00,-122.217,517.886,194.256,-42.422,0.007,-179.993
956702686.897050,66.668,15.00,-122.245,517.749,194.205,-42.426,0.007,-179.993
956702686.963716,66.666,15.00,-122.267,517.616,194.153,-42.431,0.007,-179.993
956702687.030384,66.668,15.00,-122.286,517.477,194.098,-42.435,0.007,-179.993
956702687.097048,66.664,15.00,-122.297,517.340,194.044,-42.439,0.007,-179.993
956702687.163716,66.668,15.00,-122.304,517.203,193.988,-42.443,0.006,-179.994
956702687.230386,66.670,15.00,-122.304,517.064,193.931,-42.445,0.007,-179.993
956702687.297046,66.660,15.00,-122.275,516.928,193.870,-42.446,0.006,-179.994
956702687.363714,66.668,15.00,-122.226,516.806,193.811,-42.443,0.006,-179.994
956702687.430383,66.669,15.00,-122.149,516.694,193.750,-42.438,0.006,-179.994
956702687.497074,66.691,14.99,-122.044,516.605,193.695,-42.430,0.006,-179.994
956702687.563717,66.643,15.01,-121.919,516.549,193.647,-42.420,0.006,-179.994
956702687.630383,66.666,15.00,-121.776,516.525,193.613,-42.407,0.006,-179.994
956702687.697048,66.665,15.00,-121.633,516.533,193.590,-42.395,0.006,-179.994
956702687.763713,66.665,15.00,-121.493,516.562,193.577,-42.382,0.006,-179.994
956702687.830384,66.671,15.00,-121.347,516.611,193.572,-42.369,0.006,-179.994
956702687.898763,68.379,14.62,-121.216,516.667,193.572,-42.358,0.006,-179.994
956702687.963713,64.950,15.40,-121.096,516.723,193.571,-42.346,0.006,-179.994
956702688.030378,66.665,15.00,-120.972,516.792,193.577,-42.335,0.006,-179.994
956702688.097050,66.672,15.00,-120.854,516.867,193.585,-42.323,0.006,-179.994
956702688.163711,66.661,15.00,-120.739,516.951,193.599,-42.312,0.006,-179.994
956702688.230384,66.673,15.00,-120.625,517.043,193.612,-42.301,0.006,-179.994
956702688.297053,66.669,15.00,-120.514,517.138,193.631,-42.290,0.006,-179.994
956702688.363715,66.662,15.00,-120.408,517.232,193.647,-42.279,0.006,-179.994
956702688.430382,66.667,15.00,-120.298,517.334,193.665,-42.268,0.006,-179.994
956702688.497046,66.664,15.00,-120.190,517.431,193.683,-42.257,0.006,-179.994
956702688.563715,66.669,15.00,-120.086,517.531,193.702,-42.246,0.006,-179.994
956702688.630384,66.669,15.00,-119.980,517.632,193.720,-42.235,0.006,-179.994
956702688.697047,66.663,15.00,-119.876,517.733,193.738,-42.225,0.006,-179.994
956702688.763718,66.671,15.00,-119.778,517.829,193.756,-42.214,0.006,-179.994
956702688.830385,66.667,15.00,-119.678,517.925,193.775,-42.203,0.006,-179.994
956702688.897050,66.665,15.00,-119.576,518.028,193.793,-42.192,0.006,-179.994
956702688.963713,66.663,15.00,-119.474,518.127,193.815,-42.181,0.006,-179.994
956702689.030387,66.674,15.00,-119.370,518.231,193.830,-42.169,0.006,-179.994
956702689.097048,66.661,15.00,-119.268,518.334,193.850,-42.157,0.006,-179.994
956702689.165847,68.799,14.54,-119.161,518.442,193.869,-42.144,0.006,-179.994
956702689.231211,65.364,15.30,-119.059,518.543,193.886,-42.132,0.006,-179.994
956702689.298897,67.686,14.77,-118.965,518.638,193.901,-42.119,0.006,-179.994
956702689.363716,64.819,15.43,-118.871,518.736,193.916,-42.106,0.006,-179.994
956702689.430384,66.668,15.00,-118.765,518.838,193.932,-42.092,0.006,-179.994
956702689.497050,66.666,15.00,-118.663,518.938,193.948,-42.077,0.006,-179.994
956702689.563716,66.666,15.00,-118.560,519.041,193.962,-42.061,0.006,-179.994
956702689.630388,66.672,15.00,-118.456,519.142,193.975,-42.044,0.006,-179.994
956702689.697049,66.661,15.00,-118.351,519.244,193.987,-42.026,0.006,-179.994
956702689.763718,66.669,15.00,-118.247,519.338,193.997,-42.007,0.006,-179.994
956702689.830384,66.666,15.00,-118.138,519.437,194.008,-41.987,0.006,-179.994
956702689.897051,66.667,15.00,-118.029,519.535,194.017,-41.966,0.006,-179.994
956702689.963717,66.666,15.00,-117.920,519.631,194.023,-41.944,0.006,-179.994
956702690.030386,66.669,15.00,-117.808,519.729,194.028,-41.920,0.006,-179.994
956702690.097050,66.664,15.00,-117.695,519.819,194.034,-41.895,0.006,-179.993
956702690.163719,66.669,15.00,-117.581,519.909,194.034,-41.869,0.006,-179.994
956702690.230388,66.669,15.00,-117.465,519.997,194.032,-41.841,0.006,-179.994
956702690.297051,66.663,15.00,-117.349,520.075,194.028,-41.812,0.006,-179.994
956702690.363726,66.675,15.00,-117.233,520.153,194.019,-41.780,0.006,-179.994
956702690.430383,66.657,15.00,-117.108,520.222,194.009,-41.746,0.006,-179.993
956702690.498378,67.995,14.71,-116.976,520.289,193.986,-41.709,0.006,-179.994
956702690.563881,65.503,15.27,-116.846,520.345,193.965,-41.672,0.006,-179.994
956702690.630387,66.506,15.04,-116.710,520.394,193.937,-41.632,0.006,-179.993
956702690.697056,66.669,15.00,-116.579,520.413,193.895,-41.590,0.006,-179.994
956702690.763719,66.663,15.00,-116.446,520.426,193.847,-41.547,0.006,-179.993
956702690.830386,66.667,15.00,-116.324,520.391,193.780,-41.506,0.006,-179.993
956702690.897050,66.664,15.00,-116.261,520.287,193.696,-41.482,0.006,-179.994
956702690.963717,66.667,15.00,-116.238,520.166,193.618,-41.470,0.006,-179.993
956702691.030388,66.671,15.00,-116.245,520.041,193.539,-41.469,0.006,-179.993
956702691.097050,66.662,15.00,-116.281,519.916,193.466,-41.476,0.007,-179.993
956702691.163715,66.665,15.00,-116.333,519.800,193.398,-41.490,0.007,-179.993
956702691.230388,66.673,15.00,-116.399,519.686,193.328,-41.510,0.007,-179.993
956702691.297049,66.661,15.00,-116.474,519.574,193.263,-41.533,0.007,-179.993
956702691.363721,66.672,15.00,-116.551,519.472,193.197,-41.560,0.007,-179.993
956702691.430425,66.704,14.99,-116.637,519.365,193.134,-41.591,0.007,-179.993
956702691.497050,66.625,15.01,-116.722,519.263,193.070,-41.625,0.007,-179.993
956702691.563722,66.672,15.00,-116.810,519.162,193.008,-41.661,0.007,-179.993
956702691.630386,66.664,15.00,-116.902,519.059,192.944,-41.699,0.007,-179.993
956702691.697051,66.665,15.00,-116.992,518.957,192.881,-41.738,0.007,-179.993
956702691.763721,66.670,15.00,-117.080,518.856,192.821,-41.779,0.007,-179.993
956702691.832416,68.695,14.56,-117.174,518.751,192.757,-41.823,0.007,-179.993
956702691.898740,66.324,15.08,-117.259,518.649,192.695,-41.865,0.007,-179.993
956702691.963720,64.980,15.39,-117.345,518.554,192.636,-41.907,0.007,-179.993
956702692.030383,66.663,15.00,-117.432,518.446,192.575,-41.952,0.007,-179.993
956702692.097052,66.669,15.00,-117.513,518.343,192.510,-41.998,0.007,-179.993
956702692.163717,66.665,15.00,-117.588,518.232,192.450,-42.047,0.007,-179.993
956702692.230388,66.671,15.00,-117.665,518.123,192.386,-42.097,0.007,-179.993
956702692.297050,66.662,15.00,-117.735,518.006,192.322,-42.148,0.007,-179.993
956702692.363717,66.667,15.00,-117.801,517.898,192.263,-42.199,0.007,-179.993
956702692.430388,66.671,15.00,-117.866,517.775,192.201,-42.252,0.007,-179.993
956702692.497057,66.669,15.00,-117.926,517.656,192.139,-42.306,0.007,-179.993
956702692.563718,66.661,15.00,-117.985,517.536,192.080,-42.360,0.007,-179.993
956702692.630388,66.670,15.00,-118.044,517.410,192.017,-42.417,0.007,-179.993
956702692.697051,66.663,15.00,-118.099,517.289,191.957,-42.473,0.007,-179.993
956702692.763718,66.667,15.00,-118.153,517.161,191.897,-42.529,0.007,-179.993
956702692.830387,66.669,15.00,-118.208,517.035,191.840,-42.587,0.007,-179.993
956702692.897050,66.663,15.00,-118.261,516.910,191.781,-42.644,0.007,-179.993
956702692.963719,66.669,15.00,-118.315,516.784,191.727,-42.701,0.007,-179.993
956702693.030385,66.666,15.00,-118.370,516.658,191.671,-42.759,0.007,-179.993
956702693.097049,66.664,15.00,-118.427,516.532,191.616,-42.816,0.007,-179.993
956702693.165869,68.820,14.53,-118.483,516.399,191.559,-42.876,0.007,-179.993
956702693.231181,65.312,15.31,-118.540,516.277,191.507,-42.933,0.007,-179.993
956702693.298832,67.651,14.78,-118.596,516.150,191.455,-42.990,0.007,-179.993
956702693.363719,64.887,15.41,-118.653,516.029,191.406,-43.046,0.007,-179.993
956702693.430388,66.669,15.00,-118.716,515.899,191.352,-43.104,0.007,-179.993
956702693.497058,66.670,15.00,-118.775,515.775,191.305,-43.161,0.007,-179.993
956702693.563728,66.670,15.00,-118.838,515.652,191.256,-43.218,0.007,-179.993
956702693.630397,66.669,15.00,-118.902,515.524,191.208,-43.276,0.007,-179.993
956702693.697049,66.652,15.00,-118.965,515.398,191.162,-43.333,0.007,-179.993
956702693.763717,66.668,15.00,-119.028,515.277,191.117,-43.390,0.007,-179.993
956702693.830387,66.670,15.00,-119.093,515.146,191.071,-43.448,0.007,-179.993
956702693.897055,66.668,15.00,-119.157,515.020,191.026,-43.505,0.007,-179.993
956702693.963720,66.665,15.00,-119.220,514.895,190.981,-43.562,0.007,-179.993
956702694.030384,66.664,15.00,-119.285,514.765,190.939,-43.621,0.007,-179.993
956702694.097053,66.669,15.00,-119.349,514.639,190.898,-43.679,0.007,-179.993
956702694.163720,66.667,15.00,-119.412,514.513,190.857,-43.737,0.007,-179.993
956702694.230392,66.672,15.00,-119.476,514.381,190.819,-43.796,0.007,-179.993
956702694.297054,66.662,15.00,-119.539,514.257,190.782,-43.855,0.008,-179.993
956702694.363720,66.666,15.00,-119.599,514.127,190.745,-43.912,0.008,-179.993
956702694.430385,66.665,15.00,-119.661,513.998,190.709,-43.971,0.008,-179.993
956702694.498219,67.834,14.74,-119.723,513.865,190.672,-44.032,0.007,-179.993
956702694.563771,65.552,15.26,-119.784,513.735,190.640,-44.090,0.007,-179.993
956702694.630384,66.613,15.01,-119.842,513.605,190.607,-44.150,0.007,-179.993
956702694.697054,66.670,15.00,-119.898,513.480,190.576,-44.207,0.007,-179.993
956702694.763719,66.665,15.00,-119.955,513.349,190.548,-44.266,0.007,-179.993
956702694.830386,66.667,15.00,-120.013,513.215,190.519,-44.328,0.007,-179.993
956702694.897050,66.664,15.00,-120.071,513.082,190.492,-44.389,0.007,-179.993
956702694.963731,66.681,15.00,-120.126,512.947,190.468,-44.450,0.007,-179.993
956702695.030386,66.655,15.00,-120.182,512.815,190.446,-44.512,0.007,-179.993
956702695.097058,66.672,15.00,-120.238,512.682,190.423,-44.572,0.007,-179.993
956702695.163720,66.662,15.00,-120.291,512.547,190.404,-44.634,0.007,-179.993
956702695.230393,66.673,15.00,-120.346,512.411,190.386,-44.698,0.007,-179.993
956702695.297052,66.659,15.00,-120.400,512.275,190.370,-44.760,0.007,-179.993
956702695.363722,66.670,15.00,-120.455,512.135,190.357,-44.823,0.007,-179.993
956702695.430386,66.664,15.00,-120.510,511.996,190.342,-44.887,0.007,-179.994
956702695.497052,66.666,15.00,-120.565,511.861,190.332,-44.952,0.007,-179.993
956702695.563722,66.670,15.00,-120.620,511.722,190.325,-45.018,0.007,-179.994
956702695.630433,66.711,14.99,-120.677,511.581,190.321,-45.087,0.007,-179.993
956702695.697055,66.622,15.01,-120.737,511.448,190.319,-45.157,0.007,-179.993
956702695.763724,66.669,15.00,-120.798,511.312,190.321,-45.229,0.007,-179.993
956702695.830398,66.674,15.00,-120.860,511.175,190.326,-45.305,0.007,-179.993
956702695.898759,68.361,14.63,-120.923,511.040,190.334,-45.384,0.007,-179.993
956702695.963720,64.961,15.39,-120.989,510.913,190.350,-45.465,0.007,-179.993
956702696.030391,66.671,15.00,-121.059,510.781,190.374,-45.556,0.007,-179.993
956702696.097059,66.668,15.00,-121.131,510.661,190.409,-45.648,0.008,-179.993
956702696.163723,66.664,15.00,-121.203,510.539,190.447,-45.745,0.007,-179.993
956702696.230389,66.666,15.00,-121.280,510.423,190.495,-45.851,0.007,-179.994
956702696.297054,66.665,15.00,-121.359,510.322,190.572,-45.967,0.007,-179.994
956702696.363721,66.667,15.00,-121.435,510.243,190.666,-46.088,0.007,-179.994
956702696.430403,66.682,15.00,-121.512,510.171,190.774,-46.213,0.007,-179.994
956702696.497055,66.652,15.00,-121.582,510.113,190.889,-46.332,0.007,-179.994
956702696.563722,66.667,15.00,-121.642,510.091,191.019,-46.444,0.007,-179.994
956702696.630399,66.677,15.00,-121.698,510.077,191.156,-46.551,0.007,-179.994
956702696.697060,66.661,15.00,-121.736,510.092,191.292,-46.632,0.007,-179.994
956702696.763725,66.665,15.00,-121.766,510.123,191.429,-46.702,0.007,-179.994
956702696.830396,66.671,15.00,-121.793,510.167,191.568,-46.765,0.007,-179.994
956702696.897053,66.657,15.00,-121.816,510.212,191.705,-46.820,0.007,-179.994
956702696.963724,66.671,15.00,-121.833,510.265,191.838,-46.868,0.007,-179.994
956702697.030392,66.668,15.00,-121.846,510.329,191.971,-46.911,0.007,-179.994
956702697.097058,66.666,15.00,-121.853,510.393,192.097,-46.949,0.007,-179.994
956702697.163722,66.664,15.00,-121.858,510.465,192.226,-46.984,0.007,-179.994
956702697.231186,67.464,14.82,-121.861,510.545,192.355,-47.017,0.008,-179.993
956702697.297055,65.869,15.18,-121.856,510.623,192.473,-47.043,0.008,-179.993
956702697.363721,66.666,15.00,-121.850,510.708,192.590,-47.066,0.008,-179.994
956702697.430389,66.668,15.00,-121.839,510.794,192.709,-47.088,0.008,-179.994
956702697.497058,66.669,15.00,-121.824,510.886,192.823,-47.109,0.008,-179.994
956702697.563722,66.664,15.00,-121.807,510.974,192.934,-47.126,0.008,-179.993
956702697.630403,66.681,15.00,-121.786,511.073,193.043,-47.142,0.008,-179.993
956702697.697078,66.675,15.00,-121.765,511.165,193.148,-47.155,0.008,-179.993
956702697.763726,66.648,15.00,-121.739,511.260,193.252,-47.169,0.008,-179.993
956702697.830396,66.670,15.00,-121.712,511.358,193.359,-47.181,0.008,-179.993
956702697.897069,66.673,15.00,-121.685,511.457,193.463,-47.193,0.008,-179.993
956702697.963729,66.660,15.00,-121.655,511.553,193.565,-47.205,0.008,-179.993
956702698.030398,66.669,15.00,-121.626,511.654,193.670,-47.216,0.008,-179.993
956702698.097062,66.664,15.00,-121.595,511.750,193.773,-47.227,0.008,-179.993
956702698.163724,66.662,15.00,-121.565,511.847,193.872,-47.238,0.008,-179.993
956702698.230395,66.671,15.00,-121.536,511.943,193.975,-47.249,0.008,-179.993
956702698.297060,66.665,15.00,-121.504,512.042,194.076,-47.260,0.008,-179.993
956702698.363724,66.664,15.00,-121.475,512.139,194.175,-47.270,0.008,-179.993
956702698.430399,66.675,15.00,-121.443,512.240,194.280,-47.282,0.008,-179.993
956702698.497057,66.658,15.00,-121.414,512.336,194.381,-47.293,0.008,-179.993
956702698.563891,66.834,14.96,-121.382,512.436,194.480,-47.304,0.008,-179.993
956702698.632363,68.472,14.60,-121.349,512.541,194.588,-47.317,0.008,-179.993
956702698.697059,64.696,15.46,-121.322,512.637,194.687,-47.328,0.008,-179.993
956702698.763723,66.664,15.00,-121.290,512.739,194.788,-47.340,0.008,-179.993
956702698.830394,66.671,15.00,-121.263,512.839,194.890,-47.352,0.008,-179.993
956702698.897063,66.669,15.00,-121.235,512.937,194.989,-47.363,0.008,-179.993
956702698.963725,66.662,15.00,-121.206,513.038,195.092,-47.376,0.008,-179.993
956702699.030392,66.667,15.00,-121.179,513.138,195.193,-47.387,0.008,-179.993
956702699.097061,66.669,15.00,-121.151,513.235,195.293,-47.399,0.008,-179.993
956702699.163728,66.667,15.00,-121.124,513.336,195.396,-47.411,0.009,-179.993
956702699.230395,66.667,15.00,-121.096,513.436,195.500,-47.422,0.009,-179.993
956702699.297059,66.664,15.00,-121.069,513.536,195.600,-47.434,0.009,-179.993
956702699.363724,66.665,15.00,-121.040,513.636,195.703,-47.445,0.009,-179.993
956702699.430394,66.670,15.00,-121.010,513.738,195.805,-47.456,0.009,-179.993
956702699.497058,66.664,15.00,-120.983,513.836,195.906,-47.467,0.009,-179.993
956702699.563725,66.667,15.00,-120.953,513.937,196.008,-47.477,0.009,-179.992
956702699.630631,66.906,14.95,-120.923,514.034,196.112,-47.488,0.009,-179.993
956702699.697062,66.431,15.05,-120.894,514.135,196.213,-47.497,0.009,-179.993
956702699.763722,66.660,15.00,-120.862,514.232,196.315,-47.507,0.009,-179.992
956702699.830394,66.672,15.00,-120.830,514.334,196.418,-47.515,0.009,-179.992
956702699.898770,68.376,14.63,-120.796,514.432,196.521,-47.524,0.009,-179.992
956702699.963725,64.955,15.40,-120.765,514.527,196.616,-47.532,0.009,-179.992
956702700.030393,66.668,15.00,-120.732,514.616,196.708,-47.539,0.009,-179.992
956702700.097058,66.665,15.00,-120.700,514.711,196.806,-47.545,0.009,-179.992
956702700.163724,66.666,15.00,-120.664,514.809,196.907,-47.552,0.010,-179.992
956702700.230394,66.670,15.00,-120.628,514.909,197.009,-47.558,0.010,-179.992
956702700.297062,66.668,15.00,-120.590,515.006,197.109,-47.564,0.010,-179.992
956702700.363727,66.665,15.00,-120.554,515.105,197.210,-47.568,0.010,-179.992
956702700.430393,66.666,15.00,-120.514,515.205,197.312,-47.573,0.010,-179.992
956702700.497061,66.668,15.00,-120.473,515.302,197.412,-47.577,0.010,-179.992
956702700.563724,66.663,15.00,-120.433,515.400,197.512,-47.581,0.010,-179.992
956702700.630393,66.669,15.00,-120.391,515.498,197.612,-47.584,0.010,-179.992
956702700.697061,66.668,15.00,-120.350,515.595,197.711,-47.586,0.010,-179.992
956702700.763733,66.672,15.00,-120.305,515.693,197.811,-47.589,0.010,-179.992
956702700.830397,66.664,15.00,-120.261,515.791,197.911,-47.590,0.010,-179.992
956702700.897063,66.666,15.00,-120.214,515.890,198.010,-47.591,0.010,-179.991
956702700.963726,66.663,15.00,-120.169,515.986,198.107,-47.592,0.010,-179.992
956702701.030396,66.670,15.00,-120.120,516.082,198.206,-47.592,0.010,-179.992
956702701.097061,66.665,15.00,-120.074,516.179,198.305,-47.591,0.010,-179.991
956702701.163728,66.667,15.00,-120.024,516.274,198.401,-47.590,0.010,-179.991
956702701.231187,67.459,14.82,-119.973,516.373,198.501,-47.589,0.010,-179.991
956702701.297060,65.873,15.18,-119.924,516.460,198.593,-47.587,0.010,-179.992
956702701.363726,66.666,15.00,-119.873,516.556,198.690,-47.585,0.010,-179.991
956702701.430392,66.666,15.00,-119.819,516.650,198.790,-47.583,0.010,-179.991
956702701.497063,66.671,15.00,-119.766,516.745,198.886,-47.581,0.010,-179.991
956702701.563729,66.666,15.00,-119.713,516.838,198.981,-47.578,0.010,-179.991
956702701.630402,66.673,15.00,-119.657,516.934,199.078,-47.575,0.010,-179.992
956702701.697062,66.660,15.00,-119.602,517.029,199.173,-47.572,0.010,-179.992
956702701.763732,66.670,15.00,-119.548,517.123,199.268,-47.569,0.010,-179.992
956702701.830398,66.666,15.00,-119.488,517.222,199.364,-47.566,0.010,-179.992
956702701.897064,66.666,15.00,-119.435,517.311,199.458,-47.563,0.010,-179.992
956702701.963728,66.664,15.00,-119.379,517.401,199.552,-47.560,0.010,-179.992
956702702.030395,66.667,15.00,-119.323,517.492,199.649,-47.557,0.010,-179.991
956702702.097064,66.669,15.00,-119.269,517.585,199.743,-47.554,0.010,-179.991
956702702.163732,66.668,15.00,-119.214,517.678,199.836,-47.551,0.010,-179.991
956702702.230396,66.664,15.00,-119.156,517.775,199.931,-47.548,0.010,-179.992
956702702.297062,66.666,15.00,-119.100,517.873,200.027,-47.545,0.010,-179.991
956702702.363728,66.666,15.00,-119.047,517.969,200.120,-47.543,0.010,-179.991
956702702.430395,66.667,15.00,-118.991,518.070,200.214,-47.541,0.010,-179.991
956702702.497059,66.664,15.00,-118.938,518.168,200.308,-47.539,0.010,-179.991
956702702.563702,66.643,15.01,-118.886,518.268,200.400,-47.537,0.010,-179.991
956702702.632329,68.627,14.57,-118.831,518.372,200.497,-47.535,0.010,-179.991
956702702.697062,64.733,15.45,-118.783,518.468,200.582,-47.533,0.011,-179.991
956702702.763740,66.678,15.00,-118.734,518.564,200.669,-47.532,0.010,-179.991
956702702.830397,66.657,15.00,-118.687,518.674,200.760,-47.531,0.011,-179.991
956702702.897066,66.669,15.00,-118.642,518.774,200.843,-47.531,0.010,-179.991
956702702.963728,66.662,15.00,-118.597,518.880,200.929,-47.531,0.010,-179.991
956702703.030396,66.668,15.00,-118.552,518.987,201.016,-47.532,0.010,-179.991
956702703.097063,66.667,15.00,-118.509,519.096,201.103,-47.532,0.010,-179.991
956702703.163729,66.666,15.00,-118.467,519.206,201.187,-47.533,0.010,-179.991
956702703.230396,66.667,15.00,-118.428,519.318,201.274,-47.534,0.010,-179.991
956702703.297060,66.664,15.00,-118.387,519.427,201.357,-47.535,0.010,-179.991
956702703.363732,66.672,15.00,-118.349,519.537,201.440,-47.537,0.010,-179.991
956702703.430395,66.663,15.00,-118.311,519.652,201.525,-47.539,0.010,-179.991
956702703.497064,66.669,15.00,-118.274,519.762,201.611,-47.541,0.010,-179.991
956702703.563730,66.666,15.00,-118.236,519.874,201.694,-47.544,0.010,-179.992
956702703.630394,66.664,15.00,-118.199,519.986,201.778,-47.547,0.010,-179.992
956702703.697065,66.671,15.00,-118.167,520.096,201.863,-47.550,0.010,-179.992
956702703.765474,68.409,14.62,-118.135,520.205,201.946,-47.554,0.010,-179.992
956702703.830394,64.920,15.40,-118.104,520.312,202.030,-47.558,0.009,-179.992
956702703.897324,66.930,14.94,-118.072,520.428,202.119,-47.563,0.010,-179.992
956702703.965017,67.693,14.77,-118.040,520.538,202.210,-47.569,0.010,-179.992
956702704.031176,66.159,15.12,-118.012,520.650,202.298,-47.575,0.010,-179.992
956702704.097061,65.885,15.18,-117.988,520.753,202.384,-47.582,0.010,-179.992
956702704.163727,66.666,15.00,-117.964,520.860,202.476,-47.591,0.010,-179.992
956702704.230399,66.672,15.00,-117.944,520.971,202.572,-47.602,0.010,-179.992
956702704.297064,66.665,15.00,-117.927,521.077,202.665,-47.613,0.010,-179.992
956702704.363728,66.664,15.00,-117.913,521.185,202.766,-47.628,0.010,-179.992
956702704.430395,66.667,15.00,-117.904,521.288,202.866,-47.644,0.010,-179.992
956702704.497063,66.668,15.00,-117.903,521.391,202.969,-47.665,0.010,-179.992
956702704.563731,66.668,15.00,-117.909,521.486,203.076,-47.689,0.010,-179.992
956702704.630395,66.664,15.00,-117.921,521.585,203.187,-47.717,0.010,-179.992
956702704.697064,66.669,15.00,-117.941,521.673,203.298,-47.749,0.010,-179.992
956702704.763728,66.664,15.00,-117.969,521.762,203.410,-47.785,0.010,-179.992
956702704.830402,66.674,15.00,-118.006,521.843,203.529,-47.826,0.010,-179.991
956702704.897063,66.661,15.00,-118.054,521.919,203.643,-47.870,0.010,-179.992
956702704.963736,66.673,15.00,-118.105,521.985,203.758,-47.918,0.010,-179.992
956702705.030395,66.659,15.00,-118.165,522.055,203.877,-47.969,0.010,-179.992
956702705.097065,66.670,15.00,-118.227,522.115,203.990,-48.022,0.010,-179.992
956702705.163732,66.667,15.00,-118.288,522.179,204.106,-48.076,0.010,-179.992
956702705.231271,67.539,14.81,-118.353,522.246,204.222,-48.132,0.009,-179.992
956702705.297063,65.792,15.20,-118.410,522.314,204.333,-48.184,0.009,-179.992
956702705.363732,66.669,15.00,-118.453,522.363,204.413,-48.221,0.009,-179.992
956702705.430393,66.661,15.00,-118.453,522.363,204.413,-48.221,0.009,-179.992
956702705.497066,66.673,15.00,-118.453,522.363,204.413,-48.221,0.009,-179.992
956702705.563723,66.657,15.00,-118.453,522.363,204.413,-48.221,0.009,-179.992
956703072.219972,0.000,0.00,-126.996,512.532,220.792,-90.000,0.020,179.999
956703072.286922,66.950,14.94,-126.996,512.532,220.792,-90.000,0.020,179.999
956703072.353437,66.515,15.03,-126.952,512.526,220.784,-89.985,0.020,179.999
956703072.420451,67.014,14.92,-126.878,512.527,220.772,-89.961,0.020,179.999
956703072.487086,66.635,15.01,-126.813,512.562,220.763,-89.943,0.021,179.999
956703072.553427,66.341,15.07,-126.737,512.601,220.756,-89.919,0.021,179.999
956703072.620098,66.671,15.00,-126.666,512.658,220.766,-89.893,0.021,179.999
956703072.687100,67.002,14.92,-126.569,512.728,220.776,-89.858,0.021,179.999
956703072.753430,66.330,15.08,-126.478,512.807,220.804,-89.824,0.021,179.999
956703072.820134,66.704,14.99,-126.348,512.924,220.837,-89.773,0.021,179.999
956703072.887045,66.911,14.95,-126.249,513.011,220.874,-89.735,0.021,179.999
956703072.953433,66.388,15.06,-126.103,513.150,220.925,-89.678,0.021,179.999
956703073.020105,66.672,15.00,-125.990,513.254,220.968,-89.634,0.021,179.999
956703073.087118,67.013,14.92,-125.825,513.413,221.032,-89.567,0.021,179.999
956703073.153433,66.315,15.08,-125.765,513.466,221.057,-89.543,0.021,179.999
956703073.220102,66.669,15.00,-125.680,513.548,221.091,-89.508,0.020,179.999
956703073.287142,67.040,14.92,-125.594,513.632,221.129,-89.472,0.020,179.999
956703073.353566,66.424,15.05,-125.461,513.758,221.189,-89.417,0.021,179.999
956703073.420722,67.156,14.89,-125.375,513.838,221.225,-89.380,0.020,179.999
956703073.486769,66.047,15.14,-125.244,513.965,221.280,-89.325,0.020,179.999
956703073.553419,66.650,15.00,-125.244,513.963,221.280,-89.325,0.020,179.999
956703073.620095,66.676,15.00,-125.244,513.963,221.280,-89.325,0.020,179.999
956703073.686765,66.670,15.00,-125.244,513.963,221.280,-89.325,0.020,179.999
956703073.753424,66.659,15.00,-125.244,513.963,221.280,-89.325,0.020,179.999
956703073.820447,67.023,14.92,-125.244,513.963,221.280,-89.325,0.020,179.999
956703073.886774,66.327,15.08,-125.244,513.963,221.280,-89.325,0.020,179.999
956703073.953434,66.660,15.00,-125.244,513.963,221.280,-89.325,0.020,179.999
956703074.020091,66.657,15.00,-125.244,513.963,221.280,-89.325,0.020,179.999
956703074.086766,66.675,15.00,-125.244,513.963,221.280,-89.325,0.020,179.999
956703074.153425,66.659,15.00,-125.244,513.963,221.280,-89.325,0.020,179.999
956703074.220085,66.660,15.00,-125.244,513.963,221.280,-89.325,0.020,179.999
956703074.286772,66.687,15.00,-125.244,513.963,221.280,-89.325,0.020,179.999
956703074.353450,66.678,15.00,-125.244,513.963,221.280,-89.325,0.020,179.999
956703074.420203,66.753,14.98,-125.244,513.963,221.280,-89.325,0.020,179.999
956703074.486766,66.563,15.02,-125.244,513.963,221.280,-89.325,0.020,179.999
956703074.553436,66.670,15.00,-125.244,513.963,221.280,-89.325,0.020,179.999
956703074.620093,66.657,15.00,-125.244,513.963,221.280,-89.325,0.020,179.999
956703074.686860,66.767,14.98,-125.244,513.963,221.280,-89.325,0.020,179.999
956703074.753429,66.569,15.02,-125.244,513.963,221.280,-89.325,0.020,179.999
956703074.820090,66.661,15.00,-125.244,513.963,221.280,-89.325,0.020,179.999
956703074.886765,66.675,15.00,-125.244,513.963,221.280,-89.325,0.020,179.999
956703074.953435,66.670,15.00,-125.244,513.963,221.280,-89.325,0.020,179.999
956703075.020093,66.658,15.00,-125.244,513.963,221.280,-89.325,0.020,179.999
956703075.087237,67.144,14.89,-125.244,513.963,221.280,-89.325,0.020,179.999
956703075.155458,68.221,14.66,-125.244,513.963,221.280,-89.325,0.020,179.999
956703075.220132,64.674,15.46,-125.244,513.963,221.280,-89.325,0.020,179.999
956703075.286767,66.635,15.01,-125.244,513.963,221.280,-89.325,0.020,179.999
956703075.353423,66.656,15.00,-125.244,513.963,221.280,-89.325,0.020,179.999
956703075.420095,66.672,15.00,-125.244,513.963,221.280,-89.325,0.020,179.999
956703075.486763,66.668,15.00,-125.244,513.963,221.280,-89.325,0.020,179.999
956703075.553437,66.674,15.00,-125.244,513.963,221.280,-89.325,0.020,179.999
956703075.620090,66.653,15.00,-125.244,513.963,221.280,-89.325,0.020,179.999
956703075.686763,66.673,15.00,-125.244,513.963,221.280,-89.325,0.020,179.999
956703075.753429,66.666,15.00,-125.244,513.963,221.280,-89.325,0.020,179.999
956703075.820091,66.662,15.00,-125.244,513.963,221.280,-89.325,0.020,179.999
956703075.886774,66.683,15.00,-125.244,513.963,221.280,-89.325,0.020,179.999
956703075.953427,66.653,15.00,-125.244,513.963,221.280,-89.325,0.020,179.999
956703076.020092,66.665,15.00,-125.244,513.963,221.280,-89.325,0.020,179.999
956703076.086765,66.673,15.00,-125.244,513.963,221.280,-89.325,0.020,179.999
956703076.153451,66.686,15.00,-125.244,513.963,221.280,-89.325,0.020,179.999
956703076.220086,66.635,15.01,-125.244,513.963,221.280,-89.325,0.020,179.999
956703076.286761,66.675,15.00,-125.244,513.963,221.280,-89.325,0.020,179.999
956703076.353441,66.680,15.00,-125.244,513.963,221.280,-89.325,0.020,179.999
956703076.420109,66.668,15.00,-125.244,513.963,221.280,-89.325,0.020,179.999
956703076.486791,66.682,15.00,-125.244,513.963,221.280,-89.325,0.020,179.999
956703076.553420,66.629,15.01,-125.244,513.963,221.280,-89.325,0.020,179.999
956703076.620092,66.672,15.00,-125.244,513.963,221.280,-89.325,0.020,179.999
956703076.686760,66.668,15.00,-125.244,513.963,221.280,-89.325,0.020,179.999
956703076.753413,66.653,15.00,-125.244,513.963,221.280,-89.325,0.020,179.999
956703076.820089,66.676,15.00,-125.244,513.963,221.280,-89.325,0.020,179.999
956703076.886759,66.670,15.00,-125.244,513.963,221.280,-89.325,0.020,179.999
956703076.953421,66.662,15.00,-125.244,513.963,221.280,-89.325,0.020,179.999
956703077.020090,66.669,15.00,-125.244,513.963,221.280,-89.325,0.020,179.999
956703077.086765,66.675,15.00,-125.244,513.963,221.280,-89.325,0.020,179.999
956703077.153433,66.668,15.00,-125.244,513.963,221.280,-89.325,0.020,179.999
956703077.220084,66.651,15.00,-125.244,513.963,221.280,-89.325,0.020,179.999
956703077.286763,66.679,15.00,-125.244,513.963,221.280,-89.325,0.020,179.999
956703077.353416,66.653,15.00,-125.244,513.963,221.280,-89.325,0.020,179.999
956703077.420085,66.669,15.00,-125.244,513.963,221.280,-89.325,0.020,179.999
956703077.486777,66.692,14.99,-125.244,513.963,221.280,-89.325,0.020,179.999
956703077.553423,66.646,15.00,-125.244,513.963,221.280,-89.325,0.020,179.999
956703077.620101,66.678,15.00,-125.244,513.963,221.280,-89.325,0.020,179.999
956703077.686759,66.658,15.00,-125.244,513.963,221.280,-89.325,0.020,179.999
956703077.753415,66.656,15.00,-125.244,513.963,221.280,-89.325,0.020,179.999
956703077.820090,66.675,15.00,-125.244,513.963,221.280,-89.325,0.020,179.999
956703077.886824,66.734,14.98,-125.244,513.963,221.280,-89.325,0.020,179.999
956703077.953419,66.595,15.02,-125.244,513.963,221.280,-89.325,0.020,179.999
956703078.020153,66.734,14.98,-125.244,513.963,221.280,-89.325,0.020,179.999
956703078.086771,66.618,15.01,-125.244,513.963,221.280,-89.325,0.020,179.999
956703078.153415,66.644,15.01,-125.244,513.963,221.280,-89.325,0.020,179.999
956703078.220089,66.674,15.00,-125.244,513.963,221.280,-89.325,0.020,179.999
956703078.286765,66.676,15.00,-125.244,513.963,221.280,-89.325,0.020,179.999
956703078.353415,66.650,15.00,-125.244,513.963,221.280,-89.325,0.020,179.999
956703078.420091,66.676,15.00,-125.244,513.963,221.280,-89.325,0.020,179.999
956703078.486789,66.698,14.99,-125.244,513.963,221.280,-89.325,0.020,179.999
956703078.553435,66.646,15.00,-125.244,513.963,221.280,-89.325,0.020,179.999
956703078.620093,66.658,15.00,-125.244,513.963,221.280,-89.325,0.020,179.999
956703078.686763,66.670,15.00,-125.244,513.963,221.280,-89.325,0.020,179.999
956703078.753408,66.645,15.00,-125.244,513.963,221.280,-89.325,0.020,179.999
956703078.820094,66.686,15.00,-125.244,513.963,221.280,-89.325,0.020,179.999
956703078.886761,66.667,15.00,-125.244,513.963,221.280,-89.325,0.020,179.999
956703078.953420,66.659,15.00,-125.244,513.963,221.280,-89.325,0.020,179.999
956703079.020091,66.671,15.00,-125.244,513.963,221.280,-89.325,0.020,179.999
956703079.086778,66.687,15.00,-125.244,513.963,221.280,-89.325,0.020,179.999
956703079.153404,66.626,15.01,-125.244,513.963,221.280,-89.325,0.020,179.999
956703079.220090,66.686,15.00,-125.244,513.963,221.280,-89.325,0.020,179.999
956703079.286768,66.678,15.00,-125.244,513.963,221.280,-89.325,0.020,179.999
956703079.353429,66.661,15.00,-125.244,513.963,221.280,-89.325,0.020,179.999
956703079.420097,66.668,15.00,-125.244,513.963,221.280,-89.325,0.020,179.999
956703079.486798,66.701,14.99,-125.244,513.963,221.280,-89.325,0.020,179.999
956703079.553437,66.639,15.01,-125.244,513.963,221.280,-89.325,0.020,179.999
956703079.620097,66.660,15.00,-125.244,513.963,221.280,-89.325,0.020,179.999
956703079.686766,66.669,15.00,-125.244,513.963,221.280,-89.325,0.020,179.999
956703079.753443,66.677,15.00,-125.244,513.963,221.280,-89.325,0.020,179.999
956703079.820095,66.652,15.00,-125.244,513.963,221.280,-89.325,0.020,179.999
956703079.886766,66.671,15.00,-125.244,513.963,221.280,-89.325,0.020,179.999
956703079.953444,66.678,15.00,-125.244,513.963,221.280,-89.325,0.020,179.999
956703080.020091,66.647,15.00,-125.244,513.963,221.280,-89.325,0.020,179.999
956703080.086774,66.683,15.00,-125.244,513.963,221.280,-89.325,0.020,179.999
956703080.153452,66.678,15.00,-125.244,513.963,221.280,-89.325,0.020,179.999
956703080.220090,66.638,15.01,-125.244,513.963,221.280,-89.325,0.020,179.999
956703080.286771,66.681,15.00,-125.244,513.963,221.280,-89.325,0.020,179.999
956703080.353461,66.690,14.99,-125.244,513.963,221.280,-89.325,0.020,179.999
956703080.420090,66.629,15.01,-125.244,513.963,221.280,-89.325,0.020,179.999
956703080.486779,66.689,14.99,-125.244,513.963,221.280,-89.325,0.020,179.999
956703080.553442,66.663,15.00,-125.244,513.963,221.280,-89.325,0.020,179.999
956703080.620099,66.657,15.00,-125.244,513.963,221.280,-89.325,0.020,179.999
956703080.686764,66.665,15.00,-125.244,513.963,221.280,-89.325,0.020,179.999
956703080.753437,66.673,15.00,-125.244,513.963,221.280,-89.325,0.020,179.999
956703080.820096,66.659,15.00,-125.244,513.963,221.280,-89.325,0.020,179.999
956703080.886770,66.674,15.00,-125.244,513.963,221.280,-89.325,0.020,179.999
956703080.953442,66.672,15.00,-125.244,513.963,221.280,-89.325,0.020,179.999
956703081.020100,66.658,15.00,-125.244,513.963,221.280,-89.325,0.020,179.999
956703081.086774,66.674,15.00,-125.244,513.963,221.280,-89.325,0.020,179.999
956703081.153418,66.644,15.01,-125.244,513.963,221.280,-89.325,0.020,179.999
956703081.220104,66.686,15.00,-125.244,513.963,221.280,-89.325,0.020,179.999
956703081.286774,66.670,15.00,-125.244,513.963,221.280,-89.325,0.020,179.999
956703081.353417,66.643,15.01,-125.244,513.963,221.280,-89.325,0.020,179.999
956703081.420100,66.683,15.00,-125.244,513.963,221.280,-89.325,0.020,179.999
956703081.486774,66.674,15.00,-125.244,513.963,221.280,-89.325,0.020,179.999
956703081.553425,66.651,15.00,-125.244,513.963,221.280,-89.325,0.020,179.999
956703081.620104,66.679,15.00,-125.244,513.963,221.280,-89.325,0.020,179.999
956703081.686774,66.670,15.00,-125.244,513.963,221.280,-89.325,0.020,179.999
956703081.753436,66.662,15.00,-125.244,513.963,221.280,-89.325,0.020,179.999
956703081.820101,66.665,15.00,-125.244,513.963,221.280,-89.325,0.020,179.999
956703081.886776,66.675,15.00,-125.244,513.963,221.280,-89.325,0.020,179.999
956703081.953425,66.649,15.00,-125.244,513.963,221.280,-89.325,0.020,179.999
956703082.020102,66.677,15.00,-125.244,513.963,221.280,-89.325,0.020,179.999
956703082.086775,66.673,15.00,-125.244,513.963,221.280,-89.325,0.020,179.999
956703082.153424,66.649,15.00,-125.244,513.963,221.280,-89.325,0.020,179.999
956703082.220100,66.676,15.00,-125.244,513.963,221.280,-89.325,0.020,179.999
956703082.286773,66.673,15.00,-125.244,513.963,221.280,-89.325,0.020,179.999
956703082.353419,66.646,15.00,-125.244,513.963,221.280,-89.325,0.020,179.999
956703082.420099,66.680,15.00,-125.244,513.963,221.280,-89.325,0.020,179.999
956703082.486776,66.677,15.00,-125.244,513.963,221.280,-89.325,0.020,179.999
956703082.553428,66.652,15.00,-125.244,513.963,221.280,-89.325,0.020,179.999
956703082.620103,66.675,15.00,-125.244,513.963,221.280,-89.325,0.020,179.999
956703082.686775,66.672,15.00,-125.244,513.963,221.280,-89.325,0.020,179.999
956703082.753426,66.651,15.00,-125.244,513.963,221.280,-89.325,0.020,179.999
956703082.820100,66.674,15.00,-125.244,513.963,221.280,-89.325,0.020,179.999
956703082.886775,66.675,15.00,-125.244,513.963,221.280,-89.325,0.020,179.999
956703082.953424,66.649,15.00,-125.244,513.963,221.280,-89.325,0.020,179.999
956703083.020102,66.678,15.00,-125.244,513.963,221.280,-89.325,0.020,179.999
956703083.086777,66.675,15.00,-125.244,513.963,221.280,-89.325,0.020,179.999
956703083.153426,66.649,15.00,-125.244,513.963,221.280,-89.325,0.020,179.999
956703083.220314,66.888,14.95,-125.244,513.963,221.280,-89.325,0.020,179.999
956703083.286773,66.459,15.05,-125.244,513.963,221.280,-89.325,0.020,179.999
956703083.353427,66.654,15.00,-125.244,513.963,221.280,-89.325,0.020,179.999
956703083.420102,66.675,15.00,-125.244,513.963,221.280,-89.325,0.020,179.999
956703083.486791,66.689,14.99,-125.244,513.963,221.280,-89.325,0.020,179.999
956703083.553429,66.638,15.01,-125.244,513.963,221.280,-89.325,0.020,179.999
956703083.620124,66.695,14.99,-125.244,513.963,221.280,-89.325,0.020,179.999
956703083.686776,66.652,15.00,-125.244,513.963,221.280,-89.325,0.020,179.999
956703083.753420,66.644,15.01,-125.244,513.963,221.280,-89.325,0.020,179.999
956703083.820103,66.683,15.00,-125.244,513.963,221.280,-89.325,0.020,179.999
956703083.886775,66.672,15.00,-125.244,513.963,221.280,-89.325,0.020,179.999
956703083.953426,66.651,15.00,-125.244,513.963,221.280,-89.325,0.020,179.999
956703084.020106,66.680,15.00,-125.244,513.963,221.280,-89.325,0.020,179.999
956703084.086779,66.673,15.00,-125.244,513.963,221.280,-89.325,0.020,179.999
956703084.153435,66.656,15.00,-125.244,513.963,221.280,-89.325,0.020,179.999
956703084.220104,66.669,15.00,-125.244,513.963,221.280,-89.325,0.020,179.999
956703084.286778,66.674,15.00,-125.244,513.963,221.280,-89.325,0.020,179.999
956703084.353423,66.645,15.00,-125.244,513.963,221.280,-89.325,0.020,179.999
956703084.420105,66.682,15.00,-125.244,513.963,221.280,-89.325,0.020,179.999
956703084.486789,66.684,15.00,-125.244,513.963,221.280,-89.325,0.020,179.999
956703084.553418,66.629,15.01,-125.244,513.963,221.280,-89.325,0.020,179.999
956703084.620101,66.683,15.00,-125.244,513.963,221.280,-89.325,0.020,179.999
956703084.686777,66.676,15.00,-125.244,513.963,221.280,-89.325,0.020,179.999
956703084.753426,66.649,15.00,-125.244,513.963,221.280,-89.325,0.020,179.999
956703084.820103,66.677,15.00,-125.244,513.963,221.280,-89.325,0.020,179.999
956703084.886778,66.675,15.00,-125.244,513.963,221.280,-89.325,0.020,179.999
956703084.953422,66.644,15.01,-125.244,513.963,221.280,-89.325,0.020,179.999
956703085.020103,66.681,15.00,-125.244,513.963,221.280,-89.325,0.020,179.999
956703085.086777,66.674,15.00,-125.244,513.963,221.280,-89.325,0.020,179.999
956703085.153428,66.651,15.00,-125.244,513.963,221.280,-89.325,0.020,179.999
956703085.220102,66.674,15.00,-125.244,513.963,221.280,-89.325,0.020,179.999
956703085.286772,66.670,15.00,-125.244,513.963,221.280,-89.325,0.020,179.999
956703085.353473,66.701,14.99,-125.244,513.963,221.280,-89.325,0.020,179.999
956703085.420104,66.631,15.01,-125.244,513.963,221.280,-89.325,0.020,179.999
956703085.486774,66.670,15.00,-125.244,513.963,221.280,-89.325,0.020,179.999
956703085.553426,66.652,15.00,-125.244,513.963,221.280,-89.325,0.020,179.999
956703085.620101,66.675,15.00,-125.244,513.963,221.280,-89.325,0.020,179.999
956703085.686772,66.671,15.00,-125.244,513.963,221.280,-89.325,0.020,179.999
956703085.753443,66.671,15.00,-125.244,513.963,221.280,-89.325,0.020,179.999
956703085.820102,66.659,15.00,-125.244,513.963,221.280,-89.325,0.020,179.999
956703085.886772,66.670,15.00,-125.244,513.963,221.280,-89.325,0.020,179.999
956703085.953439,66.667,15.00,-125.244,513.963,221.280,-89.325,0.020,179.999
956703086.020103,66.664,15.00,-125.244,513.963,221.280,-89.325,0.020,179.999
956703086.086772,66.669,15.00,-125.244,513.963,221.280,-89.325,0.020,179.999
956703086.153449,66.677,15.00,-125.244,513.963,221.280,-89.325,0.020,179.999
956703086.220105,66.656,15.00,-125.244,513.963,221.280,-89.325,0.020,179.999
956703086.286773,66.668,15.00,-125.244,513.963,221.280,-89.325,0.020,179.999
956703086.353430,66.657,15.00,-125.244,513.963,221.280,-89.325,0.020,179.999
956703086.420102,66.672,15.00,-125.244,513.963,221.280,-89.325,0.020,179.999
956703086.486773,66.671,15.00,-125.244,513.963,221.280,-89.325,0.020,179.999
956703086.553422,66.649,15.00,-125.244,513.963,221.280,-89.325,0.020,179.999
956703086.620103,66.681,15.00,-125.244,513.963,221.280,-89.325,0.020,179.999
956703086.686776,66.673,15.00,-125.244,513.963,221.280,-89.325,0.020,179.999
956703086.753438,66.662,15.00,-125.244,513.963,221.280,-89.325,0.020,179.999
956703086.820104,66.666,15.00,-125.244,513.963,221.280,-89.325,0.020,179.999
956703086.886833,66.729,14.99,-125.244,513.963,221.280,-89.325,0.020,179.999
956703086.953438,66.605,15.01,-125.244,513.963,221.280,-89.325,0.020,179.999
956703087.020106,66.668,15.00,-125.244,513.963,221.280,-89.325,0.020,179.999
956703087.086779,66.673,15.00,-125.244,513.963,221.280,-89.325,0.020,179.999
956703087.153427,66.648,15.00,-125.244,513.963,221.280,-89.325,0.020,179.999
956703087.220104,66.677,15.00,-125.244,513.963,221.280,-89.325,0.020,179.999
956703087.286779,66.675,15.00,-125.244,513.963,221.280,-89.325,0.020,179.999
956703087.353432,66.653,15.00,-125.244,513.963,221.280,-89.325,0.020,179.999
956703087.420107,66.675,15.00,-125.244,513.963,221.280,-89.325,0.020,179.999
956703087.486776,66.669,15.00,-125.244,513.963,221.280,-89.325,0.020,179.999
956703087.553429,66.653,15.00,-125.244,513.963,221.280,-89.325,0.020,179.999
956703087.620103,66.674,15.00,-125.244,513.963,221.280,-89.325,0.020,179.999
956703087.687018,66.915,14.94,-125.244,513.963,221.280,-89.325,0.020,179.999
956703087.753430,66.412,15.06,-125.244,513.963,221.280,-89.325,0.020,179.999
956703087.820104,66.674,15.00,-125.244,513.963,221.280,-89.325,0.020,179.999
956703087.886777,66.673,15.00,-125.244,513.963,221.280,-89.325,0.020,179.999
956703087.953429,66.652,15.00,-125.244,513.963,221.280,-89.325,0.020,179.999
956703088.020108,66.679,15.00,-125.244,513.963,221.280,-89.325,0.020,179.999
956703088.086778,66.670,15.00,-125.244,513.963,221.280,-89.325,0.020,179.999
956703088.153444,66.666,15.00,-125.244,513.963,221.280,-89.325,0.020,179.999
956703088.220104,66.660,15.00,-125.244,513.963,221.280,-89.325,0.020,179.999
956703088.286783,66.679,15.00,-125.244,513.963,221.280,-89.325,0.020,179.999
956703088.353425,66.642,15.01,-125.244,513.963,221.280,-89.325,0.020,179.999
956703088.420106,66.681,15.00,-125.244,513.963,221.280,-89.325,0.020,179.999
956703088.486799,66.693,14.99,-125.244,513.963,221.280,-89.325,0.020,179.999
956703088.553475,66.676,15.00,-125.244,513.963,221.280,-89.325,0.020,179.999
956703088.620108,66.633,15.01,-125.244,513.963,221.280,-89.325,0.020,179.999
956703088.686785,66.677,15.00,-125.244,513.963,221.280,-89.325,0.020,179.999
956703088.753430,66.645,15.00,-125.244,513.963,221.280,-89.325,0.020,179.999
956703088.820104,66.674,15.00,-125.244,513.963,221.280,-89.325,0.020,179.999
956703088.886780,66.676,15.00,-125.244,513.963,221.280,-89.325,0.020,179.999
956703088.953422,66.642,15.01,-125.244,513.963,221.280,-89.325,0.020,179.999
956704349.308188,0.000,0.00,-126.996,512.532,220.792,-90.000,0.020,179.999
956704349.375032,66.844,14.96,-126.996,512.532,220.792,-90.000,0.020,179.999
956704349.441638,66.606,15.01,-124.917,513.603,220.263,-89.547,0.020,179.999
956704349.508310,66.672,15.00,-120.942,515.677,219.537,-88.502,0.020,179.999
956704349.574983,66.673,15.00,-117.841,517.546,219.418,-87.443,0.020,179.999
956704349.641642,66.659,15.00,-114.804,519.689,219.740,-86.384,0.020,179.999
956704349.708321,66.679,15.00,-111.561,522.057,220.467,-85.323,0.021,179.999
956704349.774977,66.656,15.00,-108.077,524.569,221.501,-84.245,0.021,179.999
956704349.841670,66.693,14.99,-104.701,526.925,222.724,-83.223,0.021,179.999
956704349.908309,66.639,15.01,-101.603,528.818,224.115,-82.184,0.021,179.999
956704349.974967,66.658,15.00,-99.145,529.680,225.492,-81.128,0.021,179.999
956704350.041637,66.670,15.00,-97.745,529.360,226.699,-80.072,0.021,179.999
956704350.108310,66.673,15.00,-97.604,527.981,227.644,-79.017,0.021,179.999
956704350.174968,66.658,15.00,-98.705,525.518,228.269,-77.943,0.021,179.999
956704350.241640,66.672,15.00,-101.147,521.809,228.441,-76.887,0.021,179.999
956704350.308362,66.722,14.99,-104.400,517.534,228.103,-76.037,0.021,179.999
956704350.375004,66.642,15.01,-108.125,513.053,227.273,-75.452,0.021,179.999
956704350.441630,66.626,15.01,-111.927,508.714,226.141,-75.063,0.021,179.999
956704350.508308,66.678,15.00,-115.808,504.485,224.831,-74.730,0.021,179.999
956704350.574976,66.668,15.00,-119.940,500.560,223.362,-74.299,0.021,179.999
956704350.641634,66.658,15.00,-124.535,497.397,221.549,-73.578,0.021,179.999
956704350.708319,66.685,15.00,-128.340,495.880,219.643,-72.585,0.021,179.999
956704350.774979,66.660,15.00,-130.054,496.331,218.135,-71.507,0.021,179.999
956704350.841633,66.654,15.00,-129.742,498.330,217.226,-70.448,0.021,179.999
956704350.908317,66.684,15.00,-127.947,501.396,216.886,-69.392,0.021,179.999
956704350.974970,66.653,15.00,-125.297,504.955,216.992,-68.337,0.021,179.999
956704351.041635,66.665,15.00,-122.234,508.652,217.440,-67.282,0.021,179.999
956704351.108307,66.672,15.00,-119.051,512.270,218.135,-66.241,0.021,179.999
956704351.174971,66.664,15.00,-115.732,515.911,219.028,-65.182,0.021,179.999
956704351.241643,66.672,15.00,-112.305,519.580,220.038,-64.124,0.021,179.999
956704351.308311,66.668,15.00,-108.884,523.010,221.063,-63.084,0.021,179.999
956704351.374972,66.661,15.00,-105.710,525.628,221.981,-62.061,0.021,179.999
956704351.441647,66.675,15.00,-102.917,527.117,222.696,-61.002,0.021,179.999
956704351.508309,66.662,15.00,-100.822,527.554,223.099,-59.941,0.021,179.999
956704351.574969,66.660,15.00,-99.549,527.257,223.172,-58.863,0.021,179.999
956704351.641633,66.664,15.00,-99.165,526.293,222.842,-57.803,0.021,179.999
956704351.708317,66.684,15.00,-99.626,524.594,221.970,-56.744,0.021,179.999
956704351.774976,66.659,15.00,-100.976,522.094,220.467,-55.687,0.021,179.999
956704351.841635,66.659,15.00,-103.249,518.770,218.315,-54.666,0.021,179.999
956704351.908310,66.675,15.00,-106.300,514.818,215.694,-53.775,0.021,179.999
956704351.974967,66.657,15.00,-109.728,510.697,213.068,-53.181,0.021,179.999
956704352.041635,66.668,15.00,-113.163,506.758,210.848,-52.955,0.021,179.999
956704352.108308,66.673,15.00,-116.901,502.619,208.975,-53.087,0.021,180.000
956704352.174975,66.667,15.00,-120.642,498.330,207.502,-53.477,0.021,180.000
956704352.241642,66.667,15.00,-124.022,494.096,206.283,-54.266,0.021,180.000
956704352.308311,66.669,15.00,-125.761,491.651,205.789,-55.307,0.021,180.000
956704352.375002,66.691,14.99,-125.834,491.163,206.200,-56.330,0.021,179.999
956704352.441666,66.664,15.00,-125.029,491.679,207.277,-57.389,0.021,179.999
956704352.508312,66.646,15.00,-123.661,492.837,208.849,-58.448,0.021,179.999
956704352.574974,66.662,15.00,-121.878,494.455,210.789,-59.524,0.021,179.999
956704352.641635,66.661,15.00,-119.871,496.339,212.915,-60.583,0.021,179.999
956704352.708334,66.699,14.99,-117.727,498.389,215.144,-61.643,0.021,179.999
956704352.775100,66.766,14.98,-115.495,500.551,217.443,-62.721,0.021,179.999
956704352.841636,66.536,15.03,-113.362,502.625,219.629,-63.744,0.021,179.999
956704352.908314,66.678,15.00,-111.139,504.798,221.847,-64.803,0.021,179.999
956704352.974976,66.662,15.00,-108.937,507.053,223.950,-65.880,0.022,179.999
956704353.041634,66.658,15.00,-107.211,509.326,225.778,-66.939,0.021,179.999
956704353.108342,66.708,14.99,-106.199,511.549,227.330,-67.981,0.022,179.999
956704353.174974,66.632,15.01,-105.860,513.600,228.637,-69.039,0.022,179.999
956704353.241640,66.666,15.00,-106.357,515.187,229.548,-70.096,0.021,179.999
956704353.308327,66.687,15.00,-107.825,515.954,229.882,-71.136,0.021,179.999
956704353.374984,66.657,15.00,-110.298,515.709,229.541,-72.196,0.021,179.999
956704353.441639,66.655,15.00,-113.548,514.482,228.560,-73.255,0.021,179.999
956704353.508325,66.686,15.00,-117.369,512.538,227.089,-74.297,0.021,179.999
956704353.574974,66.649,15.00,-121.917,510.124,225.212,-75.351,0.021,179.999
956704353.641638,66.664,15.00,-126.932,508.010,223.064,-76.356,0.021,179.999
956704353.708318,66.680,15.00,-131.878,507.456,220.401,-77.314,0.021,179.999
956704353.774976,66.658,15.00,-133.863,510.029,218.215,-77.570,0.021,179.999
956704353.841634,66.658,15.00,-133.253,512.018,217.846,-77.250,0.021,179.999
956704353.908317,66.683,15.00,-130.862,516.705,217.601,-76.217,0.021,179.999
956704353.974978,66.661,15.00,-128.197,520.526,217.902,-75.144,0.021,179.999
956704354.041638,66.660,15.00,-125.560,523.849,218.439,-74.083,0.021,179.999
956704354.108313,66.675,15.00,-123.006,526.844,219.124,-73.022,0.021,179.999
956704354.174971,66.658,15.00,-120.496,529.660,219.925,-71.944,0.021,179.999
956704354.241642,66.671,15.00,-118.079,532.294,220.790,-70.884,0.021,179.999
956704354.308313,66.671,15.00,-115.699,534.832,221.715,-69.824,0.021,179.999
956704354.374973,66.660,15.00,-113.295,537.352,222.699,-68.746,0.021,179.999
956704354.441637,66.664,15.00,-110.952,539.657,223.668,-67.685,0.021,179.999
956704354.508313,66.676,15.00,-108.663,541.468,224.564,-66.645,0.021,179.999
956704354.574976,66.663,15.00,-106.346,542.617,225.367,-65.584,0.021,179.999
956704354.641635,66.659,15.00,-104.110,543.043,226.046,-64.523,0.021,179.999
956704354.708316,66.681,15.00,-102.120,542.888,226.613,-63.480,0.021,179.999
956704354.774972,66.656,15.00,-100.415,542.272,227.094,-62.421,0.021,180.000
956704354.841646,66.674,15.00,-99.244,541.265,227.411,-61.378,0.021,180.000
956704354.908312,66.666,15.00,-98.735,539.845,227.451,-60.335,0.021,180.000
956704354.974977,66.665,15.00,-98.888,537.946,227.081,-59.275,0.021,180.000
956704355.041643,66.666,15.00,-99.748,535.469,226.158,-58.215,0.021,180.000
956704355.108313,66.670,15.00,-101.178,532.681,224.755,-57.265,0.021,180.000
956704355.174970,66.657,15.00,-103.641,528.824,222.401,-56.190,0.021,180.000
956704355.241644,66.674,15.00,-106.588,524.734,219.604,-55.194,0.021,180.000
956704355.308348,66.704,14.99,-109.669,520.805,216.694,-54.323,0.021,180.000
956704355.374977,66.629,15.01,-112.904,516.918,213.679,-53.532,0.021,180.000
956704355.441635,66.658,15.00,-116.222,513.099,210.665,-52.838,0.021,180.000
956704355.508353,66.718,14.99,-119.559,509.375,207.751,-52.232,0.021,180.000
956704355.574973,66.620,15.01,-123.035,505.587,204.908,-51.653,0.021,180.000
956704355.641635,66.662,15.00,-126.637,501.767,202.033,-51.005,0.021,180.000
956704355.708319,66.684,15.00,-129.914,498.409,198.807,-50.118,0.021,180.000
956704355.774986,66.667,15.00,-131.960,496.361,195.554,-49.060,0.021,180.000
956704355.841663,66.677,15.00,-132.185,496.129,193.009,-48.001,0.021,180.000
956704355.908316,66.653,15.00,-130.954,497.360,191.254,-46.942,0.021,180.000
956704355.975006,66.690,14.99,-128.772,499.540,190.130,-45.884,0.021,180.000
956704356.041640,66.634,15.01,-125.853,502.457,189.464,-44.827,0.021,180.000
956704356.108312,66.672,15.00,-122.129,506.182,189.134,-43.822,0.021,180.000
956704356.174980,66.668,15.00,-117.953,510.309,189.137,-42.999,0.021,180.000
956704356.241646,66.666,15.00,-113.667,514.025,189.388,-42.405,0.021,180.000
956704356.308313,66.667,15.00,-108.654,516.716,189.673,-42.184,0.021,180.000
956704356.375016,66.703,14.99,-103.379,517.789,189.767,-42.537,0.021,180.000
956704356.441639,66.623,15.01,-98.966,517.361,189.566,-43.433,0.021,179.999
956704356.508315,66.676,15.00,-97.078,516.061,189.128,-44.472,0.021,179.999
956704356.574973,66.658,15.00,-96.727,514.382,188.506,-45.529,0.021,180.000
956704356.641687,66.714,14.99,-97.228,512.474,187.771,-46.605,0.021,180.000
956704356.708322,66.635,15.01,-98.233,510.476,187.009,-47.666,0.021,180.000
956704356.774971,66.649,15.00,-99.569,508.402,186.229,-48.726,0.021,180.000
956704356.841639,66.668,15.00,-101.135,506.279,185.434,-49.785,0.021,180.000
956704356.908311,66.672,15.00,-102.844,504.153,184.645,-50.826,0.021,180.000
956704356.974975,66.664,15.00,-104.739,501.925,183.815,-51.903,0.021,180.000
956704357.041641,66.666,15.00,-106.628,499.786,183.015,-52.927,0.021,180.000
956704357.108318,66.677,15.00,-108.658,497.555,182.170,-53.987,0.021,180.000
956704357.174975,66.657,15.00,-110.740,495.310,181.310,-55.046,0.021,180.000
956704357.241647,66.672,15.00,-112.870,493.059,180.435,-56.105,0.021,180.000
956704357.308325,66.678,15.00,-115.029,490.797,179.555,-57.165,0.021,180.000
956704357.374984,66.659,15.00,-117.252,488.490,178.686,-58.242,0.021,179.999
956704357.441637,66.653,15.00,-119.498,486.226,177.895,-59.321,0.021,180.000
956704357.508313,66.676,15.00,-121.648,484.366,177.250,-60.346,0.022,180.000
956704357.574973,66.660,15.00,-123.886,483.063,176.701,-61.406,0.021,180.000
956704357.641642,66.669,15.00,-126.172,482.448,176.253,-62.483,0.022,180.000
956704357.708368,66.726,14.99,-128.206,482.418,175.900,-63.490,0.021,180.000
956704357.774973,66.605,15.01,-129.959,482.876,175.578,-64.514,0.021,180.000
956704357.841678,66.705,14.99,-130.938,483.516,175.339,-65.260,0.021,180.000
956704357.908320,66.642,15.01,-130.938,483.516,175.339,-65.260,0.021,180.000
956704357.974977,66.657,15.00,-130.938,483.516,175.339,-65.260,0.021,180.000
956704358.041641,66.664,15.00,-130.938,483.516,175.339,-65.260,0.021,180.000
956704417.023358,0.000,0.00,-126.996,512.532,220.792,-90.000,0.020,179.999
956704417.090290,66.932,14.94,-126.996,512.532,220.792,-90.000,0.020,179.999
956704417.156803,66.513,15.03,-126.576,512.495,220.715,-89.857,0.020,179.999
956704417.223467,66.664,15.00,-126.095,512.667,220.600,-89.737,0.020,179.999
956704417.290332,66.865,14.96,-125.635,512.918,220.533,-89.603,0.020,179.999
956704417.356812,66.480,15.04,-125.189,513.214,220.520,-89.445,0.020,179.999
956704417.423468,66.656,15.00,-124.763,513.540,220.562,-89.291,0.020,179.999
956704417.490137,66.669,15.00,-124.360,513.876,220.642,-89.140,0.020,179.999
956704417.556805,66.668,15.00,-123.963,514.224,220.749,-88.991,0.020,179.999
956704417.623471,66.666,15.00,-123.603,514.544,220.863,-88.855,0.019,179.999
956704417.690138,66.667,15.00,-123.227,514.891,220.998,-88.711,0.019,179.999
956704417.756851,66.713,14.99,-122.851,515.247,221.141,-88.564,0.019,179.999
956704417.823476,66.625,15.01,-122.476,515.603,221.291,-88.417,0.019,180.000
956704417.890154,66.678,15.00,-122.109,515.955,221.441,-88.272,0.019,180.000
956704417.956808,66.654,15.00,-121.740,516.313,221.597,-88.123,0.019,180.000
956704418.023520,66.712,14.99,-121.371,516.674,221.755,-87.973,0.019,180.000
956704418.090190,66.670,15.00,-121.003,517.033,221.911,-87.820,0.019,180.000
956704418.156811,66.621,15.01,-120.635,517.395,222.068,-87.666,0.019,180.000
956704418.223479,66.668,15.00,-120.262,517.763,222.228,-87.507,0.019,180.000
956704418.290180,66.701,14.99,-119.895,518.125,222.384,-87.348,0.019,180.000
956704418.356812,66.632,15.01,-119.528,518.488,222.536,-87.187,0.019,-180.000
956704418.423471,66.659,15.00,-119.152,518.857,222.690,-87.021,0.019,-180.000
956704418.490135,66.664,15.00,-118.785,519.223,222.838,-86.856,0.019,-180.000
956704418.556805,66.670,15.00,-118.417,519.585,222.986,-86.690,0.019,-180.000
956704418.623474,66.669,15.00,-118.043,519.957,223.131,-86.520,0.019,-180.000
956704418.690139,66.665,15.00,-117.680,520.315,223.269,-86.355,0.019,-180.000
956704418.756805,66.666,15.00,-117.304,520.689,223.410,-86.184,0.019,-180.000
956704418.823476,66.671,15.00,-116.927,521.064,223.548,-86.011,0.019,-179.999
956704418.890139,66.663,15.00,-116.556,521.432,223.685,-85.841,0.019,-179.999
956704418.956810,66.671,15.00,-116.185,521.800,223.817,-85.671,0.019,-179.999
956704419.023480,66.670,15.00,-115.815,522.167,223.946,-85.500,0.019,-179.999
956704419.090143,66.663,15.00,-115.443,522.539,224.075,-85.329,0.019,-179.999
956704419.156814,66.671,15.00,-115.070,522.906,224.201,-85.158,0.019,-179.999
956704419.223475,66.661,15.00,-114.699,523.274,224.325,-84.986,0.019,-179.999
956704419.290144,66.669,15.00,-114.327,523.642,224.446,-84.815,0.019,-179.999
956704419.356811,66.667,15.00,-113.947,524.020,224.570,-84.641,0.019,-179.999
956704419.423479,66.668,15.00,-113.574,524.389,224.686,-84.471,0.019,-179.999
956704419.490184,66.705,14.99,-113.201,524.759,224.803,-84.302,0.019,-179.999
956704419.556814,66.630,15.01,-112.830,525.134,224.916,-84.133,0.019,-179.999
956704419.623471,66.657,15.00,-112.454,525.505,225.028,-83.966,0.019,-179.999
956704419.690175,66.704,14.99,-112.082,525.875,225.139,-83.800,0.019,-179.999
956704419.756806,66.631,15.01,-111.720,526.231,225.240,-83.641,0.019,-179.998
956704419.823476,66.670,15.00,-111.346,526.605,225.347,-83.477,0.019,-179.998
956704419.890251,66.775,14.98,-110.971,526.979,225.447,-83.315,0.019,-179.998
956704419.956812,66.561,15.02,-110.595,527.350,225.544,-83.153,0.019,-179.998
956704420.023474,66.662,15.00,-110.207,527.730,225.639,-82.989,0.019,-179.998
956704420.090146,66.672,15.00,-109.830,528.085,225.728,-82.830,0.019,-179.998
956704420.156810,66.664,15.00,-109.437,528.444,225.815,-82.667,0.019,-179.998
956704420.223516,66.706,14.99,-109.026,528.796,225.900,-82.498,0.019,-179.998
956704420.290148,66.632,15.01,-108.617,529.122,225.974,-82.330,0.019,-179.998
956704420.356813,66.665,15.00,-108.185,529.436,226.042,-82.151,0.019,-179.998
956704420.423475,66.662,15.00,-107.729,529.735,226.104,-81.951,0.019,-179.998
956704420.490155,66.680,15.00,-107.262,529.996,226.147,-81.729,0.019,-179.998
956704420.556806,66.651,15.00,-106.761,530.223,226.171,-81.462,0.019,-179.998
956704420.623480,66.674,15.00,-106.244,530.368,226.155,-81.135,0.018,-179.998
956704420.690149,66.669,15.00,-105.713,530.383,226.080,-80.710,0.018,-179.998
956704420.756809,66.660,15.00,-105.251,530.187,225.916,-80.191,0.019,-179.998
956704420.823477,66.668,15.00,-105.002,529.782,225.690,-79.694,0.018,-179.998
956704420.890140,66.663,15.00,-104.972,529.306,225.452,-79.303,0.018,-179.998
956704420.956811,66.671,15.00,-105.081,528.832,225.225,-79.004,0.019,-179.998
956704421.023480,66.669,15.00,-105.282,528.380,225.006,-78.772,0.018,-179.998
956704421.090146,66.666,15.00,-105.522,527.966,224.805,-78.588,0.019,-179.998
956704421.156817,66.671,15.00,-105.803,527.550,224.602,-78.427,0.019,-179.998
956704421.223471,66.654,15.00,-106.100,527.145,224.402,-78.286,0.018,-179.998
956704421.290141,66.670,15.00,-106.406,526.754,224.211,-78.163,0.018,-179.998
956704421.356809,66.668,15.00,-106.724,526.362,224.013,-78.049,0.018,-179.998
956704421.423485,66.676,15.00,-107.046,525.974,223.821,-77.945,0.018,-179.998
956704421.490141,66.656,15.00,-107.367,525.595,223.631,-77.852,0.018,-179.998
956704421.556809,66.668,15.00,-107.701,525.214,223.439,-77.768,0.018,-179.998
956704421.623473,66.664,15.00,-108.039,524.839,223.246,-77.698,0.019,-179.998
956704421.690142,66.669,15.00,-108.374,524.474,223.056,-77.645,0.018,-179.998
956704421.756821,66.679,15.00,-108.720,524.107,222.861,-77.608,0.018,-179.998
956704421.823477,66.656,15.00,-109.067,523.741,222.665,-77.587,0.018,-179.998
956704421.890141,66.664,15.00,-109.410,523.381,222.472,-77.582,0.018,-179.998
956704421.956806,66.665,15.00,-109.758,523.020,222.274,-77.591,0.018,-179.998
956704422.023477,66.671,15.00,-110.111,522.656,222.079,-77.615,0.018,-179.998
956704422.090141,66.664,15.00,-110.456,522.304,221.888,-77.651,0.018,-179.998
956704422.156814,66.673,15.00,-110.810,521.942,221.693,-77.700,0.018,-179.998
956704422.223477,66.663,15.00,-111.164,521.584,221.497,-77.759,0.018,-179.998
956704422.290145,66.668,15.00,-111.514,521.229,221.310,-77.826,0.018,-179.998
956704422.356812,66.667,15.00,-111.869,520.867,221.119,-77.903,0.018,-179.998
956704422.423491,66.679,15.00,-112.227,520.506,220.935,-77.986,0.018,-179.998
956704422.490178,66.687,15.00,-112.579,520.149,220.755,-78.074,0.018,-179.998
956704422.556816,66.638,15.01,-112.938,519.787,220.574,-78.167,0.018,-179.998
956704422.623485,66.669,15.00,-113.297,519.424,220.397,-78.264,0.018,-179.998
956704422.690142,66.657,15.00,-113.654,519.068,220.226,-78.362,0.018,-179.998
956704422.756814,66.672,15.00,-114.014,518.701,220.056,-78.462,0.018,-179.998
956704422.823479,66.665,15.00,-114.380,518.340,219.892,-78.564,0.018,-179.998
956704422.890177,66.698,14.99,-114.749,517.991,219.732,-78.666,0.018,-179.998
956704422.956811,66.634,15.01,-115.146,517.659,219.570,-78.775,0.018,-179.998
956704423.023524,66.713,14.99,-115.572,517.373,219.404,-78.885,0.018,-179.998
956704423.090149,66.625,15.01,-116.017,517.147,219.232,-78.991,0.019,-179.998
956704423.156812,66.663,15.00,-116.490,516.979,219.030,-79.092,0.018,-179.998
956704423.223474,66.662,15.00,-116.980,516.911,218.793,-79.183,0.018,-179.998
956704423.290186,66.712,14.99,-117.439,516.972,218.524,-79.251,0.018,-179.998
956704423.356813,66.627,15.01,-117.829,517.183,218.229,-79.290,0.018,-179.998
956704423.423474,66.661,15.00,-118.103,517.549,217.931,-79.293,0.018,-179.999
956704423.490171,66.697,14.99,-118.239,517.992,217.672,-79.268,0.018,-179.998
956704423.556808,66.637,15.01,-118.263,518.480,217.450,-79.222,0.018,-179.998
956704423.623473,66.665,15.00,-118.198,518.988,217.260,-79.160,0.018,-179.998
956704423.690145,66.672,15.00,-118.071,519.486,217.100,-79.091,0.019,-179.998
956704423.756814,66.669,15.00,-117.899,519.975,216.964,-79.016,0.018,-179.998
956704423.823484,66.670,15.00,-117.692,520.457,216.847,-78.935,0.019,-179.998
956704423.890145,66.661,15.00,-117.455,520.929,216.744,-78.851,0.018,-179.998
956704423.956813,66.668,15.00,-117.197,521.392,216.655,-78.764,0.019,-179.998
956704424.023479,66.666,15.00,-116.914,521.855,216.572,-78.672,0.018,-179.998
956704424.090143,66.664,15.00,-116.623,522.303,216.500,-78.579,0.018,-179.998
956704424.156813,66.670,15.00,-116.322,522.743,216.438,-78.483,0.018,-179.998
956704424.223478,66.665,15.00,-116.005,523.187,216.381,-78.383,0.018,-179.998
956704424.290150,66.672,15.00,-115.693,523.611,216.328,-78.283,0.018,-179.998
956704424.356813,66.663,15.00,-115.369,524.040,216.280,-78.178,0.018,-179.998
956704424.423483,66.670,15.00,-115.046,524.464,216.233,-78.070,0.018,-179.998
956704424.490151,66.668,15.00,-114.738,524.863,216.191,-77.964,0.017,-179.998
956704424.556815,66.664,15.00,-114.412,525.291,216.150,-77.850,0.018,-179.998
956704424.623480,66.665,15.00,-114.081,525.727,216.107,-77.730,0.017,-179.998
956704424.690144,66.664,15.00,-113.761,526.158,216.066,-77.609,0.017,-179.998
956704424.756813,66.669,15.00,-113.438,526.599,216.022,-77.481,0.017,-179.998
956704424.823478,66.665,15.00,-113.116,527.043,215.978,-77.348,0.017,-179.998
956704424.890149,66.671,15.00,-112.805,527.480,215.930,-77.211,0.017,-179.998
956704424.956815,66.666,15.00,-112.498,527.920,215.875,-77.065,0.017,-179.998
956704425.023483,66.668,15.00,-112.190,528.367,215.809,-76.904,0.017,-179.998
956704425.090150,66.667,15.00,-111.890,528.807,215.728,-76.727,0.017,-179.998
956704425.156815,66.665,15.00,-111.594,529.245,215.625,-76.525,0.017,-179.998
956704425.223480,66.665,15.00,-111.300,529.683,215.478,-76.277,0.017,-179.998
956704425.290146,66.666,15.00,-111.020,530.091,215.265,-75.967,0.017,-179.998
956704425.356818,66.672,15.00,-110.777,530.438,214.936,-75.553,0.017,-179.998
956704425.423473,66.655,15.00,-110.630,530.618,214.454,-75.014,0.017,-179.998
956704425.490153,66.680,15.00,-110.644,530.558,213.932,-74.494,0.017,-179.998
956704425.556868,66.715,14.99,-110.786,530.319,213.478,-74.079,0.017,-179.998
956704425.623487,66.619,15.01,-110.993,530.013,213.114,-73.780,0.017,-179.998
956704425.690144,66.657,15.00,-111.238,529.669,212.793,-73.539,0.017,-179.998
956704425.756817,66.673,15.00,-111.502,529.324,212.508,-73.344,0.017,-179.998
956704425.823486,66.669,15.00,-111.802,528.951,212.227,-73.168,0.016,-179.998
956704425.890161,66.675,15.00,-112.108,528.590,211.968,-73.018,0.016,-179.998
956704425.956818,66.657,15.00,-112.420,528.226,211.718,-72.884,0.016,-179.998
956704426.023475,66.657,15.00,-112.740,527.862,211.475,-72.764,0.016,-179.998
956704426.090147,66.672,15.00,-113.062,527.497,211.236,-72.654,0.016,-179.998
956704426.156852,66.705,14.99,-113.384,527.129,211.003,-72.553,0.016,-179.998
956704426.223475,66.623,15.01,-113.711,526.755,210.768,-72.457,0.016,-179.998
956704426.290143,66.668,15.00,-114.025,526.388,210.543,-72.369,0.016,-179.998
956704426.356819,66.676,15.00,-114.343,526.016,210.313,-72.282,0.016,-179.998
956704426.423477,66.658,15.00,-114.667,525.639,210.072,-72.194,0.016,-179.998
956704426.490143,66.666,15.00,-114.978,525.280,209.837,-72.109,0.016,-179.998
956704426.556817,66.674,15.00,-115.306,524.919,209.584,-72.016,0.016,-179.997
956704426.623515,66.698,14.99,-115.629,524.570,209.321,-71.919,0.016,-179.998
956704426.690179,66.664,15.00,-115.949,524.249,209.049,-71.817,0.016,-179.998
956704426.756813,66.634,15.01,-116.277,523.940,208.749,-71.702,0.016,-179.998
956704426.823481,66.668,15.00,-116.610,523.662,208.426,-71.572,0.016,-179.997
956704426.890144,66.663,15.00,-116.934,523.430,208.074,-71.426,0.016,-179.998
956704426.956811,66.667,15.00,-117.259,523.252,207.681,-71.254,0.016,-179.997
956704427.023488,66.677,15.00,-117.555,523.163,207.265,-71.063,0.016,-179.997
956704427.090148,66.660,15.00,-117.828,523.175,206.802,-70.838,0.016,-179.997
956704427.156811,66.663,15.00,-118.046,523.303,206.331,-70.594,0.016,-179.997
956704427.223485,66.674,15.00,-118.192,523.548,205.876,-70.344,0.016,-179.997
956704427.290151,66.666,15.00,-118.259,523.878,205.459,-70.099,0.016,-179.997
956704427.356821,66.670,15.00,-118.261,524.263,205.085,-69.866,0.016,-179.997
956704427.423525,66.704,14.99,-118.208,524.693,204.750,-69.640,0.015,-179.997
956704427.490162,66.637,15.01,-118.111,525.134,204.460,-69.428,0.016,-179.997
956704427.556820,66.658,15.00,-117.983,525.585,204.198,-69.223,0.015,-179.997
956704427.623474,66.654,15.00,-117.823,526.052,203.955,-69.018,0.015,-179.997
956704427.690143,66.669,15.00,-117.645,526.509,203.735,-68.816,0.015,-179.997
956704427.756813,66.670,15.00,-117.452,526.964,203.526,-68.610,0.015,-179.997
956704427.823482,66.669,15.00,-117.245,527.414,203.323,-68.397,0.015,-179.997
956704427.890158,66.676,15.00,-117.031,527.857,203.128,-68.177,0.015,-179.997
956704427.956814,66.656,15.00,-116.802,528.302,202.922,-67.938,0.015,-179.997
956704428.023515,66.701,14.99,-116.562,528.742,202.701,-67.672,0.015,-179.997
956704428.090184,66.669,15.00,-116.320,529.161,202.465,-67.380,0.015,-179.997
956704428.156819,66.635,15.01,-116.078,529.559,202.197,-67.045,0.015,-179.997
956704428.223479,66.660,15.00,-115.834,529.926,201.869,-66.639,0.015,-179.997
956704428.290143,66.664,15.00,-115.620,530.205,201.484,-66.166,0.015,-179.997
956704428.356817,66.674,15.00,-115.454,530.364,201.000,-65.599,0.015,-179.997
956704428.423486,66.669,15.00,-115.382,530.323,200.467,-64.994,0.015,-179.997
956704428.490186,66.700,14.99,-115.415,530.110,199.981,-64.465,0.015,-179.997
956704428.556811,66.625,15.01,-115.522,529.790,199.559,-64.032,0.015,-179.997
956704428.623474,66.663,15.00,-115.669,529.414,199.198,-63.678,0.015,-179.997
956704428.690146,66.672,15.00,-115.836,529.020,198.886,-63.383,0.015,-179.997
956704428.756819,66.673,15.00,-116.018,528.603,198.592,-63.116,0.015,-179.997
956704428.823520,66.701,14.99,-116.212,528.175,198.308,-62.865,0.015,-179.997
956704428.890153,66.633,15.01,-116.403,527.745,198.037,-62.632,0.015,-179.997
956704428.956819,66.666,15.00,-116.594,527.317,197.771,-62.405,0.015,-179.997
956704429.023497,66.678,15.00,-116.765,526.935,197.528,-62.205,0.014,-179.997
956704429.090147,66.650,15.00,-116.949,526.520,197.252,-61.980,0.015,-179.997
956704429.156812,66.665,15.00,-117.131,526.106,196.953,-61.741,0.015,-179.997
956704429.223481,66.669,15.00,-117.302,525.703,196.625,-61.482,0.015,-179.997
956704429.290145,66.664,15.00,-117.451,525.335,196.273,-61.215,0.015,-179.996
956704429.356819,66.674,15.00,-117.577,524.987,195.881,-60.920,0.015,-179.996
956704429.423488,66.669,15.00,-117.667,524.671,195.447,-60.599,0.014,-179.997
956704429.490146,66.658,15.00,-117.712,524.407,194.980,-60.251,0.014,-179.997
956704429.556859,66.713,14.99,-117.703,524.193,194.486,-59.881,0.015,-179.997
956704429.623486,66.627,15.01,-117.635,524.035,193.976,-59.495,0.015,-179.997
956704429.690150,66.664,15.00,-117.526,523.939,193.490,-59.123,0.015,-179.997
956704429.756822,66.672,15.00,-117.361,523.877,192.977,-58.731,0.015,-179.997
956704429.823492,66.670,15.00,-117.161,523.838,192.469,-58.336,0.015,-179.997
956704429.890152,66.660,15.00,-116.945,523.808,191.974,-57.955,0.015,-179.997
956704429.956821,66.669,15.00,-116.717,523.772,191.487,-57.579,0.015,-179.997
956704430.023475,66.654,15.00,-116.483,523.715,191.003,-57.209,0.015,-179.997
956704430.090151,66.676,15.00,-116.252,523.630,190.536,-56.852,0.015,-179.997
956704430.156815,66.664,15.00,-116.024,523.513,190.061,-56.497,0.015,-179.997
956704430.223484,66.669,15.00,-115.806,523.357,189.595,-56.151,0.015,-179.997
956704430.290151,66.667,15.00,-115.602,523.170,189.140,-55.823,0.015,-179.997
956704430.356819,66.668,15.00,-115.410,522.940,188.688,-55.504,0.015,-179.997
956704430.423490,66.671,15.00,-115.240,522.667,188.244,-55.199,0.015,-179.997
956704430.490186,66.696,14.99,-115.100,522.368,187.818,-54.921,0.015,-179.997
956704430.556826,66.640,15.01,-114.982,522.036,187.407,-54.668,0.016,-179.997
956704430.623479,66.653,15.00,-114.889,521.681,187.010,-54.437,0.015,-179.997
956704430.690146,66.667,15.00,-114.813,521.315,186.633,-54.230,0.015,-179.997
956704430.756813,66.667,15.00,-114.749,520.933,186.254,-54.038,0.015,-179.997
956704430.823485,66.672,15.00,-114.695,520.549,185.879,-53.862,0.015,-179.997
956704430.890149,66.664,15.00,-114.649,520.171,185.510,-53.704,0.015,-179.997
956704430.956818,66.669,15.00,-114.608,519.786,185.134,-53.559,0.015,-179.997
956704431.023482,66.664,15.00,-114.572,519.404,184.751,-53.431,0.015,-179.997
956704431.090148,66.666,15.00,-114.541,519.036,184.368,-53.326,0.015,-179.996
956704431.156818,66.670,15.00,-114.518,518.669,183.970,-53.242,0.015,-179.997
956704431.223484,66.666,15.00,-114.508,518.309,183.564,-53.185,0.015,-179.997
956704431.290178,66.694,14.99,-114.519,517.962,183.161,-53.159,0.015,-179.997
956704431.356849,66.671,15.00,-114.556,517.618,182.744,-53.164,0.015,-179.997
956704431.423488,66.639,15.01,-114.624,517.282,182.327,-53.204,0.015,-179.997
956704431.490148,66.660,15.00,-114.723,516.963,181.913,-53.278,0.015,-179.996
956704431.556820,66.672,15.00,-114.851,516.660,181.489,-53.390,0.015,-179.996
956704431.623515,66.695,14.99,-115.009,516.373,181.058,-53.544,0.015,-179.996
956704431.690180,66.665,15.00,-115.183,516.122,180.622,-53.741,0.015,-179.997
956704431.756818,66.638,15.01,-115.374,515.915,180.164,-54.001,0.015,-179.997
956704431.823517,66.699,14.99,-115.564,515.789,179.679,-54.337,0.016,-179.997
956704431.890193,66.676,15.00,-115.726,515.786,179.178,-54.756,0.015,-179.996
956704431.956818,66.625,15.01,-115.813,515.971,178.691,-55.252,0.015,-179.996
956704432.023489,66.671,15.00,-115.784,516.333,178.306,-55.732,0.015,-179.996
956704432.090205,66.716,14.99,-115.663,516.775,178.056,-56.121,0.015,-179.997
956704432.156823,66.618,15.01,-115.479,517.256,177.896,-56.434,0.015,-179.996
956704432.223486,66.663,15.00,-115.263,517.732,177.798,-56.686,0.016,-179.996
956704432.290152,66.666,15.00,-115.027,518.202,177.738,-56.893,0.016,-179.996
956704432.356822,66.670,15.00,-114.777,518.676,177.696,-57.078,0.016,-179.996
956704432.423487,66.665,15.00,-114.517,519.142,177.667,-57.242,0.016,-179.996
956704432.490159,66.672,15.00,-114.257,519.600,177.646,-57.391,0.016,-179.996
956704432.556816,66.657,15.00,-113.988,520.068,177.625,-57.534,0.016,-179.997
956704432.623485,66.669,15.00,-113.716,520.531,177.602,-57.671,0.016,-179.997
956704432.690152,66.667,15.00,-113.448,520.984,177.572,-57.804,0.016,-179.997
956704432.756822,66.670,15.00,-113.171,521.444,177.531,-57.939,0.016,-179.997
956704432.823491,66.669,15.00,-112.887,521.904,177.463,-58.079,0.015,-179.997
956704432.890154,66.663,15.00,-112.609,522.344,177.364,-58.222,0.016,-179.997
956704432.956856,66.702,14.99,-112.317,522.774,177.193,-58.382,0.016,-179.997
956704433.023485,66.629,15.01,-112.035,523.114,176.904,-58.559,0.016,-179.997
956704433.090155,66.670,15.00,-111.814,523.199,176.453,-58.745,0.015,-179.997
956704433.156822,66.667,15.00,-111.730,522.989,175.988,-58.881,0.016,-179.997
956704433.223484,66.662,15.00,-111.767,522.623,175.583,-58.965,0.016,-179.997
956704433.290149,66.665,15.00,-111.868,522.233,175.238,-59.020,0.015,-179.997
956704433.356821,66.672,15.00,-112.018,521.824,174.918,-59.066,0.016,-179.997
956704433.423485,66.664,15.00,-112.208,521.415,174.617,-59.108,0.015,-179.997
956704433.490201,66.716,14.99,-112.428,521.019,174.336,-59.149,0.016,-179.997
956704433.556830,66.629,15.01,-112.677,520.622,174.061,-59.196,0.015,-179.997
956704433.623484,66.654,15.00,-112.954,520.236,173.798,-59.246,0.015,-179.997
956704433.690148,66.664,15.00,-113.243,519.869,173.547,-59.302,0.015,-179.997
956704433.756824,66.676,15.00,-113.553,519.499,173.303,-59.364,0.015,-179.997
956704433.823489,66.665,15.00,-113.872,519.129,173.062,-59.433,0.015,-179.997
956704433.890157,66.668,15.00,-114.198,518.767,172.829,-59.509,0.015,-179.997
956704433.956817,66.660,15.00,-114.528,518.404,172.602,-59.593,0.015,-179.997
956704434.023524,66.707,14.99,-114.864,518.042,172.379,-59.684,0.015,-179.997
956704434.090149,66.625,15.01,-115.192,517.697,172.171,-59.778,0.015,-179.997
956704434.156822,66.673,15.00,-115.538,517.334,171.958,-59.883,0.015,-179.997
956704434.223539,66.717,14.99,-115.883,516.978,171.755,-59.995,0.015,-179.997
956704434.290151,66.612,15.01,-116.220,516.626,171.561,-60.109,0.015,-179.998
956704434.356904,66.753,14.98,-116.571,516.266,171.368,-60.241,0.015,-179.998
956704434.423485,66.581,15.02,-116.928,515.904,171.172,-60.394,0.015,-179.998
956704434.490151,66.666,15.00,-117.283,515.563,170.980,-60.572,0.015,-179.998
956704434.556831,66.680,15.00,-117.656,515.225,170.776,-60.801,0.015,-179.998
956704434.623521,66.690,14.99,-118.046,514.927,170.550,-61.120,0.015,-179.998
956704434.690189,66.668,15.00,-118.452,514.723,170.284,-61.621,0.015,-179.998
956704434.756821,66.632,15.01,-118.811,514.828,169.977,-62.493,0.015,-179.998
956704434.823490,66.669,15.00,-118.840,515.283,169.832,-63.314,0.015,-179.998
956704434.890155,66.665,15.00,-118.649,515.769,169.840,-63.817,0.015,-179.998
956704434.956821,66.666,15.00,-118.374,516.210,169.916,-64.129,0.015,-179.998
956704435.023497,66.676,15.00,-118.070,516.616,170.015,-64.341,0.015,-179.998
956704435.090152,66.655,15.00,-117.742,517.012,170.129,-64.503,0.015,-179.998
956704435.156859,66.707,14.99,-117.396,517.411,170.253,-64.635,0.015,-179.998
956704435.223489,66.630,15.01,-117.046,517.799,170.383,-64.743,0.015,-179.998
956704435.290156,66.667,15.00,-116.691,518.179,170.513,-64.836,0.015,-179.998
956704435.356824,66.668,15.00,-116.331,518.559,170.643,-64.920,0.015,-179.998
956704435.423485,66.661,15.00,-115.962,518.945,170.774,-64.997,0.015,-179.998
956704435.490152,66.667,15.00,-115.602,519.310,170.897,-65.067,0.015,-179.998
956704435.556825,66.673,15.00,-115.237,519.689,171.017,-65.135,0.015,-179.998
956704435.623521,66.696,14.99,-114.860,520.070,171.133,-65.201,0.015,-179.998
956704435.690159,66.638,15.01,-114.497,520.442,171.234,-65.264,0.015,-179.998
956704435.756818,66.659,15.00,-114.130,520.826,171.331,-65.327,0.015,-179.998
956704435.823514,66.696,14.99,-113.761,521.219,171.419,-65.391,0.015,-179.998
956704435.890260,66.746,14.98,-113.408,521.615,171.494,-65.453,0.015,-179.998
956704435.956825,66.565,15.02,-113.061,522.025,171.560,-65.517,0.015,-179.998
956704436.023489,66.664,15.00,-112.723,522.440,171.609,-65.583,0.015,-179.998
956704436.090150,66.661,15.00,-112.392,522.854,171.644,-65.651,0.015,-179.998
956704436.156828,66.678,15.00,-112.057,523.273,171.664,-65.727,0.016,-179.998
956704436.223533,66.705,14.99,-111.713,523.697,171.652,-65.813,0.015,-179.998
956704436.290172,66.639,15.01,-111.364,524.104,171.594,-65.915,0.015,-179.998
956704436.356826,66.654,15.00,-110.996,524.462,171.432,-66.047,0.015,-179.998
956704436.423486,66.660,15.00,-110.659,524.575,171.060,-66.236,0.015,-179.998
956704436.490152,66.666,15.00,-110.554,524.360,170.626,-66.397,0.015,-179.998
956704436.556867,66.715,14.99,-110.641,523.998,170.242,-66.515,0.015,-179.998
956704436.623500,66.633,15.01,-110.844,523.614,169.921,-66.607,0.015,-179.998
956704436.690153,66.653,15.00,-111.100,523.244,169.644,-66.693,0.015,-179.998
956704436.756828,66.675,15.00,-111.392,522.872,169.384,-66.784,0.015,-179.998
956704436.823548,66.720,14.99,-111.703,522.503,169.135,-66.889,0.015,-179.999
956704436.890157,66.609,15.01,-112.018,522.148,168.898,-67.006,0.015,-179.999
956704436.956825,66.668,15.00,-112.333,521.803,168.667,-67.130,0.015,-179.998
956704437.023521,66.696,14.99,-112.662,521.450,168.426,-67.267,0.015,-179.999
956704437.090158,66.637,15.01,-112.998,521.097,168.187,-67.408,0.015,-179.999
956704437.156827,66.669,15.00,-113.330,520.746,167.950,-67.554,0.015,-179.999
956704437.223485,66.658,15.00,-113.669,520.396,167.712,-67.702,0.015,-179.999
956704437.290153,66.668,15.00,-114.003,520.053,167.480,-67.850,0.015,-179.999
956704437.356829,66.676,15.00,-114.341,519.705,167.242,-68.003,0.015,-179.999
956704437.423488,66.659,15.00,-114.677,519.361,167.014,-68.155,0.015,-179.999
956704437.490157,66.669,15.00,-115.012,519.019,166.785,-68.308,0.015,-179.999
956704437.556819,66.662,15.00,-115.357,518.668,166.553,-68.464,0.015,-179.999
956704437.623492,66.673,15.00,-115.701,518.317,166.328,-68.622,0.015,-179.999
956704437.690151,66.659,15.00,-116.040,517.973,166.109,-68.779,0.015,-179.999
956704437.756819,66.668,15.00,-116.388,517.620,165.893,-68.939,0.015,-179.999
956704437.823498,66.679,15.00,-116.737,517.264,165.681,-69.100,0.015,-179.999
956704437.890168,66.670,15.00,-117.084,516.918,165.478,-69.259,0.015,-179.999
956704437.956819,66.651,15.00,-117.439,516.559,165.278,-69.423,0.015,-179.999
956704438.023486,66.667,15.00,-117.796,516.202,165.087,-69.588,0.015,-179.999
956704438.090164,66.678,15.00,-118.148,515.844,164.908,-69.751,0.015,-179.999
956704438.156825,66.661,15.00,-118.510,515.484,164.732,-69.917,0.015,-179.999
956704438.223484,66.659,15.00,-118.874,515.116,164.567,-70.085,0.015,-179.999
956704438.290157,66.673,15.00,-119.231,514.759,164.409,-70.251,0.015,-179.999
956704438.356828,66.671,15.00,-119.597,514.389,164.252,-70.420,0.015,-180.000
956704438.423528,66.700,14.99,-119.969,514.016,164.096,-70.592,0.015,-180.000
956704438.490154,66.626,15.01,-120.327,513.654,163.949,-70.759,0.015,-180.000
956704438.556821,66.667,15.00,-120.696,513.281,163.802,-70.927,0.015,-180.000
956704438.623487,66.666,15.00,-121.063,512.915,163.656,-71.093,0.015,-180.000
956704438.690196,66.709,14.99,-121.426,512.550,163.517,-71.254,0.015,-180.000
956704438.756826,66.630,15.01,-121.796,512.182,163.375,-71.417,0.015,-180.000
956704438.823497,66.671,15.00,-122.157,511.806,163.227,-71.585,0.015,-180.000
956704438.890152,66.655,15.00,-122.493,511.411,163.070,-71.775,0.015,-180.000
956704438.956820,66.668,15.00,-122.768,510.987,162.883,-72.027,0.015,-180.000
956704439.023489,66.669,15.00,-122.886,510.559,162.593,-72.521,0.015,-180.000
956704439.090164,66.675,15.00,-122.541,510.561,162.359,-73.053,0.015,-180.000
956704439.156828,66.664,15.00,-122.093,510.823,162.283,-73.323,0.015,-180.000
956704439.223488,66.660,15.00,-121.672,511.159,162.290,-73.434,0.015,-180.000
956704439.290160,66.672,15.00,-121.273,511.504,162.328,-73.495,0.015,-180.000
956704439.356827,66.667,15.00,-120.879,511.862,162.396,-73.537,0.015,-180.000
956704439.423489,66.662,15.00,-120.492,512.224,162.493,-73.573,0.015,-180.000
956704439.490186,66.697,14.99,-120.119,512.578,162.610,-73.607,0.015,-180.000
956704439.556849,66.663,15.00,-119.743,512.939,162.751,-73.646,0.015,-180.000
956704439.623498,66.649,15.00,-119.375,513.296,162.911,-73.690,0.015,-180.000
956704439.690155,66.657,15.00,-119.016,513.644,163.083,-73.740,0.015,-180.000
956704439.756820,66.665,15.00,-118.656,513.999,163.271,-73.797,0.015,-180.000
956704439.823493,66.673,15.00,-118.299,514.348,163.465,-73.861,0.015,-180.000
956704439.890200,66.707,14.99,-117.950,514.695,163.664,-73.931,0.015,-180.000
956704439.956827,66.627,15.01,-117.594,515.042,163.865,-74.008,0.015,180.000
956704440.023489,66.662,15.00,-117.234,515.401,164.076,-74.092,0.015,-180.000
956704440.090159,66.670,15.00,-116.879,515.751,164.275,-74.180,0.015,180.000
956704440.156828,66.669,15.00,-116.531,516.099,164.471,-74.272,0.015,180.000
956704440.223488,66.660,15.00,-116.173,516.450,164.660,-74.369,0.015,180.000
956704440.290166,66.678,15.00,-115.822,516.802,164.839,-74.469,0.015,180.000
956704440.356831,66.665,15.00,-115.457,517.159,165.008,-74.575,0.015,180.000
956704440.423504,66.673,15.00,-115.377,517.240,165.041,-74.599,0.014,180.000
956704440.490155,66.651,15.00,-115.377,517.240,165.041,-74.599,0.014,180.000
956704440.556828,66.673,15.00,-115.377,517.240,165.041,-74.599,0.014,180.000
956732948.618155,0.000,0.00,-114.580,517.209,159.790,-74.696,-0.641,179.831
956732948.685007,66.852,14.96,-114.580,517.209,159.790,-74.696,-0.641,179.831
956732948.751611,66.604,15.01,-114.580,517.209,159.790,-74.696,-0.641,179.831
956732948.818272,66.661,15.00,-114.580,517.209,159.790,-74.696,-0.641,179.831
956732986.841092,0.000,0.00,-126.996,512.532,220.792,-90.000,0.020,179.999
956732986.909024,67.932,14.72,-126.996,512.532,220.792,-90.000,0.020,179.999
956732986.974540,65.516,15.26,-126.996,512.532,220.792,-90.000,0.020,179.999
956732987.041215,66.675,15.00,-126.847,512.743,220.623,-89.928,0.020,179.999
956732987.107877,66.662,15.00,-126.597,513.113,220.328,-89.803,0.020,179.999
956732987.174545,66.668,15.00,-126.358,513.488,220.023,-89.681,0.020,179.999
956732987.241211,66.666,15.00,-126.132,513.867,219.714,-89.563,0.020,179.999
956732987.307879,66.668,15.00,-125.925,514.232,219.412,-89.451,0.020,179.999
956732987.374543,66.664,15.00,-125.731,514.616,219.090,-89.339,0.020,179.999
956732987.441211,66.668,15.00,-125.543,514.993,218.772,-89.231,0.020,179.999
956732987.507878,66.667,15.00,-125.365,515.391,218.442,-89.123,0.020,179.999
956732987.574547,66.669,15.00,-125.200,515.782,218.109,-89.018,0.020,179.999
956732987.641215,66.668,15.00,-125.045,516.168,217.784,-88.918,0.020,179.999
956732987.707875,66.660,15.00,-124.899,516.561,217.449,-88.817,0.020,179.999
956732987.774545,66.670,15.00,-124.763,516.942,217.126,-88.722,0.020,180.000
956732987.841215,66.670,15.00,-124.631,517.331,216.793,-88.626,0.020,180.000
956732987.907880,66.665,15.00,-124.499,517.736,216.448,-88.529,0.020,180.000
956732987.974543,66.663,15.00,-124.378,518.134,216.108,-88.434,0.020,180.000
956732988.041239,66.696,14.99,-124.259,518.532,215.767,-88.341,0.020,180.000
956732988.107883,66.644,15.01,-124.144,518.939,215.420,-88.247,0.020,180.000
956732988.174546,66.663,15.00,-124.035,519.337,215.079,-88.156,0.020,180.000
956732988.241217,66.671,15.00,-123.926,519.743,214.730,-88.064,0.020,180.000
956732988.307876,66.659,15.00,-123.828,520.130,214.398,-87.977,0.020,180.000
956732988.374544,66.668,15.00,-123.733,520.519,214.069,-87.892,0.020,180.000
956732988.441213,66.669,15.00,-123.636,520.918,213.724,-87.804,0.020,180.000
956732988.507878,66.665,15.00,-123.545,521.314,213.387,-87.717,0.020,180.000
956732988.574544,66.666,15.00,-123.452,521.724,213.033,-87.629,0.020,180.000
956732988.641214,66.670,15.00,-123.362,522.128,212.689,-87.542,0.020,180.000
956732988.707877,66.663,15.00,-123.273,522.532,212.342,-87.457,0.020,-180.000
956732988.774543,66.666,15.00,-123.188,522.935,211.997,-87.371,0.020,-180.000
956732988.841217,66.674,15.00,-123.103,523.337,211.651,-87.285,0.020,-180.000
956732988.907882,66.665,15.00,-123.020,523.738,211.304,-87.200,0.020,-180.000
956732988.974544,66.662,15.00,-122.939,524.143,210.959,-87.116,0.020,-180.000
956732989.041219,66.675,15.00,-122.861,524.533,210.624,-87.035,0.020,-180.000
956732989.107877,66.658,15.00,-122.782,524.938,210.277,-86.951,0.020,-180.000
956732989.174547,66.670,15.00,-122.707,525.344,209.928,-86.868,0.020,-180.000
956732989.241214,66.667,15.00,-122.630,525.750,209.582,-86.784,0.020,-180.000
956732989.307877,66.663,15.00,-122.555,526.154,209.234,-86.701,0.020,-180.000
956732989.374546,66.669,15.00,-122.482,526.565,208.880,-86.616,0.019,-180.000
956732989.441214,66.668,15.00,-122.411,526.968,208.532,-86.534,0.019,-180.000
956732989.507879,66.665,15.00,-122.340,527.371,208.183,-86.452,0.019,-180.000
956732989.574554,66.675,15.00,-122.270,527.773,207.834,-86.370,0.019,-180.000
956732989.641216,66.662,15.00,-122.201,528.174,207.485,-86.288,0.019,-180.000
956732989.707880,66.664,15.00,-122.136,528.580,207.137,-86.206,0.019,-180.000
956732989.774546,66.666,15.00,-122.068,528.986,206.789,-86.125,0.019,-180.000
956732989.841215,66.669,15.00,-122.003,529.392,206.441,-86.044,0.019,-179.999
956732989.907877,66.662,15.00,-121.940,529.804,206.086,-85.961,0.020,-179.999
956732989.974548,66.671,15.00,-121.874,530.209,205.738,-85.881,0.020,-179.999
956732990.041218,66.670,15.00,-121.814,530.605,205.395,-85.802,0.020,-179.999
956732990.107878,66.660,15.00,-121.753,531.008,205.046,-85.722,0.019,-179.999
956732990.174549,66.671,15.00,-121.693,531.411,204.693,-85.642,0.019,-179.999
956732990.241217,66.668,15.00,-121.635,531.807,204.351,-85.563,0.019,-179.999
956732990.307877,66.660,15.00,-121.582,532.198,204.013,-85.486,0.019,-179.999
956732990.374546,66.669,15.00,-121.524,532.603,203.665,-85.407,0.019,-179.999
956732990.441214,66.668,15.00,-121.468,533.000,203.320,-85.329,0.019,-179.999
956732990.507879,66.665,15.00,-121.412,533.406,202.969,-85.250,0.019,-179.999
956732990.574549,66.670,15.00,-121.361,533.812,202.620,-85.171,0.019,-179.999
956732990.641216,66.667,15.00,-121.307,534.211,202.276,-85.094,0.019,-179.999
956732990.707878,66.662,15.00,-121.258,534.615,201.926,-85.016,0.019,-179.999
956732990.774550,66.672,15.00,-121.206,535.014,201.584,-84.938,0.019,-179.999
956732990.841214,66.664,15.00,-121.156,535.420,201.230,-84.861,0.019,-179.999
956732990.907947,66.733,14.99,-121.106,535.827,200.880,-84.783,0.019,-179.999
956732990.974547,66.600,15.01,-121.058,536.234,200.529,-84.706,0.019,-179.999
956732991.041216,66.669,15.00,-121.010,536.618,200.197,-84.633,0.019,-179.999
956732991.107878,66.662,15.00,-120.966,537.008,199.859,-84.559,0.019,-179.999
956732991.174545,66.667,15.00,-120.920,537.416,199.510,-84.482,0.019,-179.999
956732991.241219,66.674,15.00,-120.877,537.814,199.165,-84.406,0.019,-179.999
956732991.307878,66.659,15.00,-120.833,538.220,198.814,-84.330,0.019,-179.999
956732991.374548,66.670,15.00,-120.791,538.627,198.464,-84.254,0.020,-179.999
956732991.441302,66.754,14.98,-120.747,539.027,198.121,-84.179,0.020,-179.999
956732991.507882,66.580,15.02,-120.706,539.440,197.764,-84.102,0.020,-179.999
956732991.574549,66.667,15.00,-120.666,539.846,197.414,-84.026,0.020,-179.999
956732991.641219,66.670,15.00,-120.626,540.244,197.069,-83.952,0.020,-179.999
956732991.707881,66.662,15.00,-120.587,540.651,196.719,-83.877,0.020,-179.999
956732991.774549,66.668,15.00,-120.549,541.056,196.368,-83.802,0.020,-179.999
956732991.841223,66.674,15.00,-120.515,541.456,196.023,-83.728,0.020,-179.999
956732991.907885,66.662,15.00,-120.480,541.862,195.671,-83.653,0.020,-179.999
956732991.974547,66.662,15.00,-120.444,542.262,195.326,-83.580,0.020,-179.998
956732992.041216,66.669,15.00,-120.410,542.662,194.981,-83.507,0.021,-179.998
956732992.107888,66.672,15.00,-120.377,543.068,194.628,-83.433,0.021,-179.998
956732992.174549,66.661,15.00,-120.347,543.452,194.294,-83.363,0.020,-179.998
956732992.241223,66.674,15.00,-120.315,543.841,193.957,-83.292,0.021,-179.998
956732992.307890,66.667,15.00,-120.285,544.230,193.617,-83.221,0.020,-179.998
956732992.374548,66.658,15.00,-120.257,544.620,193.276,-83.150,0.020,-179.998
956732992.441215,66.667,15.00,-120.227,545.019,192.931,-83.078,0.021,-179.998
956732992.507878,66.663,15.00,-120.200,545.425,192.579,-83.005,0.021,-179.998
956732992.574549,66.671,15.00,-120.173,545.832,192.227,-82.932,0.021,-179.998
956732992.641220,66.671,15.00,-120.147,546.231,191.883,-82.861,0.021,-179.998
956732992.707881,66.661,15.00,-120.122,546.633,191.529,-82.788,0.021,-179.998
956732992.774551,66.670,15.00,-120.096,547.038,191.177,-82.716,0.021,-179.998
956732992.841217,66.666,15.00,-120.073,547.435,190.829,-82.645,0.021,-179.998
956732992.907878,66.661,15.00,-120.050,547.838,190.476,-82.573,0.021,-179.998
956732992.974551,66.673,15.00,-120.026,548.243,190.122,-82.501,0.021,-179.998
956732993.041218,66.667,15.00,-120.005,548.640,189.776,-82.431,0.021,-179.998
956732993.107882,66.664,15.00,-119.986,549.045,189.424,-82.359,0.021,-179.998
956732993.174548,66.666,15.00,-119.967,549.449,189.070,-82.288,0.021,-179.998
956732993.241215,66.667,15.00,-119.948,549.848,188.720,-82.218,0.021,-179.998
956732993.307881,66.666,15.00,-119.929,550.253,188.366,-82.147,0.021,-179.998
956732993.374551,66.670,15.00,-119.912,550.659,188.012,-82.076,0.021,-179.998
956732993.441222,66.671,15.00,-119.895,551.058,187.664,-82.007,0.021,-179.998
956732993.507920,66.698,14.99,-119.878,551.466,187.311,-81.936,0.021,-179.998
956732993.574547,66.627,15.01,-119.865,551.872,186.958,-81.865,0.021,-179.998
956732993.641219,66.672,15.00,-119.851,552.269,186.611,-81.797,0.021,-179.998
956732993.707884,66.665,15.00,-119.838,552.671,186.257,-81.726,0.021,-179.998
956732993.774549,66.665,15.00,-119.825,553.075,185.902,-81.656,0.021,-179.998
956732993.841218,66.669,15.00,-119.812,553.471,185.553,-81.588,0.021,-179.998
956732993.907881,66.663,15.00,-119.802,553.878,185.199,-81.518,0.021,-179.998
956732993.974552,66.671,15.00,-119.792,554.283,184.843,-81.449,0.021,-179.998
956732994.041218,66.666,15.00,-119.783,554.679,184.496,-81.381,0.021,-179.998
956732994.107914,66.696,14.99,-119.775,555.083,184.143,-81.312,0.021,-179.997
956732994.174554,66.640,15.01,-119.766,555.487,183.787,-81.243,0.021,-179.997
956732994.241220,66.666,15.00,-119.760,555.885,183.440,-81.175,0.021,-179.997
956732994.307880,66.660,15.00,-119.754,556.288,183.084,-81.107,0.021,-179.997
956732994.374553,66.673,15.00,-119.748,556.692,182.729,-81.038,0.021,-179.997
956732994.441221,66.668,15.00,-119.744,557.089,182.381,-80.971,0.021,-179.997
956732994.507882,66.661,15.00,-119.742,557.495,182.025,-80.903,0.021,-179.997
956732994.574549,66.667,15.00,-119.738,557.899,181.670,-80.835,0.021,-179.997
956732994.641218,66.669,15.00,-119.736,558.293,181.322,-80.768,0.021,-179.997
956732994.707884,66.666,15.00,-119.734,558.697,180.967,-80.700,0.021,-179.997
956732994.774552,66.668,15.00,-119.733,559.102,180.610,-80.633,0.021,-179.997
956732994.841223,66.671,15.00,-119.731,559.499,180.264,-80.567,0.022,-179.997
956732994.907932,66.709,14.99,-119.731,559.902,179.909,-80.500,0.021,-179.997
956732994.974552,66.620,15.01,-119.733,560.274,179.578,-80.437,0.021,-179.997
956732995.041221,66.669,15.00,-119.734,560.648,179.250,-80.376,0.021,-179.997
956732995.107885,66.664,15.00,-119.737,561.051,178.897,-80.309,0.021,-179.997
956732995.174549,66.664,15.00,-119.739,561.454,178.541,-80.242,0.021,-179.997
956732995.241222,66.673,15.00,-119.742,561.850,178.190,-80.177,0.021,-179.997
956732995.307880,66.658,15.00,-119.747,562.257,177.835,-80.111,0.021,-179.997
956732995.374552,66.672,15.00,-119.752,562.660,177.480,-80.044,0.021,-179.997
956732995.441220,66.668,15.00,-119.757,563.055,177.131,-79.980,0.021,-179.997
956732995.507883,66.663,15.00,-119.764,563.458,176.775,-79.914,0.021,-179.997
956732995.574552,66.669,15.00,-119.771,563.861,176.417,-79.848,0.021,-179.997
956732995.641226,66.674,15.00,-119.778,564.260,176.069,-79.784,0.021,-179.997
956732995.707888,66.662,15.00,-119.785,564.663,175.715,-79.718,0.022,-179.997
956732995.774552,66.664,15.00,-119.795,565.066,175.358,-79.653,0.022,-179.997
956732995.841224,66.672,15.00,-119.804,565.463,175.008,-79.589,0.022,-179.997
956732995.907884,66.660,15.00,-119.814,565.866,174.652,-79.524,0.022,-179.997
956732995.974551,66.667,15.00,-119.825,566.269,174.297,-79.459,0.022,-179.997
956732996.041224,66.673,15.00,-119.839,566.664,173.948,-79.395,0.022,-179.997
956732996.107889,66.665,15.00,-119.851,567.067,173.591,-79.331,0.022,-179.997
956732996.174554,66.665,15.00,-119.863,567.466,173.243,-79.267,0.022,-179.997
956732996.241220,66.666,15.00,-119.876,567.867,172.888,-79.203,0.022,-179.997
956732996.307885,66.665,15.00,-119.891,568.270,172.528,-79.139,0.022,-179.997
956732996.374553,66.668,15.00,-119.904,568.667,172.178,-79.076,0.021,-179.997
956732996.441223,66.670,15.00,-119.919,569.076,171.815,-79.011,0.021,-179.997
956732996.507885,66.662,15.00,-119.935,569.479,171.458,-78.947,0.021,-179.997
956732996.574552,66.667,15.00,-119.951,569.881,171.102,-78.883,0.021,-179.997
956732996.641223,66.671,15.00,-119.970,570.276,170.752,-78.821,0.021,-179.997
956732996.707937,66.714,14.99,-119.986,570.679,170.396,-78.758,0.021,-179.997
956732996.774552,66.615,15.01,-120.005,571.080,170.040,-78.694,0.021,-179.997
956732996.841220,66.668,15.00,-120.023,571.477,169.690,-78.632,0.021,-179.997
956732996.907887,66.667,15.00,-120.042,571.879,169.335,-78.570,0.021,-179.997
956732996.974554,66.667,15.00,-120.061,572.282,168.979,-78.507,0.021,-179.997
956732997.041220,66.666,15.00,-120.082,572.684,168.622,-78.444,0.021,-179.996
956732997.107885,66.665,15.00,-120.103,573.090,168.267,-78.381,0.021,-179.996
956732997.174553,66.668,15.00,-120.124,573.490,167.909,-78.319,0.021,-179.996
956732997.241223,66.670,15.00,-120.145,573.886,167.559,-78.258,0.021,-179.996
956732997.307885,66.662,15.00,-120.169,574.288,167.203,-78.196,0.021,-179.996
956732997.374553,66.668,15.00,-120.192,574.692,166.847,-78.133,0.021,-179.996
956732997.441224,66.671,15.00,-120.218,575.085,166.497,-78.072,0.021,-179.996
956732997.507949,66.725,14.99,-120.241,575.491,166.142,-78.010,0.021,-179.996
956732997.574551,66.602,15.01,-120.267,575.891,165.783,-77.949,0.021,-179.996
956732997.641226,66.675,15.00,-120.292,576.273,165.446,-77.890,0.021,-179.996
956732997.707888,66.662,15.00,-120.318,576.675,165.088,-77.829,0.021,-179.996
956732997.774553,66.665,15.00,-120.344,577.076,164.732,-77.768,0.021,-179.996
956732997.841229,66.676,15.00,-120.369,577.466,164.390,-77.709,0.021,-179.996
956732997.907887,66.658,15.00,-120.398,577.865,164.030,-77.647,0.021,-179.996
956732997.974553,66.666,15.00,-120.426,578.270,163.674,-77.586,0.021,-179.996
956732998.041224,66.671,15.00,-120.454,578.658,163.331,-77.527,0.021,-179.996
956732998.107885,66.661,15.00,-120.482,579.051,162.980,-77.467,0.021,-179.996
956732998.174554,66.669,15.00,-120.510,579.444,162.633,-77.408,0.021,-179.996
956732998.241224,66.670,15.00,-120.540,579.844,162.274,-77.347,0.021,-179.996
956732998.307886,66.662,15.00,-120.571,580.252,161.911,-77.286,0.021,-179.996
956732998.374553,66.667,15.00,-120.602,580.653,161.555,-77.225,0.021,-179.996
956732998.441225,66.672,15.00,-120.633,581.054,161.196,-77.165,0.021,-179.996
956732998.507885,66.660,15.00,-120.667,581.465,160.834,-77.104,0.021,-179.996
956732998.574556,66.671,15.00,-120.700,581.865,160.477,-77.044,0.021,-179.996
956732998.641228,66.672,15.00,-120.733,582.265,160.120,-76.984,0.021,-179.996
956732998.707894,66.666,15.00,-120.766,582.666,159.764,-76.924,0.021,-179.996
956732998.774559,66.665,15.00,-120.799,583.060,159.412,-76.864,0.021,-179.996
956732998.841221,66.662,15.00,-120.833,583.468,159.050,-76.804,0.021,-179.996
956732998.907886,66.665,15.00,-120.868,583.867,158.693,-76.745,0.021,-179.996
956732998.974556,66.670,15.00,-120.904,584.267,158.336,-76.685,0.021,-179.996
956732999.041224,66.668,15.00,-120.940,584.661,157.987,-76.626,0.021,-179.996
956732999.107942,66.718,14.99,-120.975,585.062,157.629,-76.567,0.021,-179.996
956732999.174555,66.613,15.01,-121.011,585.462,157.272,-76.508,0.021,-179.996
956732999.241223,66.668,15.00,-121.047,585.861,156.915,-76.449,0.021,-179.996
956732999.307888,66.665,15.00,-121.085,586.247,156.572,-76.392,0.021,-179.996
956732999.374553,66.665,15.00,-121.121,586.647,156.213,-76.333,0.020,-179.996
956732999.441225,66.672,15.00,-121.159,587.039,155.863,-76.275,0.020,-179.996
956732999.507889,66.664,15.00,-121.199,587.442,155.507,-76.216,0.021,-179.996
956732999.574554,66.665,15.00,-121.238,587.845,155.150,-76.157,0.021,-179.996
956732999.641223,66.669,15.00,-121.276,588.245,154.793,-76.099,0.021,-179.996
956732999.707887,66.664,15.00,-121.315,588.645,154.437,-76.040,0.021,-179.996
956732999.774557,66.670,15.00,-121.353,589.046,154.079,-75.982,0.021,-179.996
956732999.841225,66.668,15.00,-121.392,589.447,153.721,-75.923,0.021,-179.996
956732999.907887,66.662,15.00,-121.433,589.847,153.364,-75.865,0.021,-179.996
956732999.974554,66.667,15.00,-121.474,590.247,153.008,-75.806,0.021,-179.995
956733000.041225,66.671,15.00,-121.515,590.640,152.656,-75.749,0.021,-179.996
956733000.107889,66.664,15.00,-121.556,591.042,152.299,-75.691,0.021,-179.996
956733000.174565,66.676,15.00,-121.597,591.435,151.950,-75.633,0.021,-179.995
956733000.241225,66.660,15.00,-121.638,591.833,151.591,-75.576,0.021,-179.995
956733000.307886,66.661,15.00,-121.679,592.244,151.229,-75.517,0.021,-179.995
956733000.374558,66.672,15.00,-121.723,592.637,150.880,-75.460,0.021,-179.995
956733000.441227,66.669,15.00,-121.764,593.038,150.522,-75.402,0.021,-179.995
956733000.507887,66.660,15.00,-121.808,593.444,150.158,-75.343,0.021,-179.995
956733000.574556,66.669,15.00,-121.851,593.844,149.801,-75.285,0.021,-179.995
956733000.641229,66.673,15.00,-121.895,594.243,149.442,-75.227,0.021,-179.995
956733000.707888,66.659,15.00,-121.939,594.646,149.086,-75.170,0.021,-179.995
956733000.774557,66.669,15.00,-121.983,595.046,148.727,-75.112,0.021,-179.995
956733000.841226,66.669,15.00,-122.027,595.439,148.376,-75.055,0.021,-179.995
956733000.907887,66.661,15.00,-122.071,595.839,148.019,-74.998,0.021,-179.995
956733000.974560,66.673,15.00,-122.114,596.238,147.662,-74.941,0.021,-179.995
956733001.041223,66.663,15.00,-122.158,596.623,147.319,-74.885,0.021,-179.995
956733001.107888,66.665,15.00,-122.205,597.030,146.954,-74.827,0.021,-179.995
956733001.174559,66.671,15.00,-122.249,597.433,146.597,-74.770,0.021,-179.995
956733001.241228,66.669,15.00,-122.292,597.817,146.251,-74.715,0.020,-179.995
956733001.307893,66.665,15.00,-122.342,598.225,145.887,-74.656,0.020,-179.995
956733001.374558,66.665,15.00,-122.388,598.626,145.532,-74.599,0.021,-179.995
956733001.441226,66.668,15.00,-122.435,599.017,145.179,-74.543,0.021,-179.995
956733001.507890,66.664,15.00,-122.482,599.417,144.822,-74.486,0.021,-179.995
956733001.574556,66.666,15.00,-122.528,599.816,144.466,-74.429,0.021,-179.995
956733001.641229,66.673,15.00,-122.575,600.205,144.116,-74.373,0.021,-179.995
956733001.707892,66.663,15.00,-122.619,600.597,143.764,-74.317,0.020,-179.995
956733001.774554,66.662,15.00,-122.668,600.996,143.407,-74.260,0.020,-179.995
956733001.841225,66.671,15.00,-122.715,601.385,143.057,-74.204,0.020,-179.995
956733001.907892,66.667,15.00,-122.762,601.792,142.692,-74.147,0.020,-179.995
956733001.974558,66.666,15.00,-122.811,602.191,142.336,-74.090,0.020,-179.995
956733002.041226,66.668,15.00,-122.858,602.589,141.981,-74.033,0.020,-179.995
956733002.107890,66.664,15.00,-122.908,602.996,141.613,-73.975,0.020,-179.995
956733002.174559,66.669,15.00,-122.958,603.395,141.257,-73.919,0.020,-179.995
956733002.241222,66.663,15.00,-123.005,603.797,140.900,-73.862,0.020,-179.995
956733002.307887,66.665,15.00,-123.055,604.202,140.536,-73.804,0.020,-179.995
956733002.374558,66.671,15.00,-123.105,604.601,140.180,-73.748,0.020,-179.995
956733002.441227,66.669,15.00,-123.152,605.001,139.822,-73.691,0.020,-179.995
956733002.507889,66.662,15.00,-123.202,605.400,139.465,-73.634,0.020,-179.995
956733002.574558,66.669,15.00,-123.252,605.798,139.108,-73.578,0.020,-179.995
956733002.641228,66.670,15.00,-123.299,606.199,138.750,-73.521,0.020,-179.995
956733002.707891,66.663,15.00,-123.349,606.605,138.386,-73.464,0.020,-179.995
956733002.774557,66.666,15.00,-123.399,606.996,138.037,-73.407,0.020,-179.995
956733002.841223,66.666,15.00,-123.447,607.404,137.672,-73.351,0.020,-179.995
956733002.907889,66.666,15.00,-123.497,607.809,137.308,-73.293,0.020,-179.995
956733002.974560,66.671,15.00,-123.548,608.216,136.946,-73.236,0.020,-179.995
956733003.041225,66.665,15.00,-123.598,608.615,136.587,-73.179,0.020,-179.995
956733003.107889,66.664,15.00,-123.648,609.021,136.223,-73.122,0.020,-179.995
956733003.174560,66.671,15.00,-123.699,609.422,135.868,-73.065,0.020,-179.995
956733003.241227,66.667,15.00,-123.749,609.820,135.509,-73.008,0.020,-179.995
956733003.307889,66.662,15.00,-123.800,610.225,135.145,-72.951,0.020,-179.995
956733003.374559,66.670,15.00,-123.850,610.625,134.790,-72.894,0.020,-179.995
956733003.441227,66.668,15.00,-123.898,611.027,134.433,-72.838,0.020,-179.995
956733003.507889,66.662,15.00,-123.949,611.425,134.074,-72.781,0.020,-179.995
956733003.574557,66.668,15.00,-123.999,611.831,133.710,-72.723,0.020,-179.995
956733003.641263,66.706,14.99,-124.047,612.228,133.353,-72.666,0.019,-179.995
956733003.707902,66.639,15.01,-124.098,612.632,132.988,-72.608,0.019,-179.995
956733003.774559,66.657,15.00,-124.146,613.016,132.644,-72.554,0.019,-179.995
956733003.841226,66.667,15.00,-124.197,613.414,132.288,-72.497,0.019,-179.995
956733003.907887,66.661,15.00,-124.248,613.822,131.924,-72.439,0.019,-179.995
956733003.974559,66.672,15.00,-124.296,614.222,131.568,-72.382,0.020,-179.995
956733004.041229,66.670,15.00,-124.344,614.620,131.211,-72.326,0.020,-179.995
956733004.107892,66.663,15.00,-124.393,615.020,130.853,-72.269,0.020,-179.995
956733004.174558,66.666,15.00,-124.438,615.410,130.502,-72.213,0.020,-179.995
956733004.241225,66.667,15.00,-124.489,615.810,130.145,-72.156,0.020,-179.995
956733004.307892,66.667,15.00,-124.538,616.210,129.789,-72.099,0.020,-179.994
956733004.374558,66.666,15.00,-124.583,616.595,129.444,-72.044,0.020,-179.994
956733004.441228,66.670,15.00,-124.632,616.994,129.085,-71.987,0.020,-179.994
956733004.507889,66.661,15.00,-124.678,617.385,128.732,-71.931,0.020,-179.994
956733004.574558,66.669,15.00,-124.727,617.785,128.375,-71.874,0.020,-179.994
956733004.641226,66.668,15.00,-124.775,618.187,128.018,-71.817,0.020,-179.994
956733004.707928,66.702,14.99,-124.822,618.585,127.662,-71.760,0.020,-179.994
956733004.774563,66.635,15.01,-124.871,618.984,127.303,-71.702,0.020,-179.994
956733004.841229,66.666,15.00,-124.919,619.383,126.944,-71.645,0.020,-179.994
956733004.907890,66.661,15.00,-124.965,619.775,126.592,-71.589,0.020,-179.994
956733004.974561,66.671,15.00,-125.012,620.176,126.236,-71.531,0.020,-179.994
956733005.041229,66.668,15.00,-125.042,620.409,126.023,-71.497,0.020,-179.994
956733005.107891,66.662,15.00,-125.042,620.409,126.023,-71.497,0.020,-179.994
956733005.174567,66.676,15.00,-125.042,620.409,126.023,-71.497,0.020,-179.994
956733005.241226,66.659,15.00,-125.042,620.409,126.023,-71.497,0.020,-179.994
956733090.518692,0.000,0.00,-126.996,512.532,220.792,25.000,-0.007,-179.982
956733103.989490,0.000,0.00,-126.996,512.532,220.792,-90.000,0.020,179.999
956733104.056425,66.935,14.94,-126.996,512.532,220.792,-90.000,0.020,179.999
956733104.122939,66.514,15.03,-126.903,512.727,220.693,-89.945,0.020,179.999
956733104.189603,66.664,15.00,-126.741,513.126,220.487,-89.834,0.020,179.999
956733104.256271,66.668,15.00,-126.602,513.579,220.255,-89.711,0.020,179.999
956733104.322936,66.665,15.00,-126.474,514.041,220.018,-89.587,0.020,179.999
956733104.389609,66.673,15.00,-126.353,514.506,219.775,-89.462,0.020,179.999
956733104.456272,66.663,15.00,-126.237,514.966,219.541,-89.339,0.020,179.999
956733104.522935,66.663,15.00,-126.119,515.431,219.301,-89.214,0.020,179.999
956733104.589611,66.676,15.00,-126.004,515.892,219.065,-89.092,0.020,179.999
956733104.656274,66.663,15.00,-125.896,516.341,218.836,-88.972,0.020,179.999
956733104.722933,66.659,15.00,-125.790,516.803,218.600,-88.849,0.020,179.999
956733104.789608,66.675,15.00,-125.683,517.261,218.364,-88.727,0.020,179.999
956733104.856273,66.665,15.00,-125.578,517.719,218.128,-88.605,0.020,180.000
956733104.922939,66.666,15.00,-125.470,518.197,217.881,-88.478,0.020,180.000
956733104.989607,66.668,15.00,-125.362,518.675,217.638,-88.351,0.020,180.000
956733105.056279,66.672,15.00,-125.255,519.145,217.397,-88.226,0.020,180.000
956733105.122937,66.658,15.00,-125.148,519.624,217.153,-88.099,0.020,180.000
956733105.189606,66.669,15.00,-125.043,520.094,216.912,-87.974,0.021,180.000
956733105.256268,66.662,15.00,-124.941,520.554,216.676,-87.852,0.020,180.000
956733105.322933,66.665,15.00,-124.838,521.021,216.435,-87.728,0.020,180.000
956733105.389603,66.670,15.00,-124.738,521.493,216.196,-87.603,0.021,180.000
956733105.456267,66.664,15.00,-124.638,521.957,215.958,-87.481,0.021,180.000
956733105.522939,66.672,15.00,-124.537,522.433,215.713,-87.354,0.021,180.000
956733105.589605,66.666,15.00,-124.435,522.912,215.467,-87.227,0.021,-180.000
956733105.656270,66.665,15.00,-124.338,523.372,215.231,-87.105,0.021,-180.000
956733105.722937,66.667,15.00,-124.238,523.853,214.984,-86.978,0.021,-180.000
956733105.789608,66.671,15.00,-124.142,524.327,214.743,-86.854,0.021,-180.000
956733105.856320,66.712,14.99,-124.048,524.797,214.501,-86.729,0.021,-180.000
956733105.922934,66.614,15.01,-123.954,525.251,214.265,-86.609,0.020,-180.000
956733105.989602,66.668,15.00,-123.860,525.727,214.020,-86.483,0.020,-180.000
956733106.056270,66.668,15.00,-123.769,526.194,213.782,-86.360,0.021,-180.000
956733106.122945,66.675,15.00,-123.674,526.672,213.534,-86.234,0.020,-180.000
956733106.189606,66.661,15.00,-123.583,527.144,213.293,-86.110,0.020,-180.000
956733106.256271,66.665,15.00,-123.494,527.608,213.054,-85.987,0.020,-179.999
956733106.322932,66.661,15.00,-123.404,528.081,212.812,-85.863,0.020,-179.999
956733106.389604,66.672,15.00,-123.313,528.562,212.565,-85.736,0.020,-179.999
956733106.456286,66.682,15.00,-123.226,529.034,212.320,-85.612,0.020,-179.999
956733106.522940,66.654,15.00,-123.136,529.513,212.074,-85.485,0.020,-179.999
956733106.589604,66.664,15.00,-123.050,529.986,211.832,-85.361,0.021,-179.999
956733106.656268,66.664,15.00,-122.968,530.445,211.598,-85.241,0.021,-179.999
956733106.722934,66.666,15.00,-122.886,530.898,211.365,-85.121,0.021,-179.999
956733106.789605,66.671,15.00,-122.800,531.371,211.121,-84.997,0.021,-179.999
956733106.856270,66.665,15.00,-122.717,531.836,210.884,-84.875,0.021,-179.999
956733106.922933,66.663,15.00,-122.633,532.306,210.640,-84.751,0.021,-179.999
956733106.989606,66.673,15.00,-122.549,532.788,210.391,-84.624,0.020,-179.999
956733107.056270,66.664,15.00,-122.468,533.255,210.154,-84.502,0.021,-179.999
956733107.122948,66.678,15.00,-122.385,533.727,209.911,-84.378,0.021,-179.999
956733107.189618,66.670,15.00,-122.305,534.209,209.664,-84.252,0.021,-179.999
956733107.256319,66.701,14.99,-122.222,534.683,209.421,-84.127,0.021,-179.999
956733107.322934,66.615,15.01,-122.141,535.155,209.177,-84.003,0.021,-179.999
956733107.389643,66.709,14.99,-122.060,535.630,208.933,-83.879,0.021,-179.999
956733107.456270,66.627,15.01,-121.980,536.103,208.689,-83.755,0.021,-179.999
956733107.522944,66.674,15.00,-121.901,536.576,208.447,-83.631,0.021,-179.999
956733107.589681,66.737,14.98,-121.822,537.057,208.198,-83.504,0.020,-179.999
956733107.656279,66.598,15.02,-121.742,537.531,207.955,-83.380,0.021,-179.998
956733107.722987,66.708,14.99,-121.664,538.005,207.712,-83.256,0.021,-179.998
956733107.789607,66.620,15.01,-121.587,538.485,207.463,-83.129,0.021,-179.998
956733107.856268,66.661,15.00,-121.511,538.951,207.224,-83.007,0.021,-179.998
956733107.922977,66.709,14.99,-121.433,539.431,206.977,-82.880,0.021,-179.998
956733107.989615,66.638,15.01,-121.357,539.905,206.735,-82.756,0.021,-179.998
956733108.056270,66.655,15.00,-121.280,540.371,206.493,-82.634,0.021,-179.998
956733108.122943,66.673,15.00,-121.208,540.827,206.262,-82.514,0.021,-179.998
956733108.189605,66.662,15.00,-121.133,541.302,206.020,-82.391,0.021,-179.998
956733108.256271,66.666,15.00,-121.058,541.767,205.780,-82.269,0.021,-179.998
956733108.322937,66.666,15.00,-120.986,542.239,205.537,-82.145,0.021,-179.998
956733108.389609,66.672,15.00,-120.911,542.712,205.294,-82.021,0.021,-179.998
956733108.456273,66.664,15.00,-120.836,543.178,205.055,-81.899,0.021,-179.998
956733108.522941,66.668,15.00,-120.763,543.649,204.813,-81.775,0.021,-179.998
956733108.589610,66.669,15.00,-120.689,544.121,204.569,-81.651,0.021,-179.998
956733108.656278,66.668,15.00,-120.616,544.586,204.330,-81.529,0.021,-179.998
956733108.723038,66.760,14.98,-120.545,545.058,204.084,-81.405,0.021,-179.998
956733108.789611,66.573,15.02,-120.471,545.532,203.842,-81.281,0.021,-179.998
956733108.856275,66.664,15.00,-120.399,545.995,203.601,-81.159,0.021,-179.998
956733108.922937,66.662,15.00,-120.327,546.455,203.367,-81.040,0.021,-179.997
956733108.989650,66.713,14.99,-120.255,546.927,203.123,-80.916,0.021,-179.997
956733109.056274,66.624,15.01,-120.185,547.393,202.885,-80.794,0.021,-179.997
956733109.122952,66.678,15.00,-120.115,547.851,202.650,-80.674,0.021,-179.997
956733109.189610,66.658,15.00,-120.043,548.321,202.407,-80.551,0.021,-179.997
956733109.256279,66.669,15.00,-119.972,548.787,202.168,-80.430,0.021,-179.997
956733109.322941,66.662,15.00,-119.900,549.261,201.923,-80.306,0.020,-179.997
956733109.389614,66.673,15.00,-119.829,549.735,201.681,-80.182,0.021,-179.997
956733109.456279,66.665,15.00,-119.761,550.201,201.440,-80.060,0.021,-179.997
956733109.522946,66.667,15.00,-119.690,550.674,201.195,-79.936,0.020,-179.997
956733109.589661,66.715,14.99,-119.619,551.150,200.949,-79.812,0.020,-179.997
956733109.656327,66.666,15.00,-119.550,551.617,200.711,-79.690,0.020,-179.997
956733109.722984,66.657,15.00,-119.479,552.090,200.468,-79.566,0.020,-179.997
956733109.789619,66.635,15.01,-119.408,552.571,200.220,-79.440,0.020,-179.997
956733109.856280,66.661,15.00,-119.341,553.038,199.979,-79.318,0.020,-179.997
956733109.922985,66.705,14.99,-119.272,553.514,199.737,-79.194,0.021,-179.997
956733109.989617,66.632,15.01,-119.202,553.988,199.492,-79.070,0.020,-179.997
956733110.056277,66.660,15.00,-119.135,554.453,199.250,-78.948,0.020,-179.997
956733110.122944,66.667,15.00,-119.065,554.927,199.005,-78.824,0.020,-179.997
956733110.189615,66.671,15.00,-118.997,555.402,198.760,-78.700,0.020,-179.997
956733110.256278,66.663,15.00,-118.932,555.868,198.522,-78.578,0.020,-179.997
956733110.322946,66.668,15.00,-118.864,556.340,198.278,-78.454,0.020,-179.997
956733110.389663,66.717,14.99,-118.796,556.815,198.032,-78.330,0.019,-179.997
956733110.456279,66.616,15.01,-118.730,557.281,197.793,-78.208,0.020,-179.997
956733110.522948,66.669,15.00,-118.661,557.756,197.549,-78.084,0.020,-179.997
956733110.589610,66.662,15.00,-118.593,558.231,197.306,-77.961,0.019,-179.997
956733110.656275,66.665,15.00,-118.529,558.697,197.065,-77.838,0.019,-179.996
956733110.722947,66.672,15.00,-118.460,559.172,196.824,-77.715,0.020,-179.996
956733110.789614,66.667,15.00,-118.393,559.647,196.578,-77.591,0.019,-179.996
956733110.856282,66.668,15.00,-118.329,560.114,196.338,-77.469,0.020,-179.996
956733110.922949,66.667,15.00,-118.262,560.589,196.094,-77.345,0.020,-179.996
956733110.989610,66.661,15.00,-118.195,561.063,195.850,-77.221,0.019,-179.996
956733111.056278,66.668,15.00,-118.130,561.529,195.609,-77.100,0.019,-179.996
956733111.122950,66.672,15.00,-118.063,562.003,195.365,-76.976,0.019,-179.996
956733111.189625,66.675,15.00,-117.998,562.478,195.121,-76.852,0.019,-179.996
956733111.256274,66.649,15.00,-117.934,562.944,194.881,-76.730,0.019,-179.996
956733111.322944,66.670,15.00,-117.869,563.419,194.637,-76.607,0.019,-179.996
956733111.389657,66.713,14.99,-117.804,563.893,194.393,-76.483,0.019,-179.996
956733111.456280,66.623,15.01,-117.740,564.359,194.152,-76.361,0.019,-179.996
956733111.522948,66.668,15.00,-117.674,564.833,193.910,-76.237,0.019,-179.996
956733111.589614,66.666,15.00,-117.611,565.307,193.667,-76.113,0.019,-179.996
956733111.656277,66.663,15.00,-117.549,565.774,193.424,-75.992,0.019,-179.996
956733111.722948,66.671,15.00,-117.483,566.250,193.179,-75.868,0.019,-179.996
956733111.789655,66.707,14.99,-117.419,566.723,192.934,-75.744,0.019,-179.996
956733111.856432,66.777,14.98,-117.357,567.191,192.695,-75.623,0.019,-179.996
956733111.922947,66.515,15.03,-117.293,567.665,192.451,-75.499,0.019,-179.996
956733111.989610,66.663,15.00,-117.231,568.139,192.208,-75.375,0.019,-179.996
956733112.056282,66.672,15.00,-117.169,568.606,191.967,-75.254,0.019,-179.996
956733112.122947,66.665,15.00,-117.106,569.079,191.725,-75.130,0.019,-179.995
956733112.189613,66.666,15.00,-117.044,569.553,191.479,-75.006,0.019,-179.995
956733112.256281,66.668,15.00,-116.981,570.021,191.240,-74.885,0.019,-179.995
956733112.322949,66.668,15.00,-116.921,570.496,190.995,-74.761,0.019,-179.995
956733112.389616,66.667,15.00,-116.858,570.971,190.750,-74.637,0.019,-179.995
956733112.456331,66.715,14.99,-116.795,571.439,190.511,-74.516,0.019,-179.995
956733112.522950,66.619,15.01,-116.735,571.913,190.267,-74.392,0.019,-179.995
956733112.589612,66.662,15.00,-116.674,572.379,190.027,-74.270,0.019,-179.995
956733112.656282,66.670,15.00,-116.613,572.845,189.787,-74.149,0.019,-179.995
956733112.723027,66.745,14.98,-116.552,573.321,189.542,-74.025,0.019,-179.995
956733112.789618,66.591,15.02,-116.490,573.794,189.298,-73.902,0.019,-179.995
956733112.856283,66.665,15.00,-116.431,574.248,189.068,-73.784,0.020,-179.995
956733112.922948,66.665,15.00,-116.372,574.720,188.825,-73.661,0.020,-179.995
956733112.989621,66.673,15.00,-116.308,575.204,188.575,-73.536,0.019,-179.995
956733113.056277,66.656,15.00,-116.249,575.679,188.330,-73.412,0.019,-179.995
956733113.122949,66.672,15.00,-116.190,576.153,188.087,-73.288,0.019,-179.995
956733113.189620,66.671,15.00,-116.128,576.637,187.839,-73.162,0.019,-179.995
956733113.256283,66.663,15.00,-116.068,577.104,187.598,-73.041,0.019,-179.995
956733113.322946,66.663,15.00,-116.011,577.580,187.356,-72.917,0.019,-179.995
956733113.389617,66.671,15.00,-115.951,578.055,187.112,-72.793,0.019,-179.995
956733113.456271,66.654,15.00,-115.891,578.522,186.870,-72.672,0.019,-179.995
956733113.522950,66.679,15.00,-115.833,578.996,186.628,-72.549,0.019,-179.994
956733113.589675,66.725,14.99,-115.775,579.472,186.381,-72.425,0.019,-179.995
956733113.656295,66.620,15.01,-115.717,579.936,186.143,-72.304,0.019,-179.994
956733113.722945,66.650,15.00,-115.657,580.418,185.894,-72.178,0.019,-179.994
956733113.789621,66.676,15.00,-115.599,580.895,185.650,-72.054,0.019,-179.994
956733113.856284,66.663,15.00,-115.540,581.362,185.410,-71.933,0.019,-179.994
956733113.922948,66.664,15.00,-115.482,581.846,185.160,-71.807,0.019,-179.994
956733113.989634,66.686,15.00,-115.426,582.321,184.914,-71.683,0.019,-179.994
956733114.056279,66.645,15.00,-115.367,582.787,184.674,-71.562,0.019,-179.994
956733114.122948,66.669,15.00,-115.308,583.272,184.426,-71.437,0.019,-179.994
956733114.189631,66.683,15.00,-115.252,583.747,184.179,-71.313,0.019,-179.994
956733114.256333,66.702,14.99,-115.195,584.213,183.938,-71.191,0.019,-179.994
956733114.322951,66.618,15.01,-115.138,584.688,183.693,-71.067,0.019,-179.994
956733114.389670,66.719,14.99,-115.082,585.166,183.450,-70.944,0.019,-179.994
956733114.456284,66.614,15.01,-115.025,585.636,183.209,-70.822,0.019,-179.994
956733114.522954,66.670,15.00,-114.968,586.120,182.961,-70.696,0.019,-179.994
956733114.589617,66.663,15.00,-114.913,586.596,182.716,-70.572,0.019,-179.994
956733114.656284,66.667,15.00,-114.856,587.065,182.474,-70.451,0.019,-179.994
956733114.722946,66.662,15.00,-114.801,587.542,182.230,-70.327,0.019,-179.994
956733114.789613,66.667,15.00,-114.746,588.018,181.985,-70.204,0.019,-179.994
956733114.856286,66.673,15.00,-114.691,588.487,181.744,-70.082,0.019,-179.994
956733114.922964,66.678,15.00,-114.635,588.964,181.500,-69.959,0.020,-179.993
956733114.989662,66.698,14.99,-114.580,589.440,181.255,-69.835,0.020,-179.993
956733115.056273,66.611,15.01,-114.524,589.909,181.015,-69.714,0.020,-179.993
956733115.122942,66.669,15.00,-114.471,590.378,180.775,-69.592,0.020,-179.993
956733115.189613,66.671,15.00,-114.418,590.854,180.528,-69.468,0.020,-179.993
956733115.256276,66.663,15.00,-114.364,591.324,180.288,-69.347,0.019,-179.993
956733115.322947,66.671,15.00,-114.310,591.791,180.047,-69.226,0.019,-179.993
956733115.389613,66.666,15.00,-114.257,592.268,179.801,-69.102,0.019,-179.993
956733115.456277,66.664,15.00,-114.205,592.724,179.570,-68.984,0.019,-179.993
956733115.522943,66.666,15.00,-114.154,593.194,179.323,-68.861,0.019,-179.993
956733115.589612,66.669,15.00,-114.100,593.670,179.079,-68.738,0.019,-179.993
956733115.656277,66.665,15.00,-114.048,594.137,178.838,-68.617,0.019,-179.993
956733115.722952,66.675,15.00,-113.994,594.620,178.587,-68.491,0.019,-179.993
956733115.789611,66.659,15.00,-113.940,595.096,178.343,-68.367,0.019,-179.993
956733115.856340,66.729,14.99,-113.890,595.562,178.101,-68.246,0.019,-179.993
956733115.922983,66.643,15.01,-113.836,596.046,177.851,-68.120,0.019,-179.993
956733115.989621,66.638,15.01,-113.782,596.531,177.602,-67.995,0.019,-179.993
956733116.056281,66.660,15.00,-113.729,597.000,177.365,-67.873,0.019,-179.993
956733116.122956,66.675,15.00,-113.675,597.484,177.117,-67.748,0.019,-179.993
956733116.189615,66.659,15.00,-113.623,597.960,176.871,-67.624,0.019,-179.993
956733116.256286,66.671,15.00,-113.570,598.437,176.626,-67.500,0.019,-179.993
956733116.322948,66.662,15.00,-113.518,598.924,176.377,-67.375,0.019,-179.993
956733116.389615,66.667,15.00,-113.465,599.409,176.126,-67.249,0.019,-179.993
956733116.456291,66.676,15.00,-113.413,599.887,175.880,-67.125,0.019,-179.993
956733116.522949,66.658,15.00,-113.362,600.372,175.632,-66.999,0.019,-179.993
956733116.589614,66.665,15.00,-113.310,600.858,175.383,-66.874,0.019,-179.992
956733116.656280,66.666,15.00,-113.259,601.330,175.145,-66.752,0.019,-179.992
956733116.722953,66.673,15.00,-113.208,601.796,174.901,-66.631,0.019,-179.992
956733116.789614,66.661,15.00,-113.155,602.278,174.654,-66.506,0.019,-179.992
956733116.856279,66.665,15.00,-113.104,602.754,174.409,-66.382,0.019,-179.992
956733116.922947,66.668,15.00,-113.053,603.239,174.159,-66.257,0.019,-179.992
956733116.989659,66.712,14.99,-113.002,603.724,173.910,-66.131,0.019,-179.992
956733117.056281,66.622,15.01,-112.951,604.201,173.666,-66.007,0.019,-179.992
956733117.122989,66.708,14.99,-112.900,604.679,173.418,-65.884,0.019,-179.992
956733117.189621,66.632,15.01,-112.849,605.157,173.173,-65.761,0.019,-179.992
956733117.256332,66.711,14.99,-112.799,605.626,172.931,-65.639,0.019,-179.992
956733117.322953,66.621,15.01,-112.748,606.102,172.690,-65.516,0.019,-179.992
956733117.389620,66.667,15.00,-112.699,606.576,172.444,-65.392,0.019,-179.992
956733117.456282,66.662,15.00,-112.652,607.043,172.203,-65.271,0.018,-179.992
956733117.522949,66.667,15.00,-112.600,607.521,171.958,-65.148,0.018,-179.992
956733117.589618,66.669,15.00,-112.550,607.998,171.715,-65.024,0.019,-179.992
956733117.656320,66.702,14.99,-112.503,608.462,171.475,-64.903,0.019,-179.992
956733117.722949,66.629,15.01,-112.451,608.938,171.231,-64.780,0.019,-179.992
956733117.789617,66.668,15.00,-112.401,609.425,170.982,-64.654,0.019,-179.992
956733117.856326,66.709,14.99,-112.349,609.903,170.735,-64.531,0.019,-179.992
956733117.922951,66.625,15.01,-112.299,610.390,170.484,-64.405,0.018,-179.992
956733117.989621,66.670,15.00,-112.250,610.874,170.235,-64.279,0.018,-179.992
956733118.056285,66.664,15.00,-112.199,611.350,169.989,-64.156,0.018,-179.992
956733118.122950,66.665,15.00,-112.149,611.833,169.741,-64.030,0.018,-179.992
956733118.189649,66.699,14.99,-112.099,612.319,169.492,-63.904,0.018,-179.991
956733118.256288,66.639,15.01,-112.049,612.800,169.248,-63.781,0.019,-179.991
956733118.322998,66.710,14.99,-111.999,613.282,168.996,-63.655,0.018,-179.991
956733118.389626,66.628,15.01,-111.948,613.766,168.747,-63.529,0.018,-179.991
956733118.456287,66.661,15.00,-111.898,614.243,168.503,-63.406,0.018,-179.991
956733118.522952,66.665,15.00,-111.847,614.728,168.251,-63.280,0.018,-179.991
956733118.589616,66.664,15.00,-111.796,615.208,168.005,-63.157,0.018,-179.991
956733118.656288,66.672,15.00,-111.745,615.685,167.761,-63.033,0.018,-179.991
956733118.722953,66.665,15.00,-111.694,616.159,167.515,-62.910,0.018,-179.991
956733118.789661,66.708,14.99,-111.643,616.646,167.268,-62.784,0.018,-179.991
956733118.856283,66.622,15.01,-111.592,617.122,167.021,-62.660,0.018,-179.991
956733118.922951,66.668,15.00,-111.541,617.605,166.770,-62.535,0.018,-179.991
956733118.989622,66.671,15.00,-111.490,618.088,166.523,-62.409,0.018,-179.991
956733119.056331,66.709,14.99,-111.438,618.567,166.276,-62.285,0.018,-179.991
956733119.122950,66.619,15.01,-111.389,619.051,166.027,-62.160,0.018,-179.991
956733119.189620,66.670,15.00,-111.338,619.535,165.778,-62.034,0.018,-179.991
956733119.256311,66.691,14.99,-111.288,620.010,165.531,-61.911,0.018,-179.991
956733119.322998,66.687,15.00,-111.239,620.497,165.283,-61.785,0.018,-179.991
956733119.389622,66.624,15.01,-111.190,620.973,165.040,-61.661,0.018,-179.991
956733119.456288,66.666,15.00,-111.140,621.448,164.795,-61.538,0.018,-179.991
956733119.522951,66.663,15.00,-111.091,621.935,164.543,-61.413,0.018,-179.991
956733119.589623,66.672,15.00,-111.044,622.411,164.299,-61.289,0.018,-179.991
956733119.656306,66.683,15.00,-110.997,622.885,164.053,-61.166,0.017,-179.991
956733119.722955,66.649,15.00,-110.947,623.357,163.815,-61.045,0.018,-179.990
956733119.789625,66.670,15.00,-110.902,623.830,163.569,-60.922,0.018,-179.991
956733119.856318,66.693,14.99,-110.854,624.291,163.332,-60.802,0.018,-179.990
956733119.922962,66.644,15.01,-110.809,624.766,163.087,-60.679,0.018,-179.991
956733119.989672,66.710,14.99,-110.761,625.240,162.840,-60.556,0.017,-179.991
956733120.056287,66.615,15.01,-110.713,625.711,162.599,-60.434,0.018,-179.990
956733120.122955,66.668,15.00,-110.666,626.186,162.355,-60.311,0.017,-179.990
956733120.189629,66.674,15.00,-110.618,626.663,162.110,-60.188,0.017,-179.990
956733120.256289,66.660,15.00,-110.570,627.132,161.871,-60.067,0.018,-179.990
956733120.322950,66.661,15.00,-110.521,627.607,161.626,-59.944,0.018,-179.990
956733120.389616,66.666,15.00,-110.473,628.074,161.387,-59.822,0.018,-179.990
956733120.456286,66.670,15.00,-110.425,628.532,161.150,-59.704,0.018,-179.990
956733120.522954,66.668,15.00,-110.376,629.018,160.902,-59.578,0.018,-179.990
956733120.589673,66.719,14.99,-110.328,629.503,160.653,-59.453,0.018,-179.990
956733120.656288,66.615,15.01,-110.282,629.971,160.414,-59.331,0.018,-179.990
956733120.722963,66.675,15.00,-110.236,630.446,160.168,-59.208,0.018,-179.990
956733120.789621,66.658,15.00,-110.187,630.922,159.921,-59.085,0.017,-179.990
956733120.856286,66.665,15.00,-110.139,631.398,159.678,-58.961,0.018,-179.990
956733120.922964,66.678,15.00,-110.087,631.883,159.428,-58.836,0.018,-179.990
956733120.989699,66.735,14.98,-110.041,632.358,159.181,-58.712,0.017,-179.990
956733121.056292,66.593,15.02,-109.992,632.824,158.939,-58.591,0.017,-179.990
956733121.123025,66.733,14.99,-109.943,633.312,158.691,-58.466,0.018,-179.990
956733121.189632,66.607,15.01,-109.896,633.787,158.447,-58.342,0.018,-179.990
956733121.256285,66.653,15.00,-109.847,634.264,158.202,-58.219,0.018,-179.990
956733121.322956,66.671,15.00,-109.795,634.749,157.951,-58.093,0.017,-179.990
956733121.389619,66.663,15.00,-109.746,635.233,157.700,-57.967,0.017,-179.990
956733121.456293,66.674,15.00,-109.699,635.702,157.462,-57.846,0.017,-179.990
956733121.522958,66.665,15.00,-109.652,636.178,157.217,-57.723,0.017,-179.989
956733121.589620,66.662,15.00,-109.600,636.664,156.968,-57.597,0.017,-179.989
956733121.656344,66.724,14.99,-109.553,637.130,156.727,-57.475,0.017,-179.989
956733121.722958,66.614,15.01,-109.503,637.616,156.479,-57.350,0.018,-179.989
956733121.789678,66.720,14.99,-109.456,638.090,156.234,-57.227,0.018,-179.989
956733121.856283,66.605,15.01,-109.406,638.558,155.992,-57.105,0.018,-179.989
956733121.922961,66.678,15.00,-109.358,639.033,155.748,-56.982,0.017,-179.989
956733121.989673,66.712,14.99,-109.305,639.519,155.500,-56.856,0.018,-179.989
956733122.056288,66.615,15.01,-109.260,639.972,155.264,-56.739,0.017,-179.989
956733122.122954,66.666,15.00,-109.207,640.452,155.019,-56.614,0.018,-179.989
956733122.189625,66.671,15.00,-109.157,640.941,154.770,-56.488,0.018,-179.989
956733122.256287,66.662,15.00,-109.109,641.417,154.525,-56.365,0.018,-179.989
956733122.322962,66.675,15.00,-109.056,641.900,154.276,-56.239,0.018,-179.989
956733122.389628,66.666,15.00,-109.005,642.383,154.026,-56.113,0.017,-179.989
956733122.456293,66.665,15.00,-108.957,642.856,153.784,-55.992,0.017,-179.989
956733122.522994,66.701,14.99,-108.904,643.339,153.533,-55.866,0.017,-179.989
956733122.589619,66.625,15.01,-108.853,643.823,153.283,-55.741,0.017,-179.989
956733122.656288,66.669,15.00,-108.805,644.298,153.038,-55.617,0.017,-179.989
956733122.722991,66.703,14.99,-108.754,644.775,152.793,-55.493,0.017,-179.989
956733122.789635,66.644,15.01,-108.702,645.251,152.549,-55.370,0.017,-179.989
956733122.856283,66.648,15.00,-108.651,645.718,152.309,-55.249,0.017,-179.988
956733122.922954,66.671,15.00,-108.597,646.206,152.058,-55.123,0.017,-179.988
956733122.989631,66.677,15.00,-108.549,646.680,151.812,-54.999,0.017,-179.988
956733123.056287,66.656,15.00,-108.497,647.156,151.566,-54.876,0.017,-179.988
956733123.122962,66.675,15.00,-108.443,647.642,151.320,-54.750,0.017,-179.988
956733123.189628,66.666,15.00,-108.391,648.128,151.070,-54.624,0.017,-179.988
956733123.256289,66.661,15.00,-108.342,648.596,150.830,-54.503,0.017,-179.988
956733123.322960,66.671,15.00,-108.288,649.078,150.580,-54.377,0.017,-179.988
956733123.389672,66.712,14.99,-108.236,649.556,150.335,-54.254,0.017,-179.988
956733123.456293,66.621,15.01,-108.184,650.032,150.090,-54.130,0.017,-179.988
956733123.522958,66.665,15.00,-108.129,650.516,149.841,-54.004,0.017,-179.988
956733123.589623,66.665,15.00,-108.075,651.004,149.593,-53.879,0.017,-179.988
956733123.656346,66.723,14.99,-108.022,651.471,149.351,-53.757,0.017,-179.988
956733123.722958,66.612,15.01,-107.970,651.945,149.104,-53.634,0.017,-179.988
956733123.789647,66.689,14.99,-107.917,652.424,148.859,-53.510,0.017,-179.988
956733123.856293,66.646,15.00,-107.865,652.899,148.616,-53.386,0.017,-179.988
956733123.922957,66.664,15.00,-107.817,653.334,148.390,-53.273,0.017,-179.988
956733123.989671,66.714,14.99,-107.767,653.789,148.157,-53.155,0.017,-179.988
956733124.056293,66.622,15.01,-107.714,654.263,147.909,-53.031,0.017,-179.988
956733124.122985,66.692,14.99,-107.659,654.749,147.659,-52.906,0.017,-179.988
956733124.189654,66.669,15.00,-107.606,655.225,147.416,-52.782,0.017,-179.987
956733124.256298,66.644,15.01,-107.552,655.685,147.178,-52.663,0.017,-179.988
956733124.322956,66.658,15.00,-107.499,656.169,146.932,-52.537,0.017,-179.987
956733124.389624,66.668,15.00,-107.444,656.654,146.681,-52.411,0.017,-179.987
956733124.456293,66.669,15.00,-107.390,657.121,146.440,-52.290,0.017,-179.987
956733124.522957,66.664,15.00,-107.354,657.447,146.271,-52.205,0.017,-179.987
956733124.589617,66.660,15.00,-107.354,657.447,146.271,-52.205,0.017,-179.987
956733124.656287,66.670,15.00,-107.354,657.447,146.271,-52.205,0.017,-179.987
956733124.722957,66.670,15.00,-107.354,657.447,146.271,-52.205,0.017,-179.987
956782601.267272,-126.996,512.532,220.792,-90.000,0.020,179.999
956782601.307510,-126.996,512.532,220.792,-90.000,0.020,179.999
956782601.330962,-127.047,512.582,220.845,-90.006,0.020,179.999
956782601.351544,-127.092,512.589,220.897,-90.020,0.020,179.999
956782601.378611,-127.177,512.649,220.989,-90.033,0.020,179.999
956782601.403730,-127.245,512.667,221.087,-90.062,0.020,179.999
956782601.426608,-127.274,512.622,221.161,-90.106,0.021,179.999
956782601.450607,-127.269,512.521,221.205,-90.161,0.021,179.999
956782601.475606,-127.254,512.441,221.216,-90.193,0.021,179.999
956782601.499710,-127.235,512.362,221.218,-90.220,0.021,179.999
956782601.524567,-127.207,512.255,221.216,-90.255,0.021,179.999
956782601.547847,-127.180,512.158,221.211,-90.285,0.021,179.999
956782601.572220,-127.152,512.059,221.203,-90.314,0.021,179.999
956782601.590546,-127.139,512.011,221.199,-90.328,0.021,179.999
956782601.617780,-127.098,511.876,221.183,-90.366,0.021,179.999
956782601.641795,-127.073,511.787,221.171,-90.390,0.021,179.999
956782601.660540,-127.057,511.738,221.166,-90.403,0.021,179.999
956782601.683701,-127.027,511.640,221.153,-90.429,0.021,179.999
956782601.710001,-126.997,511.543,221.141,-90.455,0.021,179.999
956782601.733639,-126.967,511.448,221.128,-90.480,0.021,179.999
956782601.756562,-126.934,511.353,221.116,-90.506,0.021,179.999
956782601.777775,-126.912,511.284,221.106,-90.523,0.021,179.999
956782601.804601,-126.866,511.165,221.090,-90.556,0.021,179.999
956782601.827603,-126.839,511.101,221.081,-90.574,0.021,179.999
956782601.848540,-126.808,511.027,221.070,-90.594,0.021,179.999
956782601.876397,-126.760,510.914,221.052,-90.624,0.021,179.999
956782601.901382,-126.715,510.812,221.037,-90.652,0.021,179.999
956782601.924633,-126.678,510.730,221.024,-90.674,0.021,179.999
956782601.947568,-126.635,510.639,221.010,-90.699,0.021,179.999
956782601.973697,-126.579,510.523,220.990,-90.731,0.021,179.999
956782601.998548,-126.539,510.441,220.976,-90.754,0.021,179.999
956782602.023132,-126.490,510.340,220.960,-90.781,0.021,179.999
956782602.046683,-126.445,510.251,220.946,-90.806,0.021,179.999
956782602.066565,-126.413,510.186,220.935,-90.823,0.021,179.999
956782602.084554,-126.390,510.141,220.927,-90.836,0.021,179.999
956782602.104603,-126.357,510.078,220.916,-90.853,0.021,179.999
956782602.127560,-126.311,509.990,220.900,-90.878,0.021,179.999
956782602.156213,-126.239,509.857,220.877,-90.915,0.021,179.999
956782602.179223,-126.206,509.792,220.865,-90.932,0.021,179.999
956782602.199547,-126.174,509.731,220.856,-90.949,0.021,179.999
956782602.222983,-126.128,509.641,220.841,-90.974,0.021,179.999
956782602.242621,-126.104,509.595,220.832,-90.986,0.021,179.999
956782602.266565,-126.063,509.516,220.819,-91.008,0.021,179.999
956782602.290112,-126.021,509.437,220.806,-91.030,0.021,179.999
956782602.316575,-125.961,509.320,220.787,-91.062,0.021,179.999
956782602.339545,-125.915,509.231,220.771,-91.087,0.021,179.999
956782602.362737,-125.868,509.142,220.756,-91.111,0.021,179.999
956782602.386564,-125.822,509.054,220.740,-91.136,0.021,179.999
956782602.409532,-125.776,508.965,220.724,-91.161,0.021,179.999
956782602.429091,-125.757,508.926,220.718,-91.170,0.021,179.999
956782602.450337,-125.734,508.880,220.709,-91.183,0.021,179.999
956782602.477550,-125.674,508.765,220.689,-91.215,0.021,179.999
956782602.496227,-125.651,508.719,220.680,-91.227,0.020,179.999
956782602.520985,-125.600,508.623,220.665,-91.254,0.021,179.999
956782602.539553,-125.577,508.578,220.656,-91.266,0.021,179.999
956782602.564771,-125.545,508.514,220.644,-91.284,0.020,179.999
956782602.586415,-125.545,508.514,220.644,-91.284,0.020,179.999
956782602.606229,-125.545,508.514,220.644,-91.284,0.020,179.999
956782602.626703,-125.545,508.514,220.644,-91.284,0.020,179.999
956782602.647658,-125.545,508.514,220.644,-91.284,0.020,179.999
956782602.668003,-125.545,508.514,220.644,-91.284,0.020,179.999
956782602.689394,-125.545,508.514,220.644,-91.284,0.020,179.999
956782602.709885,-125.545,508.514,220.644,-91.284,0.020,179.999
956782602.731786,-125.545,508.514,220.644,-91.284,0.020,179.999
956782602.748554,-125.545,508.514,220.644,-91.284,0.020,179.999
956782602.769179,-125.545,508.514,220.644,-91.284,0.020,179.999
956782602.790636,-125.545,508.514,220.644,-91.284,0.020,179.999
956782602.809797,-125.545,508.514,220.644,-91.284,0.020,179.999
956782602.830581,-125.545,508.514,220.644,-91.284,0.020,179.999
956782602.853163,-125.545,508.514,220.644,-91.284,0.020,179.999
956782602.870164,-125.545,508.514,220.644,-91.284,0.020,179.999
956782602.894981,-125.545,508.514,220.644,-91.284,0.020,179.999
956782602.915462,-125.545,508.514,220.644,-91.284,0.020,179.999
956782602.936254,-125.545,508.514,220.644,-91.284,0.020,179.999
956782602.956856,-125.545,508.514,220.644,-91.284,0.020,179.999
956782602.978489,-125.545,508.514,220.644,-91.284,0.020,179.999
956782603.000027,-125.545,508.514,220.644,-91.284,0.020,179.999
956782603.020088,-125.545,508.514,220.644,-91.284,0.020,179.999
956782603.041202,-125.545,508.514,220.644,-91.284,0.020,179.999
956782603.061466,-125.545,508.514,220.644,-91.284,0.020,179.999
956782603.081832,-125.545,508.514,220.644,-91.284,0.020,179.999
956782603.098985,-125.545,508.514,220.644,-91.284,0.020,179.999
956782603.120044,-125.545,508.514,220.644,-91.284,0.020,179.999
956782603.136987,-125.545,508.514,220.644,-91.284,0.020,179.999
956782603.154422,-125.545,508.514,220.644,-91.284,0.020,179.999
956782603.178610,-125.545,508.514,220.644,-91.284,0.020,179.999
956782603.195983,-125.545,508.514,220.644,-91.284,0.020,179.999
956782603.219435,-125.545,508.514,220.644,-91.284,0.020,179.999
956782603.240227,-125.545,508.514,220.644,-91.284,0.020,179.999
956782603.261202,-125.545,508.514,220.644,-91.284,0.020,179.999
956782603.278572,-125.545,508.514,220.644,-91.284,0.020,179.999
956782603.299516,-125.545,508.514,220.644,-91.284,0.020,179.999
956782603.319478,-125.545,508.514,220.644,-91.284,0.020,179.999
956782603.336390,-125.545,508.514,220.644,-91.284,0.020,179.999
956782603.353349,-125.545,508.514,220.644,-91.284,0.020,179.999
956782603.369808,-125.545,508.514,220.644,-91.284,0.020,179.999
956782603.396778,-125.545,508.514,220.644,-91.284,0.020,179.999
956782603.416141,-125.545,508.514,220.644,-91.284,0.020,179.999
956782603.436093,-125.545,508.514,220.644,-91.284,0.020,179.999
956782603.456524,-125.545,508.514,220.644,-91.284,0.020,179.999
956782603.476095,-125.545,508.514,220.644,-91.284,0.020,179.999
956782603.492500,-125.545,508.514,220.644,-91.284,0.020,179.999
956782603.512677,-125.545,508.514,220.644,-91.284,0.020,179.999
956782603.532823,-125.545,508.514,220.644,-91.284,0.020,179.999
956782603.549432,-125.545,508.514,220.644,-91.284,0.020,179.999
956782603.570210,-125.545,508.514,220.644,-91.284,0.020,179.999
956782603.587242,-125.545,508.514,220.644,-91.284,0.020,179.999
956782603.603824,-125.545,508.514,220.644,-91.284,0.020,179.999
956782603.620628,-125.545,508.514,220.644,-91.284,0.020,179.999
956782603.640215,-125.545,508.514,220.644,-91.284,0.020,179.999
956782603.660092,-125.545,508.514,220.644,-91.284,0.020,179.999
956782603.681068,-125.545,508.514,220.644,-91.284,0.020,179.999
956782603.701240,-125.545,508.514,220.644,-91.284,0.020,179.999
956782603.724512,-125.545,508.514,220.644,-91.284,0.020,179.999
956782603.743074,-125.545,508.514,220.644,-91.284,0.020,179.999
956782603.766640,-125.545,508.514,220.644,-91.284,0.020,179.999
956782603.789047,-125.545,508.514,220.644,-91.284,0.020,179.999
956782603.810584,-125.545,508.514,220.644,-91.284,0.020,179.999
956782603.829694,-125.545,508.514,220.644,-91.284,0.020,179.999
956782603.846437,-125.545,508.514,220.644,-91.284,0.020,179.999
956782603.866981,-125.545,508.514,220.644,-91.284,0.020,179.999
956782603.891514,-125.545,508.514,220.644,-91.284,0.020,179.999
956782603.908815,-125.545,508.514,220.644,-91.284,0.020,179.999
956782603.929632,-125.545,508.514,220.644,-91.284,0.020,179.999
956782603.952674,-125.545,508.514,220.644,-91.284,0.020,179.999
956782603.975036,-125.545,508.514,220.644,-91.284,0.020,179.999
956782603.993659,-125.545,508.514,220.644,-91.284,0.020,179.999
956782604.014102,-125.545,508.514,220.644,-91.284,0.020,179.999
956782604.035269,-125.545,508.514,220.644,-91.284,0.020,179.999
956782604.058366,-125.545,508.514,220.644,-91.284,0.020,179.999
956782604.078361,-125.545,508.514,220.644,-91.284,0.020,179.999
956782604.099216,-125.545,508.514,220.644,-91.284,0.020,179.999
956782604.115467,-125.545,508.514,220.644,-91.284,0.020,179.999
956782604.133225,-125.545,508.514,220.644,-91.284,0.020,179.999
956782604.153691,-125.545,508.514,220.644,-91.284,0.020,179.999
956782604.169972,-125.545,508.514,220.644,-91.284,0.020,179.999
956782604.187295,-125.545,508.514,220.644,-91.284,0.020,179.999
956782604.208584,-125.545,508.514,220.644,-91.284,0.020,179.999
956782604.229650,-125.545,508.514,220.644,-91.284,0.020,179.999
956782604.249166,-125.545,508.514,220.644,-91.284,0.020,179.999
956782604.272075,-125.545,508.514,220.644,-91.284,0.020,179.999
956782604.288674,-125.545,508.514,220.644,-91.284,0.020,179.999
956782604.309463,-125.545,508.514,220.644,-91.284,0.020,179.999
956782604.330044,-125.545,508.514,220.644,-91.284,0.020,179.999
956782604.352907,-125.545,508.514,220.644,-91.284,0.020,179.999
956782604.373000,-125.545,508.514,220.644,-91.284,0.020,179.999
956782604.393955,-125.545,508.514,220.644,-91.284,0.020,179.999
956782604.414451,-125.545,508.514,220.644,-91.284,0.020,179.999
956782604.434956,-125.545,508.514,220.644,-91.284,0.020,179.999
956782604.452246,-125.545,508.514,220.644,-91.284,0.020,179.999
956782604.472878,-125.545,508.514,220.644,-91.284,0.020,179.999
956782604.489028,-125.545,508.514,220.644,-91.284,0.020,179.999
956782604.505208,-125.545,508.514,220.644,-91.284,0.020,179.999
956782604.525195,-125.545,508.514,220.644,-91.284,0.020,179.999
956782604.546205,-125.545,508.514,220.644,-91.284,0.020,179.999
956782604.566661,-125.545,508.514,220.644,-91.284,0.020,179.999
956782604.582969,-125.545,508.514,220.644,-91.284,0.020,179.999
956782604.603754,-125.545,508.514,220.644,-91.284,0.020,179.999
956782604.620792,-125.545,508.514,220.644,-91.284,0.020,179.999
956782604.636378,-125.545,508.514,220.644,-91.284,0.020,179.999
956782604.657228,-125.545,508.514,220.644,-91.284,0.020,179.999
956782604.678071,-125.545,508.514,220.644,-91.284,0.020,179.999
956782604.694867,-125.545,508.514,220.644,-91.284,0.020,179.999
956782604.715191,-125.545,508.514,220.644,-91.284,0.020,179.999
956782604.731979,-125.545,508.514,220.644,-91.284,0.020,179.999
956782604.748422,-125.545,508.514,220.644,-91.284,0.020,179.999
956782604.770592,-125.545,508.514,220.644,-91.284,0.020,179.999
956782604.790936,-125.545,508.514,220.644,-91.284,0.020,179.999
956782604.811700,-125.545,508.514,220.644,-91.284,0.020,179.999
956782604.828193,-125.545,508.514,220.644,-91.284,0.020,179.999
956782604.845840,-125.545,508.514,220.644,-91.284,0.020,179.999
956782604.866882,-125.545,508.514,220.644,-91.284,0.020,179.999
956782604.886817,-125.545,508.514,220.644,-91.284,0.020,179.999
956782604.907212,-125.545,508.514,220.644,-91.284,0.020,179.999
956782604.929364,-125.545,508.514,220.644,-91.284,0.020,179.999
956782604.953045,-125.545,508.514,220.644,-91.284,0.020,179.999
956782604.974136,-125.545,508.514,220.644,-91.284,0.020,179.999
956782604.995275,-125.545,508.514,220.644,-91.284,0.020,179.999
956782605.018979,-125.545,508.514,220.644,-91.284,0.020,179.999
956782605.035604,-125.545,508.514,220.644,-91.284,0.020,179.999
956782605.056184,-125.545,508.514,220.644,-91.284,0.020,179.999
956782605.075837,-125.545,508.514,220.644,-91.284,0.020,179.999
956782605.096186,-125.545,508.514,220.644,-91.284,0.020,179.999
956782605.111940,-125.545,508.514,220.644,-91.284,0.020,179.999
956782605.132921,-125.545,508.514,220.644,-91.284,0.020,179.999
956782605.154473,-125.545,508.514,220.644,-91.284,0.020,179.999
956782605.178833,-125.545,508.514,220.644,-91.284,0.020,179.999
956782605.194873,-125.545,508.514,220.644,-91.284,0.020,179.999
956782605.216944,-125.545,508.514,220.644,-91.284,0.020,179.999
956782605.242071,-125.545,508.514,220.644,-91.284,0.020,179.999
956782605.257551,-125.545,508.514,220.644,-91.284,0.020,179.999
956782605.281677,-125.545,508.514,220.644,-91.284,0.020,179.999
956782605.304740,-125.545,508.514,220.644,-91.284,0.020,179.999
956782605.325467,-125.545,508.514,220.644,-91.284,0.020,179.999
956782605.345348,-125.545,508.514,220.644,-91.284,0.020,179.999
956782605.365904,-125.545,508.514,220.644,-91.284,0.020,179.999
956782605.388420,-125.545,508.514,220.644,-91.284,0.020,179.999
956782605.409030,-125.545,508.514,220.644,-91.284,0.020,179.999
956782605.429004,-125.545,508.514,220.644,-91.284,0.020,179.999
956782605.444488,-125.545,508.514,220.644,-91.284,0.020,179.999
956782605.470206,-125.545,508.514,220.644,-91.284,0.020,179.999
956782605.490488,-125.545,508.514,220.644,-91.284,0.020,179.999
956782605.510083,-125.545,508.514,220.644,-91.284,0.020,179.999
956782605.529815,-125.545,508.514,220.644,-91.284,0.020,179.999
956782605.549458,-125.545,508.514,220.644,-91.284,0.020,179.999
956782605.569845,-125.545,508.514,220.644,-91.284,0.020,179.999
956782605.589477,-125.545,508.514,220.644,-91.284,0.020,179.999
956782605.605624,-125.545,508.514,220.644,-91.284,0.020,179.999
956782605.626192,-125.545,508.514,220.644,-91.284,0.020,179.999
956782605.646062,-125.545,508.514,220.644,-91.284,0.020,179.999
956782605.666402,-125.545,508.514,220.644,-91.284,0.020,179.999
956782605.689172,-125.545,508.514,220.644,-91.284,0.020,179.999
956782605.709355,-125.545,508.514,220.644,-91.284,0.020,179.999
956782605.725275,-125.545,508.514,220.644,-91.284,0.020,179.999
956782605.745693,-125.545,508.514,220.644,-91.284,0.020,179.999
956782605.769686,-125.545,508.514,220.644,-91.284,0.020,179.999
956782605.786046,-125.545,508.514,220.644,-91.284,0.020,179.999
956782605.808971,-125.545,508.514,220.644,-91.284,0.020,179.999
956782605.824977,-125.545,508.514,220.644,-91.284,0.020,179.999
956782605.845122,-125.545,508.514,220.644,-91.284,0.020,179.999
956782605.865332,-125.545,508.514,220.644,-91.284,0.020,179.999
956782605.888623,-125.545,508.514,220.644,-91.284,0.020,179.999
956782605.909575,-125.545,508.514,220.644,-91.284,0.020,179.999
956782605.929820,-125.545,508.514,220.644,-91.284,0.020,179.999
956782605.950047,-125.545,508.514,220.644,-91.284,0.020,179.999
956782605.966949,-125.545,508.514,220.644,-91.284,0.020,179.999
956782605.989325,-125.545,508.514,220.644,-91.284,0.020,179.999
956782606.009458,-125.545,508.514,220.644,-91.284,0.020,179.999
956782606.029340,-125.545,508.514,220.644,-91.284,0.020,179.999
956782606.049711,-125.545,508.514,220.644,-91.284,0.020,179.999
956782606.070397,-125.545,508.514,220.644,-91.284,0.020,179.999
956782606.088447,-125.545,508.514,220.644,-91.284,0.020,179.999
956782606.108836,-125.545,508.514,220.644,-91.284,0.020,179.999
956782606.124562,-125.545,508.514,220.644,-91.284,0.020,179.999
956782606.144562,-125.545,508.514,220.644,-91.284,0.020,179.999
956782606.160047,-125.545,508.514,220.644,-91.284,0.020,179.999
956782606.180202,-125.545,508.514,220.644,-91.284,0.020,179.999
956782606.199735,-125.545,508.514,220.644,-91.284,0.020,179.999
956782606.221707,-125.545,508.514,220.644,-91.284,0.020,179.999
956782606.241848,-125.545,508.514,220.644,-91.284,0.020,179.999
956782606.257437,-125.545,508.514,220.644,-91.284,0.020,179.999
956782606.273271,-125.545,508.514,220.644,-91.284,0.020,179.999
956782606.293501,-125.545,508.514,220.644,-91.284,0.020,179.999
956782606.313243,-125.545,508.514,220.644,-91.284,0.020,179.999
956782606.333221,-125.545,508.514,220.644,-91.284,0.020,179.999
956782606.349177,-125.545,508.514,220.644,-91.284,0.020,179.999
956782606.369517,-125.545,508.514,220.644,-91.284,0.020,179.999
956782606.388192,-125.545,508.514,220.644,-91.284,0.020,179.999
956782606.412537,-125.545,508.514,220.644,-91.284,0.020,179.999
956782606.432071,-125.545,508.514,220.644,-91.284,0.020,179.999
956782606.453179,-125.545,508.514,220.644,-91.284,0.020,179.999
956782606.473771,-125.545,508.514,220.644,-91.284,0.020,179.999
956782606.493280,-125.545,508.514,220.644,-91.284,0.020,179.999
956782606.515457,-125.545,508.514,220.644,-91.284,0.020,179.999
956782606.530681,-125.545,508.514,220.644,-91.284,0.020,179.999
956782606.552584,-125.545,508.514,220.644,-91.284,0.020,179.999
956782606.574937,-125.545,508.514,220.644,-91.284,0.020,179.999
956782606.595102,-125.545,508.514,220.644,-91.284,0.020,179.999
956782606.610815,-125.545,508.514,220.644,-91.284,0.020,179.999
956782606.637164,-125.545,508.514,220.644,-91.284,0.020,179.999
956782606.657459,-125.545,508.514,220.644,-91.284,0.020,179.999
956782606.673310,-125.545,508.514,220.644,-91.284,0.020,179.999
956782606.689748,-125.545,508.514,220.644,-91.284,0.020,179.999
956782606.716372,-125.545,508.514,220.644,-91.284,0.020,179.999
956782606.736979,-125.545,508.514,220.644,-91.284,0.020,179.999
956782606.763389,-125.545,508.514,220.644,-91.284,0.020,179.999
956782606.786431,-125.545,508.514,220.644,-91.284,0.020,179.999
956782606.806772,-125.545,508.514,220.644,-91.284,0.020,179.999
956782606.822950,-125.545,508.514,220.644,-91.284,0.020,179.999
956782606.846797,-125.545,508.514,220.644,-91.284,0.020,179.999
956782606.862666,-125.545,508.514,220.644,-91.284,0.020,179.999
956782606.883705,-125.545,508.514,220.644,-91.284,0.020,179.999
956782606.901863,-125.545,508.514,220.644,-91.284,0.020,179.999
956782606.919269,-125.545,508.514,220.644,-91.284,0.020,179.999
956782606.940593,-125.545,508.514,220.644,-91.284,0.020,179.999
956782606.960949,-125.545,508.514,220.644,-91.284,0.020,179.999
956782606.984240,-125.545,508.514,220.644,-91.284,0.020,179.999
956782607.005018,-125.545,508.514,220.644,-91.284,0.020,179.999
956782607.022469,-125.545,508.514,220.644,-91.284,0.020,179.999
956782607.039075,-125.545,508.514,220.644,-91.284,0.020,179.999
956782607.059061,-125.545,508.514,220.644,-91.284,0.020,179.999
956782607.079331,-125.545,508.514,220.644,-91.284,0.020,179.999
956782607.100623,-125.545,508.514,220.644,-91.284,0.020,179.999
956782607.120901,-125.545,508.514,220.644,-91.284,0.020,179.999
956782607.140783,-125.545,508.514,220.644,-91.284,0.020,179.999
956782607.157793,-125.545,508.514,220.644,-91.284,0.020,179.999
956782607.181849,-125.545,508.514,220.644,-91.284,0.020,179.999
956782607.198029,-125.545,508.514,220.644,-91.284,0.020,179.999
956782607.223137,-125.545,508.514,220.644,-91.284,0.020,179.999
956782607.239451,-125.545,508.514,220.644,-91.284,0.020,179.999
956782607.254541,-125.545,508.514,220.644,-91.284,0.020,179.999
956782607.274467,-125.545,508.514,220.644,-91.284,0.020,179.999
956782607.294683,-125.545,508.514,220.644,-91.284,0.020,179.999
956782607.314724,-125.545,508.514,220.644,-91.284,0.020,179.999
956782607.330199,-125.545,508.514,220.644,-91.284,0.020,179.999
956782607.346049,-125.545,508.514,220.644,-91.284,0.020,179.999
956782607.362200,-125.545,508.514,220.644,-91.284,0.020,179.999
956782607.386076,-125.545,508.514,220.644,-91.284,0.020,179.999
956782607.402745,-125.545,508.514,220.644,-91.284,0.020,179.999
956782607.425669,-125.545,508.514,220.644,-91.284,0.020,179.999
956782607.445450,-125.545,508.514,220.644,-91.284,0.020,179.999
956782607.464638,-125.545,508.514,220.644,-91.284,0.020,179.999
956782607.484458,-125.545,508.514,220.644,-91.284,0.020,179.999
956782607.504512,-125.545,508.514,220.644,-91.284,0.020,179.999
956782607.525456,-125.545,508.514,220.644,-91.284,0.020,179.999
956782607.540829,-125.545,508.514,220.644,-91.284,0.020,179.999
956782607.560778,-125.545,508.514,220.644,-91.284,0.020,179.999
956782607.576056,-125.545,508.514,220.644,-91.284,0.020,179.999
956782607.599425,-125.545,508.514,220.644,-91.284,0.020,179.999
956782607.619564,-125.545,508.514,220.644,-91.284,0.020,179.999
956782607.635744,-125.545,508.514,220.644,-91.284,0.020,179.999
956782607.658830,-125.545,508.514,220.644,-91.284,0.020,179.999
956782607.680098,-125.545,508.514,220.644,-91.284,0.020,179.999
956782607.700464,-125.545,508.514,220.644,-91.284,0.020,179.999
956782607.717962,-125.545,508.514,220.644,-91.284,0.020,179.999
956782607.745152,-125.545,508.514,220.644,-91.284,0.020,179.999
956782607.763443,-125.545,508.514,220.644,-91.284,0.020,179.999
956782607.781055,-125.545,508.514,220.644,-91.284,0.020,179.999
956782607.802238,-125.545,508.514,220.644,-91.284,0.020,179.999
956782607.823161,-125.545,508.514,220.644,-91.284,0.020,179.999
956782607.844108,-125.545,508.514,220.644,-91.284,0.020,179.999
956782607.864767,-125.545,508.514,220.644,-91.284,0.020,179.999
956782607.889959,-125.545,508.514,220.644,-91.284,0.020,179.999
956782607.910892,-125.545,508.514,220.644,-91.284,0.020,179.999
956782607.926880,-125.545,508.514,220.644,-91.284,0.020,179.999
956782607.943344,-125.545,508.514,220.644,-91.284,0.020,179.999
956782607.967958,-125.545,508.514,220.644,-91.284,0.020,179.999
956782607.989069,-125.545,508.514,220.644,-91.284,0.020,179.999
956782608.005350,-125.545,508.514,220.644,-91.284,0.020,179.999
956782608.027000,-125.545,508.514,220.644,-91.284,0.020,179.999
956782608.048988,-125.545,508.514,220.644,-91.284,0.020,179.999
956782608.067079,-125.545,508.514,220.644,-91.284,0.020,179.999
956782608.089172,-125.545,508.514,220.644,-91.284,0.020,179.999
956782608.105533,-125.545,508.514,220.644,-91.284,0.020,179.999
956782608.133142,-125.545,508.514,220.644,-91.284,0.020,179.999
956782608.151226,-125.545,508.514,220.644,-91.284,0.020,179.999
956782608.167569,-125.545,508.514,220.644,-91.284,0.020,179.999
956782608.188721,-125.545,508.514,220.644,-91.284,0.020,179.999
956782608.212498,-125.545,508.514,220.644,-91.284,0.020,179.999
956782608.232897,-125.545,508.514,220.644,-91.284,0.020,179.999
956782608.254225,-125.545,508.514,220.644,-91.284,0.020,179.999
956782608.270859,-125.545,508.514,220.644,-91.284,0.020,179.999
956782608.292274,-125.545,508.514,220.644,-91.284,0.020,179.999
956782608.313509,-125.545,508.514,220.644,-91.284,0.020,179.999
956782608.333846,-125.545,508.514,220.644,-91.284,0.020,179.999
956782608.350506,-125.545,508.514,220.644,-91.284,0.020,179.999
956782608.374638,-125.545,508.514,220.644,-91.284,0.020,179.999
956782608.394736,-125.545,508.514,220.644,-91.284,0.020,179.999
956782608.414870,-125.545,508.514,220.644,-91.284,0.020,179.999
956782608.436088,-125.545,508.514,220.644,-91.284,0.020,179.999
956782608.452045,-125.545,508.514,220.644,-91.284,0.020,179.999
956782608.472245,-125.545,508.514,220.644,-91.284,0.020,179.999
956782608.492647,-125.545,508.514,220.644,-91.284,0.020,179.999
956782608.507971,-125.545,508.514,220.644,-91.284,0.020,179.999
956782608.532113,-125.545,508.514,220.644,-91.284,0.020,179.999
956782608.552738,-125.545,508.514,220.644,-91.284,0.020,179.999
956782608.569090,-125.545,508.514,220.644,-91.284,0.020,179.999
956782608.591943,-125.545,508.514,220.644,-91.284,0.020,179.999
956782608.612725,-125.545,508.514,220.644,-91.284,0.020,179.999
956782608.636936,-125.545,508.514,220.644,-91.284,0.020,179.999
956782608.653927,-125.545,508.514,220.644,-91.284,0.020,179.999
956782608.670990,-125.545,508.514,220.644,-91.284,0.020,179.999
956782608.693182,-125.545,508.514,220.644,-91.284,0.020,179.999
956782608.709948,-125.545,508.514,220.644,-91.284,0.020,179.999
956782608.733996,-125.545,508.514,220.644,-91.284,0.020,179.999
956782608.757538,-125.545,508.514,220.644,-91.284,0.020,179.999
956782608.773345,-125.545,508.514,220.644,-91.284,0.020,179.999
956782608.793971,-125.545,508.514,220.644,-91.284,0.020,179.999
956782608.819250,-125.545,508.514,220.644,-91.284,0.020,179.999
956782608.839490,-125.545,508.514,220.644,-91.284,0.020,179.999
956782608.859472,-125.545,508.514,220.644,-91.284,0.020,179.999
956782608.879327,-125.545,508.514,220.644,-91.284,0.020,179.999
956782608.899840,-125.545,508.514,220.644,-91.284,0.020,179.999
956782608.919968,-125.545,508.514,220.644,-91.284,0.020,179.999
956782608.936089,-125.545,508.514,220.644,-91.284,0.020,179.999
956782608.953614,-125.545,508.514,220.644,-91.284,0.020,179.999
956782608.972667,-125.545,508.514,220.644,-91.284,0.020,179.999
956782608.996006,-125.545,508.514,220.644,-91.284,0.020,179.999
956782609.016228,-125.545,508.514,220.644,-91.284,0.020,179.999
956782609.036612,-125.545,508.514,220.644,-91.284,0.020,179.999
956782609.057707,-125.545,508.514,220.644,-91.284,0.020,179.999
956782609.074162,-125.545,508.514,220.644,-91.284,0.020,179.999
956782609.091331,-125.545,508.514,220.644,-91.284,0.020,179.999
956782609.106892,-125.545,508.514,220.644,-91.284,0.020,179.999
956782609.125240,-125.545,508.514,220.644,-91.284,0.020,179.999
956782609.149222,-125.545,508.514,220.644,-91.284,0.020,179.999
956782609.166895,-125.545,508.514,220.644,-91.284,0.020,179.999
956782609.184599,-125.545,508.514,220.644,-91.284,0.020,179.999
956782609.206097,-125.545,508.514,220.644,-91.284,0.020,179.999
956782609.228835,-125.545,508.514,220.644,-91.284,0.020,179.999
956782609.248371,-125.545,508.514,220.644,-91.284,0.020,179.999
956782609.264646,-125.545,508.514,220.644,-91.284,0.020,179.999
956782609.287077,-125.545,508.514,220.644,-91.284,0.020,179.999
956782609.313323,-125.545,508.514,220.644,-91.284,0.020,179.999
956782609.329672,-125.545,508.514,220.644,-91.284,0.020,179.999
956782609.350804,-125.545,508.514,220.644,-91.284,0.020,179.999
956782609.373461,-125.545,508.514,220.644,-91.284,0.020,179.999
956782609.395966,-125.545,508.514,220.644,-91.284,0.020,179.999
956782609.412749,-125.545,508.514,220.644,-91.284,0.020,179.999
956782609.437274,-125.545,508.514,220.644,-91.284,0.020,179.999
956782609.459515,-125.545,508.514,220.644,-91.284,0.020,179.999
956782609.481990,-125.545,508.514,220.644,-91.284,0.020,179.999
956782609.502556,-125.545,508.514,220.644,-91.284,0.020,179.999
956782609.518827,-125.545,508.514,220.644,-91.284,0.020,179.999
956782609.539592,-125.545,508.514,220.644,-91.284,0.020,179.999
956782609.559930,-125.545,508.514,220.644,-91.284,0.020,179.999
956782609.575637,-125.545,508.514,220.644,-91.284,0.020,179.999
956782609.592410,-125.545,508.514,220.644,-91.284,0.020,179.999
956782609.608307,-125.545,508.514,220.644,-91.284,0.020,179.999
956782609.630966,-125.545,508.514,220.644,-91.284,0.020,179.999
956782609.651336,-125.545,508.514,220.644,-91.284,0.020,179.999
956782609.668280,-125.545,508.514,220.644,-91.284,0.020,179.999
956782609.685458,-125.545,508.514,220.644,-91.284,0.020,179.999
956782609.705510,-125.545,508.514,220.644,-91.284,0.020,179.999
956782609.726242,-125.545,508.514,220.644,-91.284,0.020,179.999
956782609.746393,-125.545,508.514,220.644,-91.284,0.020,179.999
956782609.766240,-125.545,508.514,220.644,-91.284,0.020,179.999
956782609.783072,-125.545,508.514,220.644,-91.284,0.020,179.999
956782609.806670,-125.545,508.514,220.644,-91.284,0.020,179.999
956782609.826591,-125.545,508.514,220.644,-91.284,0.020,179.999
956782609.846523,-125.545,508.514,220.644,-91.284,0.020,179.999
956782609.866556,-125.545,508.514,220.644,-91.284,0.020,179.999
956782609.887331,-125.545,508.514,220.644,-91.284,0.020,179.999
956782609.910349,-125.545,508.514,220.644,-91.284,0.020,179.999
956782609.926897,-125.545,508.514,220.644,-91.284,0.020,179.999
956782609.947303,-125.545,508.514,220.644,-91.284,0.020,179.999
956782609.963635,-125.545,508.514,220.644,-91.284,0.020,179.999
956782609.989760,-125.545,508.514,220.644,-91.284,0.020,179.999
956782611.797746,-125.545,508.514,220.644,-91.284,0.020,179.999
956782611.821438,-125.545,508.514,220.644,-91.284,0.020,179.999
956782611.839926,-125.545,508.514,220.644,-91.284,0.020,179.999
956782611.864897,-125.545,508.514,220.644,-91.284,0.020,179.999
956782611.889169,-125.545,508.514,220.644,-91.284,0.020,179.999
956782611.906741,-125.545,508.514,220.644,-91.284,0.020,179.999
956782611.927241,-125.545,508.514,220.644,-91.284,0.020,179.999
956782611.944535,-125.545,508.514,220.644,-91.284,0.020,179.999
956782611.970038,-125.545,508.514,220.644,-91.284,0.020,179.999
956782611.991098,-125.545,508.514,220.644,-91.284,0.020,179.999
956782612.015757,-125.545,508.514,220.644,-91.284,0.020,179.999
956782612.037257,-125.545,508.514,220.644,-91.284,0.020,179.999
956782612.062541,-125.545,508.514,220.644,-91.284,0.020,179.999
956782612.083731,-125.545,508.514,220.644,-91.284,0.020,179.999
956782612.104028,-125.545,508.514,220.644,-91.284,0.020,179.999
956782612.126832,-125.545,508.514,220.644,-91.284,0.020,179.999
956782612.147430,-125.545,508.514,220.644,-91.284,0.020,179.999
956782612.172208,-125.545,508.514,220.644,-91.284,0.020,179.999
956782612.193373,-125.545,508.514,220.644,-91.284,0.020,179.999
956782612.210921,-125.545,508.514,220.644,-91.284,0.020,179.999
956782612.235123,-125.545,508.514,220.644,-91.284,0.020,179.999
956782612.255744,-125.545,508.514,220.644,-91.284,0.020,179.999
956782612.273037,-125.545,508.514,220.644,-91.284,0.020,179.999
956782612.297733,-125.545,508.514,220.644,-91.284,0.020,179.999
956782612.318318,-125.545,508.514,220.644,-91.284,0.020,179.999
956782612.340238,-125.545,508.514,220.644,-91.284,0.020,179.999
956782612.362196,-125.545,508.514,220.644,-91.284,0.020,179.999
956782612.384087,-125.545,508.514,220.644,-91.284,0.020,179.999
956782612.405720,-125.545,508.514,220.644,-91.284,0.020,179.999
956782612.426528,-125.545,508.514,220.644,-91.284,0.020,179.999
956782612.447699,-125.545,508.514,220.644,-91.284,0.020,179.999
956782612.468945,-125.545,508.514,220.644,-91.284,0.020,179.999
956782612.490391,-125.545,508.514,220.644,-91.284,0.020,179.999
956782612.512275,-125.545,508.514,220.644,-91.284,0.020,179.999
956782612.533746,-125.545,508.514,220.644,-91.284,0.020,179.999
956782612.555377,-125.545,508.514,220.644,-91.284,0.020,179.999
956782612.573448,-125.545,508.514,220.644,-91.284,0.020,179.999
956782612.597584,-125.545,508.514,220.644,-91.284,0.020,179.999
956782612.619450,-125.545,508.514,220.644,-91.284,0.020,179.999
956782612.640745,-125.545,508.514,220.644,-91.284,0.020,179.999
956782612.662694,-125.545,508.514,220.644,-91.284,0.020,179.999
956782612.681233,-125.545,508.514,220.644,-91.284,0.020,179.999
956782612.702845,-125.545,508.514,220.644,-91.284,0.020,179.999
956782612.723315,-125.545,508.514,220.644,-91.284,0.020,179.999
956782612.740956,-125.545,508.514,220.644,-91.284,0.020,179.999
956782612.757715,-125.545,508.514,220.644,-91.284,0.020,179.999
956782612.778657,-125.545,508.514,220.644,-91.284,0.020,179.999
956782612.795843,-125.545,508.514,220.644,-91.284,0.020,179.999
956782612.812896,-125.545,508.514,220.644,-91.284,0.020,179.999
956782612.833261,-125.545,508.514,220.644,-91.284,0.020,179.999
956782612.854337,-125.545,508.514,220.644,-91.284,0.020,179.999
956782612.872495,-125.545,508.514,220.644,-91.284,0.020,179.999
956782612.893107,-125.545,508.514,220.644,-91.284,0.020,179.999
956782612.913468,-125.545,508.514,220.644,-91.284,0.020,179.999
956782612.933873,-125.545,508.514,220.644,-91.284,0.020,179.999
956782612.955660,-125.545,508.514,220.644,-91.284,0.020,179.999
956782612.973069,-125.545,508.514,220.644,-91.284,0.020,179.999
956782612.993389,-125.545,508.514,220.644,-91.284,0.020,179.999
956782613.013696,-125.545,508.514,220.644,-91.284,0.020,179.999
956782613.034459,-125.545,508.514,220.644,-91.284,0.020,179.999
956782613.051965,-125.545,508.514,220.644,-91.284,0.020,179.999
956782613.072108,-125.545,508.514,220.644,-91.284,0.020,179.999
956782613.092577,-125.545,508.514,220.644,-91.284,0.020,179.999
956782613.112730,-125.545,508.514,220.644,-91.284,0.020,179.999
956782613.129446,-125.545,508.514,220.644,-91.284,0.020,179.999
956782613.149373,-125.545,508.514,220.644,-91.284,0.020,179.999
956782613.170060,-125.545,508.514,220.644,-91.284,0.020,179.999
956782613.193635,-125.545,508.514,220.644,-91.284,0.020,179.999
956782613.219540,-125.545,508.514,220.644,-91.284,0.020,179.999
956782613.237168,-125.545,508.514,220.644,-91.284,0.020,179.999
956782613.257197,-125.545,508.514,220.644,-91.284,0.020,179.999
956782613.277087,-125.545,508.514,220.644,-91.284,0.020,179.999
956782613.297707,-125.545,508.514,220.644,-91.284,0.020,179.999
956782613.319193,-125.545,508.514,220.644,-91.284,0.020,179.999
956782613.337583,-125.545,508.514,220.644,-91.284,0.020,179.999
956782613.357317,-125.545,508.514,220.644,-91.284,0.020,179.999
956782613.383589,-125.545,508.514,220.644,-91.284,0.020,179.999
956782613.404893,-125.545,508.514,220.644,-91.284,0.020,179.999
956782613.426322,-125.545,508.514,220.644,-91.284,0.020,179.999
956782613.448763,-125.545,508.514,220.644,-91.284,0.020,179.999
956782613.466892,-125.545,508.514,220.644,-91.284,0.020,179.999
956782613.484899,-125.545,508.514,220.644,-91.284,0.020,179.999
956782613.508729,-125.545,508.514,220.644,-91.284,0.020,179.999
956782613.529647,-125.545,508.514,220.644,-91.284,0.020,179.999
956782613.551231,-125.545,508.514,220.644,-91.284,0.020,179.999
956782613.572209,-125.545,508.514,220.644,-91.284,0.020,179.999
956782613.593292,-125.545,508.514,220.644,-91.284,0.020,179.999
956782862.722896,-126.996,512.532,220.792,-90.000,0.020,179.999
956782862.753531,-126.996,512.532,220.792,-90.000,0.020,179.999
956782862.774231,-126.986,512.543,220.784,-89.996,0.020,179.999
956782862.802162,-126.914,512.643,220.704,-89.960,0.020,179.999
956782862.825533,-126.877,512.697,220.661,-89.942,0.020,179.999
956782862.849196,-126.835,512.756,220.612,-89.921,0.020,179.999
956782862.874365,-126.783,512.838,220.543,-89.895,0.020,179.999
956782862.897144,-126.746,512.898,220.490,-89.875,0.020,179.999
956782862.920141,-126.711,512.960,220.436,-89.857,0.020,179.999
956782862.943362,-126.679,513.022,220.381,-89.838,0.020,179.999
956782862.966198,-126.648,513.085,220.327,-89.820,0.020,179.999
956782862.989193,-126.620,513.149,220.271,-89.803,0.020,179.999
956782863.012192,-126.594,513.213,220.216,-89.786,0.020,179.999
956782863.035256,-126.568,513.276,220.160,-89.769,0.020,179.999
956782863.053263,-126.557,513.303,220.135,-89.762,0.020,179.999
956782863.070127,-126.547,513.327,220.115,-89.756,0.020,179.999
956782863.087223,-126.540,513.348,220.094,-89.750,0.020,179.999
956782863.104250,-126.533,513.370,220.073,-89.744,0.020,179.999
956782863.126171,-126.515,513.429,220.022,-89.730,0.020,179.999
956782863.148186,-126.496,513.485,219.973,-89.716,0.020,179.999
956782863.168047,-126.489,513.509,219.949,-89.711,0.019,179.999
956782863.190145,-126.471,513.573,219.895,-89.696,0.020,179.999
956782863.213362,-126.454,513.638,219.838,-89.681,0.020,179.999
956782863.237297,-126.434,513.712,219.775,-89.664,0.020,179.999
956782863.259338,-126.420,513.769,219.724,-89.651,0.020,179.999
956782863.282105,-126.405,513.834,219.667,-89.637,0.020,179.999
956782863.305351,-126.389,513.901,219.609,-89.622,0.020,179.999
956782863.327214,-126.375,513.958,219.558,-89.609,0.020,179.999
956782863.349165,-126.361,514.017,219.507,-89.596,0.020,179.999
956782863.371178,-126.347,514.074,219.456,-89.583,0.020,179.999
956782863.393196,-126.334,514.133,219.404,-89.571,0.020,179.999
956782863.420141,-126.313,514.228,219.321,-89.550,0.020,179.999
956782863.442920,-126.298,514.301,219.256,-89.535,0.020,179.999
956782863.468669,-126.284,514.369,219.197,-89.520,0.020,179.999
956782863.489997,-126.273,514.427,219.148,-89.508,0.020,179.999
956782863.519189,-126.256,514.507,219.076,-89.491,0.020,179.999
956782863.541192,-126.244,514.567,219.025,-89.478,0.020,179.999
956782863.571929,-126.224,514.672,218.933,-89.456,0.020,179.999
956782863.595342,-126.209,514.746,218.872,-89.441,0.020,179.999
956782863.612154,-126.204,514.770,218.850,-89.436,0.020,179.999
956782863.641041,-126.187,514.859,218.771,-89.417,0.020,179.999
956782863.662389,-126.177,514.910,218.728,-89.407,0.020,179.999
956782863.686850,-126.164,514.983,218.661,-89.391,0.020,179.999
956782863.710366,-126.152,515.050,218.604,-89.378,0.020,179.999
956782863.732147,-126.142,515.107,218.554,-89.365,0.020,179.999
956782863.754274,-126.133,515.165,218.502,-89.353,0.020,179.999
956782863.778290,-126.121,515.232,218.443,-89.339,0.020,179.999
956782863.800201,-126.111,515.289,218.393,-89.327,0.020,179.999
956782863.822793,-126.102,515.348,218.340,-89.315,0.020,179.999
956782863.844623,-126.092,515.404,218.289,-89.303,0.020,179.999
956782863.866164,-126.082,515.462,218.237,-89.291,0.020,179.999
956782863.887134,-126.074,515.514,218.191,-89.281,0.020,179.999
956782863.913831,-126.060,515.601,218.113,-89.263,0.020,179.999
956782863.937148,-126.050,515.666,218.057,-89.249,0.020,179.999
956782863.960253,-126.041,515.732,217.999,-89.236,0.020,179.999
956782863.979954,-126.038,515.755,217.975,-89.231,0.020,179.999
956782864.007347,-126.022,515.858,217.887,-89.211,0.020,179.999
956782864.029277,-126.014,515.916,217.836,-89.199,0.020,179.999
956782864.051286,-126.006,515.973,217.784,-89.187,0.020,179.999
956782864.073201,-125.999,516.032,217.733,-89.175,0.020,179.999
956782864.090092,-125.996,516.054,217.712,-89.170,0.021,179.999
956782864.113588,-125.986,516.120,217.655,-89.157,0.021,179.999
956782864.135903,-125.977,516.187,217.597,-89.144,0.021,179.999
956782864.156907,-125.969,516.244,217.545,-89.133,0.021,179.999
956782864.174025,-125.966,516.269,217.524,-89.128,0.021,179.999
956782864.194940,-125.959,516.327,217.473,-89.116,0.021,179.999
956782864.217779,-125.949,516.394,217.412,-89.103,0.021,179.999
956782864.238882,-125.942,516.453,217.362,-89.092,0.021,179.999
956782864.256884,-125.937,516.490,217.329,-89.085,0.021,179.999
956782864.277897,-125.931,516.539,217.283,-89.075,0.021,179.999
956782864.298912,-125.927,516.576,217.250,-89.068,0.021,179.999
956782864.321889,-125.918,516.651,217.185,-89.053,0.021,179.999
956782864.338902,-125.914,516.674,217.164,-89.049,0.021,179.999
956782864.361647,-125.907,516.739,217.103,-89.036,0.021,179.999
956782864.383832,-125.901,516.797,217.052,-89.025,0.021,179.999
956782864.400916,-125.898,516.818,217.034,-89.020,0.021,179.999
956782864.430447,-125.885,516.935,216.930,-88.998,0.021,179.999
956782864.454874,-125.877,517.019,216.860,-88.982,0.021,179.999
956782864.478904,-125.868,517.099,216.789,-88.967,0.022,179.999
956782864.503050,-125.859,517.180,216.717,-88.952,0.021,179.999
956782864.523115,-125.853,517.232,216.671,-88.942,0.021,179.999
956782864.544981,-125.848,517.290,216.620,-88.931,0.022,179.999
956782864.566947,-125.842,517.356,216.561,-88.919,0.022,179.999
956782864.588946,-125.837,517.422,216.502,-88.906,0.022,179.999
956782864.605913,-125.834,517.451,216.476,-88.901,0.022,179.999
956782864.626905,-125.829,517.511,216.423,-88.890,0.022,179.999
956782864.649889,-125.822,517.586,216.357,-88.876,0.022,179.999
956782864.665921,-125.821,517.600,216.343,-88.873,0.021,179.999
956782864.690543,-125.815,517.658,216.290,-88.862,0.021,179.999
956782864.713207,-125.810,517.724,216.233,-88.850,0.021,179.999
956782864.736417,-125.804,517.784,216.182,-88.840,0.022,179.999
956782864.768141,-125.798,517.872,216.103,-88.823,0.022,179.999
956782864.794074,-125.793,517.937,216.043,-88.811,0.021,179.999
956782864.816268,-125.788,518.003,215.986,-88.799,0.022,179.999
956782864.840625,-125.784,518.060,215.932,-88.788,0.022,179.999
956782864.868159,-125.776,518.165,215.843,-88.769,0.022,179.999
956782864.895197,-125.770,518.252,215.763,-88.753,0.022,179.999
956782864.919240,-125.765,518.324,215.699,-88.740,0.022,179.999
956782864.939260,-125.764,518.334,215.689,-88.738,0.022,179.999
956782864.964098,-125.758,518.401,215.628,-88.726,0.021,179.999
956782864.988902,-125.754,518.481,215.559,-88.712,0.022,179.999
956782865.014118,-125.748,518.570,215.480,-88.696,0.022,179.999
956782865.037904,-125.743,518.644,215.416,-88.683,0.022,179.999
956782865.059892,-125.740,518.711,215.356,-88.671,0.022,179.999
956782865.081902,-125.737,518.777,215.297,-88.659,0.022,179.999
956782865.103984,-125.733,518.836,215.244,-88.648,0.022,179.999
956782865.120892,-125.732,518.864,215.218,-88.643,0.022,179.999
956782865.142905,-125.729,518.931,215.160,-88.631,0.022,179.999
956782865.168923,-125.726,518.995,215.100,-88.619,0.022,179.999
956782865.190888,-125.723,519.061,215.043,-88.607,0.022,179.999
956782865.207886,-125.722,519.090,215.015,-88.602,0.022,179.999
956782865.236125,-125.719,519.194,214.920,-88.584,0.021,180.000
956782865.257896,-125.716,519.262,214.863,-88.572,0.021,180.000
956782865.280760,-125.713,519.328,214.802,-88.561,0.021,180.000
956782865.303602,-125.710,519.395,214.746,-88.549,0.022,180.000
956782865.325891,-125.708,519.456,214.693,-88.539,0.022,180.000
956782865.348420,-125.705,519.521,214.634,-88.527,0.022,180.000
956782865.364901,-125.704,519.543,214.612,-88.523,0.022,180.000
956782865.385933,-125.703,519.601,214.559,-88.512,0.022,180.000
956782865.407955,-125.702,519.667,214.501,-88.501,0.022,180.000
956782865.429891,-125.701,519.730,214.440,-88.489,0.021,180.000
956782865.451966,-125.700,519.795,214.381,-88.478,0.021,180.000
956782865.474450,-125.699,519.862,214.323,-88.466,0.021,180.000
956782865.490834,-125.698,519.884,214.302,-88.462,0.021,180.000
956782865.513438,-125.697,519.950,214.243,-88.450,0.021,180.000
956782865.535916,-125.695,520.011,214.190,-88.440,0.021,180.000
956782865.552994,-125.695,520.041,214.165,-88.435,0.022,180.000
956782865.577595,-125.693,520.099,214.110,-88.425,0.021,180.000
956782865.598893,-125.692,520.156,214.059,-88.415,0.022,180.000
956782865.621428,-125.691,520.222,213.999,-88.403,0.021,180.000
956782865.644497,-125.690,520.288,213.937,-88.392,0.021,180.000
956782865.666933,-125.689,520.352,213.880,-88.381,0.021,180.000
956782865.689538,-125.688,520.418,213.822,-88.369,0.021,180.000
956782865.713473,-125.688,520.467,213.772,-88.361,0.021,180.000
956782865.728886,-125.688,520.477,213.762,-88.358,0.021,180.000
956782865.750025,-125.687,520.535,213.710,-88.348,0.021,180.000
956782865.772120,-125.685,520.594,213.658,-88.338,0.021,180.000
956782865.795058,-125.684,520.658,213.598,-88.327,0.021,180.000
956782865.813781,-125.684,520.688,213.568,-88.322,0.021,180.000
956782865.836230,-125.685,520.748,213.517,-88.312,0.021,180.000
956782865.858723,-125.685,520.805,213.462,-88.302,0.021,180.000
956782865.883064,-125.684,520.872,213.402,-88.291,0.020,180.000
956782865.906148,-125.683,520.939,213.344,-88.280,0.021,180.000
956782865.930152,-125.683,521.011,213.278,-88.267,0.021,180.000
956782865.956324,-125.683,521.099,213.201,-88.253,0.021,180.000
956782865.974250,-125.682,521.130,213.173,-88.248,0.021,180.000
956782865.991162,-125.681,521.154,213.153,-88.244,0.021,180.000
956782866.008229,-125.682,521.176,213.131,-88.240,0.021,180.000
956782866.025876,-125.683,521.199,213.108,-88.235,0.021,180.000
956782866.049400,-125.684,521.264,213.049,-88.224,0.021,180.000
956782866.072193,-125.685,521.324,212.998,-88.215,0.021,180.000
956782866.098364,-125.686,521.388,212.936,-88.204,0.021,180.000
956782866.122149,-125.685,521.418,212.910,-88.199,0.021,180.000
956782866.144296,-125.686,521.475,212.857,-88.189,0.021,180.000
956782866.167423,-125.687,521.540,212.799,-88.178,0.021,180.000
956782866.187737,-125.686,521.569,212.770,-88.173,0.021,180.000
956782866.206899,-125.686,521.605,212.739,-88.167,0.021,180.000
956782866.226883,-125.686,521.655,212.693,-88.159,0.021,180.000
956782866.244936,-125.686,521.691,212.660,-88.153,0.021,180.000
956782866.270969,-125.689,521.788,212.576,-88.137,0.021,180.000
956782866.294914,-125.690,521.871,212.504,-88.124,0.021,180.000
956782866.317952,-125.692,521.944,212.439,-88.112,0.022,180.000
956782866.339021,-125.694,521.980,212.406,-88.106,0.022,180.000
956782866.364091,-125.696,522.070,212.328,-88.091,0.022,180.000
956782866.385909,-125.697,522.127,212.275,-88.082,0.022,180.000
956782866.406894,-125.698,522.163,212.242,-88.076,0.022,180.000
956782866.425148,-125.700,522.199,212.210,-88.070,0.022,180.000
956782866.451069,-125.702,522.287,212.130,-88.055,0.022,180.000
956782866.473996,-125.704,522.361,212.064,-88.044,0.022,180.000
956782866.497883,-125.706,522.444,211.992,-88.031,0.022,180.000
956782866.514006,-125.707,522.467,211.972,-88.027,0.022,180.000
956782866.536427,-125.708,522.531,211.912,-88.016,0.022,180.000
956782866.560173,-125.709,522.597,211.851,-88.005,0.022,180.000
956782866.575920,-125.710,522.611,211.840,-88.003,0.023,180.000
956782866.599881,-125.711,522.690,211.768,-87.990,0.022,180.000
956782866.620892,-125.714,522.748,211.716,-87.980,0.022,180.000
956782866.643040,-125.715,522.815,211.656,-87.970,0.022,180.000
956782866.666006,-125.717,522.887,211.591,-87.958,0.022,180.000
956782866.689898,-125.718,522.967,211.519,-87.946,0.022,180.000
956782866.709919,-125.721,523.018,211.474,-87.937,0.023,180.000
956782866.735930,-125.724,523.115,211.389,-87.922,0.023,180.000
956782866.759960,-125.728,523.196,211.317,-87.909,0.023,180.000
956782866.784262,-125.730,523.254,211.265,-87.899,0.023,180.000
956782866.806144,-125.733,523.311,211.213,-87.890,0.023,180.000
956782866.831878,-125.736,523.378,211.150,-87.879,0.022,180.000
956782866.854262,-125.740,523.442,211.094,-87.869,0.022,180.000
956782866.871094,-125.741,523.465,211.071,-87.865,0.022,180.000
956782866.899940,-125.745,523.554,210.990,-87.850,0.022,180.000
956782866.922074,-125.748,523.619,210.933,-87.840,0.022,180.000
956782866.944843,-125.751,523.678,210.880,-87.831,0.022,180.000
956782866.968719,-125.754,523.736,210.826,-87.821,0.022,180.000
956782866.991163,-125.757,523.801,210.769,-87.811,0.022,180.000
956782867.014345,-125.760,523.866,210.711,-87.800,0.022,180.000
956782867.033284,-125.762,523.894,210.682,-87.795,0.022,180.000
956782867.056150,-125.765,523.960,210.624,-87.785,0.022,180.000
956782867.074642,-125.766,523.988,210.595,-87.780,0.022,180.000
956782867.102154,-125.771,524.092,210.504,-87.764,0.022,180.000
956782867.125097,-125.774,524.142,210.458,-87.756,0.022,180.000
956782867.148175,-125.777,524.209,210.399,-87.745,0.022,180.000
956782867.173583,-125.780,524.277,210.337,-87.735,0.022,180.000
956782867.196133,-125.784,524.341,210.281,-87.724,0.022,180.000
956782867.219707,-125.787,524.407,210.218,-87.714,0.022,180.000
956782867.243432,-125.790,524.481,210.155,-87.702,0.022,180.000
956782867.266160,-125.794,524.546,210.095,-87.692,0.022,180.000
956782867.283328,-125.795,524.569,210.072,-87.688,0.022,180.000
956782867.309774,-125.798,524.643,210.005,-87.677,0.021,180.000
956782867.337142,-125.803,524.745,209.916,-87.661,0.022,180.000
956782867.360139,-125.806,524.795,209.870,-87.653,0.022,180.000
956782867.383326,-125.809,524.860,209.809,-87.643,0.022,180.000
956782867.408941,-125.812,524.925,209.748,-87.633,0.021,180.000
956782867.430259,-125.815,524.982,209.698,-87.624,0.022,180.000
956782867.452770,-125.818,525.041,209.642,-87.614,0.021,180.000
956782867.475322,-125.821,525.098,209.591,-87.605,0.021,180.000
956782867.497988,-125.824,525.163,209.533,-87.595,0.022,180.000
956782867.525034,-125.829,525.266,209.441,-87.579,0.022,180.000
956782867.549944,-125.833,525.355,209.361,-87.566,0.022,180.000
956782867.567951,-125.835,525.392,209.327,-87.560,0.021,180.000
956782867.594014,-125.840,525.486,209.243,-87.546,0.022,180.000
956782867.616449,-125.841,525.516,209.215,-87.541,0.022,180.000
956782867.638893,-125.844,525.583,209.156,-87.531,0.022,180.000
956782867.663097,-125.848,525.663,209.084,-87.519,0.022,180.000
956782867.687012,-125.852,525.743,209.013,-87.506,0.022,180.000
956782867.709858,-125.856,525.815,208.946,-87.495,0.022,180.000
956782867.732946,-125.859,525.889,208.880,-87.484,0.022,180.000
956782867.753055,-125.861,525.925,208.845,-87.479,0.021,180.000
956782867.775010,-125.864,525.991,208.786,-87.469,0.021,180.000
956782867.792020,-125.865,526.013,208.764,-87.465,0.021,180.000
956782867.814265,-125.868,526.071,208.710,-87.456,0.021,180.000
956782867.837130,-125.872,526.138,208.651,-87.446,0.021,180.000
956782867.860144,-125.877,526.210,208.586,-87.435,0.021,180.000
956782867.877203,-125.878,526.231,208.563,-87.431,0.021,180.000
956782867.899797,-125.881,526.288,208.508,-87.422,0.021,180.000
956782867.923809,-125.886,526.354,208.448,-87.412,0.021,180.000
956782867.947136,-125.892,526.418,208.391,-87.402,0.021,180.000
956782867.970238,-125.897,526.483,208.332,-87.391,0.021,180.000
956782867.992976,-125.902,526.541,208.276,-87.382,0.021,180.000
956782868.011224,-125.904,526.576,208.245,-87.377,0.021,180.000
956782868.028207,-125.905,526.598,208.223,-87.373,0.021,180.000
956782868.050144,-125.910,526.656,208.171,-87.364,0.021,180.000
956782868.072142,-125.915,526.715,208.118,-87.355,0.021,180.000
956782868.095279,-125.920,526.779,208.059,-87.345,0.021,180.000
956782868.113350,-125.922,526.809,208.031,-87.340,0.021,180.000
956782868.136787,-125.927,526.876,207.970,-87.330,0.021,180.000
956782868.160918,-125.932,526.941,207.912,-87.320,0.021,180.000
956782868.183325,-125.938,527.007,207.854,-87.310,0.021,180.000
956782868.201085,-125.939,527.035,207.828,-87.305,0.021,180.000
956782868.223357,-125.944,527.094,207.774,-87.296,0.021,180.000
956782868.241114,-125.946,527.123,207.748,-87.292,0.021,180.000
956782868.268261,-125.952,527.218,207.662,-87.278,0.021,180.000
956782868.287107,-125.954,527.255,207.627,-87.272,0.021,180.000
956782868.314188,-125.962,527.359,207.534,-87.256,0.021,180.000
956782868.336146,-125.966,527.415,207.481,-87.247,0.021,180.000
956782868.361991,-125.972,527.480,207.418,-87.237,0.021,180.000
956782868.384164,-125.977,527.540,207.367,-87.228,0.021,180.000
956782868.401102,-125.978,527.562,207.346,-87.225,0.021,180.000
956782868.423336,-125.983,527.621,207.293,-87.216,0.021,180.000
956782868.440647,-125.984,527.645,207.270,-87.213,0.021,180.000
956782868.463794,-125.989,527.708,207.210,-87.203,0.021,180.000
956782868.486140,-125.994,527.765,207.160,-87.193,0.021,-180.000
956782868.509815,-126.000,527.831,207.098,-87.183,0.021,-180.000
956782868.534650,-126.005,527.895,207.038,-87.173,0.021,-180.000
956782868.552428,-126.006,527.919,207.018,-87.170,0.021,-180.000
956782868.574355,-126.011,527.975,206.965,-87.161,0.021,-180.000
956782868.600805,-126.017,528.049,206.896,-87.150,0.021,-180.000
956782868.623330,-126.022,528.115,206.839,-87.140,0.021,-180.000
956782868.646187,-126.028,528.182,206.780,-87.130,0.021,-180.000
956782868.669291,-126.033,528.246,206.721,-87.120,0.021,-180.000
956782868.692182,-126.039,528.312,206.661,-87.110,0.021,-180.000
956782868.715082,-126.044,528.380,206.602,-87.100,0.021,-180.000
956782868.734050,-126.046,528.410,206.574,-87.096,0.021,-180.000
956782868.775260,-126.056,528.534,206.463,-87.077,0.021,-180.000
956782868.803330,-126.062,528.621,206.385,-87.064,0.021,-180.000
956782868.820136,-126.063,528.643,206.363,-87.061,0.021,-180.000
956782868.848125,-126.070,528.723,206.289,-87.048,0.021,-180.000
956782868.872901,-126.075,528.796,206.225,-87.038,0.021,-180.000
956782868.895915,-126.081,528.870,206.159,-87.027,0.021,-180.000
956782868.919926,-126.086,528.930,206.107,-87.018,0.021,-180.000
956782868.944147,-126.091,528.980,206.059,-87.010,0.021,-180.000
956782868.972939,-126.101,529.098,205.956,-86.993,0.022,-180.000
956782868.994057,-126.106,529.156,205.903,-86.984,0.022,-180.000
956782869.015931,-126.111,529.219,205.843,-86.974,0.021,-180.000
956782869.038914,-126.117,529.291,205.777,-86.963,0.021,-180.000
956782869.061904,-126.123,529.364,205.710,-86.952,0.021,-180.000
956782869.084032,-126.128,529.422,205.657,-86.944,0.021,-180.000
956782869.108872,-126.136,529.512,205.578,-86.930,0.022,-180.000
956782869.130974,-126.142,529.576,205.519,-86.921,0.022,-180.000
956782869.153973,-126.148,529.649,205.452,-86.910,0.022,-180.000
956782869.173530,-126.152,529.687,205.417,-86.904,0.021,-180.000
956782869.195906,-126.157,529.750,205.360,-86.894,0.022,-180.000
956782869.218674,-126.162,529.817,205.297,-86.884,0.021,-180.000
956782869.243183,-126.168,529.883,205.238,-86.875,0.021,-180.000
956782869.259983,-126.169,529.906,205.219,-86.871,0.022,-180.000
956782869.281881,-126.174,529.970,205.160,-86.862,0.022,-180.000
956782869.304920,-126.180,530.034,205.101,-86.852,0.022,-180.000
956782869.325899,-126.184,530.072,205.067,-86.846,0.022,-180.000
956782869.347909,-126.189,530.136,205.008,-86.837,0.022,-180.000
956782869.370062,-126.194,530.202,204.947,-86.827,0.022,-180.000
956782869.393125,-126.200,530.276,204.881,-86.816,0.022,-180.000
956782869.415911,-126.205,530.340,204.822,-86.806,0.022,-180.000
956782869.437899,-126.211,530.405,204.764,-86.797,0.022,-180.000
956782869.459913,-126.216,530.471,204.703,-86.787,0.021,-180.000
956782869.483982,-126.225,530.559,204.625,-86.774,0.022,-180.000
956782869.499903,-126.226,530.582,204.604,-86.771,0.022,-180.000
956782869.525925,-126.237,530.676,204.517,-86.756,0.022,-180.000
956782869.543219,-126.241,530.704,204.491,-86.752,0.022,-180.000
956782869.565935,-126.246,530.762,204.439,-86.743,0.022,-180.000
956782869.587891,-126.251,530.829,204.379,-86.734,0.022,-180.000
956782869.604802,-126.252,530.852,204.358,-86.730,0.022,-180.000
956782869.620870,-126.256,530.874,204.337,-86.726,0.022,-180.000
956782869.641890,-126.263,530.925,204.290,-86.719,0.022,-180.000
956782869.664178,-126.267,530.975,204.244,-86.711,0.022,-180.000
956782869.682649,-126.271,530.999,204.219,-86.707,0.022,-180.000
956782869.704234,-126.276,531.057,204.170,-86.699,0.022,-180.000
956782869.726828,-126.281,531.117,204.115,-86.690,0.022,-180.000
956782869.744198,-126.284,531.146,204.089,-86.686,0.022,-180.000
956782869.770232,-126.292,531.219,204.025,-86.675,0.022,-180.000
956782869.792945,-126.297,531.276,203.970,-86.666,0.022,-180.000
956782869.815448,-126.302,531.328,203.925,-86.659,0.022,-180.000
956782869.838134,-126.307,531.394,203.868,-86.650,0.023,-180.000
956782869.859938,-126.315,531.451,203.815,-86.641,0.023,-180.000
956782869.883238,-126.320,531.509,203.759,-86.632,0.022,-180.000
956782869.905905,-126.327,531.575,203.701,-86.622,0.022,-180.000
956782869.928863,-126.335,531.640,203.641,-86.612,0.022,-180.000
956782869.944918,-126.338,531.661,203.620,-86.609,0.023,-180.000
956782869.960499,-126.338,531.665,203.614,-86.608,0.023,-180.000
956782869.975914,-126.339,531.677,203.600,-86.606,0.023,-180.000
956782869.996935,-126.344,531.733,203.548,-86.598,0.023,-180.000
956782870.019393,-126.351,531.800,203.488,-86.588,0.023,-180.000
956782870.041868,-126.359,531.863,203.428,-86.578,0.023,-180.000
956782870.059606,-126.362,531.887,203.408,-86.574,0.023,-180.000
956782870.092495,-126.371,531.975,203.327,-86.561,0.023,-180.000
956782870.116983,-126.371,531.974,203.326,-86.561,0.022,-180.000
956782870.145919,-126.380,532.070,203.244,-86.548,0.023,-180.000
956782870.169972,-126.388,532.151,203.171,-86.536,0.023,-180.000
956782870.199848,-126.396,532.216,203.111,-86.526,0.023,-180.000
956782870.223165,-126.403,532.281,203.050,-86.516,0.023,-180.000
956782870.249918,-126.412,532.376,202.966,-86.503,0.023,-180.000
956782870.273165,-126.417,532.424,202.919,-86.495,0.023,-180.000
956782870.294903,-126.422,532.482,202.867,-86.487,0.023,-180.000
956782870.315931,-126.427,532.542,202.814,-86.479,0.023,-180.000
956782870.338904,-126.437,532.613,202.749,-86.468,0.023,-180.000
956782870.359949,-126.445,532.677,202.690,-86.458,0.023,-180.000
956782870.374931,-126.445,532.688,202.676,-86.457,0.023,-180.000
956782870.392493,-126.449,532.712,202.652,-86.453,0.022,-180.000
956782870.418907,-126.458,532.806,202.569,-86.439,0.023,-180.000
956782870.435932,-126.463,532.834,202.541,-86.435,0.023,-180.000
956782870.450907,-126.464,532.847,202.529,-86.433,0.023,-180.000
956782870.472965,-126.471,532.906,202.473,-86.424,0.022,-180.000
956782870.489893,-126.475,532.928,202.454,-86.421,0.023,-180.000
956782870.514927,-126.482,532.991,202.394,-86.411,0.023,-180.000
956782870.537541,-126.490,533.055,202.335,-86.402,0.023,-180.000
956782870.562512,-126.497,533.121,202.273,-86.392,0.022,-180.000
956782870.584904,-126.505,533.184,202.216,-86.383,0.023,-180.000
956782870.601896,-126.508,533.213,202.187,-86.378,0.022,-180.000
956782870.622916,-126.513,533.266,202.141,-86.371,0.022,-180.000
956782870.640517,-126.517,533.294,202.113,-86.367,0.022,-180.000
956782870.663444,-126.524,533.351,202.057,-86.358,0.022,-180.000
956782870.684941,-126.531,533.408,202.008,-86.350,0.022,-180.000
956782870.705900,-126.538,533.467,201.954,-86.341,0.022,-180.000
956782870.733214,-126.547,533.545,201.880,-86.329,0.022,-180.000
956782870.749906,-126.550,533.569,201.859,-86.326,0.022,-180.000
956782870.771988,-126.558,533.636,201.800,-86.316,0.022,-180.000
956782870.788890,-126.561,533.659,201.778,-86.313,0.022,-180.000
956782870.810476,-126.568,533.715,201.724,-86.304,0.022,-180.000
956782870.834108,-126.576,533.773,201.670,-86.295,0.022,-180.000
956782870.855824,-126.583,533.831,201.619,-86.287,0.022,-180.000
956782870.878205,-126.590,533.895,201.560,-86.278,0.022,-180.000
956782870.902670,-126.598,533.954,201.505,-86.269,0.022,-180.000
956782870.924904,-126.605,534.021,201.448,-86.260,0.022,-180.000
956782870.947331,-126.613,534.085,201.389,-86.250,0.022,-180.000
956782870.971132,-126.620,534.144,201.333,-86.241,0.022,-180.000
956782870.992918,-126.628,534.204,201.283,-86.233,0.022,-180.000
956782871.014910,-126.635,534.261,201.228,-86.225,0.022,-180.000
956782871.039153,-126.642,534.327,201.168,-86.215,0.022,-180.000
956782871.060908,-126.650,534.382,201.117,-86.207,0.022,-180.000
956782871.082272,-126.654,534.433,201.072,-86.200,0.022,-180.000
956782871.107518,-126.664,534.495,201.009,-86.190,0.021,-180.000
956782871.129910,-126.671,534.559,200.952,-86.181,0.022,-180.000
956782871.152356,-126.679,534.625,200.892,-86.171,0.022,-180.000
956782871.168891,-126.682,534.647,200.871,-86.168,0.022,-180.000
956782871.188905,-126.686,534.674,200.843,-86.163,0.022,-180.000
956782871.211917,-126.694,534.747,200.779,-86.153,0.022,-180.000
956782871.233895,-126.701,534.805,200.725,-86.144,0.022,-180.000
956782871.255919,-126.709,534.869,200.666,-86.135,0.022,-180.000
956782871.277946,-126.716,534.933,200.607,-86.126,0.022,-180.000
956782871.299890,-126.724,534.999,200.546,-86.117,0.022,-180.000
956782871.323006,-126.732,535.072,200.480,-86.106,0.022,-180.000
956782871.345002,-126.740,535.136,200.421,-86.097,0.022,-180.000
956782871.368902,-126.748,535.216,200.347,-86.085,0.021,-180.000
956782871.393222,-126.758,535.296,200.274,-86.074,0.021,-180.000
956782871.420246,-126.772,535.382,200.194,-86.061,0.021,-180.000
956782871.447243,-126.783,535.477,200.109,-86.048,0.021,-180.000
956782871.471887,-126.791,535.558,200.036,-86.036,0.021,-180.000
956782871.499983,-126.805,535.661,199.944,-86.021,0.021,-180.000
956782871.517972,-126.805,535.661,199.940,-86.021,0.021,-180.000
956782871.534919,-126.809,535.690,199.916,-86.017,0.022,-180.000
956782871.560932,-126.820,535.784,199.829,-86.004,0.021,-180.000
956782871.586732,-126.831,535.871,199.747,-85.991,0.021,-180.000
956782871.609919,-126.839,535.937,199.689,-85.982,0.021,-180.000
956782871.627593,-126.842,535.959,199.668,-85.978,0.021,-180.000
956782871.652119,-126.849,536.008,199.619,-85.971,0.021,-180.000
956782871.675955,-126.857,536.080,199.556,-85.961,0.021,-180.000
956782871.699905,-126.867,536.160,199.483,-85.949,0.021,-180.000
956782871.721926,-126.875,536.225,199.422,-85.940,0.021,-180.000
956782871.744888,-126.883,536.291,199.363,-85.930,0.021,-180.000
956782871.766925,-126.890,536.356,199.304,-85.921,0.021,-180.000
956782871.788927,-126.898,536.422,199.243,-85.912,0.021,-180.000
956782871.805916,-126.902,536.450,199.217,-85.908,0.021,-180.000
956782871.826897,-126.909,536.508,199.163,-85.899,0.021,-180.000
956782871.851839,-126.916,536.565,199.108,-85.891,0.021,-180.000
956782871.874324,-126.923,536.623,199.059,-85.883,0.021,-180.000
956782871.896713,-126.931,536.683,199.004,-85.874,0.021,-180.000
956782871.921756,-126.938,536.747,198.945,-85.865,0.021,-180.000
956782871.944230,-126.946,536.812,198.886,-85.856,0.021,-180.000
956782871.966857,-126.953,536.871,198.831,-85.847,0.021,-180.000
956782871.990411,-126.961,536.935,198.771,-85.838,0.021,-180.000
956782872.012216,-126.968,536.993,198.722,-85.830,0.021,-180.000
956782872.034783,-126.976,537.053,198.667,-85.821,0.021,-180.000
956782872.058314,-126.983,537.118,198.608,-85.812,0.021,-180.000
956782872.075217,-126.987,537.139,198.589,-85.809,0.022,-180.000
956782872.097222,-126.994,537.197,198.537,-85.800,0.022,-180.000
956782872.119149,-127.001,537.257,198.484,-85.792,0.022,-180.000
956782872.144234,-127.009,537.322,198.425,-85.783,0.022,-180.000
956782872.166802,-127.016,537.380,198.369,-85.775,0.022,-180.000
956782872.191878,-127.024,537.446,198.309,-85.765,0.022,-180.000
956782872.214324,-127.032,537.511,198.253,-85.756,0.022,-179.999
956782872.236800,-127.039,537.569,198.197,-85.748,0.022,-180.000
956782872.260319,-127.047,537.636,198.137,-85.739,0.022,-179.999
956782872.277251,-127.050,537.658,198.118,-85.735,0.022,-179.999
956782872.303803,-127.061,537.748,198.038,-85.723,0.022,-179.999
956782872.322879,-127.065,537.783,198.005,-85.718,0.022,-179.999
956782872.344240,-127.072,537.834,197.960,-85.711,0.022,-179.999
956782872.366198,-127.079,537.890,197.907,-85.703,0.022,-179.999
956782872.388181,-127.087,537.948,197.853,-85.694,0.022,-179.999
956782872.413178,-127.094,538.016,197.794,-85.685,0.022,-179.999
956782872.435682,-127.102,538.074,197.740,-85.677,0.022,-179.999
956782872.460966,-127.109,538.140,197.680,-85.668,0.022,-179.999
956782872.483370,-127.117,538.196,197.629,-85.660,0.022,-179.999
956782872.505869,-127.124,538.254,197.575,-85.652,0.022,-179.999
956782872.529301,-127.132,538.320,197.515,-85.643,0.022,-179.999
956782872.551121,-127.139,538.377,197.464,-85.635,0.022,-179.999
956782872.569123,-127.143,538.407,197.436,-85.631,0.022,-179.999
956782872.594245,-127.150,538.463,197.381,-85.622,0.022,-179.999
956782872.611119,-127.153,538.485,197.362,-85.619,0.022,-179.999
956782872.636161,-127.164,538.564,197.290,-85.608,0.022,-179.999
956782872.661899,-127.172,538.630,197.228,-85.599,0.022,-179.999
956782872.679128,-127.175,538.658,197.203,-85.595,0.022,-179.999
956782872.705715,-127.189,538.752,197.115,-85.581,0.022,-179.999
956782872.729698,-127.197,538.819,197.054,-85.572,0.022,-179.999
956782872.761742,-127.207,538.899,196.982,-85.561,0.022,-179.999
956782872.788175,-127.219,538.994,196.898,-85.548,0.022,-179.999
956782872.810143,-127.228,539.050,196.845,-85.539,0.022,-179.999
956782872.835381,-127.239,539.129,196.771,-85.528,0.022,-179.999
956782872.859194,-127.249,539.201,196.704,-85.518,0.021,-179.999
956782872.881965,-127.256,539.250,196.657,-85.511,0.021,-179.999
956782872.908108,-127.267,539.335,196.578,-85.499,0.021,-179.999
956782872.934693,-127.274,539.401,196.518,-85.490,0.021,-179.999
956782872.956269,-127.281,539.449,196.473,-85.483,0.021,-179.999
956782872.979322,-127.289,539.514,196.414,-85.474,0.021,-179.999
956782872.998710,-127.295,539.551,196.378,-85.468,0.021,-179.999
956782873.021196,-127.303,539.615,196.321,-85.459,0.021,-179.999
956782873.039118,-127.309,539.642,196.293,-85.455,0.021,-179.999
956782873.056245,-127.312,539.665,196.272,-85.451,0.021,-179.999
956782873.078898,-127.319,539.721,196.217,-85.443,0.021,-179.999
956782873.101065,-127.323,539.751,196.189,-85.439,0.021,-179.999
956782873.123324,-127.330,539.807,196.138,-85.431,0.021,-179.999
956782873.140220,-127.333,539.828,196.115,-85.428,0.021,-179.999
956782873.168930,-127.344,539.914,196.034,-85.416,0.021,-179.999
956782873.191155,-127.352,539.979,195.978,-85.407,0.021,-179.999
956782873.213461,-127.362,540.035,195.925,-85.398,0.021,-179.999
956782873.237683,-127.372,540.099,195.864,-85.389,0.021,-179.999
956782873.260138,-127.381,540.164,195.808,-85.380,0.021,-179.999
956782873.278271,-127.385,540.192,195.781,-85.376,0.021,-179.999
956782873.303166,-127.395,540.257,195.718,-85.366,0.021,-179.999
956782873.325089,-127.402,540.316,195.667,-85.358,0.021,-179.999
956782873.347905,-127.410,540.374,195.613,-85.350,0.021,-179.999
956782873.371071,-127.420,540.439,195.552,-85.341,0.021,-179.999
956782873.393319,-127.427,540.498,195.502,-85.333,0.021,-179.999
956782873.410114,-127.430,540.521,195.479,-85.330,0.021,-179.999
956782873.427183,-127.434,540.544,195.458,-85.327,0.021,-179.999
956782873.453321,-127.445,540.632,195.379,-85.315,0.021,-179.999
956782873.476388,-127.457,540.698,195.319,-85.305,0.021,-179.999
956782873.493142,-127.461,540.721,195.298,-85.302,0.021,-179.999
956782873.515657,-127.468,540.778,195.243,-85.294,0.020,-179.999
956782873.539942,-127.475,540.835,195.190,-85.286,0.020,-179.999
956782873.562082,-127.485,540.901,195.133,-85.277,0.021,-179.999
956782873.584850,-127.492,540.959,195.078,-85.269,0.020,-179.999
956782873.608429,-127.502,541.023,195.020,-85.260,0.020,-179.999
956782873.631164,-127.512,541.089,194.963,-85.251,0.021,-179.999
956782873.648161,-127.516,541.112,194.942,-85.248,0.021,-179.999
956782873.669133,-127.523,541.161,194.895,-85.241,0.021,-179.999
956782873.694247,-127.530,541.219,194.843,-85.233,0.021,-179.999
956782873.716150,-127.537,541.277,194.787,-85.225,0.020,-179.999
956782873.741865,-127.547,541.341,194.727,-85.216,0.020,-179.999
956782873.764294,-127.557,541.406,194.671,-85.207,0.020,-179.999
956782873.786731,-127.565,541.466,194.616,-85.199,0.020,-179.999
956782873.810279,-127.575,541.529,194.557,-85.190,0.020,-179.999
956782873.832189,-127.582,541.588,194.505,-85.182,0.020,-179.999
956782873.849111,-127.585,541.611,194.484,-85.179,0.021,-179.999
956782873.869211,-127.589,541.646,194.451,-85.174,0.021,-179.999
956782873.891196,-127.599,541.702,194.398,-85.166,0.021,-179.999
956782873.913188,-127.606,541.759,194.344,-85.158,0.021,-179.999
956782873.936153,-127.616,541.822,194.285,-85.149,0.021,-179.999
956782873.958128,-127.624,541.881,194.231,-85.141,0.021,-179.999
956782873.980087,-127.631,541.937,194.178,-85.133,0.020,-179.999
956782874.002235,-127.638,541.994,194.125,-85.125,0.020,-179.999
956782874.019197,-127.641,542.015,194.103,-85.122,0.020,-179.999
956782874.043445,-127.649,542.074,194.049,-85.114,0.020,-179.999
956782874.065091,-127.656,542.131,193.999,-85.106,0.021,-179.999
956782874.090948,-127.669,542.217,193.918,-85.094,0.020,-179.999
956782874.119220,-127.683,542.311,193.834,-85.081,0.021,-179.999
956782874.142140,-127.693,542.375,193.775,-85.072,0.021,-179.999
956782874.159932,-127.696,542.397,193.751,-85.069,0.020,-179.999
956782874.185732,-127.703,542.434,193.717,-85.064,0.020,-179.999
956782874.201128,-127.703,542.434,193.717,-85.064,0.020,-179.999
956782874.225235,-127.713,542.505,193.653,-85.054,0.021,-179.999
956782874.248206,-127.723,542.570,193.595,-85.045,0.021,-179.999
956782874.264165,-127.723,542.571,193.590,-85.044,0.020,-179.999
956782874.286629,-127.730,542.630,193.540,-85.037,0.021,-179.999
956782874.308182,-127.740,542.680,193.494,-85.030,0.021,-179.999
956782874.336262,-127.754,542.782,193.401,-85.016,0.021,-179.999
956782874.358292,-127.761,542.840,193.347,-85.008,0.020,-179.999
956782874.375165,-127.767,542.862,193.326,-85.004,0.020,-179.999
956782874.396209,-127.774,542.911,193.279,-84.997,0.020,-179.999
956782874.413378,-127.777,542.936,193.257,-84.994,0.020,-179.999
956782874.438156,-127.788,543.018,193.185,-84.983,0.021,-179.999
956782874.460139,-127.798,543.074,193.132,-84.975,0.021,-179.999
956782874.482234,-127.807,543.132,193.078,-84.967,0.020,-179.999
956782874.504325,-127.817,543.189,193.026,-84.959,0.020,-179.999
956782874.526250,-127.826,543.246,192.974,-84.951,0.021,-179.999
956782874.543431,-127.832,543.269,192.953,-84.947,0.021,-179.999
956782874.569534,-127.845,543.356,192.873,-84.935,0.021,-179.999
956782874.586256,-127.849,543.377,192.851,-84.932,0.021,-179.999
956782874.608705,-127.855,543.415,192.814,-84.927,0.021,-179.999
956782874.631216,-127.865,543.471,192.764,-84.919,0.021,-179.999
956782874.648211,-127.868,543.492,192.741,-84.916,0.021,-179.999
956782874.669803,-127.875,543.543,192.693,-84.909,0.021,-179.999
956782874.687151,-127.879,543.570,192.669,-84.905,0.021,-179.999
956782874.709213,-127.888,543.628,192.614,-84.897,0.021,-179.999
956782874.731212,-127.898,543.685,192.562,-84.889,0.021,-179.999
956782874.753243,-127.907,543.742,192.510,-84.881,0.021,-179.999
956782874.775162,-127.917,543.801,192.457,-84.873,0.021,-179.999
956782874.797281,-127.927,543.858,192.404,-84.865,0.021,-179.999
956782874.819175,-127.936,543.915,192.350,-84.857,0.021,-179.999
956782874.841176,-127.946,543.972,192.297,-84.849,0.021,-179.999
956782874.863446,-127.956,544.029,192.245,-84.841,0.021,-179.999
956782874.884986,-127.965,544.084,192.191,-84.834,0.020,-179.999
956782874.902126,-127.968,544.107,192.169,-84.830,0.020,-179.999
956782874.927051,-127.978,544.163,192.114,-84.822,0.020,-179.999
956782874.944370,-127.981,544.187,192.094,-84.819,0.020,-179.999
956782874.968181,-127.992,544.258,192.028,-84.809,0.020,-179.999
956782874.989144,-127.999,544.308,191.982,-84.803,0.020,-179.999
956782875.010192,-128.005,544.342,191.948,-84.798,0.020,-179.999
956782875.029478,-128.008,544.367,191.923,-84.794,0.020,-179.999
956782875.050136,-128.015,544.416,191.880,-84.788,0.020,-179.999
956782875.071720,-128.022,544.465,191.830,-84.781,0.020,-179.999
956782875.089156,-128.026,544.489,191.810,-84.778,0.020,-179.999
956782875.114238,-128.039,544.571,191.738,-84.767,0.020,-179.999
956782875.132250,-128.042,544.593,191.714,-84.763,0.020,-179.999
956782875.155119,-128.052,544.656,191.657,-84.755,0.020,-179.999
956782875.179312,-128.063,544.729,191.591,-84.745,0.020,-179.999
956782875.198879,-128.066,544.750,191.567,-84.741,0.020,-179.999
956782875.226212,-128.082,544.851,191.478,-84.728,0.021,-179.999
956782875.247171,-128.089,544.887,191.446,-84.723,0.021,-179.999
956782875.265193,-128.092,544.910,191.423,-84.719,0.021,-179.999
956782875.286917,-128.102,544.969,191.371,-84.711,0.021,-179.999
956782875.307897,-128.109,545.019,191.325,-84.705,0.021,-179.999
956782875.324928,-128.112,545.040,191.303,-84.701,0.021,-179.999
956782875.350910,-128.126,545.135,191.217,-84.689,0.021,-179.999
956782875.375515,-128.136,545.207,191.151,-84.679,0.021,-179.999
956782875.401143,-128.147,545.281,191.083,-84.669,0.021,-179.999
956782875.426976,-128.160,545.368,191.006,-84.657,0.021,-179.999
956782875.459030,-128.181,545.507,190.881,-84.639,0.021,-179.999
956782875.482913,-128.193,545.572,190.818,-84.630,0.020,-179.999
956782875.515050,-128.216,545.710,190.694,-84.611,0.020,-179.999
956782875.540909,-128.230,545.804,190.609,-84.598,0.021,-179.999
956782875.566033,-128.245,545.891,190.527,-84.586,0.020,-179.999
956782875.595975,-128.265,546.014,190.415,-84.570,0.020,-179.999
956782875.622031,-128.279,546.108,190.330,-84.557,0.021,-179.999
956782875.648728,-128.297,546.202,190.241,-84.544,0.020,-179.999
956782875.673350,-128.308,546.275,190.177,-84.535,0.021,-179.999
956782875.699878,-128.322,546.370,190.089,-84.522,0.020,-179.999
956782875.726908,-128.341,546.479,189.990,-84.507,0.020,-179.999
956782875.754232,-128.358,546.589,189.893,-84.493,0.021,-179.999
956782875.778846,-128.368,546.654,189.830,-84.484,0.020,-179.999
956782875.797243,-128.371,546.683,189.806,-84.480,0.021,-179.999
956782875.820097,-128.381,546.748,189.746,-84.471,0.020,-179.999
956782875.842127,-128.391,546.804,189.692,-84.463,0.020,-179.999
956782875.865099,-128.401,546.869,189.634,-84.454,0.021,-179.999
956782875.889135,-128.412,546.942,189.567,-84.445,0.021,-179.999
956782875.908148,-128.420,546.977,189.534,-84.440,0.021,-179.999
956782875.930249,-128.430,547.035,189.480,-84.432,0.021,-179.999
956782875.954284,-128.440,547.110,189.414,-84.422,0.021,-179.999
956782875.978204,-128.453,547.181,189.349,-84.413,0.021,-179.999
956782876.002266,-128.462,547.231,189.303,-84.406,0.021,-179.999
956782876.027842,-128.478,547.313,189.229,-84.395,0.021,-179.999
956782876.052226,-128.491,547.392,189.160,-84.384,0.021,-179.999
956782876.076278,-128.504,547.464,189.095,-84.374,0.021,-179.999
956782876.100213,-128.516,547.536,189.028,-84.365,0.021,-179.999
956782876.125936,-128.529,547.606,188.959,-84.355,0.021,-179.999
956782876.146277,-128.535,547.642,188.929,-84.350,0.021,-179.999
956782876.170203,-128.542,547.692,188.882,-84.343,0.021,-179.999
956782876.194869,-128.557,547.763,188.814,-84.333,0.021,-179.999
956782876.220027,-128.571,547.843,188.741,-84.322,0.021,-179.999
956782876.238185,-128.574,547.872,188.717,-84.319,0.021,-179.999
956782876.260168,-128.584,547.930,188.666,-84.311,0.022,-179.999
956782876.285940,-128.597,548.008,188.591,-84.300,0.021,-179.999
956782876.305257,-128.601,548.037,188.564,-84.296,0.021,-179.999
956782876.334182,-128.618,548.146,188.465,-84.282,0.021,-179.999
956782876.360153,-128.631,548.234,188.386,-84.270,0.021,-179.999
956782876.387926,-128.644,548.315,188.310,-84.259,0.021,-179.999
956782876.413155,-128.657,548.392,188.239,-84.249,0.021,-179.999
956782876.437200,-128.670,548.463,188.174,-84.239,0.021,-179.999
956782876.462158,-128.683,548.543,188.100,-84.229,0.021,-179.999
956782876.487648,-128.693,548.607,188.038,-84.220,0.021,-179.999
956782876.511088,-128.706,548.678,187.975,-84.210,0.021,-179.999
956782876.534081,-128.716,548.742,187.916,-84.202,0.021,-179.999
956782876.558158,-128.729,548.816,187.850,-84.192,0.021,-179.999
956782876.582217,-128.742,548.889,187.783,-84.182,0.021,-179.999
956782876.606136,-128.755,548.960,187.717,-84.172,0.021,-179.999
956782876.629978,-128.767,549.032,187.652,-84.163,0.021,-179.999
956782876.652032,-128.777,549.091,187.599,-84.155,0.021,-179.999
956782876.675000,-128.787,549.156,187.540,-84.146,0.021,-179.999
956782876.700088,-128.801,549.242,187.460,-84.135,0.021,-179.999
956782876.724192,-128.814,549.314,187.393,-84.125,0.021,-179.999
956782876.751186,-128.827,549.392,187.319,-84.115,0.021,-179.999
956782876.777211,-128.840,549.481,187.241,-84.104,0.021,-179.999
956782876.802088,-128.853,549.559,187.169,-84.093,0.021,-179.999
956782876.826225,-128.866,549.631,187.103,-84.083,0.021,-179.999
956782876.846150,-128.870,549.653,187.082,-84.080,0.021,-179.999
956782876.868143,-128.879,549.711,187.030,-84.073,0.021,-179.999
956782876.891099,-128.889,549.774,186.970,-84.064,0.021,-179.999
956782876.916214,-128.903,549.853,186.898,-84.054,0.021,-179.999
956782876.942728,-128.918,549.939,186.817,-84.042,0.021,-179.999
956782876.961010,-128.925,549.972,186.787,-84.037,0.021,-179.999
956782876.982093,-128.931,550.008,186.754,-84.032,0.021,-179.999
956782877.006268,-128.944,550.081,186.688,-84.022,0.021,-179.999
956782877.025245,-128.950,550.117,186.655,-84.018,0.021,-179.999
956782877.052051,-128.966,550.212,186.569,-84.005,0.021,-179.999
956782877.074206,-128.976,550.271,186.516,-83.997,0.021,-179.999
956782877.091196,-128.980,550.295,186.495,-83.994,0.021,-179.999
956782877.113551,-128.990,550.351,186.442,-83.987,0.021,-179.999
956782877.134052,-128.996,550.385,186.408,-83.982,0.021,-179.999
956782877.157171,-129.006,550.449,186.351,-83.973,0.021,-179.999
956782877.186176,-129.025,550.556,186.250,-83.959,0.021,-179.999
956782877.210169,-129.038,550.628,186.185,-83.949,0.021,-179.999
956782877.236544,-129.051,550.708,186.109,-83.939,0.020,-179.999
956782877.261165,-129.064,550.788,186.039,-83.929,0.021,-179.999
956782877.284421,-129.075,550.853,185.979,-83.920,0.021,-179.999
956782877.303976,-129.081,550.889,185.944,-83.915,0.020,-179.999
956782877.330908,-129.097,550.983,185.861,-83.903,0.021,-179.999
956782877.353170,-129.107,551.048,185.799,-83.894,0.020,-179.999
956782877.376887,-129.121,551.127,185.730,-83.883,0.021,-179.999
956782877.399905,-129.133,551.200,185.663,-83.874,0.021,-179.999
956782877.423172,-129.146,551.273,185.596,-83.864,0.021,-179.999
956782877.446903,-129.159,551.344,185.531,-83.855,0.021,-179.999
956782877.469940,-129.172,551.416,185.465,-83.845,0.021,-179.999
956782877.491920,-129.182,551.475,185.412,-83.838,0.021,-179.999
956782877.511547,-129.185,551.499,185.389,-83.835,0.021,-179.999
956782877.533902,-129.195,551.561,185.331,-83.826,0.021,-179.999
956782877.551885,-129.204,551.596,185.298,-83.821,0.021,-179.999
956782877.573024,-129.213,551.645,185.251,-83.815,0.020,-179.999
956782877.596917,-129.227,551.724,185.179,-83.804,0.020,-179.999
956782877.616942,-129.236,551.771,185.133,-83.797,0.020,-179.999
956782877.640602,-129.248,551.835,185.071,-83.789,0.020,-179.999
956782877.662932,-129.258,551.892,185.021,-83.781,0.020,-179.999
956782877.685939,-129.271,551.962,184.955,-83.772,0.020,-179.999
956782877.703925,-129.277,551.998,184.922,-83.767,0.020,-179.999
956782877.726755,-129.290,552.064,184.860,-83.758,0.020,-179.999
956782877.750728,-129.300,552.122,184.808,-83.750,0.020,-179.999
956782877.772922,-129.310,552.187,184.751,-83.742,0.020,-179.999
956782877.796418,-129.325,552.260,184.685,-83.732,0.020,-179.999
956782877.819971,-129.338,552.331,184.620,-83.723,0.020,-179.999
956782877.842921,-129.351,552.404,184.555,-83.713,0.021,-179.999
956782877.859886,-129.355,552.432,184.528,-83.710,0.021,-179.999
956782877.883493,-129.367,552.489,184.474,-83.702,0.020,-179.999
956782877.906910,-129.379,552.559,184.409,-83.692,0.021,-179.999
956782877.930731,-129.392,552.631,184.341,-83.683,0.020,-179.999
956782877.951805,-129.399,552.668,184.309,-83.678,0.021,-179.999
956782877.973360,-129.409,552.725,184.259,-83.670,0.021,-179.999
956782877.992117,-129.415,552.758,184.226,-83.665,0.021,-179.999
956782878.009236,-129.418,552.781,184.205,-83.662,0.021,-179.999
956782878.036242,-129.435,552.877,184.120,-83.650,0.021,-179.999
956782878.055250,-129.441,552.905,184.091,-83.646,0.021,-179.999
956782878.079229,-129.453,552.967,184.030,-83.637,0.020,-179.999
956782878.112961,-129.479,553.113,183.899,-83.618,0.021,-179.999
956782878.137927,-129.495,553.200,183.822,-83.607,0.021,-179.999
956782878.169970,-129.520,553.337,183.696,-83.589,0.021,-179.999
956782878.199441,-129.540,553.456,183.589,-83.574,0.021,-179.999
956782878.221999,-129.550,553.513,183.537,-83.567,0.021,-179.999
956782878.247980,-129.566,553.601,183.457,-83.555,0.021,-179.999
956782878.273489,-129.582,553.688,183.375,-83.544,0.021,-179.999
956782878.297068,-129.595,553.759,183.312,-83.534,0.021,-179.999
956782878.319941,-129.608,553.824,183.253,-83.526,0.021,-179.999
956782878.343163,-129.620,553.896,183.185,-83.516,0.021,-179.999
956782878.365505,-129.630,553.952,183.132,-83.509,0.021,-179.999
956782878.387926,-129.640,554.009,183.079,-83.501,0.021,-179.999
956782878.411177,-129.653,554.083,183.013,-83.492,0.021,-179.999
956782878.434536,-129.666,554.146,182.953,-83.483,0.021,-179.999
956782878.456922,-129.675,554.203,182.900,-83.476,0.021,-179.999
956782878.480191,-129.688,554.277,182.834,-83.466,0.021,-179.999
956782878.503200,-129.701,554.340,182.774,-83.458,0.021,-179.999
956782878.525930,-129.713,554.404,182.715,-83.449,0.021,-179.999
956782878.549450,-129.726,554.478,182.648,-83.440,0.021,-179.999
956782878.572036,-129.739,554.541,182.588,-83.431,0.021,-179.999
956782878.589912,-129.742,554.562,182.565,-83.428,0.020,-179.999
956782878.614903,-129.758,554.647,182.487,-83.417,0.020,-179.999
956782878.636902,-129.771,554.712,182.428,-83.408,0.020,-179.999
956782878.665911,-129.791,554.828,182.322,-83.393,0.020,-179.999
956782878.691915,-129.809,554.921,182.235,-83.381,0.020,-179.999
956782878.711220,-129.815,554.948,182.205,-83.377,0.020,-179.999
956782878.737937,-129.831,555.033,182.128,-83.366,0.020,-179.999
956782878.759894,-129.844,555.098,182.069,-83.357,0.020,-179.999
956782878.786001,-129.860,555.192,181.983,-83.345,0.020,-179.999
956782878.805930,-129.870,555.242,181.936,-83.338,0.020,-179.999
956782878.827934,-129.882,555.306,181.877,-83.330,0.020,-179.999
956782878.847586,-129.888,555.334,181.848,-83.326,0.020,-179.999
956782878.874046,-129.905,555.427,181.765,-83.314,0.020,-179.999
956782878.897040,-129.917,555.492,181.707,-83.305,0.020,-179.999
956782878.922026,-129.931,555.571,181.634,-83.295,0.020,-179.999
956782878.945337,-129.945,555.634,181.575,-83.286,0.020,-179.999
956782878.967172,-129.952,555.671,181.543,-83.282,0.020,-179.999
956782878.989160,-129.962,555.728,181.490,-83.274,0.020,-179.999
956782879.012182,-129.974,555.793,181.432,-83.266,0.020,-179.999
956782879.036175,-129.984,555.842,181.385,-83.259,0.020,-179.999
956782879.059122,-129.997,555.907,181.327,-83.250,0.021,-179.999
956782879.083817,-130.009,555.978,181.258,-83.241,0.020,-179.999
956782879.106188,-130.019,556.035,181.207,-83.234,0.021,-179.999
956782879.129795,-130.032,556.100,181.147,-83.225,0.021,-179.999
956782879.153746,-130.044,556.163,181.086,-83.216,0.020,-179.999
956782879.175243,-130.051,556.192,181.060,-83.213,0.020,-179.999
956782879.194153,-130.057,556.227,181.027,-83.208,0.020,-179.999
956782879.218213,-130.070,556.300,180.960,-83.199,0.020,-179.999
956782879.245023,-130.083,556.371,180.893,-83.189,0.020,-179.999
956782879.264171,-130.089,556.406,180.860,-83.185,0.020,-179.999
956782879.290066,-130.102,556.473,180.798,-83.176,0.020,-179.999
956782879.314205,-130.115,556.544,180.735,-83.167,0.020,-179.999
956782879.337167,-130.128,556.609,180.677,-83.158,0.021,-179.999
956782879.359243,-130.138,556.666,180.623,-83.151,0.021,-179.999
956782879.383186,-130.151,556.738,180.558,-83.142,0.021,-179.999
956782879.407138,-130.164,556.811,180.493,-83.133,0.021,-179.999
956782879.440176,-130.183,556.913,180.398,-83.119,0.021,-179.999
956782879.461910,-130.183,556.918,180.394,-83.119,0.021,-179.999
956782879.481907,-130.193,556.967,180.347,-83.112,0.021,-179.999
956782879.506100,-130.206,557.038,180.281,-83.103,0.021,-179.999
956782879.531977,-130.222,557.132,180.195,-83.091,0.021,-179.999
956782879.548900,-130.226,557.154,180.170,-83.088,0.020,-179.999
956782879.578944,-130.248,557.280,180.059,-83.072,0.021,-179.999
956782879.606972,-130.268,557.388,179.963,-83.058,0.021,-179.999
956782879.629916,-130.281,557.451,179.904,-83.050,0.021,-179.999
956782879.647992,-130.287,557.488,179.869,-83.045,0.021,-179.999
956782879.671049,-130.300,557.552,179.810,-83.037,0.021,-179.999
956782879.696010,-130.316,557.632,179.739,-83.027,0.021,-179.999
956782879.718929,-130.328,557.698,179.679,-83.018,0.021,-179.999
956782879.741923,-130.341,557.769,179.613,-83.009,0.021,-179.999
956782879.764869,-130.354,557.834,179.554,-83.001,0.021,-179.999
956782879.788959,-130.370,557.914,179.481,-82.991,0.021,-179.999
956782879.807927,-130.373,557.937,179.460,-82.988,0.021,-179.999
956782879.830928,-130.386,558.007,179.393,-82.978,0.021,-179.999
956782879.853108,-130.399,558.071,179.333,-82.970,0.021,-179.999
956782879.875931,-130.409,558.128,179.281,-82.963,0.021,-179.999
956782879.895024,-130.415,558.164,179.245,-82.958,0.021,-179.999
956782879.917927,-130.428,558.228,179.189,-82.950,0.021,-179.999
956782879.935921,-130.434,558.257,179.162,-82.946,0.021,-179.999
956782879.958136,-130.447,558.322,179.101,-82.937,0.021,-179.999
956782879.981157,-130.459,558.386,179.042,-82.929,0.021,-179.999
956782880.000538,-130.466,558.422,179.009,-82.924,0.021,-179.999
956782880.023086,-130.476,558.478,178.956,-82.917,0.021,-179.999
956782880.046586,-130.489,558.543,178.897,-82.908,0.021,-179.999
956782880.070257,-130.501,558.613,178.830,-82.899,0.021,-179.999
956782880.094296,-130.515,558.684,178.764,-82.890,0.021,-179.999
956782880.118196,-130.528,558.757,178.699,-82.881,0.021,-179.999
956782880.142168,-130.541,558.829,178.631,-82.871,0.021,-179.999
956782880.166423,-130.554,558.900,178.565,-82.862,0.021,-179.999
956782880.193113,-130.567,558.971,178.499,-82.853,0.021,-179.999
956782880.216850,-130.580,559.036,178.438,-82.844,0.020,-179.999
956782880.240373,-130.592,559.100,178.378,-82.836,0.020,-179.999
956782880.263238,-130.605,559.164,178.322,-82.828,0.021,-179.999
956782880.287188,-130.618,559.236,178.254,-82.818,0.020,-179.999
956782880.307976,-130.624,559.272,178.218,-82.813,0.020,-179.999
956782880.330166,-130.635,559.330,178.169,-82.806,0.021,-179.999
956782880.353355,-130.647,559.394,178.109,-82.798,0.021,-179.999
956782880.376239,-130.660,559.458,178.050,-82.790,0.021,-179.999
956782880.394383,-130.666,559.486,178.023,-82.786,0.021,-179.999
956782880.417820,-130.679,559.550,177.962,-82.777,0.020,-179.999
956782880.442947,-130.692,559.621,177.895,-82.768,0.020,-179.999
956782880.466217,-130.704,559.686,177.839,-82.760,0.021,-179.999
956782880.483446,-130.708,559.707,177.816,-82.757,0.021,-179.999
956782880.509036,-130.718,559.765,177.761,-82.749,0.020,-179.999
956782880.533238,-130.731,559.834,177.696,-82.740,0.020,-179.999
956782880.552735,-130.737,559.871,177.661,-82.736,0.020,-179.999
956782880.576469,-130.750,559.937,177.601,-82.727,0.020,-179.999
956782880.599119,-130.763,559.999,177.543,-82.719,0.020,-179.999
956782880.617257,-130.769,560.027,177.516,-82.715,0.020,-179.999
956782880.643841,-130.782,560.098,177.447,-82.706,0.020,-179.999
956782880.668561,-130.798,560.177,177.378,-82.696,0.020,-179.999
956782880.692965,-130.811,560.246,177.313,-82.687,0.020,-179.999
956782880.716932,-130.827,560.324,177.240,-82.677,0.020,-179.999
956782880.734043,-130.830,560.349,177.217,-82.674,0.020,-179.999
956782880.760070,-130.846,560.434,177.138,-82.663,0.020,-179.999
956782880.784934,-130.862,560.512,177.065,-82.653,0.020,-179.999
956782880.813921,-130.878,560.599,176.985,-82.642,0.020,-179.999
956782880.834963,-130.888,560.648,176.942,-82.635,0.021,-179.998
956782880.860032,-130.904,560.726,176.869,-82.625,0.021,-179.998
956782880.881512,-130.910,560.762,176.834,-82.620,0.020,-179.998
956782880.902920,-130.920,560.819,176.784,-82.613,0.021,-179.998
956782880.926541,-130.934,560.891,176.718,-82.604,0.021,-179.998
956782880.949793,-130.943,560.939,176.668,-82.597,0.020,-179.998
956782880.973364,-130.956,561.011,176.605,-82.589,0.020,-179.998
956782880.992759,-130.963,561.044,176.570,-82.584,0.020,-179.998
956782881.016426,-130.976,561.116,176.507,-82.575,0.020,-179.998
956782881.039916,-130.989,561.189,176.442,-82.566,0.021,-179.998
956782881.059894,-130.999,561.239,176.396,-82.559,0.021,-179.998
956782881.090064,-131.021,561.353,176.291,-82.545,0.021,-179.998
956782881.114172,-131.037,561.432,176.219,-82.535,0.021,-179.998
956782881.142165,-131.053,561.519,176.141,-82.524,0.021,-179.998
956782881.160109,-131.059,561.546,176.113,-82.520,0.021,-179.998
956782881.189130,-131.079,561.654,176.014,-82.506,0.021,-179.998
956782881.208121,-131.088,561.686,175.982,-82.501,0.021,-179.998
956782881.232156,-131.101,561.757,175.915,-82.492,0.020,-179.998
956782881.256196,-131.114,561.829,175.849,-82.483,0.020,-179.998
956782881.281119,-131.130,561.909,175.776,-82.473,0.020,-179.998
956782881.305211,-131.140,561.965,175.722,-82.466,0.020,-179.998
956782881.329730,-131.155,562.036,175.654,-82.456,0.020,-179.998
956782881.353865,-131.169,562.109,175.589,-82.447,0.020,-179.998
956782881.372101,-131.175,562.137,175.565,-82.444,0.020,-179.998
956782881.391308,-131.181,562.172,175.533,-82.439,0.021,-179.998
956782881.414220,-131.194,562.236,175.474,-82.431,0.021,-179.998
956782881.437175,-131.207,562.299,175.416,-82.422,0.021,-179.998
956782881.461133,-131.220,562.370,175.350,-82.413,0.021,-179.998
956782881.485066,-131.233,562.443,175.285,-82.404,0.021,-179.998
956782881.504474,-131.240,562.478,175.251,-82.400,0.021,-179.998
956782881.527826,-131.253,562.543,175.190,-82.391,0.021,-179.998
956782881.550899,-131.266,562.610,175.133,-82.383,0.021,-179.998
956782881.573973,-131.279,562.681,175.067,-82.374,0.021,-179.998
956782881.597936,-131.295,562.760,174.994,-82.364,0.021,-179.998
956782881.617901,-131.305,562.812,174.947,-82.357,0.022,-179.998
956782881.639960,-131.317,562.876,174.888,-82.349,0.021,-179.998
956782881.663996,-131.333,562.956,174.816,-82.339,0.022,-179.998
956782881.687922,-131.349,563.036,174.743,-82.329,0.021,-179.998
956782881.711906,-131.365,563.113,174.669,-82.318,0.021,-179.998
956782881.735926,-131.378,563.184,174.603,-82.309,0.021,-179.998
956782881.759870,-131.394,563.264,174.532,-82.299,0.021,-179.998
956782881.784818,-131.407,563.327,174.471,-82.291,0.021,-179.998
956782881.807545,-131.420,563.391,174.412,-82.283,0.021,-179.998
956782881.830583,-131.430,563.443,174.364,-82.277,0.021,-179.998
956782881.854837,-131.445,563.521,174.294,-82.267,0.021,-179.998
956782881.878956,-131.461,563.599,174.222,-82.257,0.021,-179.998
956782881.903025,-131.477,563.679,174.150,-82.247,0.021,-179.998
956782881.926887,-131.493,563.756,174.077,-82.237,0.021,-179.998
956782881.946924,-131.499,563.785,174.050,-82.233,0.021,-179.998
956782881.972975,-131.519,563.879,173.963,-82.221,0.021,-179.998
956782881.994407,-131.528,563.928,173.916,-82.215,0.021,-179.998
956782882.027202,-131.554,564.053,173.805,-82.200,0.022,-179.998
956782882.052251,-131.567,564.117,173.745,-82.191,0.021,-179.998
956782882.078227,-131.583,564.204,173.667,-82.180,0.022,-179.998
956782882.103322,-131.599,564.285,173.594,-82.170,0.022,-179.998
956782882.128967,-131.615,564.369,173.514,-82.160,0.021,-179.998
956782882.154365,-131.629,564.441,173.448,-82.151,0.021,-179.998
956782882.178289,-131.642,564.513,173.382,-82.141,0.021,-179.998
956782882.206407,-131.661,564.607,173.295,-82.130,0.021,-179.998
956782882.225014,-131.667,564.635,173.269,-82.126,0.021,-179.998
956782882.248363,-131.680,564.700,173.210,-82.118,0.021,-179.998
956782882.274543,-131.696,564.784,173.130,-82.107,0.021,-179.998
956782882.300064,-131.713,564.870,173.050,-82.096,0.021,-179.998
956782882.324300,-131.723,564.928,172.998,-82.089,0.021,-179.998
956782882.345116,-131.735,564.976,172.953,-82.082,0.021,-179.998
956782882.370160,-131.748,565.041,172.892,-82.074,0.021,-179.998
956782882.393338,-131.761,565.107,172.834,-82.066,0.021,-179.998
956782882.412111,-131.767,565.143,172.801,-82.062,0.021,-179.998
956782882.441212,-131.790,565.251,172.701,-82.048,0.021,-179.998
956782882.465110,-131.803,565.325,172.636,-82.039,0.021,-179.998
956782882.483535,-131.812,565.352,172.609,-82.035,0.021,-179.998
956782882.512096,-131.834,565.461,172.509,-82.021,0.021,-179.998
956782882.535124,-131.847,565.527,172.451,-82.013,0.022,-179.998
956782882.559174,-131.859,565.583,172.398,-82.006,0.021,-179.998
956782882.580125,-131.869,565.630,172.352,-81.999,0.021,-179.998
956782882.603337,-131.882,565.694,172.292,-81.991,0.021,-179.998
956782882.627140,-131.894,565.751,172.239,-81.984,0.021,-179.998
956782882.650183,-131.907,565.814,172.179,-81.976,0.021,-179.998
956782882.675104,-131.923,565.886,172.111,-81.966,0.021,-179.998
956782882.699185,-131.936,565.959,172.049,-81.957,0.022,-179.998
956782882.723502,-131.952,566.029,171.982,-81.948,0.022,-179.998
956782882.744968,-131.964,566.079,171.933,-81.941,0.021,-179.998
956782882.768209,-131.977,566.145,171.875,-81.934,0.021,-179.998
956782882.791351,-131.990,566.208,171.815,-81.925,0.021,-179.998
956782882.816214,-132.006,566.287,171.743,-81.915,0.021,-179.998
956782882.840188,-132.019,566.360,171.676,-81.906,0.021,-179.998
956782882.866168,-132.035,566.431,171.609,-81.897,0.021,-179.998
956782882.890695,-132.053,566.502,171.541,-81.887,0.021,-179.998
956782882.915307,-132.069,566.582,171.472,-81.878,0.021,-179.998
956782882.934295,-132.075,566.617,171.439,-81.873,0.021,-179.998
956782882.957774,-132.088,566.683,171.378,-81.865,0.021,-179.998
956782882.978981,-132.095,566.719,171.345,-81.860,0.021,-179.998
956782883.002268,-132.108,566.784,171.289,-81.853,0.022,-179.998
956782883.026268,-132.121,566.855,171.222,-81.844,0.022,-179.998
956782883.049203,-132.137,566.919,171.163,-81.835,0.022,-179.998
956782883.072164,-132.150,566.984,171.102,-81.827,0.022,-179.998
956782883.096300,-132.163,567.055,171.035,-81.818,0.021,-179.998
956782883.116171,-132.172,567.087,171.000,-81.813,0.021,-179.998
956782883.140101,-132.185,567.158,170.935,-81.804,0.021,-179.998
956782883.158659,-132.194,567.186,170.905,-81.800,0.021,-179.998
956782883.183428,-132.209,567.256,170.838,-81.791,0.021,-179.998
956782883.212163,-132.232,567.364,170.742,-81.778,0.021,-179.998
956782883.233269,-132.238,567.393,170.714,-81.774,0.021,-179.998
956782883.252419,-132.244,567.422,170.685,-81.770,0.021,-179.998
956782883.275079,-132.257,567.485,170.627,-81.762,0.021,-179.998
956782883.297344,-132.270,567.542,170.574,-81.755,0.021,-179.998
956782883.319849,-132.282,567.600,170.520,-81.747,0.021,-179.998
956782883.338174,-132.289,567.635,170.489,-81.743,0.021,-179.998
956782883.361745,-132.302,567.698,170.428,-81.734,0.021,-179.998
956782883.385246,-132.315,567.770,170.365,-81.726,0.021,-179.998
956782883.409141,-132.330,567.835,170.306,-81.718,0.021,-179.998
956782883.426157,-132.334,567.857,170.284,-81.715,0.021,-179.998
956782883.450262,-132.350,567.930,170.219,-81.705,0.021,-179.998
956782883.477315,-132.352,567.928,170.216,-81.705,0.021,-179.998
956782883.505126,-132.372,568.029,170.125,-81.693,0.021,-179.998
956782883.530856,-132.388,568.107,170.049,-81.683,0.020,-179.998
956782883.557231,-132.407,568.200,169.966,-81.671,0.021,-179.998
956782883.582155,-132.423,568.278,169.893,-81.661,0.021,-179.998
956782883.602228,-132.429,568.306,169.866,-81.657,0.021,-179.998
956782883.625390,-132.442,568.370,169.807,-81.649,0.021,-179.998
956782883.643344,-132.449,568.398,169.779,-81.646,0.021,-179.998
956782883.667668,-132.464,568.471,169.712,-81.636,0.021,-179.998
956782883.691287,-132.477,568.526,169.660,-81.629,0.021,-179.998
956782883.713338,-132.489,568.582,169.609,-81.622,0.021,-179.998
956782883.731202,-132.492,568.590,169.598,-81.621,0.021,-179.998
956782883.754263,-132.505,568.655,169.542,-81.613,0.021,-179.998
956782883.771765,-132.508,568.668,169.528,-81.611,0.021,-179.998
956782883.794286,-132.521,568.730,169.470,-81.603,0.021,-179.998
956782883.812115,-132.527,568.760,169.441,-81.599,0.021,-179.998
956782883.834261,-132.540,568.816,169.388,-81.592,0.020,-179.998
956782883.856152,-132.553,568.873,169.336,-81.585,0.020,-179.998
956782883.879146,-132.566,568.936,169.275,-81.576,0.020,-179.998
956782883.902176,-132.579,569.000,169.215,-81.568,0.020,-179.998
956782883.926156,-132.594,569.072,169.150,-81.559,0.020,-179.998
956782883.950186,-132.607,569.129,169.097,-81.552,0.020,-179.998
956782883.973138,-132.620,569.194,169.038,-81.544,0.020,-179.998
956782883.991132,-132.626,569.221,169.011,-81.540,0.020,-179.998
956782884.013261,-132.639,569.279,168.959,-81.533,0.020,-179.998
956782884.033351,-132.645,569.308,168.930,-81.529,0.020,-179.998
956782884.057143,-132.661,569.378,168.868,-81.520,0.020,-179.998
956782884.080123,-132.674,569.441,168.808,-81.512,0.020,-179.998
956782884.103297,-132.687,569.506,168.749,-81.504,0.020,-179.998
956782884.121084,-132.693,569.534,168.722,-81.500,0.020,-179.998
956782884.144842,-132.706,569.599,168.661,-81.492,0.020,-179.998
956782884.168831,-132.722,569.670,168.594,-81.483,0.020,-179.998
956782884.192109,-132.738,569.741,168.530,-81.474,0.020,-179.998
956782884.214281,-132.750,569.796,168.478,-81.467,0.020,-179.998
956782884.238191,-132.766,569.867,168.412,-81.458,0.020,-179.998
956782884.261067,-132.779,569.931,168.353,-81.450,0.020,-179.998
956782884.285032,-132.795,570.001,168.288,-81.441,0.020,-179.998
956782884.309142,-132.810,570.071,168.221,-81.432,0.020,-179.998
956782884.326170,-132.814,570.092,168.198,-81.429,0.020,-179.998
956782884.352114,-132.833,570.177,168.119,-81.418,0.020,-179.998
956782884.375056,-132.848,570.242,168.060,-81.410,0.020,-179.998
956782884.398349,-132.864,570.315,167.993,-81.401,0.020,-179.998
956782884.422125,-132.880,570.386,167.926,-81.391,0.020,-179.998
956782884.445028,-132.893,570.451,167.867,-81.383,0.020,-179.998
956782884.467101,-132.906,570.514,167.807,-81.375,0.020,-179.998
956782884.489124,-132.919,570.572,167.755,-81.368,0.020,-179.998
956782884.512162,-132.932,570.634,167.696,-81.360,0.020,-179.998
956782884.530090,-132.938,570.663,167.670,-81.356,0.020,-179.998
956782884.552712,-132.951,570.719,167.614,-81.349,0.020,-179.998
956782884.576469,-132.964,570.784,167.555,-81.341,0.020,-179.998
956782884.599254,-132.977,570.846,167.499,-81.333,0.020,-179.998
956782884.617103,-132.983,570.875,167.472,-81.329,0.020,-179.998
956782884.634253,-132.987,570.897,167.450,-81.326,0.020,-179.998
956782884.656792,-133.002,570.955,167.397,-81.319,0.020,-179.998
956782884.680857,-133.017,571.026,167.330,-81.310,0.020,-179.998
956782884.705061,-133.034,571.105,167.260,-81.300,0.020,-179.998
956782884.727914,-133.047,571.171,167.202,-81.292,0.021,-179.998
956782884.752109,-133.063,571.241,167.135,-81.283,0.021,-179.998
956782884.775133,-133.076,571.306,167.076,-81.275,0.021,-179.998
956782884.801055,-133.092,571.379,167.009,-81.266,0.020,-179.998
956782884.824874,-133.105,571.442,166.947,-81.257,0.020,-179.998
956782884.847243,-133.118,571.507,166.890,-81.249,0.020,-179.998
956782884.873403,-133.130,571.563,166.836,-81.242,0.020,-179.998
956782884.897245,-133.146,571.634,166.770,-81.233,0.020,-179.998
956782884.921153,-133.162,571.708,166.706,-81.224,0.021,-179.998
956782884.947181,-133.178,571.785,166.630,-81.214,0.020,-179.998
956782884.970171,-133.182,571.808,166.611,-81.212,0.020,-179.998
956782884.996211,-133.201,571.893,166.531,-81.201,0.020,-179.998
956782885.019410,-133.216,571.957,166.472,-81.192,0.020,-179.998
956782885.047255,-133.233,572.045,166.394,-81.182,0.021,-179.998
956782885.070167,-133.248,572.100,166.340,-81.174,0.021,-179.998
956782885.094319,-133.264,572.172,166.274,-81.165,0.021,-179.998
956782885.113272,-133.271,572.207,166.242,-81.161,0.021,-179.998
956782885.134205,-133.278,572.243,166.210,-81.156,0.021,-179.998
956782885.161732,-133.297,572.334,166.120,-81.145,0.020,-179.998
956782885.187113,-133.313,572.406,166.054,-81.136,0.020,-179.998
956782885.210155,-133.326,572.470,165.997,-81.128,0.021,-179.998
956782885.233972,-133.339,572.534,165.937,-81.120,0.021,-179.998
956782885.257161,-133.352,572.598,165.880,-81.112,0.021,-179.998
956782885.280184,-133.365,572.664,165.822,-81.104,0.021,-179.998
956782885.302448,-133.378,572.719,165.768,-81.097,0.021,-179.998
956782885.326233,-133.394,572.792,165.703,-81.088,0.021,-179.998
956782885.349235,-133.407,572.855,165.645,-81.080,0.021,-179.998
956782885.373168,-133.420,572.912,165.592,-81.073,0.021,-179.998
956782885.392991,-133.426,572.940,165.562,-81.069,0.021,-179.998
956782885.414258,-133.439,572.998,165.513,-81.062,0.021,-179.998
956782885.437724,-133.452,573.061,165.450,-81.054,0.021,-179.998
956782885.458798,-133.459,573.097,165.417,-81.049,0.021,-179.998
956782885.486170,-133.479,573.196,165.325,-81.037,0.021,-179.998
956782885.510137,-133.497,573.267,165.259,-81.028,0.021,-179.998
956782885.530104,-133.503,573.297,165.229,-81.024,0.021,-179.998
956782885.552086,-133.516,573.353,165.179,-81.017,0.021,-179.998
956782885.575305,-133.529,573.419,165.120,-81.009,0.021,-179.998
956782885.598240,-133.542,573.482,165.060,-81.001,0.021,-179.998
956782885.621096,-133.556,573.546,165.000,-80.993,0.021,-179.998
956782885.644234,-133.569,573.609,164.942,-80.986,0.021,-179.998
956782885.666216,-133.581,573.666,164.889,-80.978,0.021,-179.998
956782885.685019,-133.588,573.701,164.857,-80.974,0.021,-179.998
956782885.707799,-133.601,573.765,164.795,-80.966,0.021,-179.998
956782885.725050,-133.608,573.793,164.770,-80.962,0.021,-179.998
956782885.749126,-133.620,573.851,164.718,-80.955,0.021,-179.998
956782885.772812,-133.633,573.914,164.655,-80.947,0.021,-179.998
956782885.796096,-133.646,573.970,164.602,-80.940,0.021,-179.998
956782885.824221,-133.666,574.073,164.513,-80.928,0.021,-179.998
956782885.849165,-133.682,574.135,164.453,-80.920,0.021,-179.998
956782885.873983,-133.698,574.206,164.384,-80.910,0.021,-179.998
956782885.898006,-133.714,574.278,164.321,-80.902,0.021,-179.998
956782885.919899,-133.727,574.341,164.260,-80.894,0.021,-179.998
956782885.943960,-133.743,574.419,164.187,-80.884,0.021,-179.998
956782885.966943,-133.759,574.492,164.122,-80.875,0.021,-179.998
956782885.990884,-133.776,574.572,164.049,-80.865,0.021,-179.998
956782886.014954,-133.792,574.643,163.982,-80.856,0.021,-179.998
956782886.038179,-133.808,574.715,163.917,-80.847,0.021,-179.998
956782886.062213,-133.824,574.789,163.850,-80.838,0.021,-179.998
956782886.088176,-133.837,574.853,163.790,-80.830,0.021,-179.998
956782886.112730,-133.853,574.925,163.723,-80.821,0.020,-179.998
956782886.139241,-133.873,575.020,163.638,-80.810,0.021,-179.998
956782886.158150,-133.879,575.056,163.605,-80.805,0.021,-179.998
956782886.187292,-133.902,575.163,163.506,-80.792,0.021,-179.998
956782886.213641,-133.922,575.250,163.425,-80.781,0.020,-179.998
956782886.239204,-133.941,575.333,163.349,-80.770,0.021,-179.998
956782886.264312,-133.957,575.411,163.276,-80.761,0.021,-179.998
956782886.294036,-133.973,575.491,163.201,-80.751,0.020,-179.998
956782886.319905,-133.987,575.553,163.145,-80.743,0.021,-179.998
956782886.339846,-133.993,575.589,163.109,-80.738,0.020,-179.998
956782886.365958,-134.013,575.683,163.027,-80.727,0.021,-179.998
956782886.390953,-134.032,575.767,162.948,-80.716,0.021,-179.998
956782886.414896,-134.049,575.845,162.875,-80.707,0.021,-179.998
956782886.441523,-134.065,575.917,162.807,-80.697,0.021,-179.998
956782886.464891,-134.081,575.986,162.744,-80.689,0.021,-179.998
956782886.488912,-134.097,576.064,162.671,-80.679,0.021,-179.998
956782886.513986,-134.116,576.150,162.592,-80.668,0.021,-179.998
956782886.536915,-134.132,576.222,162.526,-80.659,0.021,-179.998
956782886.559922,-134.142,576.270,162.480,-80.653,0.021,-179.998
956782886.583933,-134.159,576.349,162.408,-80.643,0.021,-179.998
956782886.610948,-134.175,576.429,162.334,-80.633,0.021,-179.998
956782886.634931,-134.192,576.509,162.263,-80.624,0.021,-179.998
956782886.659895,-134.211,576.595,162.184,-80.613,0.021,-179.998
956782886.684912,-134.230,576.681,162.104,-80.602,0.021,-179.998
956782886.711434,-134.250,576.768,162.026,-80.592,0.021,-179.998
956782886.730857,-134.257,576.802,161.992,-80.587,0.021,-179.998
956782886.758639,-134.276,576.895,161.904,-80.576,0.021,-179.998
956782886.784973,-134.296,576.990,161.821,-80.564,0.021,-179.998
956782886.817003,-134.322,577.112,161.707,-80.549,0.021,-179.998
956782886.843921,-134.345,577.213,161.618,-80.537,0.021,-179.998
956782886.870891,-134.361,577.293,161.546,-80.527,0.021,-179.998
956782886.897906,-134.384,577.395,161.453,-80.514,0.021,-179.998
956782886.926581,-134.407,577.504,161.353,-80.501,0.021,-179.998
956782886.955898,-134.431,577.621,161.247,-80.487,0.021,-179.998
956782886.983848,-134.453,577.712,161.159,-80.475,0.021,-179.998
956782887.004931,-134.465,577.768,161.108,-80.468,0.021,-179.998
956782887.036903,-134.492,577.898,160.990,-80.452,0.021,-179.998
956782887.063512,-134.514,577.990,160.903,-80.440,0.021,-179.998
956782887.086422,-134.528,578.054,160.844,-80.432,0.021,-179.998
956782887.114995,-134.551,578.164,160.746,-80.419,0.021,-179.998
956782887.139892,-134.567,578.238,160.680,-80.410,0.021,-179.998
956782887.164448,-134.583,578.316,160.607,-80.401,0.021,-179.998
956782887.183013,-134.590,578.351,160.575,-80.396,0.021,-179.998
956782887.205946,-134.606,578.422,160.509,-80.387,0.021,-179.998
956782887.229856,-134.623,578.502,160.437,-80.378,0.021,-179.998
956782887.250883,-134.633,578.551,160.392,-80.371,0.021,-179.998
956782887.280879,-134.656,578.659,160.293,-80.358,0.021,-179.998
956782887.304882,-134.673,578.737,160.220,-80.349,0.021,-179.998
956782887.327885,-134.689,578.807,160.155,-80.340,0.022,-179.998
956782887.343936,-134.692,578.830,160.134,-80.337,0.022,-179.998
956782887.366449,-134.708,578.893,160.076,-80.329,0.022,-179.998
956782887.391677,-134.725,578.971,160.000,-80.319,0.022,-179.998
956782887.411872,-134.735,579.019,159.957,-80.313,0.022,-179.998
956782887.436394,-134.751,579.098,159.884,-80.303,0.022,-179.998
956782887.463159,-134.761,579.148,159.835,-80.297,0.022,-179.998
956782887.481081,-134.761,579.148,159.835,-80.297,0.022,-179.998
956782887.500829,-134.761,579.148,159.835,-80.297,0.022,-179.998
956782887.529097,-134.761,579.148,159.835,-80.297,0.022,-179.998
956782887.554637,-134.761,579.148,159.835,-80.297,0.022,-179.998
956782887.578441,-134.761,579.148,159.835,-80.297,0.022,-179.998
956782887.599551,-134.761,579.148,159.835,-80.297,0.022,-179.998
956782887.620758,-134.761,579.148,159.835,-80.297,0.022,-179.998
956782887.643573,-134.761,579.148,159.835,-80.297,0.022,-179.998
956782887.664719,-134.761,579.148,159.835,-80.297,0.022,-179.998
956782887.685958,-134.761,579.148,159.835,-80.297,0.022,-179.998
956782887.703191,-134.761,579.148,159.835,-80.297,0.022,-179.998
956782887.728381,-134.761,579.148,159.835,-80.297,0.022,-179.998
956782887.752955,-134.761,579.148,159.835,-80.297,0.022,-179.998
956782887.774808,-134.761,579.148,159.835,-80.297,0.022,-179.998
956782887.795753,-134.761,579.148,159.835,-80.297,0.022,-179.998
956782887.811307,-134.761,579.148,159.835,-80.297,0.022,-179.998
956782887.831046,-134.761,579.148,159.835,-80.297,0.022,-179.998
956782887.851522,-134.761,579.148,159.835,-80.297,0.022,-179.998
956782887.872515,-134.761,579.148,159.835,-80.297,0.022,-179.998
956782887.895133,-134.761,579.148,159.835,-80.297,0.022,-179.998
956782887.911634,-134.761,579.148,159.835,-80.297,0.022,-179.998
956782887.937635,-134.761,579.148,159.835,-80.297,0.022,-179.998
956782887.957819,-134.761,579.148,159.835,-80.297,0.022,-179.998
956782887.977772,-134.761,579.148,159.835,-80.297,0.022,-179.998
956782887.999021,-134.761,579.148,159.835,-80.297,0.022,-179.998
956782888.020192,-134.761,579.148,159.835,-80.297,0.022,-179.998
956782888.042889,-134.761,579.148,159.835,-80.297,0.022,-179.998
956782888.062783,-134.761,579.148,159.835,-80.297,0.022,-179.998
956782888.083361,-134.761,579.148,159.835,-80.297,0.022,-179.998
956782888.104145,-134.761,579.148,159.835,-80.297,0.022,-179.998
956782888.124494,-134.761,579.148,159.835,-80.297,0.022,-179.998
956782888.144533,-134.761,579.148,159.835,-80.297,0.022,-179.998
956782888.165303,-134.761,579.148,159.835,-80.297,0.022,-179.998
956782888.184619,-134.761,579.148,159.835,-80.297,0.022,-179.998
956782888.205741,-134.761,579.148,159.835,-80.297,0.022,-179.998
956782888.226982,-134.761,579.148,159.835,-80.297,0.022,-179.998
956782888.247654,-134.761,579.148,159.835,-80.297,0.022,-179.998
956782888.262606,-134.761,579.148,159.835,-80.297,0.022,-179.998
956782888.283323,-134.761,579.148,159.835,-80.297,0.022,-179.998
956782888.304043,-134.761,579.148,159.835,-80.297,0.022,-179.998
956782888.324008,-134.761,579.148,159.835,-80.297,0.022,-179.998
956782888.340615,-134.761,579.148,159.835,-80.297,0.022,-179.998
956782888.357059,-134.761,579.148,159.835,-80.297,0.022,-179.998
956782888.376700,-134.761,579.148,159.835,-80.297,0.022,-179.998
956782888.397431,-134.761,579.148,159.835,-80.297,0.022,-179.998
956782888.418411,-134.761,579.148,159.835,-80.297,0.022,-179.998
956782888.437875,-134.761,579.148,159.835,-80.297,0.022,-179.998
956782888.459126,-134.761,579.148,159.835,-80.297,0.022,-179.998
956782888.479407,-134.761,579.148,159.835,-80.297,0.022,-179.998
956782888.498524,-134.761,579.148,159.835,-80.297,0.022,-179.998
956782888.518787,-134.761,579.148,159.835,-80.297,0.022,-179.998
956782888.540664,-134.761,579.148,159.835,-80.297,0.022,-179.998
956782888.561204,-134.761,579.148,159.835,-80.297,0.022,-179.998
956782888.580866,-134.761,579.148,159.835,-80.297,0.022,-179.998
956782888.598016,-134.761,579.148,159.835,-80.297,0.022,-179.998
956782888.612894,-134.761,579.148,159.835,-80.297,0.022,-179.998
956782888.632259,-134.761,579.148,159.835,-80.297,0.022,-179.998
956782888.649723,-134.761,579.148,159.835,-80.297,0.022,-179.998
956782888.674687,-134.761,579.148,159.835,-80.297,0.022,-179.998
956782888.694019,-134.761,579.148,159.835,-80.297,0.022,-179.998
956782888.714644,-134.761,579.148,159.835,-80.297,0.022,-179.998
956782888.737000,-134.761,579.148,159.835,-80.297,0.022,-179.998
956782888.756239,-134.761,579.148,159.835,-80.297,0.022,-179.998
956782888.778665,-134.761,579.148,159.835,-80.297,0.022,-179.998
956782888.804197,-134.761,579.148,159.835,-80.297,0.022,-179.998
956782888.827028,-134.761,579.148,159.835,-80.297,0.022,-179.998
956782888.849263,-134.761,579.148,159.835,-80.297,0.022,-179.998
956782888.870268,-134.761,579.148,159.835,-80.297,0.022,-179.998
956782888.889769,-134.761,579.148,159.835,-80.297,0.022,-179.998
956782888.910663,-134.761,579.148,159.835,-80.297,0.022,-179.998
956782888.933254,-134.761,579.148,159.835,-80.297,0.022,-179.998
956782888.956395,-134.761,579.148,159.835,-80.297,0.022,-179.998
956782888.977334,-134.761,579.148,159.835,-80.297,0.022,-179.998
956782888.998030,-134.761,579.148,159.835,-80.297,0.022,-179.998
956782889.014723,-134.761,579.148,159.835,-80.297,0.022,-179.998
956782889.036192,-134.761,579.148,159.835,-80.297,0.022,-179.998
956782889.057430,-134.761,579.148,159.835,-80.297,0.022,-179.998
956782889.079439,-134.761,579.148,159.835,-80.297,0.022,-179.998
956782889.099726,-134.761,579.148,159.835,-80.297,0.022,-179.998
956782889.119688,-134.761,579.148,159.835,-80.297,0.022,-179.998
956782889.140557,-134.761,579.148,159.835,-80.297,0.022,-179.998
956782889.160701,-134.761,579.148,159.835,-80.297,0.022,-179.998
956782889.180008,-134.761,579.148,159.835,-80.297,0.022,-179.998
956782889.200007,-134.761,579.148,159.835,-80.297,0.022,-179.998
956782889.223365,-134.761,579.148,159.835,-80.297,0.022,-179.998
956782889.244566,-134.761,579.148,159.835,-80.297,0.022,-179.998
956782889.264018,-134.761,579.148,159.835,-80.297,0.022,-179.998
956782889.280625,-134.761,579.148,159.835,-80.297,0.022,-179.998
956782889.301723,-134.761,579.148,159.835,-80.297,0.022,-179.998
956782889.317523,-134.761,579.148,159.835,-80.297,0.022,-179.998
956782889.333088,-134.761,579.148,159.835,-80.297,0.022,-179.998
956782889.353209,-134.761,579.148,159.835,-80.297,0.022,-179.998
956782889.374463,-134.761,579.148,159.835,-80.297,0.022,-179.998
956782889.396569,-134.761,579.148,159.835,-80.297,0.022,-179.998
956782889.418914,-134.761,579.148,159.835,-80.297,0.022,-179.998
956782889.440923,-134.761,579.148,159.835,-80.297,0.022,-179.998
956782889.461902,-134.761,579.148,159.835,-80.297,0.022,-179.998
956782889.482004,-134.761,579.148,159.835,-80.297,0.022,-179.998
956782889.503051,-134.761,579.148,159.835,-80.297,0.022,-179.998
956782889.524621,-134.761,579.148,159.835,-80.297,0.022,-179.998
956782889.540025,-134.761,579.148,159.835,-80.297,0.022,-179.998
956782889.565035,-134.761,579.148,159.835,-80.297,0.022,-179.998
956782889.586706,-134.761,579.148,159.835,-80.297,0.022,-179.998
956782889.611669,-134.761,579.148,159.835,-80.297,0.022,-179.998
956782889.633940,-134.761,579.148,159.835,-80.297,0.022,-179.998
956782889.656910,-134.761,579.148,159.835,-80.297,0.022,-179.998
956782889.672984,-134.761,579.148,159.835,-80.297,0.022,-179.998
956782889.690342,-134.761,579.148,159.835,-80.297,0.022,-179.998
956782889.715538,-134.761,579.148,159.835,-80.297,0.022,-179.998
956782889.736191,-134.761,579.148,159.835,-80.297,0.022,-179.998
956782889.757758,-134.761,579.148,159.835,-80.297,0.022,-179.998
956782889.780681,-134.761,579.148,159.835,-80.297,0.022,-179.998
956782889.803103,-134.761,579.148,159.835,-80.297,0.022,-179.998
956782889.818928,-134.761,579.148,159.835,-80.297,0.022,-179.998
956782889.839351,-134.761,579.148,159.835,-80.297,0.022,-179.998
956782889.860918,-134.761,579.148,159.835,-80.297,0.022,-179.998
956782889.877365,-134.761,579.148,159.835,-80.297,0.022,-179.998
956782889.898136,-134.761,579.148,159.835,-80.297,0.022,-179.998
956782889.919188,-134.761,579.148,159.835,-80.297,0.022,-179.998
956782889.943811,-134.761,579.148,159.835,-80.297,0.022,-179.998
956782889.965401,-134.761,579.148,159.835,-80.297,0.022,-179.998
956782889.985734,-134.761,579.148,159.835,-80.297,0.022,-179.998
956782890.007362,-134.761,579.148,159.835,-80.297,0.022,-179.998
956782890.026307,-134.761,579.148,159.835,-80.297,0.022,-179.998
956782890.051143,-134.761,579.148,159.835,-80.297,0.022,-179.998
956782890.071974,-134.761,579.148,159.835,-80.297,0.022,-179.998
956782890.092724,-134.761,579.148,159.835,-80.297,0.022,-179.998
956782890.113454,-134.761,579.148,159.835,-80.297,0.022,-179.998
956782890.136604,-134.761,579.148,159.835,-80.297,0.022,-179.998
956782890.156112,-134.761,579.148,159.835,-80.297,0.022,-179.998
956782890.175348,-134.761,579.148,159.835,-80.297,0.022,-179.998
956782890.195897,-134.761,579.148,159.835,-80.297,0.022,-179.998
956782890.223519,-134.761,579.148,159.835,-80.297,0.022,-179.998
956782890.251946,-134.761,579.148,159.835,-80.297,0.022,-179.998
956782890.275594,-134.761,579.148,159.835,-80.297,0.022,-179.998
956782890.296507,-134.761,579.148,159.835,-80.297,0.022,-179.998
956782890.318409,-134.761,579.148,159.835,-80.297,0.022,-179.998
956782890.340318,-134.761,579.148,159.835,-80.297,0.022,-179.998
956782890.359324,-134.761,579.148,159.835,-80.297,0.022,-179.998
956782890.383246,-134.761,579.148,159.835,-80.297,0.022,-179.998
956782890.406919,-134.761,579.148,159.835,-80.297,0.022,-179.998
956782890.428788,-134.761,579.148,159.835,-80.297,0.022,-179.998
956782890.451290,-134.761,579.148,159.835,-80.297,0.022,-179.998
956782890.475672,-134.761,579.148,159.835,-80.297,0.022,-179.998
956782890.497268,-134.761,579.148,159.835,-80.297,0.022,-179.998
956782890.513664,-134.761,579.148,159.835,-80.297,0.022,-179.998
956782890.535696,-134.761,579.148,159.835,-80.297,0.022,-179.998
956782890.557490,-134.761,579.148,159.835,-80.297,0.022,-179.998
956782890.579489,-134.761,579.148,159.835,-80.297,0.022,-179.998
956782890.597954,-134.761,579.148,159.835,-80.297,0.022,-179.998
956782890.621224,-134.761,579.148,159.835,-80.297,0.022,-179.998
956782890.644031,-134.761,579.148,159.835,-80.297,0.022,-179.998
956782890.666322,-134.761,579.148,159.835,-80.297,0.022,-179.998
956782890.682395,-134.761,579.148,159.835,-80.297,0.022,-179.998
956782890.708422,-134.761,579.148,159.835,-80.297,0.022,-179.998
956782890.730822,-134.761,579.148,159.835,-80.297,0.022,-179.998
956782890.748118,-134.761,579.148,159.835,-80.297,0.022,-179.998
956782890.767514,-134.761,579.148,159.835,-80.297,0.022,-179.998
956782890.790132,-134.761,579.148,159.835,-80.297,0.022,-179.998
956782890.807972,-134.761,579.148,159.835,-80.297,0.022,-179.998
956782890.824701,-134.761,579.148,159.835,-80.297,0.022,-179.998
956782890.839886,-134.761,579.148,159.835,-80.297,0.022,-179.998
956782890.859884,-134.761,579.148,159.835,-80.297,0.022,-179.998
956782890.879235,-134.761,579.148,159.835,-80.297,0.022,-179.998
956782890.899782,-134.761,579.148,159.835,-80.297,0.022,-179.998
956782890.923875,-134.761,579.148,159.835,-80.297,0.022,-179.998
956782890.944799,-134.761,579.148,159.835,-80.297,0.022,-179.998
956782890.964462,-134.761,579.148,159.835,-80.297,0.022,-179.998
956782890.984564,-134.761,579.148,159.835,-80.297,0.022,-179.998
956782891.007664,-134.761,579.148,159.835,-80.297,0.022,-179.998
956782891.030461,-134.761,579.148,159.835,-80.297,0.022,-179.998
956782891.053292,-134.761,579.148,159.835,-80.297,0.022,-179.998
956782891.073261,-134.761,579.148,159.835,-80.297,0.022,-179.998
956782891.094568,-134.761,579.148,159.835,-80.297,0.022,-179.998
956782891.115529,-134.761,579.148,159.835,-80.297,0.022,-179.998
956782891.139309,-134.761,579.148,159.835,-80.297,0.022,-179.998
956782891.155048,-134.761,579.148,159.835,-80.297,0.022,-179.998
956782891.175170,-134.761,579.148,159.835,-80.297,0.022,-179.998
956782891.196230,-134.761,579.148,159.835,-80.297,0.022,-179.998
956782891.211509,-134.761,579.148,159.835,-80.297,0.022,-179.998
956782891.231188,-134.761,579.148,159.835,-80.297,0.022,-179.998
956782891.252982,-134.761,579.148,159.835,-80.297,0.022,-179.998
956782891.272983,-134.761,579.148,159.835,-80.297,0.022,-179.998
956782891.294430,-134.761,579.148,159.835,-80.297,0.022,-179.998
956782891.311612,-134.761,579.148,159.835,-80.297,0.022,-179.998
956782891.326200,-134.761,579.148,159.835,-80.297,0.022,-179.998
956782891.342266,-134.761,579.148,159.835,-80.297,0.022,-179.998
956782891.362421,-134.761,579.148,159.835,-80.297,0.022,-179.998
956782891.381802,-134.761,579.148,159.835,-80.297,0.022,-179.998
956782891.403039,-134.761,579.148,159.835,-80.297,0.022,-179.998
956782891.424352,-134.761,579.148,159.835,-80.297,0.022,-179.998
956782891.444469,-134.761,579.148,159.835,-80.297,0.022,-179.998
956782891.464539,-134.761,579.148,159.835,-80.297,0.022,-179.998
956782891.487270,-134.761,579.148,159.835,-80.297,0.022,-179.998
956782891.509322,-134.761,579.148,159.835,-80.297,0.022,-179.998
956782891.531883,-134.761,579.148,159.835,-80.297,0.022,-179.998
956782891.553578,-134.761,579.148,159.835,-80.297,0.022,-179.998
956782891.575988,-134.761,579.148,159.835,-80.297,0.022,-179.998
956782891.595343,-134.761,579.148,159.835,-80.297,0.022,-179.998
956782891.617194,-134.761,579.148,159.835,-80.297,0.022,-179.998
956782891.640546,-134.761,579.148,159.835,-80.297,0.022,-179.998
956782891.660339,-134.761,579.148,159.835,-80.297,0.022,-179.998
956782891.681005,-134.761,579.148,159.835,-80.297,0.022,-179.998
956782891.699780,-134.761,579.148,159.835,-80.297,0.022,-179.998
956782891.714486,-134.761,579.148,159.835,-80.297,0.022,-179.998
956782891.735181,-134.761,579.148,159.835,-80.297,0.022,-179.998
956782891.754656,-134.761,579.148,159.835,-80.297,0.022,-179.998
956782891.771176,-134.761,579.148,159.835,-80.297,0.022,-179.998
956782891.792013,-134.761,579.148,159.835,-80.297,0.022,-179.998
956782891.810814,-134.761,579.148,159.835,-80.297,0.022,-179.998
956782891.831338,-134.761,579.148,159.835,-80.297,0.022,-179.998
956782891.853295,-134.761,579.148,159.835,-80.297,0.022,-179.998
956782891.873158,-134.761,579.148,159.835,-80.297,0.022,-179.998
956782891.893288,-134.761,579.148,159.835,-80.297,0.022,-179.998
956782891.910308,-134.761,579.148,159.835,-80.297,0.022,-179.998
956782891.929646,-134.761,579.148,159.835,-80.297,0.022,-179.998
956782891.946136,-134.761,579.148,159.835,-80.297,0.022,-179.998
956782891.961492,-134.761,579.148,159.835,-80.297,0.022,-179.998
956782891.980397,-134.761,579.148,159.835,-80.297,0.022,-179.998
956782892.001458,-134.761,579.148,159.835,-80.297,0.022,-179.998
956782892.025002,-134.761,579.148,159.835,-80.297,0.022,-179.998
956782892.045454,-134.761,579.148,159.835,-80.297,0.022,-179.998
956782892.065361,-134.761,579.148,159.835,-80.297,0.022,-179.998
956782892.082881,-134.761,579.148,159.835,-80.297,0.022,-179.998
956782892.102548,-134.761,579.148,159.835,-80.297,0.022,-179.998
956782892.120918,-134.761,579.148,159.835,-80.297,0.022,-179.998
956782892.142978,-134.761,579.148,159.835,-80.297,0.022,-179.998
956782892.162570,-134.761,579.148,159.835,-80.297,0.022,-179.998
956782892.177582,-134.761,579.148,159.835,-80.297,0.022,-179.998
956782892.193410,-134.761,579.148,159.835,-80.297,0.022,-179.998
956782892.212931,-134.761,579.148,159.835,-80.297,0.022,-179.998
956782892.234521,-134.761,579.148,159.835,-80.297,0.022,-179.998
956782892.256101,-134.761,579.148,159.835,-80.297,0.022,-179.998
956782892.277054,-134.761,579.148,159.835,-80.297,0.022,-179.998
956782892.297763,-134.761,579.148,159.835,-80.297,0.022,-179.998
956782892.321316,-134.761,579.148,159.835,-80.297,0.022,-179.998
956782892.343388,-134.761,579.148,159.835,-80.297,0.022,-179.998
956782892.364357,-134.761,579.148,159.835,-80.297,0.022,-179.998
956782892.384478,-134.761,579.148,159.835,-80.297,0.022,-179.998
956782892.405710,-134.761,579.148,159.835,-80.297,0.022,-179.998
956782892.426983,-134.761,579.148,159.835,-80.297,0.022,-179.998
956782892.447055,-134.761,579.148,159.835,-80.297,0.022,-179.998
956782892.462980,-134.761,579.148,159.835,-80.297,0.022,-179.998
956782892.488883,-134.761,579.148,159.835,-80.297,0.022,-179.998
956782892.510674,-134.761,579.148,159.835,-80.297,0.022,-179.998
956782892.530162,-134.761,579.148,159.835,-80.297,0.022,-179.998
956782892.551162,-134.761,579.148,159.835,-80.297,0.022,-179.998
956782892.567826,-134.761,579.148,159.835,-80.297,0.022,-179.998
956782892.592523,-134.761,579.148,159.835,-80.297,0.022,-179.998
956782892.607924,-134.761,579.148,159.835,-80.297,0.022,-179.998
956782892.627796,-134.761,579.148,159.835,-80.297,0.022,-179.998
956782892.647889,-134.761,579.148,159.835,-80.297,0.022,-179.998
956782892.668190,-134.761,579.148,159.835,-80.297,0.022,-179.998
956782892.689761,-134.761,579.148,159.835,-80.297,0.022,-179.998
956782892.711158,-134.761,579.148,159.835,-80.297,0.022,-179.998
956782892.730698,-134.761,579.148,159.835,-80.297,0.022,-179.998
956782892.751269,-134.761,579.148,159.835,-80.297,0.022,-179.998
956782892.773240,-134.761,579.148,159.835,-80.297,0.022,-179.998
956782892.796661,-134.761,579.148,159.835,-80.297,0.022,-179.998
956782892.816388,-134.761,579.148,159.835,-80.297,0.022,-179.998
956782892.833248,-134.761,579.148,159.835,-80.297,0.022,-179.998
956782892.855130,-134.761,579.148,159.835,-80.297,0.022,-179.998
956782892.875228,-134.761,579.148,159.835,-80.297,0.022,-179.998
956782892.895797,-134.761,579.148,159.835,-80.297,0.022,-179.998
956782892.916863,-134.761,579.148,159.835,-80.297,0.022,-179.998
956782892.937037,-134.761,579.148,159.835,-80.297,0.022,-179.998
956782892.957118,-134.761,579.148,159.835,-80.297,0.022,-179.998
956782892.978120,-134.761,579.148,159.835,-80.297,0.022,-179.998
956782892.999808,-134.761,579.148,159.835,-80.297,0.022,-179.998
956782893.015089,-134.761,579.148,159.835,-80.297,0.022,-179.998
956782893.037138,-134.761,579.148,159.835,-80.297,0.022,-179.998
956782893.056293,-134.761,579.148,159.835,-80.297,0.022,-179.998
956782893.081934,-134.761,579.148,159.835,-80.297,0.022,-179.998
956782893.103025,-134.761,579.148,159.835,-80.297,0.022,-179.998
956782893.125464,-134.761,579.148,159.835,-80.297,0.022,-179.998
956782893.146724,-134.761,579.148,159.835,-80.297,0.022,-179.998
956782893.161770,-134.761,579.148,159.835,-80.297,0.022,-179.998
956782893.177539,-134.761,579.148,159.835,-80.297,0.022,-179.998
956782893.197003,-134.761,579.148,159.835,-80.297,0.022,-179.998
956782893.217497,-134.761,579.148,159.835,-80.297,0.022,-179.998
956782893.238832,-134.761,579.148,159.835,-80.297,0.022,-179.998
956782893.262518,-134.761,579.148,159.835,-80.297,0.022,-179.998
956782893.284445,-134.761,579.148,159.835,-80.297,0.022,-179.998
956782893.307933,-134.761,579.148,159.835,-80.297,0.022,-179.998
956782893.329814,-134.761,579.148,159.835,-80.297,0.022,-179.998
956782893.355501,-134.761,579.148,159.835,-80.297,0.022,-179.998
956782893.377652,-134.761,579.148,159.835,-80.297,0.022,-179.998
956782893.399090,-134.761,579.148,159.835,-80.297,0.022,-179.998
956782893.422035,-134.761,579.148,159.835,-80.297,0.022,-179.998
956782893.443799,-134.761,579.148,159.835,-80.297,0.022,-179.998
956782893.466153,-134.761,579.148,159.835,-80.297,0.022,-179.998
956782893.489038,-134.761,579.148,159.835,-80.297,0.022,-179.998
956782893.504917,-134.761,579.148,159.835,-80.297,0.022,-179.998
956782893.526489,-134.761,579.148,159.835,-80.297,0.022,-179.998
956782893.555026,-134.761,579.148,159.835,-80.297,0.022,-179.998
956782893.577249,-134.761,579.148,159.835,-80.297,0.022,-179.998
956782893.599017,-134.761,579.148,159.835,-80.297,0.022,-179.998
956782893.621272,-134.761,579.148,159.835,-80.297,0.022,-179.998
956782893.638003,-134.761,579.148,159.835,-80.297,0.022,-179.998
956782893.658736,-134.761,579.148,159.835,-80.297,0.022,-179.998
956782893.679750,-134.761,579.148,159.835,-80.297,0.022,-179.998
956782893.695417,-134.761,579.148,159.835,-80.297,0.022,-179.998
956782893.721190,-134.761,579.148,159.835,-80.297,0.022,-179.998
956782893.743118,-134.761,579.148,159.835,-80.297,0.022,-179.998
956782893.764496,-134.761,579.148,159.835,-80.297,0.022,-179.998
956782893.787550,-134.761,579.148,159.835,-80.297,0.022,-179.998
956782893.808769,-134.761,579.148,159.835,-80.297,0.022,-179.998
956782893.829816,-134.761,579.148,159.835,-80.297,0.022,-179.998
956782893.847817,-134.761,579.148,159.835,-80.297,0.022,-179.998
956782893.868592,-134.761,579.148,159.835,-80.297,0.022,-179.998
956782893.893346,-134.761,579.148,159.835,-80.297,0.022,-179.998
956782893.910190,-134.761,579.148,159.835,-80.297,0.022,-179.998
956782893.930585,-134.761,579.148,159.835,-80.297,0.022,-179.998
956782893.952616,-134.761,579.148,159.835,-80.297,0.022,-179.998
956782893.969152,-134.761,579.148,159.835,-80.297,0.022,-179.998
956782893.990678,-134.761,579.148,159.835,-80.297,0.022,-179.998
956782894.010175,-134.761,579.148,159.835,-80.297,0.022,-179.998
956782894.030697,-134.761,579.148,159.835,-80.297,0.022,-179.998
956782894.053167,-134.761,579.148,159.835,-80.297,0.022,-179.998
956782894.074157,-134.761,579.148,159.835,-80.297,0.022,-179.998
956782894.094024,-134.761,579.148,159.835,-80.297,0.022,-179.998
956782894.115030,-134.761,579.148,159.835,-80.297,0.022,-179.998
956782894.143890,-134.761,579.148,159.835,-80.297,0.022,-179.998
956782894.165544,-134.761,579.148,159.835,-80.297,0.022,-179.998
956782894.191866,-134.761,579.148,159.835,-80.297,0.022,-179.998
956782894.220073,-134.761,579.148,159.835,-80.297,0.022,-179.998
956782894.242180,-134.761,579.148,159.835,-80.297,0.022,-179.998
956782894.263903,-134.761,579.148,159.835,-80.297,0.022,-179.998
956782894.286990,-134.761,579.148,159.835,-80.297,0.022,-179.998
956782894.309671,-134.761,579.148,159.835,-80.297,0.022,-179.998
956782894.333905,-134.761,579.148,159.835,-80.297,0.022,-179.998
956782894.356121,-134.761,579.148,159.835,-80.297,0.022,-179.998
956782894.379987,-134.761,579.148,159.835,-80.297,0.022,-179.998
956782894.400449,-134.761,579.148,159.835,-80.297,0.022,-179.998
956782894.420302,-134.761,579.148,159.835,-80.297,0.022,-179.998
956782894.442049,-134.761,579.148,159.835,-80.297,0.022,-179.998
956782894.463375,-134.761,579.148,159.835,-80.297,0.022,-179.998
956782894.483037,-134.761,579.148,159.835,-80.297,0.022,-179.998
956782894.504102,-134.761,579.148,159.835,-80.297,0.022,-179.998
956782894.524820,-134.761,579.148,159.835,-80.297,0.022,-179.998
956782894.541122,-134.761,579.148,159.835,-80.297,0.022,-179.998
956782894.560136,-134.761,579.148,159.835,-80.297,0.022,-179.998
956782894.580936,-134.761,579.148,159.835,-80.297,0.022,-179.998
956782894.601384,-134.761,579.148,159.835,-80.297,0.022,-179.998
956782894.620531,-134.761,579.148,159.835,-80.297,0.022,-179.998
956782894.641412,-134.761,579.148,159.835,-80.297,0.022,-179.998
956782894.662030,-134.761,579.148,159.835,-80.297,0.022,-179.998
956782894.681624,-134.761,579.148,159.835,-80.297,0.022,-179.998
956782894.701809,-134.761,579.148,159.835,-80.297,0.022,-179.998
956782894.723879,-134.761,579.148,159.835,-80.297,0.022,-179.998
956782894.740766,-134.761,579.148,159.835,-80.297,0.022,-179.998
956782894.757190,-134.761,579.148,159.835,-80.297,0.022,-179.998
956782894.777635,-134.761,579.148,159.835,-80.297,0.022,-179.998
956782894.797432,-134.761,579.148,159.835,-80.297,0.022,-179.998
956782894.819904,-134.761,579.148,159.835,-80.297,0.022,-179.998
956782894.840809,-134.761,579.148,159.835,-80.297,0.022,-179.998
956782894.861911,-134.761,579.148,159.835,-80.297,0.022,-179.998
956782894.882652,-134.761,579.148,159.835,-80.297,0.022,-179.998
956782894.900692,-134.761,579.148,159.835,-80.297,0.022,-179.998
956782894.918444,-134.761,579.148,159.835,-80.297,0.022,-179.998
956782894.933554,-134.761,579.148,159.835,-80.297,0.022,-179.998
956782894.953087,-134.761,579.148,159.835,-80.297,0.022,-179.998
956782894.968763,-134.761,579.148,159.835,-80.297,0.022,-179.998
956782894.986074,-134.761,579.148,159.835,-80.297,0.022,-179.998
956782895.011328,-134.761,579.148,159.835,-80.297,0.022,-179.998
956782895.027664,-134.761,579.148,159.835,-80.297,0.022,-179.998
956782895.053022,-134.761,579.148,159.835,-80.297,0.022,-179.998
956782895.073519,-134.761,579.148,159.835,-80.297,0.022,-179.998
956782895.094292,-134.761,579.148,159.835,-80.297,0.022,-179.998
956782895.115406,-134.761,579.148,159.835,-80.297,0.022,-179.998
956782895.138532,-134.761,579.148,159.835,-80.297,0.022,-179.998
956782895.154538,-134.761,579.148,159.835,-80.297,0.022,-179.998
956782895.175445,-134.761,579.148,159.835,-80.297,0.022,-179.998
956782895.197234,-134.761,579.148,159.835,-80.297,0.022,-179.998
956782895.217241,-134.761,579.148,159.835,-80.297,0.022,-179.998
956782895.239445,-134.761,579.148,159.835,-80.297,0.022,-179.998
956782895.261258,-134.761,579.148,159.835,-80.297,0.022,-179.998
956782895.282127,-134.761,579.148,159.835,-80.297,0.022,-179.998
956782895.302254,-134.761,579.148,159.835,-80.297,0.022,-179.998
956782895.323284,-134.761,579.148,159.835,-80.297,0.022,-179.998
956782895.345255,-134.761,579.148,159.835,-80.297,0.022,-179.998
956782895.366326,-134.761,579.148,159.835,-80.297,0.022,-179.998
956782895.387337,-134.761,579.148,159.835,-80.297,0.022,-179.998
956782895.403829,-134.761,579.148,159.835,-80.297,0.022,-179.998
956782895.423928,-134.761,579.148,159.835,-80.297,0.022,-179.998
956782895.445486,-134.761,579.148,159.835,-80.297,0.022,-179.998
956782895.469326,-134.761,579.148,159.835,-80.297,0.022,-179.998
956782895.493119,-134.761,579.148,159.835,-80.297,0.022,-179.998
956782895.515719,-134.761,579.148,159.835,-80.297,0.022,-179.998
956782895.542532,-134.761,579.148,159.835,-80.297,0.022,-179.998
956782895.564606,-134.761,579.148,159.835,-80.297,0.022,-179.998
956782895.587644,-134.761,579.148,159.835,-80.297,0.022,-179.998
956782895.605186,-134.761,579.148,159.835,-80.297,0.022,-179.998
956782895.631769,-134.761,579.148,159.835,-80.297,0.022,-179.998
956782895.653414,-134.761,579.148,159.835,-80.297,0.022,-179.998
956782895.673534,-134.761,579.148,159.835,-80.297,0.022,-179.998
956782895.696002,-134.761,579.148,159.835,-80.297,0.022,-179.998
956782895.717547,-134.761,579.148,159.835,-80.297,0.022,-179.998
956782895.739460,-134.761,579.148,159.835,-80.297,0.022,-179.998
956782895.761316,-134.761,579.148,159.835,-80.297,0.022,-179.998
956782895.781670,-134.761,579.148,159.835,-80.297,0.022,-179.998
956782895.802510,-134.761,579.148,159.835,-80.297,0.022,-179.998
956782895.818985,-134.761,579.148,159.835,-80.297,0.022,-179.998
956782895.839377,-134.761,579.148,159.835,-80.297,0.022,-179.998
956782895.857610,-134.761,579.148,159.835,-80.297,0.022,-179.998
956782895.882606,-134.761,579.148,159.835,-80.297,0.022,-179.998
956782895.905113,-134.761,579.148,159.835,-80.297,0.022,-179.998
956782895.924745,-134.761,579.148,159.835,-80.297,0.022,-179.998
956782895.945400,-134.761,579.148,159.835,-80.297,0.022,-179.998
956782895.967309,-134.761,579.148,159.835,-80.297,0.022,-179.998
956782895.990838,-134.761,579.148,159.835,-80.297,0.022,-179.998
956782896.007031,-134.761,579.148,159.835,-80.297,0.022,-179.998
956782896.028288,-134.761,579.148,159.835,-80.297,0.022,-179.998
956782896.049262,-134.761,579.148,159.835,-80.297,0.022,-179.998
956782896.070781,-134.761,579.148,159.835,-80.297,0.022,-179.998
956782896.086668,-134.761,579.148,159.835,-80.297,0.022,-179.998
956782896.101860,-134.761,579.148,159.835,-80.297,0.022,-179.998
956782896.123222,-134.761,579.148,159.835,-80.297,0.022,-179.998
956782896.139270,-134.761,579.148,159.835,-80.297,0.022,-179.998
956782896.160037,-134.761,579.148,159.835,-80.297,0.022,-179.998
956782896.186303,-134.761,579.148,159.835,-80.297,0.022,-179.998
956782896.207547,-134.761,579.148,159.835,-80.297,0.022,-179.998
956782896.227909,-134.761,579.148,159.835,-80.297,0.022,-179.998
956782896.248270,-134.761,579.148,159.835,-80.297,0.022,-179.998
956782896.269455,-134.761,579.148,159.835,-80.297,0.022,-179.998
956782896.290473,-134.761,579.148,159.835,-80.297,0.022,-179.998
956782896.310290,-134.761,579.148,159.835,-80.297,0.022,-179.998
956782896.330934,-134.761,579.148,159.835,-80.297,0.022,-179.998
956782896.352273,-134.761,579.148,159.835,-80.297,0.022,-179.998
956782896.369793,-134.761,579.148,159.835,-80.297,0.022,-179.998
956782896.390052,-134.761,579.148,159.835,-80.297,0.022,-179.998
956782896.411138,-134.761,579.148,159.835,-80.297,0.022,-179.998
956782896.432165,-134.761,579.148,159.835,-80.297,0.022,-179.998
956782896.457007,-134.761,579.148,159.835,-80.297,0.022,-179.998
956782896.478019,-134.761,579.148,159.835,-80.297,0.022,-179.998
956782896.497719,-134.761,579.148,159.835,-80.297,0.022,-179.998
956782896.516287,-134.761,579.148,159.835,-80.297,0.022,-179.998
956782896.537400,-134.761,579.148,159.835,-80.297,0.022,-179.998
956782896.556280,-134.761,579.148,159.835,-80.297,0.022,-179.998
956782896.581297,-134.761,579.148,159.835,-80.297,0.022,-179.998
956782896.601966,-134.761,579.148,159.835,-80.297,0.022,-179.998
956782896.617884,-134.761,579.148,159.835,-80.297,0.022,-179.998
956782896.634107,-134.761,579.148,159.835,-80.297,0.022,-179.998
956782896.650125,-134.761,579.148,159.835,-80.297,0.022,-179.998
956782896.668958,-134.761,579.148,159.835,-80.297,0.022,-179.998
956782896.689605,-134.761,579.148,159.835,-80.297,0.022,-179.998
956782896.710652,-134.761,579.148,159.835,-80.297,0.022,-179.998
956782896.726413,-134.761,579.148,159.835,-80.297,0.022,-179.998
956782896.746162,-134.761,579.148,159.835,-80.297,0.022,-179.998
956782896.766815,-134.761,579.148,159.835,-80.297,0.022,-179.998
956782896.790021,-134.761,579.148,159.835,-80.297,0.022,-179.998
956782896.817010,-134.761,579.148,159.835,-80.297,0.022,-179.998
956782896.839303,-134.761,579.148,159.835,-80.297,0.022,-179.998
956782896.860197,-134.761,579.148,159.835,-80.297,0.022,-179.998
956782896.884827,-134.761,579.148,159.835,-80.297,0.022,-179.998
956782896.907810,-134.761,579.148,159.835,-80.297,0.022,-179.998
956782896.926498,-134.761,579.148,159.835,-80.297,0.022,-179.998
956782896.947291,-134.761,579.148,159.835,-80.297,0.022,-179.998
956782896.969902,-134.761,579.148,159.835,-80.297,0.022,-179.998
956782896.992610,-134.761,579.148,159.835,-80.297,0.022,-179.998
956782897.008964,-134.761,579.148,159.835,-80.297,0.022,-179.998
956782897.025660,-134.761,579.148,159.835,-80.297,0.022,-179.998
956782897.047226,-134.761,579.148,159.835,-80.297,0.022,-179.998
956782897.066888,-134.761,579.148,159.835,-80.297,0.022,-179.998
956782897.088452,-134.761,579.148,159.835,-80.297,0.022,-179.998
956782897.104676,-134.761,579.148,159.835,-80.297,0.022,-179.998
956782897.129942,-134.761,579.148,159.835,-80.297,0.022,-179.998
956782897.149881,-134.761,579.148,159.835,-80.297,0.022,-179.998
956782897.169549,-134.761,579.148,159.835,-80.297,0.022,-179.998
956782897.188328,-134.761,579.148,159.835,-80.297,0.022,-179.998
956782897.208785,-134.761,579.148,159.835,-80.297,0.022,-179.998
956782897.234601,-134.761,579.148,159.835,-80.297,0.022,-179.998
956782897.255113,-134.761,579.148,159.835,-80.297,0.022,-179.998
956782897.276285,-134.761,579.148,159.835,-80.297,0.022,-179.998
956782897.297766,-134.761,579.148,159.835,-80.297,0.022,-179.998
956784015.055274,-126.996,512.532,220.792,-90.000,0.020,179.999
956784015.144544,-126.996,512.532,220.792,-90.000,0.020,179.999
956784015.209626,-127.214,512.311,220.992,-90.102,0.020,179.999
956784015.276651,-127.233,511.911,221.309,-90.259,0.020,179.999
956784015.343635,-127.451,511.555,221.635,-90.414,0.020,179.999
956784015.410518,-127.710,511.217,221.953,-90.563,0.020,179.999
956784015.477632,-127.988,510.891,222.267,-90.710,0.020,179.999
956784015.547345,-128.282,510.563,222.583,-90.858,0.020,179.999
956784015.610455,-128.539,510.282,222.858,-90.986,0.020,179.999
956784015.677516,-128.836,509.968,223.166,-91.129,0.020,179.998
956784015.743623,-129.129,509.661,223.470,-91.270,0.020,179.998
956784015.812528,-129.441,509.335,223.790,-91.418,0.020,179.998
956784015.879498,-129.743,509.024,224.097,-91.560,0.020,179.998
956784015.944558,-130.035,508.725,224.393,-91.697,0.020,179.998
956784016.009484,-130.325,508.428,224.687,-91.834,0.020,179.998
956784016.076572,-130.634,508.111,224.998,-91.979,0.019,179.998
956784016.144442,-130.945,507.798,225.310,-92.124,0.019,179.998
956784016.211413,-131.254,507.485,225.623,-92.269,0.020,179.998
956784016.277478,-131.553,507.181,225.925,-92.408,0.020,179.998
956784016.344441,-131.859,506.874,226.231,-92.550,0.020,179.998
956784016.410404,-132.163,506.566,226.539,-92.692,0.020,179.998
956784016.476507,-132.463,506.264,226.838,-92.831,0.020,179.998
956784016.543436,-132.769,505.956,227.144,-92.973,0.020,179.998
956784016.612606,-133.091,505.633,227.467,-93.123,0.020,179.998
956784016.676631,-133.380,505.341,227.755,-93.256,0.020,179.998
956784016.743402,-133.687,505.031,228.060,-93.398,0.019,179.998
956784016.810490,-133.999,504.718,228.372,-93.542,0.019,179.997
956784016.876445,-134.299,504.415,228.672,-93.681,0.020,179.997
956784016.943575,-134.605,504.109,228.978,-93.823,0.020,179.997
956784017.010503,-134.912,503.800,229.285,-93.965,0.020,179.997
956784017.077444,-135.217,503.493,229.592,-94.106,0.020,179.997
956784017.143475,-135.516,503.191,229.893,-94.246,0.020,179.997
956784017.209535,-135.816,502.891,230.194,-94.385,0.020,179.997
956784017.276452,-136.122,502.582,230.499,-94.526,0.020,179.997
956784017.343419,-136.428,502.277,230.805,-94.668,0.020,179.997
956784017.410386,-136.739,501.964,231.117,-94.813,0.020,179.997
956784017.477444,-137.052,501.648,231.428,-94.957,0.019,179.997
956784017.542499,-137.345,501.353,231.723,-95.094,0.020,179.997
956784017.609416,-137.652,501.044,232.029,-95.235,0.020,179.997
956784017.676612,-137.964,500.731,232.341,-95.380,0.020,179.997
956784017.743479,-138.269,500.422,232.648,-95.522,0.020,179.997
956784017.810358,-138.575,500.114,232.953,-95.663,0.020,179.997
956784017.876588,-138.882,499.806,233.259,-95.805,0.020,179.996
956784017.942556,-139.181,499.504,233.559,-95.944,0.019,179.996
956784018.010379,-139.491,499.190,233.871,-96.089,0.019,179.996
956784018.077359,-139.798,498.884,234.177,-96.230,0.019,179.996
956784018.143544,-140.098,498.582,234.478,-96.369,0.020,179.996
956784018.212525,-140.409,498.267,234.790,-96.514,0.020,179.996
956784018.276409,-140.697,497.977,235.080,-96.647,0.020,179.996
956784018.343457,-141.010,497.665,235.391,-96.792,0.020,179.996
956784018.410401,-141.321,497.353,235.704,-96.936,0.020,179.996
956784018.477426,-141.633,497.039,236.016,-97.081,0.020,179.996
956784018.543442,-141.933,496.738,236.316,-97.220,0.020,179.996
956784018.610461,-142.245,496.424,236.628,-97.364,0.020,179.996
956784018.676447,-142.550,496.117,236.933,-97.506,0.020,179.996
956784018.743459,-142.863,495.803,237.246,-97.650,0.020,179.996
956784018.810458,-143.173,495.492,237.559,-97.795,0.020,179.995
956784018.876361,-143.480,495.184,237.867,-97.936,0.020,179.995
956784018.943450,-143.791,494.869,238.179,-98.081,0.020,179.995
956784019.010499,-144.103,494.555,238.491,-98.225,0.020,179.995
956784019.076474,-144.403,494.252,238.791,-98.364,0.020,179.995
956784019.143436,-144.715,493.937,239.101,-98.509,0.020,179.995
956784019.211500,-145.031,493.618,239.417,-98.656,0.020,179.995
956784019.283043,-145.334,493.316,239.718,-98.795,0.019,179.995
956784019.343523,-145.597,493.051,239.984,-98.918,0.020,179.995
956784019.410559,-145.903,492.743,240.290,-99.059,0.020,179.995
956784019.478536,-146.214,492.427,240.601,-99.204,0.020,179.995
956784019.545914,-146.520,492.120,240.906,-99.346,0.020,179.995
956784019.610467,-146.813,491.824,241.201,-99.482,0.019,179.995
956784019.677557,-147.120,491.516,241.506,-99.624,0.019,179.995
956784019.742513,-147.416,491.222,241.802,-99.760,0.020,179.995
956784019.809417,-147.721,490.913,242.107,-99.902,0.019,179.995
956784019.876445,-148.033,490.601,242.419,-100.046,0.019,179.995
956784019.943441,-148.344,490.288,242.731,-100.191,0.019,179.995
956784020.010633,-148.651,489.979,243.036,-100.332,0.019,179.995
956784020.077358,-148.956,489.671,243.343,-100.474,0.019,179.994
956784020.143466,-149.262,489.363,243.648,-100.616,0.019,179.994
956784020.209475,-149.568,489.055,243.953,-100.757,0.019,179.994
956784020.276375,-149.879,488.740,244.263,-100.902,0.019,179.994
956784020.343479,-150.190,488.426,244.576,-101.046,0.019,179.994
956784020.410411,-150.503,488.115,244.889,-101.191,0.019,179.994
956784020.476436,-150.808,487.807,245.194,-101.332,0.019,179.994
956784020.543496,-151.118,487.492,245.506,-101.477,0.019,179.994
956784020.611417,-151.435,487.174,245.825,-101.624,0.019,179.994
956784020.677425,-151.736,486.870,246.124,-101.763,0.019,179.994
956784020.743492,-152.041,486.564,246.430,-101.905,0.019,179.994
956784020.811448,-152.359,486.243,246.748,-102.052,0.019,179.994
956784020.879456,-152.672,485.932,247.059,-102.196,0.019,179.994
956784020.943467,-152.955,485.649,247.342,-102.327,0.019,179.994
956784021.010595,-153.267,485.336,247.653,-102.472,0.019,179.994
956784021.077494,-153.572,485.028,247.959,-102.613,0.019,179.994
956784021.144463,-153.883,484.714,248.269,-102.758,0.019,179.994
956784021.210413,-154.189,484.409,248.576,-102.900,0.019,179.993
956784021.277463,-154.496,484.100,248.882,-103.041,0.019,179.993
956784021.343477,-154.795,483.798,249.181,-103.180,0.018,179.993
956784021.409412,-155.094,483.496,249.481,-103.320,0.018,179.993
956784021.477353,-155.411,483.177,249.799,-103.467,0.019,179.993
956784021.543345,-155.717,482.870,250.104,-103.609,0.019,179.993
956784021.610296,-156.030,482.556,250.416,-103.753,0.018,179.993
956784021.676319,-156.335,482.249,250.723,-103.895,0.019,179.993
956784021.743332,-156.639,481.941,251.027,-104.037,0.018,179.993
956784021.810422,-156.951,481.627,251.338,-104.181,0.018,179.993
956784021.876430,-157.257,481.321,251.644,-104.323,0.018,179.993
956784021.944652,-157.576,481.000,251.963,-104.470,0.018,179.993
956784022.010421,-157.874,480.701,252.263,-104.609,0.018,179.993
956784022.076441,-158.179,480.395,252.567,-104.751,0.018,179.993
956784022.143504,-158.492,480.082,252.879,-104.895,0.018,179.993
956784022.212540,-158.814,479.755,253.203,-105.045,0.018,179.993
956784022.276544,-159.097,479.471,253.486,-105.176,0.018,179.993
956784022.344439,-159.416,479.153,253.804,-105.323,0.018,179.993
956784022.410490,-159.714,478.851,254.104,-105.462,0.018,179.993
956784022.476457,-160.014,478.550,254.406,-105.601,0.018,179.992
956784022.542473,-160.320,478.240,254.712,-105.743,0.018,179.992
956784022.609528,-160.625,477.932,255.018,-105.884,0.018,179.992
956784022.676484,-160.931,477.626,255.323,-106.026,0.018,179.992
956784022.743380,-161.232,477.324,255.622,-106.165,0.018,179.992
956784022.810301,-161.543,477.012,255.936,-106.310,0.018,179.992
956784022.875354,-161.843,476.709,256.234,-106.449,0.018,179.992
956784022.942349,-162.155,476.396,256.547,-106.593,0.018,179.992
956784023.009463,-162.461,476.087,256.854,-106.735,0.018,179.992
956784023.076529,-162.763,475.785,257.155,-106.874,0.018,179.992
956784023.143471,-163.066,475.475,257.462,-107.016,0.018,179.992
956784023.210359,-163.372,475.168,257.768,-107.157,0.018,179.992
956784023.281754,-163.697,474.844,258.091,-107.307,0.017,179.992
956784023.343323,-163.939,474.602,258.333,-107.419,0.018,179.992
956784023.411445,-164.251,474.289,258.645,-107.564,0.018,179.992
956784023.476396,-164.545,473.993,258.939,-107.700,0.017,179.992
956784023.546460,-164.868,473.668,259.263,-107.850,0.018,179.992
956784023.610425,-165.157,473.377,259.552,-107.984,0.018,179.991
956784023.676379,-165.457,473.076,259.851,-108.123,0.018,179.991
956784023.743911,-165.769,472.761,260.164,-108.267,0.018,179.991
956784023.809430,-166.064,472.466,260.460,-108.403,0.018,179.991
956784023.876425,-166.375,472.151,260.771,-108.548,0.018,179.991
956784023.943586,-166.687,471.838,261.083,-108.692,0.018,179.991
956784024.009420,-166.993,471.532,261.390,-108.834,0.018,179.991
956784024.076446,-167.305,471.218,261.703,-108.978,0.018,179.991
956784024.143551,-167.616,470.907,262.015,-109.123,0.018,179.991
956784024.210379,-167.928,470.592,262.327,-109.267,0.018,179.991
956784024.276457,-168.235,470.285,262.633,-109.409,0.018,179.991
956784024.343642,-168.546,469.971,262.943,-109.553,0.018,179.991
956784024.409415,-168.847,469.669,263.244,-109.692,0.018,179.990
956784024.477177,-169.159,469.357,263.555,-109.836,0.018,179.991
956784024.543416,-169.470,469.044,263.868,-109.981,0.018,179.990
956784024.610516,-169.777,468.736,264.175,-110.122,0.018,179.990
956784024.676477,-170.075,468.437,264.476,-110.262,0.018,179.990
956784024.742510,-170.376,468.135,264.777,-110.401,0.018,179.990
956784024.810451,-170.685,467.824,265.090,-110.546,0.018,179.990
956784024.877567,-170.980,467.525,265.384,-110.682,0.018,179.990
956784024.943662,-171.279,467.224,265.684,-110.821,0.018,179.990
956784025.009364,-171.579,466.922,265.985,-110.960,0.018,179.990
956784025.075647,-171.878,466.622,266.285,-111.099,0.018,179.990
956784025.142738,-172.185,466.313,266.591,-111.241,0.018,179.990
956784025.209655,-172.491,466.008,266.897,-111.382,0.018,179.990
956784025.275798,-172.791,465.703,267.196,-111.521,0.018,179.990
956784025.342709,-173.097,465.395,267.504,-111.663,0.018,179.989
956784025.409677,-173.402,465.088,267.809,-111.805,0.018,179.989
956784025.476389,-173.713,464.773,268.121,-111.949,0.018,179.989
956784025.542440,-174.013,464.472,268.423,-112.089,0.018,179.989
956784025.609680,-174.319,464.165,268.728,-112.230,0.018,179.989
956784025.675428,-174.620,463.862,269.029,-112.369,0.018,179.989
956784025.742466,-174.925,463.555,269.336,-112.511,0.018,179.989
956784025.808393,-175.226,463.254,269.637,-112.650,0.018,179.989
956784025.875620,-175.532,462.945,269.943,-112.792,0.018,179.989
956784025.942510,-175.837,462.637,270.249,-112.933,0.018,179.989
956784026.009792,-176.143,462.330,270.555,-113.075,0.018,179.989
956784026.075417,-176.444,462.027,270.856,-113.214,0.018,179.989
956784026.141526,-176.744,461.724,271.155,-113.353,0.018,179.989
956784026.209442,-177.057,461.412,271.468,-113.498,0.018,179.988
956784026.276337,-177.363,461.102,271.774,-113.639,0.018,179.988
956784026.342447,-177.668,460.796,272.080,-113.781,0.018,179.988
956784026.408314,-177.967,460.493,272.380,-113.920,0.018,179.988
956784026.476379,-178.278,460.178,272.693,-114.065,0.018,179.988
956784026.542433,-178.578,459.875,272.993,-114.204,0.018,179.988
956784026.609319,-178.891,459.562,273.306,-114.348,0.018,179.988
956784026.676392,-179.196,459.256,273.613,-114.490,0.018,179.988
956784026.742450,-179.496,458.954,273.912,-114.629,0.017,179.988
956784026.809413,-179.802,458.647,274.219,-114.770,0.018,179.988
956784026.875415,-180.103,458.344,274.517,-114.909,0.017,179.988
956784026.942449,-180.407,458.036,274.822,-115.051,0.017,179.988
956784027.008312,-180.712,457.728,275.128,-115.193,0.017,179.988
956784027.075408,-181.017,457.421,275.433,-115.335,0.017,179.988
956784027.142384,-181.324,457.114,275.739,-115.477,0.017,179.988
956784027.209349,-181.628,456.805,276.046,-115.618,0.017,179.988
956784027.277490,-181.946,456.485,276.364,-115.765,0.017,179.988
956784027.342477,-182.247,456.184,276.664,-115.904,0.017,179.988
956784027.409322,-182.559,455.870,276.975,-116.049,0.017,179.988
956784027.476533,-182.871,455.557,277.288,-116.193,0.017,179.988
956784027.542536,-183.166,455.260,277.583,-116.329,0.017,179.988
956784027.609404,-183.473,454.953,277.889,-116.471,0.017,179.988
956784027.676345,-183.779,454.644,278.196,-116.613,0.017,179.988
956784027.742452,-184.079,454.342,278.497,-116.752,0.017,179.987
956784027.809396,-184.383,454.035,278.804,-116.894,0.017,179.987
956784027.875425,-184.684,453.735,279.105,-117.033,0.017,179.987
956784027.942447,-184.990,453.426,279.412,-117.174,0.017,179.987
956784028.009391,-185.295,453.118,279.716,-117.316,0.017,179.987
956784028.075408,-185.594,452.816,280.017,-117.455,0.016,179.987
956784028.142418,-185.900,452.510,280.322,-117.597,0.016,179.987
956784028.209397,-186.206,452.201,280.627,-117.739,0.016,179.987
956784028.276412,-186.511,451.893,280.934,-117.881,0.016,179.987
956784028.342473,-186.811,451.592,281.234,-118.020,0.016,179.987
956784028.411572,-187.130,451.273,281.551,-118.167,0.016,179.987
956784028.477525,-187.427,450.972,281.851,-118.306,0.016,179.987
956784028.542584,-187.723,450.674,282.145,-118.442,0.016,179.987
956784028.612549,-188.050,450.344,282.476,-118.595,0.016,179.987
956784028.676408,-188.339,450.054,282.765,-118.728,0.016,179.987
956784028.743336,-188.645,449.748,283.071,-118.870,0.016,179.986
956784028.811393,-188.963,449.428,283.389,-119.017,0.016,179.986
956784028.877421,-189.261,449.127,283.689,-119.156,0.016,179.986
956784028.942478,-189.555,448.831,283.983,-119.293,0.016,179.986
956784029.009311,-189.868,448.518,284.296,-119.437,0.016,179.986
956784029.076398,-190.171,448.210,284.602,-119.579,0.016,179.986
956784029.142443,-190.471,447.907,284.903,-119.718,0.016,179.986
956784029.209409,-190.783,447.593,285.213,-119.862,0.016,179.986
956784029.275518,-191.089,447.286,285.520,-120.004,0.016,179.986
956784029.342452,-191.400,446.973,285.832,-120.149,0.016,179.986
956784029.409399,-191.706,446.664,286.137,-120.290,0.016,179.986
956784029.476606,-192.011,446.356,286.444,-120.432,0.016,179.986
956784029.542614,-192.312,446.054,286.744,-120.571,0.016,179.986
956784029.609413,-192.617,445.746,287.049,-120.713,0.015,179.986
956784029.675429,-192.917,445.445,287.348,-120.852,0.015,179.986
956784029.742465,-193.223,445.139,287.654,-120.993,0.015,179.986
956784029.810288,-193.530,444.829,287.959,-121.135,0.015,179.986
956784029.875431,-193.823,444.533,288.255,-121.272,0.015,179.986
956784029.944560,-194.139,444.212,288.572,-121.419,0.015,179.986
956784030.009825,-194.433,443.916,288.867,-121.555,0.015,179.986
956784030.076339,-194.734,443.613,289.167,-121.694,0.015,179.986
956784030.142671,-195.032,443.313,289.467,-121.833,0.015,179.986
956784030.209377,-195.339,443.007,289.773,-121.975,0.015,179.986
956784030.275428,-195.638,442.706,290.074,-122.114,0.015,179.986
956784030.342648,-195.943,442.398,290.381,-122.256,0.015,179.986
956784030.409396,-196.249,442.091,290.687,-122.398,0.015,179.985
956784030.476639,-196.555,441.782,290.993,-122.539,0.015,179.985
956784030.543314,-196.860,441.475,291.300,-122.681,0.015,179.985
956784030.609397,-197.160,441.175,291.601,-122.820,0.015,179.985
956784030.676380,-197.472,440.862,291.912,-122.964,0.015,179.985
956784030.742434,-197.771,440.560,292.215,-123.104,0.015,179.985
956784030.808427,-198.069,440.257,292.514,-123.243,0.015,179.985
956784030.876354,-198.381,439.943,292.825,-123.387,0.015,179.985
956784030.942419,-198.681,439.641,293.126,-123.526,0.015,179.985
956784031.008335,-198.987,439.332,293.431,-123.668,0.014,179.985
956784031.075351,-199.293,439.025,293.737,-123.810,0.014,179.985
956784031.142434,-199.605,438.712,294.049,-123.954,0.014,179.985
956784031.209286,-199.910,438.406,294.354,-124.096,0.014,179.985
956784031.276409,-200.222,438.094,294.666,-124.240,0.014,179.985
956784031.343478,-200.529,437.788,294.973,-124.382,0.014,179.985
956784031.409362,-200.833,437.480,295.279,-124.523,0.014,179.984
956784031.477418,-201.151,437.161,295.597,-124.671,0.014,179.984
956784031.542478,-201.445,436.863,295.891,-124.807,0.014,179.985
956784031.608490,-201.746,436.561,296.192,-124.946,0.014,179.984
956784031.675583,-202.049,436.254,296.496,-125.088,0.014,179.984
956784031.742527,-202.354,435.947,296.802,-125.230,0.014,179.984
956784031.809479,-202.660,435.640,297.109,-125.371,0.014,179.984
956784031.876404,-202.966,435.333,297.415,-125.513,0.014,179.984
956784031.942621,-203.266,435.032,297.715,-125.652,0.014,179.984
956784032.008405,-203.565,434.732,298.015,-125.791,0.014,179.984
956784032.075439,-203.871,434.425,298.321,-125.933,0.014,179.984
956784032.142610,-204.176,434.118,298.628,-126.075,0.014,179.984
956784032.208399,-204.476,433.817,298.927,-126.214,0.014,179.984
956784032.277335,-204.794,433.500,299.244,-126.361,0.014,179.984
956784032.342465,-205.089,433.204,299.538,-126.497,0.013,179.984
956784122.944310,-126.996,512.526,170.791,-90.000,0.020,179.999
956784123.033082,-126.996,512.526,170.791,-90.000,0.020,179.999
956784123.100717,-127.321,512.199,171.071,-90.151,0.020,179.999
956784123.170606,-127.325,511.789,171.377,-90.310,0.020,179.999
956784123.233500,-127.508,511.483,171.653,-90.443,0.020,179.999
956784123.299534,-127.767,511.144,171.970,-90.593,0.020,179.999
956784123.367501,-128.052,510.804,172.296,-90.746,0.020,179.999
956784123.437584,-128.218,510.391,172.640,-90.908,0.020,179.999
956784123.501725,-128.194,509.986,172.933,-91.050,0.020,179.999
956784123.568648,-127.981,509.569,173.186,-91.177,0.020,179.998
956784123.632963,-127.653,509.230,173.353,-91.267,0.020,179.998
956784123.702202,-127.219,508.927,173.465,-91.334,0.020,179.998
956784123.767492,-126.766,508.698,173.522,-91.372,0.020,179.998
956784123.833526,-126.283,508.507,173.544,-91.393,0.020,179.998
956784123.899427,-125.788,508.344,173.542,-91.399,0.020,179.998
956784123.966487,-125.272,508.227,173.529,-91.394,0.020,179.999
956784124.034520,-124.773,508.027,173.581,-91.491,0.020,179.998
956784124.099454,-124.657,507.624,173.872,-91.682,0.020,179.998
956784124.167458,-124.771,507.220,174.212,-91.871,0.020,179.998
956784124.232594,-124.959,506.867,174.530,-92.035,0.020,179.998
956784124.300502,-125.199,506.511,174.859,-92.200,0.020,179.998
956784124.366529,-125.451,506.181,175.171,-92.353,0.020,179.998
956784124.433649,-125.723,505.851,175.488,-92.505,0.020,179.998
956784124.500542,-126.005,505.526,175.802,-92.655,0.020,179.998
956784124.565508,-126.279,505.215,176.101,-92.797,0.019,179.998
956784124.633506,-126.571,504.900,176.412,-92.944,0.020,179.998
956784124.698468,-126.856,504.597,176.711,-93.083,0.020,179.998
956784124.768509,-127.169,504.266,177.037,-93.236,0.020,179.998
956784124.832550,-127.452,503.973,177.329,-93.372,0.020,179.998
956784124.900439,-127.759,503.652,177.642,-93.518,0.020,179.998
956784124.965494,-128.048,503.353,177.938,-93.656,0.020,179.998
956784125.033666,-128.355,503.037,178.251,-93.801,0.020,179.998
956784125.099492,-128.654,502.734,178.553,-93.941,0.020,179.997
956784125.166465,-128.957,502.423,178.860,-94.084,0.020,179.997
956784125.232696,-129.261,502.117,179.168,-94.226,0.020,179.997
956784125.300451,-129.567,501.807,179.474,-94.368,0.020,179.997
956784125.366482,-129.865,501.505,179.774,-94.508,0.020,179.997
956784125.433522,-130.170,501.199,180.081,-94.650,0.020,179.997
956784125.500485,-130.475,500.889,180.385,-94.792,0.020,179.997
956784125.566471,-130.776,500.586,180.686,-94.931,0.020,179.997
956784125.633499,-131.087,500.274,180.999,-95.075,0.020,179.997
956784125.699467,-131.385,499.971,181.300,-95.214,0.020,179.997
956784125.766518,-131.696,499.655,181.611,-95.359,0.020,179.997
956784125.839655,-132.037,499.314,181.952,-95.517,0.020,179.997
956784125.899550,-132.297,499.052,182.212,-95.637,0.020,179.997
956784125.966555,-132.602,498.743,182.519,-95.779,0.020,179.997
956784126.032625,-132.901,498.440,182.819,-95.918,0.020,179.997
956784126.102598,-133.224,498.113,183.141,-96.068,0.019,179.997
956784126.165462,-133.507,497.829,183.425,-96.199,0.020,179.997
956784126.232472,-133.819,497.516,183.737,-96.343,0.020,179.996
956784126.300474,-134.130,497.203,184.049,-96.488,0.020,179.996
956784126.365498,-134.425,496.907,184.344,-96.624,0.020,179.996
956784126.433607,-134.741,496.586,184.660,-96.771,0.019,179.996
956784126.498493,-135.036,496.291,184.956,-96.908,0.020,179.996
956784126.566482,-135.348,495.978,185.268,-97.052,0.020,179.996
956784126.633727,-135.659,495.662,185.579,-97.196,0.020,179.996
956784126.698470,-135.953,495.367,185.872,-97.333,0.020,179.996
956784126.766494,-136.271,495.046,186.190,-97.480,0.020,179.996
956784126.831455,-136.565,494.750,186.484,-97.616,0.020,179.996
956784126.898503,-136.869,494.443,186.791,-97.758,0.020,179.996
956784126.966405,-137.187,494.126,187.109,-97.905,0.020,179.996
956784127.032523,-137.492,493.817,187.415,-98.047,0.019,179.996
956784127.099464,-137.798,493.510,187.722,-98.189,0.020,179.996
956784127.169483,-138.122,493.186,188.045,-98.339,0.020,179.996
956784127.234566,-138.417,492.889,188.339,-98.475,0.019,179.996
956784127.299457,-138.710,492.591,188.634,-98.611,0.019,179.995
956784127.365398,-139.016,492.283,188.939,-98.753,0.019,179.995
956784127.433476,-139.333,491.962,189.256,-98.900,0.019,179.995
956784127.501458,-139.644,491.646,189.568,-99.045,0.019,179.995
956784127.567458,-139.944,491.346,189.868,-99.184,0.019,179.995
956784127.633528,-140.251,491.039,190.173,-99.326,0.019,179.995
956784127.698463,-140.546,490.741,190.468,-99.462,0.019,179.995
956784127.766425,-140.858,490.427,190.780,-99.606,0.019,179.995
956784127.831437,-141.158,490.126,191.081,-99.745,0.019,179.995
956784127.899455,-141.469,489.812,191.393,-99.890,0.019,179.995
956784127.965394,-141.776,489.502,191.698,-100.031,0.019,179.995
956784128.032557,-142.087,489.188,192.009,-100.176,0.019,179.995
956784128.098411,-142.382,488.893,192.304,-100.312,0.019,179.995
956784128.165498,-142.692,488.580,192.615,-100.457,0.018,179.995
956784128.231456,-142.998,488.270,192.921,-100.598,0.018,179.995
956784128.299452,-143.303,487.965,193.228,-100.740,0.019,179.995
956784128.364492,-143.603,487.661,193.528,-100.879,0.019,179.995
956784128.433454,-143.927,487.336,193.853,-101.029,0.019,179.995
956784128.503550,-144.256,487.006,194.182,-101.182,0.019,179.995
956784128.566576,-144.540,486.720,194.464,-101.312,0.019,179.994
956784128.631478,-144.832,486.423,194.759,-101.449,0.019,179.994
956784128.700454,-145.151,486.104,195.076,-101.596,0.019,179.994
956784128.765506,-145.449,485.804,195.377,-101.735,0.019,179.994
956784128.832524,-145.761,485.490,195.688,-101.880,0.019,179.994
956784128.898440,-146.062,485.185,195.986,-102.019,0.018,179.994
956784128.965462,-146.372,484.874,196.299,-102.163,0.018,179.994
956784129.031467,-146.678,484.565,196.605,-102.305,0.018,179.994
956784129.099458,-146.989,484.249,196.917,-102.449,0.019,179.994
956784129.165398,-147.294,483.940,197.221,-102.591,0.018,179.994
956784129.232496,-147.602,483.635,197.528,-102.733,0.018,179.994
956784129.298456,-147.901,483.333,197.827,-102.872,0.018,179.994
956784129.366457,-148.216,483.012,198.145,-103.019,0.018,179.994
956784129.432499,-148.522,482.705,198.451,-103.161,0.018,179.994
956784129.499483,-148.828,482.398,198.758,-103.303,0.018,179.994
956784129.564484,-149.117,482.107,199.046,-103.437,0.018,179.994
956784129.633475,-149.429,481.794,199.359,-103.581,0.018,179.994
956784129.698440,-149.731,481.492,199.660,-103.720,0.018,179.993
956784129.766678,-150.046,481.172,199.977,-103.867,0.018,179.993
956784129.832579,-150.346,480.868,200.276,-104.006,0.018,179.993
956784129.899603,-150.652,480.560,200.581,-104.148,0.018,179.994
956784129.965381,-150.952,480.261,200.882,-104.287,0.018,179.993
956784130.032532,-151.259,479.951,201.186,-104.429,0.018,179.993
956784130.099502,-151.564,479.644,201.494,-104.570,0.018,179.993
956784130.166373,-151.876,479.330,201.806,-104.715,0.018,179.993
956784130.231452,-152.176,479.025,202.106,-104.854,0.018,179.993
956784130.299442,-152.488,478.714,202.418,-104.998,0.018,179.993
956784130.365594,-152.787,478.409,202.718,-105.137,0.018,179.993
956784130.433476,-153.100,478.098,203.030,-105.282,0.018,179.993
956784130.498458,-153.399,477.795,203.329,-105.421,0.018,179.993
956784130.568435,-153.729,477.462,203.659,-105.573,0.018,179.993
956784130.632423,-154.023,477.167,203.954,-105.710,0.018,179.993
956784130.699415,-154.327,476.860,204.259,-105.852,0.018,179.993
956784130.765720,-154.632,476.554,204.565,-105.993,0.018,179.993
956784130.832502,-154.937,476.244,204.871,-106.135,0.017,179.993
956784130.898407,-155.244,475.934,205.176,-106.277,0.017,179.993
956784130.967457,-155.564,475.609,205.499,-106.427,0.017,179.993
956784131.031495,-155.860,475.313,205.794,-106.563,0.017,179.993
956784131.099413,-156.169,474.999,206.106,-106.708,0.017,179.993
956784131.171638,-156.510,474.658,206.447,-106.866,0.017,179.992
956784131.235645,-156.794,474.373,206.729,-106.997,0.017,179.992
956784131.298455,-157.076,474.090,207.013,-107.128,0.017,179.992
956784131.365432,-157.388,473.776,207.326,-107.272,0.017,179.992
956784131.432504,-157.694,473.467,207.631,-107.414,0.017,179.992
956784131.499453,-158.005,473.154,207.943,-107.558,0.017,179.992
956784131.564473,-158.305,472.851,208.241,-107.697,0.017,179.992
956784131.631426,-158.605,472.548,208.542,-107.836,0.017,179.992
956784131.698474,-158.912,472.240,208.848,-107.978,0.017,179.992
956784131.766452,-159.227,471.921,209.167,-108.125,0.017,179.992
956784131.831441,-159.528,471.620,209.468,-108.264,0.017,179.992
956784131.900442,-159.846,471.300,209.784,-108.411,0.017,179.992
956784131.965392,-160.145,471.000,210.085,-108.550,0.017,179.992
956784132.033514,-160.462,470.679,210.402,-108.698,0.017,179.992
956784132.098491,-160.757,470.383,210.696,-108.834,0.017,179.992
956784132.166496,-161.068,470.068,211.007,-108.978,0.017,179.992
956784132.231436,-161.369,469.765,211.308,-109.117,0.017,179.992
956784132.298459,-161.673,469.457,211.615,-109.259,0.017,179.992
956784132.364478,-161.978,469.150,211.921,-109.401,0.017,179.991
956784132.432564,-162.296,468.830,212.240,-109.548,0.017,179.991
956784132.499495,-162.596,468.530,212.541,-109.687,0.017,179.991
956784132.565648,-162.902,468.219,212.845,-109.829,0.017,179.991
956784132.631556,-163.196,467.923,213.139,-109.965,0.017,179.991
956784132.699459,-163.502,467.614,213.445,-110.107,0.017,179.991
956784132.766479,-163.814,467.301,213.757,-110.251,0.017,179.991
956784132.832496,-164.113,467.001,214.057,-110.391,0.017,179.991
956784132.898449,-164.420,466.693,214.362,-110.532,0.017,179.991
956784132.965392,-164.729,466.379,214.673,-110.677,0.017,179.991
956784133.032485,-165.041,466.065,214.985,-110.821,0.017,179.991
956784133.098436,-165.342,465.763,215.285,-110.960,0.016,179.991
956784133.165478,-165.654,465.449,215.598,-111.104,0.017,179.991
956784133.231434,-165.958,465.144,215.904,-111.246,0.017,179.991
956784133.298453,-166.265,464.835,216.210,-111.388,0.017,179.991
956784133.365566,-166.574,464.523,216.522,-111.533,0.017,179.991
956784133.431418,-166.876,464.223,216.822,-111.672,0.017,179.990
956784133.500440,-167.192,463.905,217.140,-111.819,0.017,179.990
956784133.565458,-167.487,463.605,217.434,-111.955,0.016,179.990
956784133.632521,-167.790,463.298,217.739,-112.097,0.016,179.991
956784133.698414,-168.098,462.992,218.046,-112.238,0.017,179.990
956784133.766474,-168.412,462.672,218.363,-112.386,0.016,179.990
956784133.834645,-168.724,462.358,218.674,-112.530,0.016,179.990
956784133.899463,-169.017,462.061,218.969,-112.667,0.016,179.990
956784133.965530,-169.323,461.755,219.275,-112.808,0.016,179.990
956784134.034463,-169.641,461.438,219.593,-112.956,0.016,179.990
956784134.100478,-169.941,461.136,219.893,-113.095,0.016,179.990
956784134.165509,-170.235,460.841,220.188,-113.231,0.016,179.990
956784134.232550,-170.542,460.532,220.493,-113.373,0.016,179.990
956784134.300495,-170.849,460.222,220.799,-113.515,0.016,179.990
956784134.366460,-171.141,459.929,221.093,-113.651,0.016,179.990
956784134.431445,-171.443,459.647,221.394,-113.790,0.016,179.990
956784134.499435,-171.776,459.367,221.716,-113.944,0.016,179.990
956784134.565379,-172.123,459.118,222.030,-114.105,0.016,179.990
956784134.632595,-172.494,458.900,222.343,-114.272,0.016,179.989
956784134.698442,-172.874,458.721,222.635,-114.434,0.016,179.989
956784134.765413,-173.272,458.565,222.930,-114.602,0.016,179.989
956784134.832465,-173.698,458.433,223.234,-114.778,0.016,179.989
956784134.900467,-174.138,458.328,223.528,-114.953,0.016,179.989
956784134.966467,-174.571,458.244,223.804,-115.122,0.016,179.989
956784135.032502,-175.019,458.176,224.079,-115.293,0.016,179.989
956784135.102524,-175.490,458.129,224.375,-115.479,0.016,179.989
956784135.171381,-175.956,458.122,224.669,-115.670,0.016,179.989
956784135.235547,-176.383,458.166,224.922,-115.858,0.016,179.989
956784182.510360,-126.994,512.493,170.758,-90.000,0.010,180.000
956784182.597170,-126.994,512.493,170.758,-90.000,0.010,180.000
956784182.664800,-127.244,512.689,171.009,-90.117,0.010,179.999
956784182.731613,-127.699,512.847,171.231,-90.327,0.010,179.999
956784182.797821,-128.080,513.080,171.497,-90.504,0.010,179.999
956784182.864650,-128.441,513.335,171.785,-90.706,0.010,179.999
956784182.930372,-128.745,513.555,172.143,-91.038,0.010,179.999
956784182.997380,-128.569,513.473,172.630,-91.878,0.010,179.999
956784183.064895,-128.139,513.165,172.601,-92.162,0.010,179.999
956784183.131423,-127.725,512.863,172.467,-92.284,0.010,179.999
956784183.198583,-127.319,512.563,172.299,-92.349,0.010,179.999
956784183.266462,-126.913,512.262,172.111,-92.387,0.010,179.999
956784183.331932,-126.561,512.001,171.938,-92.405,0.010,179.999
956784183.398566,-126.166,511.707,171.739,-92.414,0.010,179.999
956784183.467176,-125.780,511.417,171.539,-92.417,0.010,179.999
956784183.531563,-125.401,511.137,171.341,-92.414,0.010,179.999
956784183.598428,-125.008,510.847,171.135,-92.408,0.010,179.999
956784183.664721,-124.624,510.562,170.932,-92.400,0.010,179.999
956784183.730505,-124.238,510.276,170.729,-92.389,0.010,179.999
956784183.797485,-123.846,509.984,170.523,-92.377,0.010,179.999
956784183.864611,-123.452,509.691,170.318,-92.364,0.011,179.999
956784183.930475,-123.068,509.403,170.116,-92.350,0.011,179.999
956784183.998459,-122.667,509.105,169.908,-92.335,0.011,179.999
956784184.064491,-122.281,508.819,169.710,-92.320,0.011,179.999
956784184.131590,-121.896,508.528,169.513,-92.305,0.011,179.999
956784184.197445,-121.509,508.235,169.318,-92.290,0.010,179.999
956784184.265424,-121.116,507.934,169.122,-92.275,0.010,179.999
956784184.330546,-120.737,507.648,168.936,-92.260,0.010,179.999
956784184.398325,-120.337,507.343,168.741,-92.244,0.010,179.999
956784184.464690,-119.950,507.046,168.555,-92.229,0.010,179.999
956784184.533617,-119.542,506.729,168.361,-92.214,0.010,179.999
956784184.600105,-119.170,506.439,168.186,-92.199,0.010,179.999
956784184.666419,-118.829,506.174,168.031,-92.187,0.010,179.999
956784184.731447,-118.444,505.872,167.853,-92.172,0.010,179.999
956784184.797444,-118.057,505.568,167.680,-92.158,0.010,179.999
956784184.864501,-117.656,505.251,167.501,-92.144,0.010,179.999
956784184.930455,-117.270,504.946,167.330,-92.130,0.010,179.999
956784184.997450,-116.877,504.634,167.158,-92.116,0.010,179.999
956784185.065454,-116.468,504.309,166.979,-92.102,0.010,179.999
956784185.132519,-116.067,503.989,166.806,-92.088,0.010,179.999
956784185.198426,-115.681,503.679,166.638,-92.075,0.010,179.999
956784185.265454,-115.281,503.358,166.466,-92.061,0.010,179.999
956784185.331536,-114.897,503.048,166.300,-92.048,0.010,179.999
956784185.398444,-114.504,502.732,166.134,-92.034,0.010,179.999
956784185.464634,-114.112,502.417,165.967,-92.021,0.010,179.999
956784185.531491,-113.718,502.102,165.800,-92.008,0.010,180.000
956784185.597443,-113.334,501.789,165.637,-91.995,0.010,180.000
956784185.664546,-112.941,501.474,165.471,-91.982,0.010,180.000
956784185.731487,-112.549,501.154,165.306,-91.969,0.010,180.000
956784185.798487,-112.156,500.838,165.143,-91.956,0.010,180.000
956784185.866483,-111.749,500.508,164.974,-91.943,0.010,180.000
956784185.931536,-111.362,500.196,164.814,-91.930,0.010,180.000
956784185.998501,-110.985,499.891,164.657,-91.918,0.010,180.000
956784186.064486,-110.600,499.576,164.498,-91.905,0.010,180.000
956784186.131459,-110.199,499.252,164.334,-91.892,0.011,180.000
956784186.198449,-109.807,498.933,164.173,-91.880,0.011,180.000
956784186.264562,-109.415,498.613,164.012,-91.867,0.011,180.000
956784186.331441,-109.022,498.292,163.851,-91.855,0.011,180.000
956784186.398438,-108.630,497.971,163.691,-91.843,0.011,180.000
956784186.465467,-108.230,497.646,163.530,-91.830,0.011,180.000
956784186.531406,-107.853,497.335,163.377,-91.818,0.011,180.000
956784186.598505,-107.460,497.016,163.220,-91.806,0.011,180.000
956784186.665482,-107.068,496.696,163.062,-91.794,0.011,180.000
956784186.731440,-106.682,496.380,162.908,-91.783,0.010,180.000
956784186.798467,-106.289,496.057,162.752,-91.771,0.010,180.000
956784186.865438,-105.888,495.730,162.595,-91.759,0.010,180.000
956784186.931484,-105.494,495.408,162.440,-91.747,0.011,180.000
956784186.998472,-105.101,495.085,162.287,-91.736,0.011,180.000
956784187.065500,-104.700,494.758,162.131,-91.724,0.011,180.000
956784187.131431,-104.305,494.436,161.979,-91.713,0.011,180.000
956784187.198474,-103.920,494.119,161.829,-91.702,0.011,180.000
956784187.267519,-103.502,493.779,161.669,-91.690,0.011,180.000
956784187.332536,-103.124,493.468,161.524,-91.679,0.011,180.000
956784187.398432,-102.736,493.151,161.375,-91.669,0.011,180.000
956784187.464553,-102.341,492.828,161.226,-91.658,0.011,180.000
956784187.531324,-101.946,492.505,161.076,-91.648,0.011,180.000
956784187.598441,-101.544,492.176,160.924,-91.637,0.011,180.000
956784187.664575,-101.156,491.859,160.778,-91.627,0.011,180.000
956784187.731430,-100.761,491.536,160.630,-91.617,0.011,180.000
956784187.799448,-100.358,491.207,160.481,-91.606,0.011,180.000
956784187.864395,-99.972,490.890,160.337,-91.596,0.011,180.000
956784187.931447,-99.569,490.562,160.189,-91.586,0.011,180.000
956784187.997464,-99.180,490.247,160.047,-91.576,0.011,180.000
956784188.064537,-98.774,489.919,159.900,-91.567,0.011,180.000
956784188.131407,-98.377,489.599,159.757,-91.557,0.011,180.000
956784188.197539,-97.978,489.281,159.614,-91.547,0.011,180.000
956784188.264461,-97.585,488.968,159.473,-91.538,0.011,180.000
956784188.331445,-97.191,488.657,159.334,-91.528,0.011,180.000
956784188.397426,-96.796,488.347,159.194,-91.518,0.011,180.000
956784188.464574,-96.384,488.028,159.049,-91.508,0.011,180.000
956784188.530477,-95.984,487.724,158.908,-91.498,0.011,180.000
956784188.599600,-95.559,487.405,158.760,-91.487,0.011,180.000
956784188.666554,-95.148,487.100,158.617,-91.477,0.011,180.000
956784188.730467,-94.759,486.812,158.482,-91.467,0.011,180.000
956784188.797446,-94.346,486.514,158.337,-91.455,0.011,180.000
956784188.864476,-93.921,486.210,158.190,-91.444,0.011,180.000
956784188.930454,-93.502,485.916,158.045,-91.432,0.011,180.000
956784188.997501,-93.083,485.624,157.901,-91.420,0.011,-180.000
956784189.064509,-92.661,485.334,157.756,-91.408,0.011,-180.000
956784189.131453,-92.239,485.049,157.611,-91.396,0.011,-180.000
956784189.198484,-91.815,484.765,157.464,-91.384,0.011,-180.000
956784189.265458,-91.380,484.477,157.315,-91.371,0.011,-180.000
956784189.331430,-90.968,484.210,157.175,-91.358,0.011,-180.000
956784189.398454,-90.540,483.933,157.028,-91.345,0.011,-180.000
956784189.465565,-90.100,483.652,156.877,-91.332,0.010,-180.000
956784189.531446,-89.677,483.385,156.734,-91.319,0.010,-180.000
956784189.597428,-89.252,483.122,156.589,-91.305,0.010,-180.000
956784189.664601,-88.810,482.851,156.439,-91.291,0.010,-180.000
956784189.731457,-88.374,482.584,156.292,-91.277,0.010,-180.000
956784189.797425,-87.945,482.327,156.147,-91.263,0.010,-180.000
956784189.864479,-87.499,482.063,155.997,-91.249,0.011,-180.000
956784189.932516,-87.043,481.796,155.844,-91.234,0.011,-180.000
956784189.999443,-86.602,481.539,155.695,-91.219,0.011,-180.000
956784190.064465,-86.169,481.289,155.549,-91.204,0.011,-180.000
956784190.132501,-85.709,481.028,155.395,-91.189,0.011,-180.000
956784190.198521,-85.273,480.785,155.249,-91.174,0.011,-180.000
956784190.264556,-84.845,480.546,155.104,-91.159,0.011,-180.000
956784190.331658,-84.398,480.300,154.954,-91.144,0.011,-180.000
956784190.397473,-83.959,480.058,154.808,-91.129,0.011,-180.000
956784190.464541,-83.504,479.809,154.654,-91.112,0.011,-180.000
956784190.531434,-83.055,479.569,154.504,-91.097,0.011,-180.000
956784190.598587,-82.606,479.330,154.354,-91.080,0.011,-180.000
956784190.664596,-82.163,479.098,154.205,-91.064,0.011,-180.000
956784190.732507,-81.704,478.860,154.051,-91.048,0.011,-180.000
956784190.798447,-81.260,478.634,153.904,-91.032,0.011,-180.000
956784190.865456,-80.798,478.396,153.749,-91.015,0.011,-180.000
956784190.931445,-80.344,478.165,153.598,-90.998,0.011,-180.000
956784190.998459,-79.890,477.937,153.446,-90.981,0.011,-180.000
956784191.064565,-79.435,477.709,153.293,-90.964,0.011,-180.000
956784191.130440,-78.987,477.488,153.144,-90.947,0.011,-180.000
956784191.197522,-78.522,477.258,152.989,-90.929,0.011,-180.000
956784191.266524,-78.040,477.021,152.827,-90.911,0.011,-180.000
956784191.331507,-77.599,476.807,152.680,-90.894,0.011,-180.000
956784191.397469,-77.150,476.590,152.531,-90.876,0.011,-180.000
956784191.464471,-76.682,476.367,152.374,-90.858,0.011,-180.000
956784191.531455,-76.213,476.145,152.217,-90.840,0.011,-180.000
956784191.597403,-75.761,475.933,152.065,-90.823,0.011,-179.999
956784191.664453,-75.290,475.715,151.908,-90.804,0.011,-179.999
956784191.731463,-74.820,475.497,151.751,-90.786,0.011,-179.999
956784191.798408,-74.358,475.285,151.596,-90.767,0.011,-179.999
956784191.864477,-73.904,475.080,151.444,-90.749,0.011,-179.999
956784191.930447,-73.441,474.872,151.288,-90.731,0.011,-179.999
956784191.997420,-72.968,474.665,151.130,-90.711,0.011,-179.999
956784192.064447,-72.494,474.458,150.971,-90.692,0.011,-179.999
956784192.130419,-72.028,474.257,150.817,-90.673,0.012,-179.999
956784192.197475,-71.553,474.053,150.658,-90.654,0.012,-179.999
956784192.263478,-71.096,473.855,150.505,-90.635,0.012,-179.999
956784192.330414,-70.638,473.659,150.352,-90.616,0.012,-179.999
956784192.397556,-70.163,473.457,150.191,-90.596,0.012,-179.999
956784192.463639,-69.704,473.268,150.037,-90.577,0.012,-179.999
956784192.530461,-69.243,473.081,149.882,-90.558,0.011,-179.999
956784192.599428,-68.755,472.885,149.718,-90.537,0.011,-179.999
956784192.663535,-68.329,472.715,149.574,-90.518,0.011,-179.999
956784192.730448,-67.849,472.530,149.412,-90.498,0.011,-179.999
956784192.796522,-67.376,472.349,149.253,-90.477,0.011,-179.999
956784192.863461,-66.894,472.169,149.091,-90.456,0.012,-179.999
956784192.930439,-66.421,471.990,148.933,-90.435,0.012,-179.999
956789129.541065,-126.994,512.491,190.757,-90.000,0.010,180.000
956789129.631041,-126.994,512.491,190.757,-90.000,0.010,180.000
956789129.695968,-126.968,512.521,190.828,-90.026,0.010,179.999
956789129.761392,-126.908,512.580,190.958,-90.077,0.010,179.999
956789129.829960,-126.832,512.646,191.083,-90.131,0.010,179.999
956789129.897079,-126.743,512.715,191.195,-90.186,0.010,179.999
956789129.966712,-126.635,512.788,191.300,-90.243,0.010,179.999
956789130.030523,-126.533,512.853,191.381,-90.293,0.010,179.999
956789130.097075,-126.417,512.926,191.454,-90.345,0.010,179.999
956789130.163563,-126.297,513.005,191.518,-90.396,0.010,179.999
956789130.232141,-126.171,513.086,191.573,-90.447,0.010,179.999
956789130.296624,-126.051,513.162,191.617,-90.494,0.010,179.999
956789130.362523,-125.926,513.245,191.656,-90.541,0.010,179.999
956789130.430546,-125.796,513.333,191.691,-90.589,0.010,179.999
956789130.497421,-125.668,513.419,191.723,-90.636,0.010,179.999
956789130.563897,-125.542,513.506,191.750,-90.681,0.010,179.999
956789130.629611,-125.420,513.592,191.775,-90.725,0.010,179.999
956789130.697577,-125.289,513.683,191.799,-90.771,0.010,179.999
956789130.763486,-125.165,513.772,191.821,-90.815,0.010,179.999
956789130.830628,-125.039,513.864,191.843,-90.860,0.010,179.999
956789130.896578,-124.915,513.953,191.862,-90.904,0.010,179.999
956789130.963517,-124.789,514.045,191.882,-90.948,0.010,179.999
956789131.030700,-124.663,514.138,191.901,-90.992,0.010,179.999
956789131.097543,-124.536,514.229,191.920,-91.036,0.010,179.999
956789131.164508,-124.410,514.321,191.939,-91.080,0.010,179.999
956789131.230777,-124.286,514.414,191.957,-91.124,0.010,179.999
956789131.296486,-124.162,514.503,191.974,-91.167,0.010,179.999
956789131.363808,-124.050,514.586,191.991,-91.206,0.010,179.999
956789131.431631,-123.921,514.682,192.008,-91.250,0.010,179.999
956789131.496597,-123.799,514.771,192.026,-91.293,0.010,179.999
956789131.563592,-123.672,514.864,192.043,-91.336,0.010,179.999
956789131.629580,-123.548,514.956,192.061,-91.379,0.010,179.999
956789131.696560,-123.421,515.047,192.077,-91.423,0.010,179.999
956789131.762617,-123.297,515.138,192.094,-91.466,0.010,179.999
956789131.829647,-123.170,515.232,192.112,-91.509,0.010,179.999
956789131.896573,-123.044,515.323,192.126,-91.553,0.010,179.999
956789131.962737,-122.919,515.414,192.143,-91.596,0.010,179.999
956789132.029720,-122.794,515.506,192.160,-91.639,0.010,179.999
956789132.095729,-122.670,515.594,192.178,-91.681,0.010,179.999
956789132.162620,-122.543,515.687,192.195,-91.725,0.010,179.999
956789132.229440,-122.416,515.780,192.214,-91.768,0.010,179.999
956789132.296554,-122.289,515.871,192.230,-91.811,0.010,179.999
956789132.363539,-122.162,515.964,192.248,-91.855,0.010,179.999
956789132.430564,-122.035,516.057,192.266,-91.898,0.010,179.999
956789132.497472,-121.908,516.148,192.283,-91.942,0.010,179.999
956789132.563077,-121.785,516.236,192.300,-91.984,0.010,179.999
956789132.629657,-121.660,516.328,192.318,-92.026,0.010,179.999
956789132.699249,-121.531,516.420,192.335,-92.070,0.010,179.999
956789132.763583,-121.412,516.506,192.352,-92.111,0.010,179.999
956789132.830584,-121.285,516.600,192.371,-92.154,0.010,179.999
956789132.898532,-121.156,516.692,192.388,-92.198,0.010,179.999
956789132.964716,-121.031,516.782,192.405,-92.240,0.010,179.999
956789133.029575,-120.909,516.871,192.421,-92.282,0.010,179.999
956789133.096462,-120.782,516.962,192.440,-92.325,0.011,179.999
956789133.163487,-120.655,517.053,192.457,-92.368,0.010,179.999
956789133.229566,-120.529,517.145,192.475,-92.411,0.010,179.999
956789133.295492,-120.404,517.233,192.492,-92.453,0.010,179.999
956789133.362782,-120.276,517.325,192.510,-92.496,0.010,179.999
956789133.429559,-120.149,517.418,192.529,-92.540,0.011,179.999
956789133.496459,-120.021,517.507,192.547,-92.583,0.010,179.999
956789133.563562,-119.894,517.599,192.565,-92.626,0.010,179.999
956789133.629614,-119.768,517.690,192.582,-92.668,0.010,179.999
956789133.695504,-119.643,517.778,192.600,-92.711,0.010,179.999
956789133.762625,-119.515,517.869,192.618,-92.754,0.010,179.999
956789133.829453,-119.387,517.962,192.636,-92.797,0.011,179.999
956789133.896466,-119.259,518.054,192.655,-92.840,0.010,179.999
956789133.964601,-119.130,518.150,192.673,-92.884,0.010,179.999
956789134.029470,-119.008,518.238,192.692,-92.926,0.011,179.999
956789134.096518,-118.880,518.331,192.710,-92.969,0.011,179.999
956789134.162510,-118.756,518.422,192.729,-93.011,0.011,179.999
956789134.229455,-118.631,518.514,192.747,-93.054,0.011,179.999
956789134.295497,-118.507,518.604,192.765,-93.096,0.011,179.999
956789134.362630,-118.381,518.697,192.782,-93.139,0.011,179.999
956789134.429433,-118.255,518.789,192.801,-93.182,0.011,179.999
956789134.495502,-118.131,518.879,192.819,-93.225,0.011,179.999
956789134.562473,-118.005,518.972,192.836,-93.268,0.011,179.999
956789134.629446,-117.879,519.064,192.855,-93.310,0.011,179.999
956789134.696590,-117.753,519.155,192.873,-93.353,0.011,179.999
956789134.762516,-117.629,519.246,192.892,-93.396,0.011,179.999
956789134.829485,-117.502,519.337,192.910,-93.439,0.011,179.999
956789134.895520,-117.378,519.426,192.927,-93.481,0.010,179.999
956789134.962536,-117.252,519.519,192.947,-93.524,0.011,179.999
956789135.029478,-117.126,519.609,192.962,-93.567,0.010,179.999
956789135.096554,-116.999,519.700,192.981,-93.611,0.010,179.999
956789135.163548,-116.873,519.793,193.001,-93.654,0.010,179.999
956789135.229533,-116.749,519.881,193.019,-93.696,0.010,179.999
956789135.296567,-116.622,519.972,193.038,-93.739,0.010,179.999
956789135.362533,-116.504,520.058,193.056,-93.779,0.010,179.999
956789135.429497,-116.377,520.149,193.074,-93.822,0.010,179.999
956789135.496507,-116.251,520.240,193.093,-93.865,0.010,179.999
956789135.563573,-116.124,520.332,193.113,-93.908,0.011,179.999
956789135.629498,-116.000,520.421,193.132,-93.951,0.011,179.999
956789135.696511,-115.873,520.512,193.151,-93.994,0.011,179.999
956789135.762504,-115.748,520.603,193.170,-94.037,0.011,179.999
956789135.828446,-115.624,520.692,193.190,-94.079,0.011,179.999
956789135.895619,-115.497,520.783,193.208,-94.122,0.011,179.999
956789135.962523,-115.370,520.875,193.228,-94.165,0.011,179.999
956789136.029496,-115.243,520.969,193.244,-94.209,0.011,179.999
956789136.096476,-115.117,521.064,193.264,-94.252,0.011,179.999
956789136.162589,-114.992,521.154,193.283,-94.294,0.011,179.999
956789136.228458,-114.869,521.244,193.301,-94.336,0.011,179.999
956789136.295571,-114.742,521.338,193.321,-94.379,0.011,179.999
956789136.362527,-114.615,521.430,193.341,-94.422,0.011,179.999
956789136.429505,-114.488,521.523,193.359,-94.465,0.011,179.999
956789136.497503,-114.359,521.618,193.379,-94.509,0.011,179.999
956789136.564676,-114.232,521.710,193.398,-94.553,0.011,179.999
956789136.629535,-114.111,521.800,193.417,-94.594,0.012,179.999
956789136.696564,-113.990,521.888,193.436,-94.635,0.011,179.999
956789136.762547,-113.865,521.978,193.455,-94.678,0.011,179.999
956789136.829610,-113.738,522.072,193.473,-94.721,0.011,179.999
956789136.897534,-113.608,522.166,193.493,-94.765,0.011,179.999
956789136.962542,-113.487,522.254,193.511,-94.807,0.011,179.999
956789137.029470,-113.360,522.345,193.530,-94.850,0.011,179.999
956789137.096572,-113.232,522.439,193.547,-94.893,0.011,179.999
956789137.163533,-113.105,522.529,193.566,-94.936,0.011,179.999
956789137.229549,-112.981,522.618,193.584,-94.979,0.011,179.999
956789137.295452,-112.858,522.709,193.604,-95.021,0.011,179.999
956789137.362543,-112.733,522.802,193.622,-95.064,0.011,179.999
956789137.429481,-112.607,522.895,193.641,-95.107,0.011,179.999
956789137.495510,-112.484,522.986,193.661,-95.149,0.011,179.999
956789137.563537,-112.354,523.082,193.682,-95.193,0.011,179.999
956789137.629473,-112.231,523.173,193.700,-95.236,0.011,179.999
956789137.696478,-112.105,523.266,193.719,-95.279,0.011,179.999
956789137.763516,-111.979,523.358,193.737,-95.322,0.011,179.999
956789137.829454,-111.856,523.449,193.756,-95.364,0.011,179.999
956789137.895503,-111.732,523.540,193.776,-95.407,0.012,179.999
956789137.962633,-111.606,523.632,193.795,-95.450,0.012,179.999
956789138.028559,-111.482,523.723,193.813,-95.492,0.012,179.999
956789138.095429,-111.357,523.814,193.833,-95.535,0.012,179.999
956789138.163554,-111.229,523.907,193.853,-95.579,0.012,179.999
956789138.229525,-111.105,523.999,193.871,-95.621,0.012,179.999
956789138.296485,-110.981,524.087,193.890,-95.663,0.012,179.999
956789138.362559,-110.857,524.177,193.910,-95.706,0.012,179.999
956789138.430456,-110.729,524.272,193.931,-95.750,0.012,179.999
956789138.496493,-110.605,524.360,193.950,-95.792,0.012,179.999
956789138.562532,-110.481,524.450,193.970,-95.835,0.012,179.999
956789138.631659,-110.350,524.547,193.989,-95.880,0.012,179.999
956789138.696525,-110.228,524.636,194.007,-95.921,0.012,179.999
956789138.762497,-110.104,524.728,194.027,-95.963,0.012,179.999
956789138.829467,-109.978,524.820,194.045,-96.006,0.012,179.999
956789138.895534,-109.854,524.911,194.064,-96.049,0.011,179.999
956789138.962533,-109.730,525.003,194.084,-96.091,0.012,179.999
956789139.029560,-109.603,525.094,194.102,-96.135,0.011,179.999
956789139.095501,-109.479,525.185,194.121,-96.177,0.011,179.999
956789139.162509,-109.355,525.278,194.141,-96.219,0.012,179.999
956789139.229495,-109.228,525.369,194.160,-96.263,0.011,179.999
956789139.296684,-109.101,525.461,194.179,-96.306,0.011,179.999
956789139.362545,-108.977,525.553,194.199,-96.348,0.012,179.999
956789139.429406,-108.859,525.639,194.217,-96.389,0.012,179.999
956789139.495499,-108.734,525.730,194.236,-96.431,0.012,179.999
956789139.562517,-108.608,525.823,194.257,-96.475,0.012,179.998
956789139.628459,-108.483,525.913,194.277,-96.517,0.012,179.998
956789139.695648,-108.356,526.005,194.296,-96.560,0.012,179.998
956789139.761463,-108.232,526.095,194.315,-96.603,0.012,179.998
956789139.828480,-108.105,526.189,194.334,-96.646,0.012,179.998
956789139.896487,-107.976,526.286,194.354,-96.690,0.012,179.998
956789139.962595,-107.855,526.374,194.374,-96.731,0.012,179.998
956789140.030485,-107.728,526.467,194.393,-96.775,0.012,179.998
956789140.096492,-107.606,526.560,194.414,-96.817,0.012,179.998
956789140.162546,-107.479,526.652,194.432,-96.860,0.012,179.998
956789140.229478,-107.352,526.745,194.452,-96.904,0.012,179.998
956789140.295479,-107.229,526.836,194.472,-96.946,0.012,179.998
956789140.362491,-107.102,526.928,194.492,-96.989,0.012,179.998
956789140.428479,-106.979,527.018,194.511,-97.032,0.012,179.998
956789140.495493,-106.854,527.111,194.530,-97.075,0.012,179.998
956789140.562558,-106.729,527.205,194.549,-97.118,0.012,179.998
956789140.629530,-106.603,527.299,194.569,-97.161,0.012,179.998
956789140.695501,-106.482,527.388,194.588,-97.203,0.012,179.998
956789140.762536,-106.357,527.481,194.607,-97.246,0.012,179.998
956789140.832531,-106.224,527.580,194.627,-97.291,0.012,179.998
956789140.896913,-106.105,527.666,194.646,-97.332,0.012,179.998
956789140.962556,-105.983,527.755,194.665,-97.374,0.012,179.998
956789141.029477,-105.858,527.849,194.685,-97.417,0.012,179.998
956789141.095564,-105.735,527.938,194.704,-97.459,0.011,179.998
956789141.162543,-105.609,528.031,194.724,-97.502,0.012,179.998
956789141.229477,-105.482,528.126,194.745,-97.546,0.012,179.998
956789141.296444,-105.356,528.220,194.765,-97.589,0.012,179.998
956789141.365487,-105.222,528.320,194.787,-97.635,0.012,179.998
956789141.432507,-105.097,528.412,194.807,-97.678,0.012,179.998
956789141.496500,-104.977,528.501,194.824,-97.719,0.011,179.998
956789141.563491,-104.852,528.594,194.844,-97.762,0.011,179.998
956789141.629477,-104.728,528.685,194.864,-97.805,0.012,179.998
956789141.696560,-104.602,528.776,194.883,-97.848,0.011,179.998
956789141.763518,-104.477,528.870,194.903,-97.891,0.011,179.998
956789141.830448,-104.351,528.960,194.922,-97.934,0.011,179.998
956789141.896505,-104.227,529.051,194.942,-97.977,0.011,179.998
956789141.963506,-104.099,529.145,194.963,-98.021,0.011,179.998
956789142.028473,-103.977,529.235,194.981,-98.063,0.011,179.998
956789142.095594,-103.851,529.330,195.002,-98.106,0.011,179.998
956789142.164613,-103.721,529.425,195.023,-98.150,0.011,179.998
956789142.229495,-103.599,529.515,195.043,-98.192,0.011,179.998
956789142.296500,-103.484,529.602,195.062,-98.232,0.011,179.998
956789142.363532,-103.358,529.693,195.083,-98.275,0.011,179.998
956789142.430482,-103.232,529.786,195.100,-98.318,0.011,179.998
956789142.496481,-103.108,529.878,195.119,-98.360,0.011,179.998
956789142.562537,-102.983,529.967,195.139,-98.403,0.011,179.998
956789142.628488,-102.859,530.057,195.159,-98.445,0.011,179.998
956789142.695453,-102.731,530.151,195.180,-98.489,0.011,179.998
956789142.762615,-102.605,530.246,195.201,-98.533,0.011,179.998
956789142.829464,-102.478,530.341,195.220,-98.576,0.011,179.998
956789142.895505,-102.354,530.432,195.241,-98.618,0.011,179.998
956789142.962536,-102.227,530.525,195.259,-98.662,0.011,179.998
956789143.029471,-102.099,530.621,195.279,-98.706,0.011,179.998
956789143.096393,-101.972,530.712,195.298,-98.749,0.010,179.998
956789143.164042,-101.846,530.805,195.318,-98.793,0.010,179.998
956789143.230448,-101.725,530.895,195.337,-98.834,0.010,179.998
956789143.295562,-101.605,530.985,195.355,-98.876,0.010,179.998
956789143.362529,-101.483,531.078,195.374,-98.918,0.010,179.998
956789143.428469,-101.360,531.169,195.393,-98.960,0.010,179.998
956789143.496521,-101.231,531.264,195.413,-99.004,0.010,179.998
956789143.563424,-101.107,531.359,195.433,-99.047,0.010,179.998
956789143.628478,-100.984,531.449,195.454,-99.090,0.010,179.998
956789143.695482,-100.855,531.544,195.474,-99.134,0.010,179.998
956789143.761466,-100.730,531.637,195.494,-99.177,0.010,179.998
956789143.828469,-100.606,531.732,195.514,-99.220,0.010,179.998
956789143.895554,-100.479,531.829,195.536,-99.264,0.010,179.998
956789143.962504,-100.354,531.922,195.557,-99.307,0.011,179.998
956789144.029478,-100.227,532.017,195.577,-99.351,0.010,179.998
956789144.095529,-100.104,532.109,195.598,-99.393,0.010,179.998
956789144.162519,-99.979,532.201,195.618,-99.436,0.010,179.998
956789144.229482,-99.854,532.294,195.639,-99.480,0.011,179.998
956789144.295489,-99.731,532.386,195.660,-99.522,0.011,179.998
956789144.362504,-99.608,532.476,195.681,-99.565,0.011,179.998
956789144.429495,-99.481,532.571,195.701,-99.609,0.011,179.998
956789144.496532,-99.353,532.666,195.721,-99.653,0.011,179.998
956789144.562481,-99.230,532.758,195.742,-99.695,0.011,179.998
956789144.629445,-99.105,532.853,195.762,-99.738,0.011,179.998
956789144.695611,-98.980,532.946,195.783,-99.782,0.011,179.998
956789144.762614,-98.854,533.039,195.805,-99.825,0.011,179.998
956789144.831546,-98.727,533.135,195.824,-99.869,0.011,179.998
956789144.896533,-98.610,533.221,195.843,-99.909,0.011,179.998
956789144.962519,-98.485,533.312,195.863,-99.952,0.011,179.998
956789145.028447,-98.361,533.404,195.884,-99.994,0.011,179.998
956789145.096474,-98.234,533.501,195.906,-100.038,0.011,179.998
956789145.162504,-98.110,533.595,195.926,-100.081,0.011,179.998
956789145.229459,-97.985,533.687,195.947,-100.124,0.011,179.998
956789145.295446,-97.861,533.779,195.966,-100.167,0.011,179.998
956789145.362487,-97.735,533.874,195.987,-100.210,0.011,179.998
956789145.429464,-97.610,533.966,196.008,-100.253,0.011,179.998
956789145.495504,-97.484,534.059,196.028,-100.296,0.011,179.998
956789145.562591,-97.358,534.153,196.048,-100.339,0.011,179.998
956789145.628489,-97.237,534.246,196.068,-100.381,0.011,179.998
956789145.695620,-97.111,534.340,196.089,-100.425,0.011,179.998
956789145.762523,-96.985,534.434,196.109,-100.468,0.011,179.998
956789145.828465,-96.859,534.527,196.129,-100.512,0.011,179.998
956789145.895540,-96.728,534.624,196.151,-100.556,0.011,179.998
956789145.962554,-96.605,534.715,196.170,-100.599,0.011,179.998
956789146.029495,-96.478,534.809,196.190,-100.643,0.011,179.998
956789146.096487,-96.355,534.900,196.209,-100.685,0.010,179.998
956789146.164691,-96.228,534.995,196.230,-100.728,0.010,179.998
956789146.229450,-96.106,535.087,196.250,-100.770,0.011,179.998
956789146.295495,-95.985,535.178,196.271,-100.813,0.011,179.998
956789146.361474,-95.863,535.271,196.291,-100.855,0.011,179.998
956789146.428551,-95.739,535.365,196.312,-100.898,0.011,179.998
956789146.494458,-95.614,535.455,196.332,-100.940,0.011,179.998
956789146.561464,-95.488,535.549,196.353,-100.984,0.011,179.998
956789146.627479,-95.364,535.641,196.373,-101.027,0.011,179.998
956789146.694596,-95.239,535.735,196.394,-101.070,0.011,179.998
956789146.761455,-95.115,535.830,196.414,-101.113,0.011,179.998
956789146.829474,-94.989,535.924,196.435,-101.157,0.011,179.998
956789146.895410,-94.864,536.018,196.456,-101.200,0.011,179.998
956789146.961484,-94.740,536.113,196.478,-101.243,0.011,179.998
956789147.028482,-94.615,536.205,196.498,-101.286,0.011,179.998
956789147.095481,-94.491,536.298,196.518,-101.329,0.011,179.998
956789147.161460,-94.368,536.389,196.538,-101.372,0.011,179.998
956789147.228442,-94.244,536.484,196.560,-101.415,0.011,179.998
956789147.295509,-94.121,536.577,196.579,-101.457,0.011,179.998
956789147.362510,-93.999,536.668,196.598,-101.500,0.010,179.998
956789147.428727,-93.876,536.760,196.618,-101.542,0.010,179.998
956789147.499488,-93.743,536.861,196.640,-101.589,0.010,179.998
956789147.561507,-93.631,536.943,196.658,-101.628,0.010,179.998
956789147.628479,-93.504,537.037,196.679,-101.671,0.011,179.998
956789147.695502,-93.379,537.130,196.700,-101.715,0.010,179.998
956789147.761473,-93.256,537.223,196.722,-101.757,0.011,179.998
956789147.827550,-93.134,537.316,196.740,-101.799,0.010,179.998
956789147.894565,-93.009,537.409,196.762,-101.843,0.010,179.998
956789147.961459,-92.884,537.502,196.783,-101.886,0.010,179.998
956789148.028470,-92.759,537.596,196.803,-101.929,0.010,179.998
956789148.095490,-92.634,537.688,196.823,-101.972,0.010,179.998
956789148.162520,-92.511,537.780,196.843,-102.014,0.010,179.998
956789148.228460,-92.388,537.871,196.863,-102.057,0.010,179.998
956789148.296483,-92.258,537.968,196.885,-102.102,0.010,179.998
956789148.362516,-92.135,538.062,196.905,-102.144,0.010,179.998
956789148.428484,-92.012,538.154,196.925,-102.187,0.010,179.998
956789148.494446,-91.889,538.245,196.945,-102.229,0.010,179.998
956789148.560492,-91.766,538.337,196.967,-102.271,0.010,179.998
956789148.627592,-91.640,538.429,196.987,-102.315,0.010,179.998
956789148.694645,-91.515,538.524,197.010,-102.358,0.010,179.998
956789148.761561,-91.389,538.618,197.030,-102.402,0.010,179.998
956789148.830553,-91.262,538.713,197.051,-102.446,0.010,179.998
956789148.896560,-91.140,538.807,197.071,-102.488,0.010,179.998
956789148.962520,-91.017,538.898,197.091,-102.531,0.010,179.998
956789149.028518,-90.893,538.990,197.112,-102.573,0.010,179.998
956789149.095539,-90.768,539.084,197.133,-102.616,0.010,179.998
956789149.162550,-90.644,539.178,197.153,-102.659,0.010,179.998
956789149.229225,-90.518,539.271,197.173,-102.702,0.010,179.998
956789149.295489,-90.397,539.363,197.194,-102.744,0.010,179.998
956789149.361503,-90.273,539.455,197.215,-102.786,0.010,179.998
956789149.428479,-90.148,539.550,197.234,-102.830,0.010,179.998
956789149.495500,-90.022,539.642,197.255,-102.873,0.010,179.998
956789149.561416,-89.900,539.733,197.276,-102.915,0.010,179.998
956789149.627529,-89.779,539.824,197.297,-102.957,0.010,179.998
956789149.694555,-89.655,539.919,197.316,-103.000,0.010,179.998
956789149.761488,-89.531,540.015,197.338,-103.043,0.010,179.998
956789149.828470,-89.407,540.108,197.358,-103.086,0.010,179.998
956789149.894603,-89.285,540.199,197.379,-103.129,0.010,179.998
956789149.962521,-89.159,540.295,197.399,-103.173,0.010,179.998
956789150.028543,-89.037,540.385,197.420,-103.215,0.010,179.998
956789150.095451,-88.913,540.478,197.440,-103.258,0.010,179.998
956789150.162576,-88.789,540.572,197.461,-103.302,0.010,179.998
956789150.229495,-88.665,540.666,197.482,-103.345,0.010,179.998
956789150.295497,-88.543,540.760,197.503,-103.387,0.010,179.998
956789150.361475,-88.421,540.851,197.524,-103.430,0.010,179.998
956789150.429478,-88.294,540.947,197.547,-103.474,0.010,179.998
956789150.496400,-88.170,541.041,197.568,-103.517,0.010,179.998
956789150.561487,-88.050,541.133,197.588,-103.559,0.010,179.998
956789150.628459,-87.926,541.228,197.608,-103.602,0.010,179.998
956789150.694602,-87.801,541.321,197.628,-103.645,0.010,179.998
956789150.761498,-87.677,541.414,197.649,-103.688,0.010,179.998
956789150.828461,-87.552,541.509,197.672,-103.731,0.010,179.998
956789150.895479,-87.428,541.602,197.694,-103.775,0.010,179.998
956789150.961485,-87.308,541.691,197.712,-103.816,0.010,179.998
956789151.028455,-87.183,541.785,197.733,-103.859,0.010,179.998
956789151.094533,-87.058,541.880,197.756,-103.902,0.010,179.998
956789151.160476,-86.936,541.973,197.777,-103.945,0.010,179.998
956789151.227471,-86.811,542.067,197.798,-103.988,0.010,179.998
956789151.294605,-86.689,542.159,197.818,-104.030,0.010,179.998
956789151.362521,-86.562,542.255,197.840,-104.075,0.010,179.998
956789151.429476,-86.434,542.352,197.861,-104.118,0.010,179.998
956789151.495616,-86.312,542.447,197.881,-104.161,0.010,179.998
956789151.562555,-86.187,542.540,197.902,-104.204,0.010,179.998
956789151.628525,-86.062,542.635,197.924,-104.248,0.010,179.998
956789151.694532,-85.939,542.728,197.946,-104.290,0.010,179.998
956789151.761472,-85.814,542.820,197.966,-104.334,0.010,179.998
956789151.828478,-85.689,542.913,197.987,-104.377,0.010,179.998
956789151.894504,-85.568,543.004,198.007,-104.419,0.010,179.998
956789151.962533,-85.439,543.101,198.029,-104.464,0.010,179.998
956789152.028530,-85.318,543.194,198.051,-104.506,0.010,179.998
956789152.095492,-85.193,543.288,198.070,-104.549,0.010,179.998
956789152.161476,-85.070,543.379,198.090,-104.592,0.010,179.998
956789152.228462,-84.944,543.474,198.111,-104.635,0.010,179.998
956789152.296507,-84.817,543.571,198.133,-104.679,0.010,179.998
956789152.361465,-84.696,543.663,198.154,-104.721,0.010,179.998
956789152.428471,-84.570,543.756,198.175,-104.764,0.010,179.998
956789152.495464,-84.447,543.849,198.197,-104.807,0.010,179.998
956789152.561481,-84.326,543.939,198.217,-104.848,0.010,179.998
956789152.628472,-84.203,544.032,198.239,-104.892,0.010,179.998
956789152.694637,-84.079,544.123,198.259,-104.934,0.010,179.998
956789152.760483,-83.956,544.216,198.280,-104.977,0.010,179.998
956789152.829375,-83.830,544.311,198.301,-105.020,0.010,179.998
956789152.893634,-83.718,544.398,198.322,-105.059,0.010,179.998
956789152.961509,-83.592,544.493,198.343,-105.103,0.010,179.998
956789153.027467,-83.469,544.586,198.365,-105.146,0.010,179.998
956789153.093497,-83.349,544.677,198.386,-105.188,0.010,179.997
956789153.160470,-83.228,544.771,198.408,-105.230,0.011,179.997
956789153.227537,-83.104,544.867,198.429,-105.274,0.011,179.997
956789153.293567,-82.983,544.958,198.450,-105.316,0.010,179.997
956789153.360504,-82.859,545.053,198.471,-105.359,0.010,179.997
956789153.427482,-82.735,545.148,198.493,-105.402,0.010,179.997
956789153.493465,-82.611,545.240,198.514,-105.446,0.010,179.997
956789153.560477,-82.490,545.331,198.535,-105.488,0.010,179.997
956789153.626493,-82.368,545.424,198.558,-105.530,0.011,179.997
956789153.694494,-82.242,545.520,198.580,-105.574,0.011,179.997
956789153.760479,-82.120,545.615,198.599,-105.617,0.011,179.997
956789153.827488,-81.994,545.709,198.621,-105.661,0.010,179.997
956789153.893503,-81.872,545.801,198.642,-105.703,0.010,179.997
956789153.961025,-81.748,545.895,198.663,-105.747,0.010,179.997
956789154.027514,-81.624,545.991,198.686,-105.790,0.011,179.997
956789154.093525,-81.504,546.084,198.706,-105.831,0.011,179.997
956789154.161551,-81.377,546.180,198.729,-105.875,0.011,179.997
956789154.227550,-81.255,546.272,198.749,-105.918,0.011,179.997
956789154.293530,-81.133,546.365,198.769,-105.960,0.011,179.997
956789154.360477,-81.009,546.460,198.792,-106.004,0.011,179.997
956789154.427470,-80.884,546.557,198.811,-106.047,0.010,179.997
956789154.494430,-80.758,546.653,198.833,-106.091,0.010,179.997
956789154.560398,-80.635,546.745,198.853,-106.133,0.010,179.997
956789154.627425,-80.511,546.840,198.876,-106.177,0.010,179.997
956789154.693520,-80.389,546.932,198.897,-106.219,0.011,179.997
956789154.761469,-80.262,547.027,198.920,-106.263,0.011,179.997
956789154.827507,-80.139,547.119,198.940,-106.306,0.010,179.997
956789154.894510,-80.015,547.215,198.963,-106.349,0.011,179.997
956789154.960453,-79.892,547.308,198.984,-106.392,0.011,179.997
956789155.027485,-79.767,547.402,199.005,-106.435,0.011,179.997
956789155.095501,-79.640,547.497,199.028,-106.479,0.011,179.997
956789155.161443,-79.515,547.592,199.050,-106.523,0.011,179.997
956789155.227492,-79.395,547.685,199.072,-106.565,0.011,179.997
956789155.294686,-79.268,547.782,199.093,-106.608,0.011,179.997
956789155.360463,-79.147,547.874,199.116,-106.651,0.011,179.997
956789155.427455,-79.022,547.967,199.135,-106.694,0.011,179.997
956789155.496580,-78.893,548.065,199.157,-106.739,0.011,179.997
956789155.563167,-78.770,548.157,199.178,-106.781,0.011,179.997
956789155.627458,-78.659,548.244,199.197,-106.820,0.011,179.997
956789155.693582,-78.538,548.334,199.219,-106.862,0.011,179.997
956789155.760476,-78.413,548.429,199.241,-106.905,0.011,179.997
956789155.827417,-78.288,548.525,199.263,-106.949,0.011,179.997
956789155.893505,-78.162,548.618,199.284,-106.992,0.011,179.997
956789155.960459,-78.037,548.711,199.306,-107.035,0.011,179.997
956789156.027520,-77.912,548.806,199.328,-107.079,0.011,179.997
956789156.094496,-77.786,548.900,199.349,-107.122,0.011,179.997
956789156.161470,-77.661,548.996,199.370,-107.166,0.011,179.997
956789156.227462,-77.538,549.088,199.391,-107.208,0.011,179.997
956789156.294632,-77.414,549.182,199.413,-107.251,0.011,179.997
956789156.361461,-77.291,549.276,199.436,-107.295,0.011,179.997
956789156.427495,-77.170,549.370,199.456,-107.337,0.011,179.997
956789156.494544,-77.047,549.465,199.477,-107.380,0.011,179.997
956789156.561484,-76.923,549.558,199.499,-107.424,0.011,179.997
956789156.627519,-76.802,549.650,199.521,-107.466,0.011,179.997
956789156.694622,-76.678,549.745,199.542,-107.509,0.011,179.997
956789156.763530,-76.550,549.845,199.564,-107.554,0.011,179.997
956789156.829551,-76.429,549.939,199.585,-107.596,0.011,179.997
956789156.896473,-76.305,550.032,199.607,-107.640,0.011,179.997
956789156.961501,-76.186,550.123,199.628,-107.681,0.011,179.997
956789157.027475,-76.065,550.216,199.650,-107.723,0.011,179.997
956789157.094554,-75.941,550.313,199.673,-107.767,0.011,179.997
956789157.161460,-75.817,550.409,199.695,-107.810,0.011,179.997
956789157.227453,-75.696,550.501,199.717,-107.852,0.011,179.997
956789157.294526,-75.572,550.596,199.739,-107.896,0.011,179.997
956789157.360481,-75.452,550.687,199.760,-107.937,0.011,179.997
956789157.427478,-75.328,550.781,199.783,-107.980,0.011,179.997
956789157.494535,-75.204,550.874,199.806,-108.023,0.012,179.997
956789157.560477,-75.083,550.967,199.828,-108.066,0.012,179.997
956789157.627479,-74.959,551.062,199.850,-108.109,0.012,179.997
956789157.693621,-74.837,551.156,199.871,-108.152,0.012,179.997
956789157.761460,-74.710,551.251,199.893,-108.196,0.012,179.997
956789157.827491,-74.589,551.343,199.914,-108.238,0.012,179.997
956789157.894500,-74.464,551.437,199.936,-108.281,0.012,179.997
956789157.962529,-74.338,551.534,199.960,-108.326,0.012,179.997
956789158.027493,-74.218,551.627,199.978,-108.367,0.012,179.997
956789158.094497,-74.094,551.720,200.001,-108.411,0.012,179.997
956789158.161579,-73.969,551.815,200.020,-108.454,0.011,179.997
956789158.227508,-73.852,551.905,200.040,-108.495,0.011,179.997
956789158.293527,-73.730,551.999,200.062,-108.538,0.011,179.997
956789158.360477,-73.607,552.093,200.084,-108.580,0.011,179.997
956789158.427479,-73.483,552.187,200.105,-108.623,0.011,179.997
956789158.494502,-73.358,552.281,200.127,-108.667,0.011,179.997
956789158.561477,-73.234,552.377,200.149,-108.710,0.012,179.997
956789158.627471,-73.113,552.470,200.171,-108.753,0.011,179.997
956789158.694560,-72.989,552.567,200.192,-108.796,0.011,179.997
956789158.760490,-72.866,552.659,200.215,-108.838,0.012,179.997
956789158.827471,-72.741,552.753,200.237,-108.882,0.012,179.997
956789158.893443,-72.619,552.847,200.258,-108.924,0.012,179.997
956789158.960478,-72.494,552.944,200.282,-108.967,0.012,179.997
956789159.026456,-72.371,553.039,200.303,-109.010,0.012,179.997
956789159.094489,-72.244,553.134,200.325,-109.054,0.012,179.997
956789159.160482,-72.121,553.228,200.347,-109.097,0.012,179.997
956789159.227509,-71.996,553.322,200.370,-109.140,0.012,179.997
956789159.293527,-71.874,553.417,200.392,-109.183,0.012,179.996
956789159.360491,-71.748,553.514,200.414,-109.226,0.012,179.996
956789159.427590,-71.623,553.607,200.435,-109.269,0.012,179.996
956789159.495586,-71.496,553.704,200.457,-109.314,0.012,179.996
956789159.560488,-71.375,553.796,200.478,-109.355,0.012,179.997
956789159.627484,-71.252,553.892,200.499,-109.399,0.012,179.997
956789244.507688,-126.996,512.521,190.744,-90.000,0.010,179.999
956789244.597092,-126.996,512.521,190.744,-90.000,0.010,179.999
956789244.662755,-126.960,512.561,190.839,-90.035,0.010,179.999
956789244.729864,-126.896,512.626,190.970,-90.087,0.010,179.999
956789244.795165,-126.822,512.691,191.087,-90.139,0.011,179.999
956789244.862736,-126.728,512.761,191.200,-90.194,0.011,179.999
956789244.929675,-126.627,512.829,191.294,-90.247,0.011,179.999
956789244.995617,-126.517,512.902,191.378,-90.300,0.011,179.999
956789245.063550,-126.397,512.981,191.449,-90.353,0.011,179.999
956789245.129665,-126.277,513.057,191.509,-90.403,0.011,179.999
956789245.195608,-126.154,513.135,191.559,-90.453,0.011,179.999
956789245.263508,-126.024,513.220,191.604,-90.502,0.011,179.999
956789245.328547,-125.902,513.302,191.641,-90.548,0.011,179.999
956789245.396604,-125.772,513.390,191.675,-90.596,0.011,179.999
956789245.462638,-125.645,513.476,191.704,-90.642,0.011,179.999
956789245.528555,-125.519,513.565,191.730,-90.687,0.011,179.999
956789245.596587,-125.389,513.656,191.755,-90.734,0.011,179.999
956789245.661515,-125.267,513.743,191.776,-90.777,0.011,179.999
956789245.729549,-125.137,513.837,191.798,-90.822,0.011,179.999
956789245.801726,-124.996,513.937,191.821,-90.871,0.011,179.999
956789245.862907,-124.886,514.016,191.838,-90.910,0.011,179.999
956789245.930733,-124.760,514.109,191.855,-90.954,0.011,179.999
956789245.995415,-124.640,514.195,191.873,-90.996,0.011,179.999
956789246.063442,-124.508,514.291,191.892,-91.042,0.011,179.999
956789246.129574,-124.384,514.384,191.909,-91.085,0.011,179.999
956789246.195615,-124.259,514.473,191.927,-91.128,0.011,179.999
956789246.263524,-124.131,514.568,191.943,-91.173,0.011,179.999
956789246.329519,-124.007,514.661,191.959,-91.216,0.011,179.999
956789246.395599,-123.882,514.751,191.974,-91.259,0.011,179.999
956789246.463665,-123.754,514.845,191.990,-91.303,0.011,179.999
956789246.528675,-123.634,514.934,192.006,-91.345,0.011,179.999
956789246.596575,-123.507,515.025,192.022,-91.388,0.011,179.999
956789246.661510,-123.384,515.115,192.038,-91.430,0.011,179.999
956789246.730669,-123.254,515.212,192.056,-91.475,0.011,179.999
956789246.796624,-123.129,515.302,192.071,-91.518,0.011,179.999
956789246.865609,-122.999,515.398,192.089,-91.563,0.011,179.999
956789246.930483,-122.876,515.489,192.105,-91.605,0.011,179.999
956789246.995595,-122.753,515.576,192.122,-91.647,0.011,179.999
956789247.062614,-122.626,515.668,192.139,-91.690,0.011,179.999
956789247.130660,-122.498,515.763,192.156,-91.734,0.011,179.999
956789247.196504,-122.377,515.848,192.171,-91.775,0.011,179.999
956789247.262498,-122.254,515.937,192.187,-91.817,0.011,179.999
956789247.331637,-122.123,516.033,192.204,-91.861,0.011,179.999
956789247.397618,-121.998,516.123,192.220,-91.904,0.011,179.999
956789247.464185,-121.873,516.213,192.236,-91.946,0.011,179.999
956789247.530645,-121.746,516.307,192.252,-91.989,0.011,179.999
956789247.595588,-121.625,516.392,192.268,-92.030,0.011,179.999
956789247.663568,-121.496,516.486,192.287,-92.074,0.012,179.999
956789247.730565,-121.369,516.578,192.302,-92.117,0.011,179.999
956789247.796561,-121.243,516.667,192.317,-92.160,0.011,179.999
956789247.864519,-121.114,516.761,192.334,-92.204,0.011,179.999
956789247.929499,-120.991,516.851,192.350,-92.245,0.012,179.999
956789247.995575,-120.866,516.940,192.368,-92.288,0.012,179.999
956789248.063582,-120.736,517.033,192.387,-92.332,0.012,179.999
956789248.129554,-120.611,517.125,192.404,-92.374,0.012,179.999
956789248.196466,-120.484,517.215,192.421,-92.417,0.012,179.999
956789248.263506,-120.356,517.307,192.438,-92.460,0.012,179.999
956789248.329666,-120.231,517.399,192.456,-92.503,0.012,179.999
956789248.396460,-120.103,517.489,192.472,-92.546,0.012,179.999
956789248.464571,-119.973,517.582,192.491,-92.590,0.012,179.999
956789248.529489,-119.858,517.666,192.506,-92.629,0.012,179.999
956789248.596509,-119.731,517.756,192.523,-92.672,0.012,179.999
956789248.662594,-119.605,517.846,192.540,-92.714,0.012,179.999
956789248.729460,-119.477,517.939,192.558,-92.758,0.013,179.999
956789248.796462,-119.349,518.029,192.573,-92.801,0.012,179.999
956789248.862730,-119.224,518.119,192.589,-92.843,0.012,179.999
956789248.929529,-119.098,518.209,192.607,-92.886,0.012,179.999
956789248.996566,-118.970,518.300,192.623,-92.929,0.012,179.999
956789249.063496,-118.842,518.390,192.641,-92.972,0.012,179.999
956789249.129471,-118.716,518.481,192.658,-93.014,0.012,179.999
956789249.196516,-118.588,518.571,192.675,-93.058,0.012,179.999
956789249.263565,-118.460,518.662,192.693,-93.101,0.012,179.999
956789249.328494,-118.338,518.750,192.709,-93.142,0.012,179.999
956789249.396415,-118.208,518.842,192.727,-93.186,0.012,179.999
956789249.462609,-118.084,518.931,192.743,-93.228,0.012,179.999
956789249.529409,-117.956,519.023,192.762,-93.272,0.012,179.999
956789249.596602,-117.825,519.114,192.780,-93.316,0.012,179.999
956789249.662578,-117.701,519.203,192.796,-93.358,0.012,179.999
956789249.729511,-117.573,519.295,192.815,-93.401,0.012,179.999
956789249.799585,-117.439,519.390,192.834,-93.447,0.012,179.999
956789249.863655,-117.318,519.475,192.849,-93.487,0.012,179.999
956789249.929535,-117.194,519.564,192.867,-93.529,0.012,179.999
956789249.997512,-117.072,519.651,192.884,-93.571,0.012,179.999
956789250.063522,-116.948,519.740,192.901,-93.613,0.012,179.999
956789250.130480,-116.821,519.831,192.920,-93.656,0.012,179.999
956789250.196499,-116.697,519.919,192.938,-93.698,0.012,179.999
956789250.262518,-116.572,520.009,192.956,-93.741,0.012,179.999
956789250.329454,-116.446,520.100,192.975,-93.784,0.012,179.999
956789250.396599,-116.319,520.193,192.990,-93.827,0.012,179.999
956789250.462530,-116.195,520.285,193.008,-93.869,0.012,179.999
956789250.529454,-116.066,520.378,193.025,-93.913,0.012,179.999
956789250.595509,-115.940,520.471,193.043,-93.956,0.012,179.999
956789250.662713,-115.813,520.565,193.061,-93.999,0.012,179.999
956789250.729394,-115.688,520.654,193.079,-94.042,0.012,179.999
956789250.795571,-115.564,520.745,193.098,-94.084,0.012,179.999
956789250.862615,-115.437,520.839,193.116,-94.127,0.012,179.999
956789250.929473,-115.310,520.929,193.135,-94.170,0.012,179.999
956789250.995511,-115.183,521.022,193.152,-94.213,0.012,179.999
956789251.063450,-115.054,521.116,193.171,-94.257,0.012,179.999
956789251.131565,-114.925,521.208,193.190,-94.301,0.012,179.999
956789251.200747,-114.798,521.300,193.208,-94.344,0.012,179.999
956789251.265642,-114.682,521.386,193.225,-94.384,0.012,179.999
956789251.329455,-114.567,521.468,193.241,-94.423,0.012,179.999
956789251.396463,-114.440,521.560,193.258,-94.466,0.012,179.999
956789251.463687,-114.313,521.654,193.277,-94.509,0.012,179.999
956789251.528496,-114.194,521.738,193.295,-94.550,0.012,179.999
956789251.596458,-114.065,521.832,193.313,-94.594,0.012,179.999
956789251.663674,-113.936,521.926,193.332,-94.638,0.012,179.999
956789251.729586,-113.810,522.015,193.349,-94.680,0.012,179.999
956789251.796525,-113.685,522.105,193.368,-94.723,0.012,179.999
956789251.862492,-113.560,522.196,193.386,-94.765,0.012,179.999
956789251.930434,-113.431,522.288,193.405,-94.809,0.012,179.999
956789251.997489,-113.303,522.380,193.425,-94.852,0.012,179.999
956789252.062545,-113.182,522.469,193.442,-94.894,0.012,179.999
956789252.130466,-113.052,522.561,193.462,-94.938,0.013,179.999
956789252.197610,-112.925,522.653,193.481,-94.981,0.013,179.999
956789252.262467,-112.804,522.742,193.498,-95.022,0.013,179.999
956789252.330424,-112.674,522.834,193.518,-95.066,0.013,179.999
956789252.397617,-112.546,522.925,193.537,-95.110,0.013,179.999
956789252.462479,-112.425,523.014,193.554,-95.151,0.013,179.998
956789252.530549,-112.293,523.111,193.573,-95.196,0.013,179.998
956789252.596552,-112.180,523.191,193.589,-95.234,0.013,179.998
956789252.662527,-112.056,523.282,193.606,-95.276,0.013,179.998
956789252.730468,-111.926,523.376,193.626,-95.321,0.013,179.998
956789252.795603,-111.805,523.466,193.641,-95.362,0.013,179.998
956789252.862537,-111.679,523.557,193.659,-95.405,0.013,179.998
956789252.930482,-111.549,523.651,193.679,-95.449,0.013,179.999
956789252.995490,-111.427,523.741,193.696,-95.491,0.013,179.999
956789253.063501,-111.302,523.832,193.714,-95.534,0.013,179.998
956789253.130471,-111.178,523.922,193.732,-95.577,0.012,179.999
956789253.196488,-111.054,524.014,193.750,-95.619,0.013,179.998
956789253.263541,-110.928,524.104,193.768,-95.662,0.012,179.999
956789253.332529,-110.796,524.200,193.789,-95.707,0.013,179.998
956789253.399480,-110.669,524.292,193.805,-95.750,0.012,179.998
956789253.464481,-110.548,524.379,193.823,-95.791,0.012,179.998
956789253.530496,-110.423,524.469,193.843,-95.834,0.013,179.998
956789253.596517,-110.299,524.559,193.858,-95.876,0.012,179.998
956789253.664523,-110.171,524.654,193.877,-95.920,0.012,179.998
956789253.729462,-110.049,524.745,193.896,-95.961,0.012,179.998
956789253.796481,-109.923,524.836,193.914,-96.004,0.012,179.998
956789253.865571,-109.792,524.932,193.934,-96.049,0.012,179.998
956789253.930532,-109.670,525.023,193.953,-96.091,0.012,179.998
956789253.996528,-109.546,525.113,193.970,-96.133,0.012,179.998
956789254.063533,-109.424,525.202,193.988,-96.175,0.012,179.998
956789254.129458,-109.299,525.295,194.008,-96.217,0.013,179.998
956789254.197458,-109.171,525.388,194.028,-96.261,0.013,179.998
956789254.263524,-109.046,525.478,194.046,-96.303,0.013,179.998
956789254.329466,-108.922,525.569,194.065,-96.346,0.013,179.998
956789254.396623,-108.795,525.661,194.084,-96.389,0.013,179.998
956789254.462534,-108.671,525.752,194.103,-96.431,0.013,179.998
956789254.528627,-108.546,525.842,194.121,-96.474,0.013,179.998
956789254.596418,-108.417,525.935,194.141,-96.518,0.013,179.998
956789254.662576,-108.290,526.026,194.160,-96.561,0.013,179.998
956789254.729546,-108.161,526.120,194.179,-96.605,0.013,179.998
956789254.796404,-108.035,526.214,194.197,-96.649,0.013,179.998
956789254.862524,-107.910,526.306,194.215,-96.691,0.012,179.998
956789254.929454,-107.783,526.398,194.235,-96.734,0.013,179.998
956789254.995479,-107.658,526.489,194.253,-96.776,0.013,179.998
956789255.062567,-107.531,526.582,194.272,-96.820,0.013,179.998
956789255.131514,-107.400,526.678,194.292,-96.864,0.013,179.998
956789255.197354,-107.279,526.766,194.309,-96.906,0.013,179.998
956789255.263608,-107.158,526.856,194.328,-96.947,0.013,179.998
956789255.329525,-107.033,526.945,194.346,-96.990,0.013,179.998
956789255.395604,-106.913,527.033,194.364,-97.031,0.012,179.998
956789255.462524,-106.790,527.124,194.384,-97.074,0.013,179.998
956789255.530452,-106.660,527.216,194.404,-97.118,0.013,179.998
956789255.595500,-106.539,527.304,194.421,-97.159,0.013,179.998
956789255.662542,-106.412,527.398,194.440,-97.203,0.013,179.998
956789255.730468,-106.282,527.492,194.460,-97.247,0.013,179.998
956789255.795493,-106.161,527.583,194.477,-97.288,0.013,179.998
956789255.862610,-106.036,527.674,194.497,-97.332,0.013,179.998
956789255.930490,-105.907,527.769,194.515,-97.376,0.012,179.998
956789255.995532,-105.785,527.860,194.535,-97.417,0.013,179.998
956789256.063504,-105.656,527.953,194.551,-97.461,0.012,179.998
956789256.129488,-105.532,528.044,194.571,-97.504,0.013,179.998
956789256.195489,-105.407,528.138,194.591,-97.547,0.013,179.998
956789256.262495,-105.279,528.231,194.612,-97.591,0.013,179.998
956789256.328494,-105.156,528.322,194.629,-97.633,0.013,179.998
956789256.395488,-105.030,528.414,194.648,-97.676,0.013,179.998
956789256.465515,-104.898,528.512,194.668,-97.721,0.013,179.998
956789256.530533,-104.777,528.603,194.687,-97.762,0.013,179.998
956789256.596574,-104.653,528.694,194.706,-97.805,0.013,179.998
956789256.663544,-104.527,528.787,194.726,-97.848,0.013,179.998
956789256.728526,-104.406,528.877,194.744,-97.889,0.013,179.998
956789256.795480,-104.282,528.967,194.764,-97.932,0.013,179.998
956789256.863515,-104.152,529.063,194.785,-97.976,0.013,179.998
956789256.928474,-104.030,529.153,194.800,-98.018,0.013,179.998
956789256.996502,-103.900,529.247,194.820,-98.063,0.013,179.998
956789257.062528,-103.776,529.337,194.840,-98.105,0.013,179.998
956789257.128446,-103.650,529.431,194.860,-98.148,0.013,179.998
956789257.196474,-103.520,529.527,194.879,-98.193,0.013,179.998
956789257.262493,-103.394,529.622,194.898,-98.236,0.013,179.998
956789257.329504,-103.266,529.715,194.918,-98.280,0.013,179.998
956789257.395510,-103.139,529.808,194.938,-98.323,0.013,179.998
956789257.461444,-103.017,529.899,194.957,-98.365,0.013,179.998
956789257.529462,-102.889,529.993,194.976,-98.409,0.013,179.998
956789257.594501,-102.765,530.084,194.995,-98.451,0.013,179.998
956789257.661475,-102.641,530.175,195.014,-98.494,0.013,179.998
956789257.729496,-102.512,530.269,195.034,-98.538,0.013,179.998
956789257.795578,-102.388,530.358,195.054,-98.580,0.013,179.998
956789257.865538,-102.255,530.456,195.072,-98.626,0.012,179.998
956789257.928689,-102.139,530.542,195.090,-98.666,0.012,179.998
956789257.995532,-102.013,530.636,195.109,-98.709,0.012,179.998
956789258.062635,-101.884,530.730,195.130,-98.753,0.012,179.998
956789258.128466,-101.760,530.822,195.149,-98.796,0.012,179.998
956789258.195530,-101.631,530.917,195.169,-98.840,0.012,179.998
956789258.262499,-101.504,531.009,195.187,-98.883,0.012,179.998
956789258.328450,-101.380,531.100,195.206,-98.925,0.012,179.998
956789258.395488,-101.251,531.195,195.226,-98.969,0.012,179.998
956789258.462509,-101.126,531.287,195.246,-99.012,0.012,179.998
956789258.528436,-101.001,531.381,195.265,-99.054,0.012,179.998
956789258.595601,-100.875,531.473,195.285,-99.098,0.012,179.998
956789258.661443,-100.752,531.565,195.305,-99.140,0.013,179.998
956789258.728350,-100.625,531.659,195.323,-99.183,0.012,179.998
956789258.795680,-100.498,531.751,195.343,-99.226,0.012,179.998
956789258.861546,-100.375,531.841,195.362,-99.269,0.012,179.998
956789258.929431,-100.246,531.936,195.382,-99.313,0.012,179.998
956789258.994464,-100.125,532.023,195.401,-99.354,0.012,179.998
956789259.061478,-100.003,532.113,195.420,-99.397,0.012,179.998
956789259.132700,-99.867,532.214,195.441,-99.443,0.012,179.998
956789259.197549,-99.748,532.302,195.458,-99.484,0.012,179.998
956789259.262631,-99.627,532.393,195.478,-99.525,0.012,179.998
956789259.328459,-99.504,532.483,195.497,-99.568,0.012,179.998
956789259.395559,-99.377,532.577,195.517,-99.611,0.012,179.998
956789259.461454,-99.252,532.672,195.537,-99.654,0.012,179.998
956789259.528651,-99.127,532.763,195.557,-99.698,0.012,179.998
956789259.595408,-99.001,532.856,195.578,-99.741,0.012,179.998
956789259.661433,-98.876,532.949,195.597,-99.784,0.012,179.998
956789259.727515,-98.753,533.041,195.616,-99.826,0.012,179.998
956789259.795515,-98.625,533.138,195.635,-99.870,0.012,179.998
956789259.861467,-98.502,533.229,195.655,-99.912,0.012,179.998
956789259.928485,-98.377,533.323,195.675,-99.955,0.012,179.998
956789259.995494,-98.251,533.417,195.695,-99.999,0.012,179.998
956789260.061448,-98.128,533.506,195.714,-100.041,0.012,179.998
956789260.128452,-98.002,533.599,195.735,-100.084,0.012,179.998
956789260.194492,-97.876,533.693,195.753,-100.127,0.012,179.998
956789260.261460,-97.753,533.785,195.772,-100.170,0.012,179.998
956789260.328499,-97.627,533.880,195.792,-100.213,0.012,179.998
956789260.396457,-97.499,533.974,195.812,-100.257,0.012,179.998
956789260.465537,-97.367,534.073,195.833,-100.303,0.012,179.998
956789260.530560,-97.252,534.159,195.851,-100.342,0.012,179.998
956789260.595668,-97.131,534.248,195.870,-100.384,0.012,179.998
956789260.662521,-97.003,534.341,195.889,-100.427,0.012,179.998
956789260.728494,-96.879,534.433,195.908,-100.469,0.012,179.998
956789260.795390,-96.753,534.528,195.929,-100.513,0.012,179.998
956789260.862606,-96.627,534.622,195.948,-100.556,0.012,179.998
956789260.928476,-96.505,534.712,195.968,-100.598,0.012,179.998
956789260.995445,-96.377,534.806,195.988,-100.642,0.012,179.998
956789261.062495,-96.251,534.901,196.009,-100.685,0.012,179.998
956789261.128453,-96.129,534.990,196.029,-100.727,0.012,179.998
956789261.195453,-95.998,535.086,196.050,-100.771,0.012,179.998
956789261.262569,-95.870,535.182,196.072,-100.815,0.012,179.998
956789261.328465,-95.748,535.274,196.092,-100.857,0.012,179.998
956789261.395567,-95.622,535.370,196.109,-100.901,0.012,179.998
956789261.462722,-95.495,535.463,196.129,-100.944,0.012,179.998
956789261.528453,-95.371,535.555,196.148,-100.986,0.012,179.998
956789261.595466,-95.242,535.651,196.168,-101.030,0.012,179.998
956789261.662479,-95.116,535.742,196.187,-101.074,0.012,179.998
956789261.728459,-94.992,535.834,196.206,-101.116,0.011,179.998
956789261.796430,-94.865,535.929,196.228,-101.160,0.012,179.998
956789261.867549,-94.734,536.026,196.246,-101.205,0.011,179.998
956789261.928623,-94.631,536.102,196.262,-101.240,0.011,179.998
956789261.995499,-94.507,536.193,196.281,-101.283,0.011,179.998
956789262.061471,-94.385,536.285,196.301,-101.325,0.011,179.998
956789262.127465,-94.262,536.378,196.322,-101.367,0.012,179.998
956789262.195490,-94.135,536.472,196.343,-101.411,0.012,179.998
956789262.261473,-94.009,536.566,196.364,-101.454,0.012,179.998
956789262.327476,-93.886,536.658,196.384,-101.497,0.012,179.998
956789262.395528,-93.759,536.752,196.405,-101.541,0.012,179.998
956789262.461489,-93.637,536.842,196.424,-101.583,0.012,179.998
956789262.528449,-93.518,536.931,196.444,-101.623,0.012,179.998
956789262.595511,-93.391,537.027,196.465,-101.667,0.012,179.998
956789262.661467,-93.266,537.122,196.485,-101.710,0.012,179.998
956789262.728493,-93.142,537.214,196.505,-101.754,0.012,179.998
956789262.795517,-93.017,537.307,196.526,-101.797,0.012,179.998
956789262.861445,-92.894,537.400,196.548,-101.839,0.012,179.998
956789262.928472,-92.769,537.492,196.568,-101.882,0.012,179.998
956789262.995472,-92.641,537.587,196.590,-101.926,0.013,179.998
956789263.061456,-92.519,537.678,196.608,-101.969,0.012,179.998
956789263.132660,-92.385,537.779,196.629,-102.015,0.012,179.998
956789263.195545,-92.268,537.867,196.648,-102.055,0.012,179.998
956789263.261461,-92.145,537.959,196.668,-102.097,0.012,179.997
956789263.328476,-92.020,538.051,196.689,-102.141,0.012,179.998
956789263.397480,-91.890,538.149,196.709,-102.185,0.012,179.998
956789263.461486,-91.771,538.236,196.728,-102.226,0.012,179.998
956789263.529532,-91.644,538.330,196.750,-102.270,0.012,179.997
956789263.594555,-91.523,538.420,196.767,-102.312,0.012,179.998
956789263.661452,-91.397,538.514,196.787,-102.355,0.012,179.998
956789263.728498,-91.272,538.610,196.808,-102.398,0.012,179.997
956789263.794564,-91.153,538.699,196.827,-102.440,0.012,179.997
956789263.861476,-91.025,538.793,196.847,-102.483,0.012,179.997
956789263.928435,-90.900,538.888,196.867,-102.526,0.012,179.997
956789263.994557,-90.774,538.979,196.887,-102.569,0.012,179.997
956789264.061483,-90.646,539.073,196.907,-102.613,0.012,179.997
956789264.128456,-90.520,539.167,196.927,-102.657,0.012,179.997
956789264.194597,-90.399,539.259,196.946,-102.699,0.012,179.997
956789264.261447,-90.271,539.355,196.967,-102.742,0.012,179.997
956789264.328484,-90.147,539.446,196.989,-102.785,0.012,179.997
956789264.393524,-90.026,539.535,197.008,-102.827,0.012,179.997
956789264.462617,-89.893,539.633,197.028,-102.872,0.012,179.998
956789264.529470,-89.770,539.727,197.049,-102.915,0.012,179.997
956789264.594582,-89.663,539.803,197.066,-102.951,0.012,179.997
956789264.662524,-89.537,539.898,197.087,-102.995,0.012,179.997
956789264.728544,-89.414,539.990,197.106,-103.037,0.012,179.997
956789264.794480,-89.290,540.083,197.126,-103.080,0.012,179.998
956789264.860495,-89.166,540.174,197.147,-103.122,0.012,179.998
956789264.927503,-89.040,540.267,197.167,-103.166,0.012,179.998
956789264.993537,-88.916,540.359,197.186,-103.208,0.011,179.998
956789265.061511,-88.789,540.455,197.206,-103.252,0.011,179.998
956789265.127536,-88.665,540.548,197.226,-103.295,0.011,179.998
956789265.193532,-88.543,540.639,197.247,-103.337,0.011,179.998
956789265.260513,-88.419,540.734,197.268,-103.380,0.012,179.997
956789265.327460,-88.295,540.828,197.289,-103.423,0.012,179.997
956789265.394553,-88.168,540.921,197.310,-103.467,0.012,179.997
956789265.460481,-88.046,541.012,197.331,-103.509,0.012,179.997
956789265.527524,-87.922,541.106,197.352,-103.552,0.012,179.997
956789265.593506,-87.800,541.198,197.372,-103.595,0.012,179.997
956789265.660470,-87.675,541.294,197.392,-103.638,0.012,179.997
956789265.726481,-87.553,541.385,197.414,-103.680,0.012,179.997
956789265.796412,-87.424,541.482,197.435,-103.725,0.012,179.997
956789265.862601,-87.302,541.574,197.455,-103.767,0.012,179.997
956789265.927537,-87.182,541.662,197.474,-103.809,0.012,179.997
956789265.994680,-87.057,541.755,197.494,-103.852,0.012,179.997
956789266.060545,-86.935,541.847,197.514,-103.894,0.012,179.997
956789266.126486,-86.814,541.938,197.533,-103.936,0.012,179.997
956789266.194504,-86.687,542.034,197.555,-103.980,0.012,179.997
956789266.260459,-86.565,542.125,197.576,-104.022,0.012,179.997
956789266.327577,-86.440,542.219,197.595,-104.066,0.012,179.997
956789266.393496,-86.320,542.309,197.614,-104.107,0.012,179.997
956789266.460468,-86.197,542.402,197.635,-104.150,0.012,179.997
956789266.526501,-86.074,542.497,197.655,-104.192,0.012,179.997
956789266.593534,-85.949,542.590,197.677,-104.235,0.012,179.997
956789266.660463,-85.826,542.682,197.697,-104.278,0.012,179.997
956789266.727553,-85.701,542.777,197.717,-104.321,0.012,179.997
956789266.794500,-85.576,542.869,197.737,-104.364,0.012,179.997
956789266.860474,-85.453,542.961,197.757,-104.406,0.012,179.997
956789266.927573,-85.328,543.054,197.779,-104.450,0.012,179.997
956789266.993534,-85.207,543.145,197.799,-104.491,0.012,179.997
956789267.061475,-85.080,543.243,197.821,-104.535,0.012,179.997
956789267.129564,-84.952,543.337,197.843,-104.579,0.012,179.997
956789267.195516,-84.829,543.429,197.862,-104.622,0.012,179.997
956789267.262517,-84.706,543.522,197.883,-104.664,0.012,179.997
956789267.329500,-84.581,543.618,197.906,-104.708,0.012,179.997
956789267.394495,-84.462,543.707,197.925,-104.749,0.012,179.997
956789267.460484,-84.334,543.802,197.948,-104.793,0.012,179.997
956789267.527555,-84.211,543.896,197.966,-104.835,0.012,179.997
956789267.593464,-84.088,543.990,197.986,-104.878,0.012,179.997
956789267.660509,-83.964,544.081,198.006,-104.920,0.012,179.997
956789267.727505,-83.839,544.174,198.027,-104.964,0.012,179.997
956789267.793541,-83.715,544.266,198.049,-105.006,0.012,179.997
956789267.860447,-83.592,544.360,198.069,-105.049,0.012,179.997
956789267.928518,-83.464,544.457,198.089,-105.093,0.012,179.997
956789267.994497,-83.340,544.548,198.109,-105.136,0.012,179.997
956789268.061476,-83.217,544.641,198.131,-105.178,0.012,179.997
956789268.126452,-83.095,544.731,198.151,-105.220,0.012,179.997
956789268.193485,-82.969,544.825,198.173,-105.264,0.012,179.997
956789268.260460,-82.846,544.916,198.192,-105.306,0.012,179.997
956789268.327573,-82.722,545.010,198.212,-105.349,0.012,179.997
956789268.393632,-82.598,545.104,198.232,-105.392,0.012,179.997
956789268.461517,-82.472,545.200,198.252,-105.436,0.012,179.997
956789268.528586,-82.346,545.292,198.274,-105.479,0.012,179.997
956789268.595714,-82.222,545.386,198.294,-105.522,0.012,179.997
956789268.660482,-82.103,545.476,198.314,-105.563,0.012,179.997
956789268.727568,-81.978,545.570,198.335,-105.607,0.012,179.997
956789268.794594,-81.854,545.666,198.358,-105.650,0.012,179.997
956789268.860462,-81.733,545.758,198.377,-105.692,0.012,179.997
956789268.927486,-81.608,545.851,198.397,-105.735,0.012,179.997
956789268.994582,-81.484,545.945,198.419,-105.778,0.012,179.997
956789269.060492,-81.362,546.038,198.439,-105.821,0.012,179.997
956789269.127562,-81.238,546.134,198.459,-105.864,0.012,179.997
956789269.193576,-81.116,546.226,198.480,-105.906,0.012,179.997
956789269.260471,-80.992,546.320,198.502,-105.950,0.012,179.997
956789269.327475,-80.867,546.414,198.523,-105.993,0.012,179.997
956789269.393590,-80.745,546.504,198.543,-106.035,0.012,179.997
956789269.462529,-80.619,546.598,198.565,-106.079,0.012,179.997
956789269.528632,-80.496,546.691,198.585,-106.122,0.012,179.997
956789269.594677,-80.379,546.780,198.606,-106.163,0.012,179.997
956789269.660451,-80.256,546.874,198.627,-106.205,0.012,179.997
956789269.727502,-80.132,546.967,198.647,-106.248,0.012,179.997
956789269.795531,-80.005,547.062,198.670,-106.292,0.012,179.997
956789269.860536,-79.885,547.153,198.689,-106.334,0.012,179.997
956789269.926507,-79.764,547.245,198.709,-106.376,0.012,179.997
956789269.993553,-79.640,547.342,198.730,-106.419,0.012,179.997
956789270.060482,-79.515,547.436,198.752,-106.462,0.012,179.997
956789270.127482,-79.390,547.529,198.773,-106.505,0.012,179.997
956789270.193459,-79.267,547.623,198.795,-106.547,0.012,179.997
956789270.260471,-79.142,547.715,198.815,-106.591,0.012,179.997
956789270.327506,-79.018,547.809,198.836,-106.634,0.012,179.997
956789270.393540,-78.897,547.899,198.858,-106.675,0.012,179.997
956789270.460480,-78.774,547.993,198.877,-106.718,0.012,179.997
956789270.527476,-78.649,548.088,198.897,-106.761,0.012,179.997
956789270.593527,-78.526,548.178,198.919,-106.803,0.012,179.997
956789270.660480,-78.401,548.272,198.938,-106.847,0.012,179.997
956789270.727543,-78.276,548.367,198.961,-106.890,0.012,179.997
956789270.793526,-78.155,548.460,198.982,-106.932,0.012,179.997
956789270.860425,-78.030,548.556,199.003,-106.976,0.012,179.997
956789270.926466,-77.907,548.647,199.024,-107.018,0.012,179.997
956789270.993532,-77.782,548.742,199.046,-107.062,0.012,179.997
956789271.060495,-77.656,548.837,199.067,-107.105,0.012,179.997
956789271.127430,-77.531,548.933,199.088,-107.148,0.012,179.997
956789271.195572,-77.401,549.033,199.110,-107.193,0.013,179.997
956789271.260529,-77.282,549.122,199.131,-107.234,0.013,179.997
956789271.327501,-77.161,549.213,199.151,-107.276,0.012,179.997
956789271.393525,-77.038,549.305,199.173,-107.319,0.012,179.997
956789271.460460,-76.912,549.399,199.192,-107.362,0.012,179.997
956789271.526447,-76.789,549.490,199.213,-107.405,0.012,179.997
956789271.593483,-76.663,549.586,199.234,-107.448,0.012,179.997
956789271.660466,-76.537,549.680,199.254,-107.492,0.012,179.997
956789271.726478,-76.416,549.774,199.275,-107.534,0.012,179.997
956789271.793517,-76.293,549.866,199.296,-107.577,0.012,179.997
956789271.861298,-76.169,549.960,199.319,-107.620,0.012,179.997
956789271.926483,-76.050,550.051,199.339,-107.662,0.012,179.997
956789271.993506,-75.928,550.144,199.360,-107.704,0.012,179.997
956789272.060464,-75.805,550.239,199.381,-107.747,0.012,179.997
956789272.129454,-75.676,550.336,199.403,-107.792,0.012,179.997
956789272.195501,-75.555,550.428,199.425,-107.834,0.012,179.997
956789272.261425,-75.431,550.523,199.446,-107.877,0.012,179.997
956789272.327495,-75.309,550.616,199.467,-107.920,0.012,179.997
956789272.393415,-75.190,550.708,199.486,-107.961,0.012,179.997
956789272.460482,-75.066,550.802,199.509,-108.005,0.012,179.997
956789272.530549,-74.935,550.901,199.529,-108.050,0.012,179.997
956789272.595590,-74.815,550.992,199.549,-108.092,0.012,179.997
956789272.660585,-74.696,551.083,199.571,-108.134,0.012,179.997
956789272.726569,-74.576,551.176,199.589,-108.175,0.012,179.997
956789272.793495,-74.452,551.270,199.610,-108.218,0.012,179.997
956789272.860501,-74.330,551.361,199.631,-108.261,0.012,179.997
956789272.926470,-74.211,551.453,199.651,-108.302,0.012,179.997
956789272.993514,-74.086,551.549,199.673,-108.346,0.012,179.997
956789273.060929,-73.962,551.645,199.694,-108.389,0.012,179.997
956789273.126544,-73.840,551.736,199.715,-108.431,0.012,179.997
956789273.193524,-73.715,551.831,199.737,-108.474,0.012,179.997
956789273.259474,-73.591,551.926,199.759,-108.517,0.012,179.997
956789273.326561,-73.466,552.019,199.782,-108.561,0.012,179.997
956789273.393600,-73.342,552.112,199.802,-108.604,0.012,179.997
956789273.459538,-73.220,552.205,199.823,-108.646,0.012,179.997
956789273.526524,-73.095,552.299,199.844,-108.689,0.012,179.997
956789273.592498,-72.975,552.392,199.865,-108.731,0.012,179.997
956789273.660493,-72.848,552.486,199.886,-108.775,0.012,179.997
956789273.727541,-72.726,552.577,199.906,-108.818,0.012,179.997
956789273.793558,-72.603,552.670,199.926,-108.860,0.012,179.997
956789273.860623,-72.478,552.766,199.949,-108.903,0.012,179.997
956789273.928555,-72.351,552.864,199.972,-108.947,0.012,179.997
956789273.993618,-72.229,552.955,199.993,-108.989,0.012,179.997
956789274.059481,-72.108,553.047,200.014,-109.032,0.012,179.997
956789274.126468,-71.983,553.142,200.036,-109.075,0.012,179.996
956789274.193510,-71.858,553.238,200.057,-109.118,0.012,179.996
956789274.259586,-71.733,553.334,200.078,-109.162,0.012,179.997
956789274.327421,-71.606,553.429,200.101,-109.206,0.012,179.996
956789274.393517,-71.483,553.521,200.122,-109.249,0.012,179.996
956789274.460548,-71.360,553.615,200.143,-109.291,0.012,179.996
956789274.526500,-71.237,553.708,200.165,-109.334,0.012,179.996
956789274.593482,-71.112,553.804,200.186,-109.377,0.012,179.996
956789274.660576,-70.987,553.898,200.208,-109.420,0.012,179.996
956789274.726494,-70.864,553.990,200.228,-109.463,0.012,179.996
956789274.793494,-70.738,554.085,200.249,-109.506,0.012,179.996
956789274.860580,-70.613,554.181,200.270,-109.549,0.012,179.997
956789274.926478,-70.490,554.276,200.291,-109.592,0.012,179.997
956789274.992477,-70.369,554.367,200.311,-109.634,0.012,179.996
956789275.059602,-70.245,554.462,200.334,-109.677,0.012,179.996
956789275.127490,-70.120,554.559,200.357,-109.721,0.012,179.996
956789275.194545,-69.999,554.653,200.380,-109.764,0.012,179.996
956789275.261515,-69.875,554.749,200.399,-109.807,0.012,179.996
956789275.326547,-69.757,554.838,200.421,-109.848,0.012,179.996
956789275.393490,-69.635,554.931,200.442,-109.891,0.012,179.996
956789275.460554,-69.512,555.026,200.464,-109.933,0.012,179.996
956789275.527575,-69.388,555.122,200.485,-109.977,0.012,179.996
956789275.593603,-69.269,555.214,200.507,-110.018,0.012,179.996
956789275.660548,-69.146,555.308,200.528,-110.061,0.012,179.996
956789275.727489,-69.022,555.402,200.548,-110.104,0.012,179.996
956789275.793507,-68.901,555.496,200.571,-110.147,0.012,179.996
956789275.860575,-68.777,555.591,200.590,-110.190,0.012,179.996
956789275.926504,-68.655,555.687,200.612,-110.233,0.012,179.996
956789275.993496,-68.529,555.782,200.634,-110.277,0.012,179.996
956789276.060615,-68.408,555.874,200.655,-110.319,0.012,179.996
956789276.126512,-68.286,555.968,200.678,-110.362,0.012,179.996
956789276.193509,-68.162,556.064,200.699,-110.405,0.012,179.996
956789276.260582,-68.038,556.161,200.721,-110.448,0.012,179.996
956789276.326531,-67.916,556.252,200.743,-110.490,0.012,179.996
956789276.393816,-67.792,556.347,200.765,-110.534,0.012,179.996
956789276.460556,-67.670,556.441,200.785,-110.576,0.012,179.996
956789276.526523,-67.549,556.532,200.806,-110.618,0.012,179.996
956789276.594551,-67.422,556.627,200.828,-110.663,0.012,179.996
956789276.659475,-67.307,556.714,200.849,-110.703,0.012,179.996
956789276.726504,-67.183,556.809,200.870,-110.746,0.012,179.996
956789276.793494,-67.059,556.905,200.893,-110.789,0.012,179.996
956789276.860467,-66.934,556.998,200.916,-110.832,0.012,179.996
956789276.926488,-66.812,557.090,200.938,-110.874,0.012,179.996
956789276.993511,-66.688,557.185,200.959,-110.918,0.012,179.996
956789277.060494,-66.564,557.281,200.982,-110.961,0.013,179.996
956789277.126560,-66.441,557.375,201.004,-111.003,0.013,179.996
956789277.193514,-66.317,557.468,201.027,-111.047,0.013,179.996
956789277.260495,-66.192,557.563,201.046,-111.090,0.012,179.996
956789277.326476,-66.070,557.656,201.067,-111.132,0.012,179.996
956789277.393511,-65.945,557.751,201.090,-111.176,0.013,179.996
956789277.459454,-65.823,557.846,201.111,-111.218,0.013,179.996
956789277.526499,-65.701,557.938,201.132,-111.262,0.012,179.996
956789277.593504,-65.576,558.033,201.154,-111.305,0.012,179.996
956789277.660443,-65.451,558.127,201.175,-111.348,0.012,179.996
956789277.727524,-65.326,558.222,201.198,-111.392,0.013,179.996
956789277.793545,-65.204,558.316,201.220,-111.434,0.012,179.996
956789277.860480,-65.081,558.407,201.242,-111.477,0.012,179.996
956789277.928619,-64.954,558.501,201.264,-111.521,0.012,179.996
956789277.995557,-64.831,558.597,201.287,-111.563,0.013,179.996
956789278.059489,-64.713,558.687,201.308,-111.605,0.013,179.996
956789278.126484,-64.588,558.784,201.330,-111.648,0.013,179.996
956789278.193537,-64.463,558.878,201.352,-111.691,0.013,179.996
956789278.260480,-64.338,558.972,201.374,-111.734,0.013,179.996
956789278.326534,-64.215,559.066,201.395,-111.777,0.013,179.996
956789278.393544,-64.089,559.162,201.417,-111.820,0.013,179.996
956789278.460475,-63.964,559.258,201.439,-111.864,0.013,179.996
956789278.526492,-63.841,559.351,201.462,-111.906,0.013,179.996
956789278.593488,-63.718,559.446,201.482,-111.949,0.013,179.996
956789278.660461,-63.595,559.540,201.505,-111.993,0.013,179.996
956789278.726429,-63.474,559.633,201.527,-112.035,0.013,179.996
956789278.793539,-63.351,559.729,201.549,-112.078,0.013,179.996
956789278.860490,-63.228,559.823,201.571,-112.121,0.013,179.996
956789278.926542,-63.107,559.916,201.593,-112.164,0.013,179.996
956789278.993445,-62.983,560.010,201.616,-112.207,0.013,179.996
956789279.060576,-62.860,560.106,201.635,-112.250,0.013,179.996
956789279.126658,-62.739,560.200,201.658,-112.292,0.013,179.996
956789279.193459,-62.615,560.293,201.678,-112.335,0.013,179.996
956789279.262587,-62.487,560.390,201.700,-112.381,0.013,179.996
956789279.329392,-62.364,560.485,201.723,-112.423,0.013,179.996
956789279.393536,-62.245,560.576,201.744,-112.465,0.013,179.996
956789279.460485,-62.121,560.672,201.766,-112.508,0.013,179.996
956789279.526578,-62.000,560.763,201.787,-112.551,0.013,179.996
956789279.593523,-61.876,560.857,201.810,-112.594,0.013,179.996
956789279.659457,-61.755,560.949,201.832,-112.636,0.012,179.996
956789279.726523,-61.631,561.045,201.854,-112.680,0.012,179.996
956789279.793533,-61.507,561.142,201.876,-112.723,0.013,179.996
956789279.860474,-61.386,561.233,201.897,-112.765,0.012,179.996
956789279.926586,-61.265,561.325,201.919,-112.807,0.012,179.996
956789279.993472,-61.141,561.420,201.941,-112.851,0.012,179.996
956789280.060518,-61.017,561.516,201.963,-112.894,0.012,179.996
956789280.126476,-60.895,561.609,201.984,-112.936,0.012,179.996
956789280.193616,-60.771,561.703,202.007,-112.980,0.012,179.996
956789280.260503,-60.647,561.796,202.030,-113.023,0.012,179.996
956789280.326460,-60.525,561.890,202.053,-113.065,0.012,179.996
956789280.393619,-60.401,561.985,202.075,-113.108,0.012,179.996
956789280.460521,-60.277,562.081,202.097,-113.152,0.012,179.996
956789280.526486,-60.155,562.173,202.119,-113.194,0.012,179.996
956789280.595585,-60.026,562.271,202.143,-113.239,0.012,179.996
956789280.659476,-59.909,562.360,202.166,-113.280,0.012,179.996
956789280.726506,-59.784,562.456,202.186,-113.323,0.012,179.996
956789280.793643,-59.660,562.552,202.209,-113.367,0.012,179.996
956789280.859453,-59.538,562.644,202.231,-113.409,0.012,179.996
956789280.926495,-59.414,562.738,202.255,-113.452,0.012,179.996
956789280.993534,-59.289,562.833,202.275,-113.496,0.012,179.996
956789281.060498,-59.164,562.929,202.298,-113.539,0.012,179.996
956789281.126527,-59.042,563.023,202.320,-113.582,0.012,179.996
956789281.193601,-58.920,563.116,202.343,-113.625,0.012,179.996
956789281.260477,-58.798,563.208,202.365,-113.667,0.012,179.996
956789281.326476,-58.675,563.301,202.388,-113.710,0.012,179.996
956789281.392518,-58.553,563.395,202.410,-113.752,0.012,179.996
956789281.459447,-58.428,563.490,202.433,-113.796,0.012,179.996
956789281.526472,-58.303,563.583,202.456,-113.839,0.012,179.996
956789281.592523,-58.181,563.676,202.479,-113.882,0.012,179.996
956789281.661446,-58.051,563.775,202.502,-113.926,0.012,179.996
956789281.726591,-57.931,563.866,202.524,-113.968,0.012,179.996
956789281.793525,-57.806,563.962,202.548,-114.012,0.012,179.996
956789281.859466,-57.684,564.054,202.571,-114.054,0.012,179.996
956789281.926439,-57.559,564.148,202.593,-114.097,0.012,179.996
956789281.992592,-57.436,564.241,202.613,-114.140,0.012,179.996
956789282.059489,-57.313,564.334,202.635,-114.183,0.012,179.996
956789282.125485,-57.190,564.428,202.657,-114.225,0.012,179.996
956789282.193517,-57.065,564.523,202.681,-114.269,0.012,179.996
956789282.259476,-56.945,564.616,202.704,-114.311,0.012,179.996
956789282.326483,-56.822,564.710,202.727,-114.354,0.012,179.996
956789282.392506,-56.703,564.802,202.750,-114.396,0.012,179.996
956789282.460486,-56.580,564.899,202.770,-114.439,0.012,179.996
956789282.525524,-56.464,564.986,202.792,-114.480,0.012,179.996
956789282.592529,-56.344,565.078,202.815,-114.522,0.012,179.996
956789282.659552,-56.220,565.173,202.836,-114.565,0.012,179.996
956789282.726516,-56.097,565.269,202.860,-114.608,0.012,179.996
956789282.792501,-55.976,565.363,202.883,-114.651,0.012,179.995
956789282.859477,-55.853,565.456,202.905,-114.694,0.012,179.996
956789282.926495,-55.730,565.551,202.929,-114.737,0.012,179.996
956789282.993524,-55.606,565.645,202.952,-114.780,0.012,179.996
956789283.059512,-55.485,565.738,202.974,-114.823,0.012,179.996
956789283.126493,-55.362,565.834,202.996,-114.866,0.012,179.996
956789283.192541,-55.241,565.926,203.019,-114.908,0.012,179.996
956789283.259591,-55.117,566.020,203.042,-114.952,0.012,179.996
956789283.326535,-54.996,566.113,203.064,-114.994,0.012,179.996
956789283.392586,-54.875,566.207,203.087,-115.036,0.012,179.996
956789283.459472,-54.753,566.301,203.111,-115.079,0.012,179.996
956789283.525592,-54.632,566.392,203.134,-115.121,0.012,179.996
956789283.592608,-54.508,566.486,203.157,-115.165,0.012,179.995
956789283.658469,-54.389,566.577,203.180,-115.206,0.012,179.995
956789283.725585,-54.266,566.673,203.200,-115.249,0.012,179.995
956789283.793533,-54.142,566.770,203.223,-115.293,0.012,179.996
956789283.859476,-54.023,566.859,203.246,-115.334,0.012,179.996
956789283.926518,-53.899,566.953,203.269,-115.377,0.012,179.996
956789283.992575,-53.780,567.044,203.292,-115.419,0.012,179.995
956789284.059479,-53.656,567.140,203.312,-115.462,0.012,179.996
956789284.126482,-53.531,567.236,203.335,-115.505,0.011,179.996
956789284.192543,-53.410,567.327,203.358,-115.547,0.011,179.996
956789284.259476,-53.286,567.421,203.379,-115.591,0.011,179.996
956789284.326436,-53.162,567.515,203.404,-115.634,0.011,179.996
956789284.394688,-53.037,567.611,203.426,-115.677,0.011,179.996
956789284.459462,-52.918,567.702,203.448,-115.719,0.011,179.996
956789284.526498,-52.794,567.796,203.471,-115.762,0.011,179.996
956789284.593532,-52.670,567.889,203.495,-115.805,0.011,179.996
956789284.659457,-52.548,567.983,203.518,-115.848,0.011,179.996
956789284.726542,-52.426,568.078,203.540,-115.891,0.011,179.996
956789284.793486,-52.301,568.173,203.563,-115.934,0.011,179.996
956789284.859451,-52.177,568.265,203.588,-115.977,0.011,179.996
956789284.926499,-52.055,568.359,203.609,-116.020,0.011,179.996
956789284.993584,-51.930,568.453,203.633,-116.064,0.011,179.996
956789285.060510,-51.805,568.549,203.656,-116.107,0.011,179.996
956789285.126569,-51.683,568.643,203.681,-116.150,0.011,179.996
956789285.193538,-51.559,568.737,203.702,-116.193,0.011,179.996
956789285.259485,-51.436,568.829,203.724,-116.236,0.011,179.996
956789285.326476,-51.312,568.923,203.748,-116.279,0.011,179.996
956789285.393496,-51.187,569.019,203.769,-116.322,0.011,179.996
956789285.460456,-51.062,569.114,203.793,-116.366,0.011,179.996
956789285.526523,-50.940,569.206,203.815,-116.408,0.011,179.996
956789285.592534,-50.817,569.298,203.837,-116.451,0.011,179.996
956789285.659446,-50.692,569.392,203.862,-116.494,0.011,179.996
956789285.726601,-50.570,569.487,203.883,-116.537,0.011,179.996
956789285.792553,-50.452,569.579,203.906,-116.579,0.011,179.996
956789285.861473,-50.322,569.679,203.930,-116.624,0.011,179.996
956789285.926520,-50.204,569.769,203.954,-116.665,0.011,179.996
956789285.992476,-50.081,569.861,203.977,-116.708,0.011,179.996
956789286.059512,-49.956,569.957,204.001,-116.752,0.011,179.996
956789286.125523,-49.833,570.052,204.025,-116.795,0.011,179.996
956789286.193571,-49.707,570.150,204.048,-116.839,0.011,179.996
956789286.260461,-49.582,570.249,204.072,-116.883,0.011,179.996
956789286.326556,-49.461,570.341,204.096,-116.926,0.011,179.996
956789286.392537,-49.341,570.433,204.119,-116.968,0.011,179.996
956789286.459515,-49.218,570.528,204.142,-117.011,0.011,179.996
956789286.525553,-49.097,570.621,204.165,-117.053,0.011,179.996
956789286.592528,-48.974,570.717,204.189,-117.096,0.011,179.996
956789286.659503,-48.850,570.810,204.214,-117.139,0.011,179.996
956789286.726540,-48.727,570.905,204.235,-117.183,0.010,179.996
956789286.792558,-48.606,570.998,204.259,-117.225,0.011,179.996
956789286.859517,-48.483,571.094,204.281,-117.268,0.011,179.996
956789286.925487,-48.362,571.188,204.305,-117.311,0.010,179.996
956789286.992528,-48.238,571.281,204.329,-117.354,0.010,179.996
956789287.059560,-48.115,571.376,204.350,-117.397,0.010,179.996
956789287.126541,-47.992,571.470,204.374,-117.440,0.010,179.996
956789287.192530,-47.870,571.563,204.396,-117.483,0.010,179.996
956789287.259457,-47.747,571.658,204.421,-117.526,0.010,179.996
956789287.326523,-47.623,571.751,204.445,-117.569,0.010,179.996
956789287.392508,-47.502,571.843,204.469,-117.611,0.010,179.996
956789287.459547,-47.379,571.937,204.492,-117.655,0.010,179.996
956789287.526446,-47.257,572.031,204.516,-117.697,0.010,179.996
956789287.592500,-47.138,572.123,204.540,-117.739,0.010,179.996
956789287.659472,-47.015,572.216,204.563,-117.782,0.010,179.996
956789287.726500,-46.891,572.311,204.584,-117.825,0.010,179.996
956789287.792530,-46.769,572.403,204.608,-117.867,0.010,179.996
956789287.859487,-46.646,572.498,204.631,-117.911,0.010,179.996
956789287.926526,-46.522,572.593,204.655,-117.954,0.009,179.996
956789287.993483,-46.398,572.685,204.680,-117.997,0.009,179.996
956789288.060506,-46.276,572.778,204.702,-118.040,0.009,179.996
956789288.126489,-46.155,572.871,204.727,-118.082,0.010,179.996
956789288.193543,-46.030,572.966,204.749,-118.125,0.009,179.996
956789288.260458,-45.906,573.060,204.774,-118.169,0.009,179.996
956789288.326505,-45.784,573.155,204.798,-118.211,0.009,179.996
956789288.399680,-45.655,573.255,204.823,-118.257,0.009,179.996
956789288.460560,-45.543,573.341,204.844,-118.296,0.009,179.996
956789288.527228,-45.424,573.431,204.868,-118.337,0.009,179.996
956789288.594566,-45.302,573.527,204.894,-118.380,0.010,179.996
956789288.661538,-45.177,573.624,204.915,-118.424,0.009,179.996
956789288.726496,-45.056,573.713,204.937,-118.466,0.009,179.996
956789288.793496,-44.933,573.808,204.962,-118.509,0.009,179.996
956789288.859481,-44.811,573.901,204.985,-118.551,0.009,179.996
956789288.926490,-44.687,573.996,205.011,-118.595,0.009,179.996
956789288.992528,-44.564,574.091,205.034,-118.637,0.009,179.996
956789289.060476,-44.437,574.189,205.059,-118.681,0.009,179.996
956789289.126525,-44.315,574.281,205.084,-118.724,0.009,179.996
956789289.193527,-44.193,574.374,205.105,-118.766,0.009,179.996
956789289.260522,-44.068,574.469,205.131,-118.810,0.009,179.996
956789289.326492,-43.946,574.564,205.153,-118.852,0.009,179.996
956789289.393514,-43.821,574.661,205.178,-118.895,0.009,179.996
956789289.460484,-43.698,574.754,205.203,-118.939,0.009,179.996
956789289.526705,-43.578,574.847,205.226,-118.981,0.009,179.996
956789289.592498,-43.456,574.940,205.250,-119.024,0.009,179.996
956789289.659508,-43.331,575.035,205.273,-119.067,0.009,179.996
956789289.726589,-43.208,575.132,205.298,-119.110,0.009,179.996
956789289.792681,-43.088,575.223,205.323,-119.152,0.009,179.996
956789289.860517,-42.965,575.316,205.345,-119.195,0.009,179.996
956789289.927596,-42.842,575.411,205.371,-119.238,0.009,179.996
956789289.992517,-42.724,575.504,205.395,-119.280,0.009,179.996
956789290.059495,-42.601,575.600,205.419,-119.323,0.009,179.996
956789290.126508,-42.478,575.694,205.444,-119.366,0.009,179.996
956789290.192528,-42.358,575.786,205.468,-119.409,0.009,179.996
956789290.259473,-42.235,575.880,205.493,-119.452,0.009,179.996
956789290.326524,-42.112,575.976,205.515,-119.495,0.009,179.996
956789290.392523,-41.991,576.069,205.539,-119.538,0.009,179.996
956789290.459495,-41.868,576.162,205.564,-119.581,0.009,179.996
956789290.525502,-41.748,576.254,205.588,-119.623,0.009,179.996
956789290.592527,-41.625,576.349,205.614,-119.667,0.009,179.996
956789290.659469,-41.501,576.443,205.637,-119.710,0.009,179.996
956789290.727005,-41.378,576.539,205.662,-119.753,0.009,179.996
956789290.792519,-41.257,576.629,205.687,-119.795,0.009,179.996
956789290.860497,-41.132,576.725,205.709,-119.839,0.008,179.996
956789290.926483,-41.011,576.817,205.733,-119.882,0.008,179.996
956789290.992523,-40.890,576.910,205.758,-119.924,0.008,179.996
956789291.059612,-40.766,577.006,205.783,-119.968,0.008,179.996
956789291.126500,-40.643,577.101,205.807,-120.011,0.008,179.996
956789291.193527,-40.519,577.194,205.832,-120.054,0.008,179.996
956789291.260430,-40.396,577.288,205.858,-120.097,0.009,179.996
956789291.326516,-40.275,577.381,205.883,-120.139,0.009,179.996
956789291.392541,-40.154,577.475,205.909,-120.182,0.009,179.996
956789291.459467,-40.030,577.572,205.933,-120.225,0.009,179.996
956789291.526475,-39.906,577.668,205.961,-120.268,0.009,179.996
956789291.592517,-39.785,577.761,205.983,-120.310,0.009,179.996
956789291.659492,-39.661,577.856,206.008,-120.354,0.009,179.996
956789291.725508,-39.539,577.950,206.034,-120.396,0.009,179.996
956789291.792539,-39.415,578.046,206.058,-120.440,0.009,179.996
956789291.859476,-39.291,578.143,206.084,-120.483,0.009,179.996
956789291.925469,-39.170,578.235,206.108,-120.526,0.009,179.996
956789291.992540,-39.046,578.330,206.133,-120.569,0.009,179.996
956789292.059478,-38.922,578.425,206.158,-120.612,0.009,179.996
956789292.125518,-38.800,578.519,206.182,-120.655,0.009,179.996
956789292.192486,-38.678,578.614,206.207,-120.697,0.009,179.996
956789292.259483,-38.554,578.707,206.233,-120.741,0.009,179.996
956789292.326497,-38.430,578.802,206.257,-120.784,0.009,179.996
956789292.392607,-38.311,578.892,206.281,-120.826,0.009,179.996
956789292.459508,-38.189,578.988,206.307,-120.869,0.009,179.996
956789292.525559,-38.064,579.083,206.332,-120.912,0.009,179.996
956789292.592545,-37.942,579.176,206.358,-120.955,0.009,179.996
956789292.659490,-37.818,579.271,206.383,-120.998,0.009,179.996
956789292.726465,-37.694,579.365,206.408,-121.042,0.009,179.996
956789292.792522,-37.572,579.457,206.433,-121.084,0.009,179.996
956789292.859517,-37.450,579.552,206.459,-121.127,0.009,179.996
956789292.926462,-37.325,579.646,206.485,-121.170,0.009,179.996
956789292.992530,-37.203,579.737,206.510,-121.213,0.009,179.996
956789293.060598,-37.076,579.832,206.535,-121.257,0.009,179.996
956789293.125597,-36.959,579.922,206.559,-121.297,0.009,179.996
956789293.192533,-36.837,580.017,206.585,-121.340,0.009,179.996
956789293.259456,-36.710,580.112,206.611,-121.385,0.009,179.996
956789293.326493,-36.587,580.207,206.636,-121.428,0.009,179.996
956789293.392501,-36.467,580.299,206.662,-121.470,0.009,179.996
956789293.459481,-36.342,580.395,206.686,-121.513,0.009,179.996
956789293.525487,-36.222,580.488,206.711,-121.556,0.009,179.996
956789293.592499,-36.098,580.581,206.737,-121.599,0.009,179.996
956789293.659512,-35.975,580.675,206.760,-121.642,0.009,179.996
956789293.726660,-35.853,580.769,206.785,-121.685,0.009,179.996
956789293.792546,-35.732,580.863,206.810,-121.728,0.009,179.996
956789293.859518,-35.610,580.957,206.836,-121.771,0.009,179.996
956789293.925622,-35.490,581.048,206.861,-121.814,0.009,179.996
956789293.992536,-35.367,581.142,206.886,-121.857,0.009,179.996
956789294.058478,-35.247,581.234,206.912,-121.899,0.009,179.996
956789294.125438,-35.124,581.329,206.936,-121.943,0.009,179.996
956789294.191491,-35.003,581.422,206.961,-121.985,0.009,179.996
956789294.263551,-34.867,581.527,206.989,-122.032,0.009,179.996
956789294.326512,-34.758,581.609,207.011,-122.071,0.009,179.996
956789294.392521,-34.637,581.701,207.037,-122.113,0.009,179.996
956789294.459492,-34.514,581.795,207.063,-122.156,0.009,179.996
956789294.525531,-34.393,581.888,207.088,-122.199,0.009,179.996
956789294.593579,-34.270,581.984,207.113,-122.242,0.009,179.996
956789294.659480,-34.149,582.079,207.139,-122.284,0.009,179.996
956789294.725533,-34.029,582.170,207.166,-122.327,0.009,179.996
956789294.792528,-33.908,582.263,207.191,-122.369,0.009,179.996
956789294.859456,-33.785,582.359,207.218,-122.413,0.009,179.996
956789294.925516,-33.664,582.453,207.244,-122.455,0.009,179.996
956789294.992521,-33.543,582.547,207.270,-122.498,0.009,179.996
956789295.059563,-33.419,582.641,207.297,-122.541,0.009,179.996
956789295.126599,-33.299,582.734,207.322,-122.583,0.009,179.996
956789295.192502,-33.180,582.825,207.348,-122.625,0.009,179.996
956789295.259578,-33.056,582.921,207.371,-122.668,0.009,179.996
956789295.326651,-32.933,583.017,207.397,-122.712,0.009,179.996
956789295.392507,-32.812,583.108,207.423,-122.754,0.009,179.996
956789295.459494,-32.688,583.202,207.449,-122.798,0.009,179.996
956789295.526495,-32.565,583.297,207.477,-122.841,0.009,179.996
956789295.592540,-32.443,583.391,207.503,-122.884,0.009,179.996
956789295.659503,-32.319,583.487,207.529,-122.927,0.009,179.996
956789295.725563,-32.198,583.578,207.555,-122.970,0.009,179.996
956789295.792536,-32.075,583.672,207.582,-123.013,0.009,179.996
956789295.859470,-31.951,583.766,207.609,-123.056,0.009,179.996
956789295.925502,-31.829,583.860,207.635,-123.099,0.009,179.996
956789295.992532,-31.705,583.956,207.662,-123.142,0.009,179.996
956789296.059522,-31.581,584.049,207.688,-123.185,0.009,179.996
956789296.125545,-31.460,584.142,207.713,-123.228,0.009,179.996
956789296.192502,-31.336,584.236,207.741,-123.271,0.009,179.995
956789296.259580,-31.214,584.331,207.766,-123.314,0.009,179.996
956789296.326512,-31.090,584.427,207.792,-123.358,0.009,179.996
956789296.392575,-30.968,584.516,207.817,-123.400,0.009,179.996
956789296.459520,-30.847,584.608,207.842,-123.443,0.009,179.996
956789296.525581,-30.725,584.702,207.869,-123.485,0.009,179.995
956789296.592527,-30.603,584.797,207.895,-123.528,0.009,179.995
956789296.660536,-30.476,584.894,207.922,-123.572,0.009,179.995
956789296.726509,-30.352,584.987,207.949,-123.616,0.009,179.995
956789296.793489,-30.228,585.080,207.975,-123.659,0.009,179.995
956789296.859535,-30.106,585.173,208.002,-123.702,0.009,179.995
956789296.926490,-29.984,585.266,208.028,-123.744,0.009,179.995
956789296.992526,-29.862,585.360,208.055,-123.787,0.009,179.995
956789297.059495,-29.737,585.453,208.082,-123.831,0.009,179.995
956789297.126510,-29.613,585.547,208.109,-123.874,0.009,179.995
956789297.192555,-29.491,585.639,208.136,-123.917,0.009,179.995
956789297.259462,-29.366,585.734,208.162,-123.960,0.009,179.995
956789297.326496,-29.244,585.830,208.188,-124.003,0.009,179.995
956789297.393479,-29.122,585.922,208.215,-124.047,0.009,179.995
956789297.459481,-29.002,586.014,208.240,-124.089,0.009,179.995
956789297.526473,-28.877,586.107,208.268,-124.132,0.009,179.995
956789297.592512,-28.757,586.199,208.294,-124.175,0.009,179.995
956789297.660497,-28.632,586.297,208.323,-124.219,0.009,179.995
956789297.726649,-28.512,586.387,208.350,-124.261,0.009,179.995
956789297.792532,-28.406,586.468,208.374,-124.299,0.009,179.995
956789297.860459,-28.280,586.564,208.401,-124.343,0.009,179.995
956789297.926638,-28.160,586.658,208.429,-124.385,0.010,179.995
956789297.992548,-28.042,586.750,208.455,-124.427,0.009,179.995
956789298.059484,-27.917,586.843,208.483,-124.471,0.010,179.995
956789298.125489,-27.797,586.935,208.510,-124.513,0.009,179.995
956789298.192513,-27.675,587.029,208.538,-124.556,0.010,179.995
956789298.259478,-27.552,587.124,208.562,-124.600,0.009,179.995
956789298.326498,-27.429,587.220,208.590,-124.643,0.009,179.995
956789298.393484,-27.306,587.313,208.618,-124.687,0.009,179.995
956789298.459500,-27.186,587.404,208.644,-124.729,0.009,179.995
956789298.525476,-27.065,587.496,208.671,-124.772,0.009,179.995
956789298.592511,-26.942,587.590,208.697,-124.815,0.009,179.995
956789298.659466,-26.819,587.686,208.725,-124.858,0.009,179.995
956789298.726620,-26.696,587.778,208.752,-124.902,0.009,179.995
956789298.792531,-26.576,587.870,208.779,-124.944,0.009,179.995
956789298.859435,-26.453,587.964,208.808,-124.988,0.009,179.995
956789298.925486,-26.332,588.057,208.833,-125.030,0.009,179.995
956789298.992523,-26.208,588.152,208.861,-125.073,0.009,179.995
956789299.059481,-26.085,588.244,208.888,-125.117,0.009,179.995
956789299.130925,-25.962,588.337,208.916,-125.160,0.009,179.995
956789299.192499,-25.855,588.418,208.941,-125.198,0.009,179.995
956789299.259507,-25.731,588.513,208.968,-125.241,0.009,179.995
956789299.327509,-25.605,588.610,208.998,-125.286,0.009,179.995
956789299.392454,-25.487,588.699,209.023,-125.328,0.009,179.995
956789299.458470,-25.366,588.791,209.049,-125.370,0.009,179.995
956789299.526455,-25.240,588.887,209.078,-125.415,0.009,179.995
956789299.592518,-25.119,588.979,209.106,-125.457,0.009,179.995
956789299.659460,-24.995,589.073,209.134,-125.501,0.009,179.995
956789299.725482,-24.875,589.164,209.160,-125.543,0.009,179.995
956789299.792569,-24.751,589.258,209.189,-125.587,0.009,179.995
956789299.859482,-24.627,589.351,209.216,-125.630,0.009,179.995
956789299.925459,-24.506,589.444,209.245,-125.673,0.009,179.995
956789299.992566,-24.382,589.540,209.274,-125.716,0.009,179.995
956789300.059474,-24.258,589.633,209.302,-125.760,0.009,179.995
956789300.126599,-24.135,589.726,209.331,-125.803,0.010,179.995
956789300.192513,-24.016,589.817,209.358,-125.845,0.009,179.995
956789300.259476,-23.892,589.911,209.386,-125.888,0.009,179.995
956789300.325500,-23.770,590.004,209.412,-125.931,0.009,179.995
956789300.394574,-23.644,590.101,209.442,-125.976,0.009,179.995
956789300.458578,-23.525,590.189,209.469,-126.017,0.009,179.995
956789300.525597,-23.404,590.280,209.497,-126.060,0.009,179.995
956789300.592620,-23.282,590.373,209.526,-126.103,0.010,179.995
956789300.659611,-23.161,590.466,209.551,-126.145,0.009,179.995
956789300.725506,-23.042,590.555,209.578,-126.187,0.009,179.995
956789300.792530,-22.920,590.649,209.609,-126.231,0.009,179.995
956789300.859465,-22.796,590.743,209.634,-126.274,0.009,179.995
956789300.925538,-22.671,590.836,209.663,-126.317,0.009,179.995
956789300.992513,-22.549,590.930,209.690,-126.361,0.009,179.995
956789301.059487,-22.425,591.023,209.719,-126.404,0.009,179.995
956789301.126515,-22.301,591.116,209.749,-126.448,0.009,179.995
956789301.192534,-22.179,591.209,209.778,-126.491,0.009,179.995
956789301.258508,-22.057,591.301,209.807,-126.533,0.010,179.995
956789301.327473,-21.927,591.400,209.835,-126.579,0.009,179.995
956789301.392537,-21.808,591.488,209.863,-126.621,0.009,179.995
956789301.459516,-21.686,591.581,209.893,-126.664,0.009,179.995
956789301.525424,-21.566,591.673,209.922,-126.707,0.010,179.995
956789301.592524,-21.442,591.768,209.951,-126.750,0.009,179.995
956789301.659514,-21.319,591.862,209.980,-126.793,0.009,179.995
956789301.726570,-21.197,591.954,210.009,-126.837,0.009,179.995
956789301.792548,-21.080,592.043,210.038,-126.879,0.010,179.995
956789301.858422,-20.958,592.136,210.065,-126.921,0.010,179.995
956789301.925492,-20.833,592.230,210.094,-126.965,0.009,179.995
956789301.992421,-20.710,592.325,210.124,-127.009,0.010,179.995
956789302.058578,-20.593,592.412,210.151,-127.050,0.010,179.995
956789302.125734,-20.473,592.504,210.181,-127.092,0.010,179.995
956789302.191463,-20.353,592.595,210.210,-127.135,0.010,179.995
956789302.258479,-20.231,592.689,210.239,-127.178,0.010,179.995
956789302.325477,-20.108,592.784,210.269,-127.222,0.010,179.995
956789302.392504,-19.985,592.877,210.299,-127.265,0.010,179.994
956789302.459490,-19.865,592.968,210.329,-127.308,0.010,179.994
956789302.528466,-19.737,593.066,210.359,-127.353,0.010,179.994
956789302.592512,-19.622,593.155,210.386,-127.394,0.010,179.994
956789302.659478,-19.497,593.250,210.416,-127.438,0.010,179.994
956789302.725523,-19.377,593.341,210.445,-127.480,0.010,179.994
956789302.791581,-19.259,593.431,210.473,-127.522,0.010,179.994
956789302.858465,-19.138,593.524,210.504,-127.565,0.010,179.994
956789302.926455,-19.013,593.620,210.533,-127.609,0.010,179.994
956789302.991452,-18.895,593.710,210.562,-127.651,0.010,179.994
956789303.060135,-18.772,593.802,210.592,-127.694,0.010,179.994
956789303.125510,-18.657,593.890,210.621,-127.735,0.010,179.994
956789303.191467,-18.534,593.982,210.651,-127.778,0.010,179.994
956789303.259500,-18.411,594.077,210.679,-127.822,0.010,179.994
956789303.326553,-18.287,594.171,210.709,-127.866,0.010,179.994
956789303.391468,-18.170,594.259,210.739,-127.907,0.010,179.994
956789303.458460,-18.046,594.353,210.766,-127.951,0.010,179.994
956789303.525457,-17.923,594.447,210.796,-127.995,0.010,179.994
956789303.591475,-17.802,594.540,210.825,-128.037,0.010,179.994
956789303.661509,-17.678,594.636,210.857,-128.081,0.010,179.994
956789303.726624,-17.563,594.722,210.885,-128.122,0.010,179.994
956789303.792683,-17.442,594.814,210.915,-128.165,0.010,179.994
956789303.858453,-17.321,594.906,210.946,-128.208,0.010,179.994
956789303.925494,-17.200,594.999,210.973,-128.250,0.010,179.994
956789303.991481,-17.082,595.091,211.003,-128.292,0.010,179.994
956789304.058476,-16.958,595.184,211.033,-128.336,0.010,179.994
956789304.125524,-16.835,595.277,211.059,-128.379,0.010,179.994
956789304.192484,-16.714,595.368,211.090,-128.422,0.010,179.994
956789304.258584,-16.592,595.461,211.117,-128.465,0.009,179.994
956789304.325502,-16.468,595.556,211.148,-128.508,0.010,179.994
956789304.394580,-16.342,595.650,211.177,-128.553,0.009,179.994
956789304.458497,-16.229,595.735,211.204,-128.593,0.009,179.994
956789304.525513,-16.105,595.829,211.234,-128.637,0.009,179.995
956789304.592531,-15.981,595.923,211.266,-128.680,0.009,179.994
956789304.659640,-15.857,596.018,211.297,-128.724,0.010,179.994
956789304.725529,-15.736,596.109,211.326,-128.767,0.009,179.994
956789304.792541,-15.614,596.200,211.356,-128.810,0.009,179.994
956789304.858470,-15.493,596.292,211.388,-128.853,0.010,179.994
956789304.925495,-15.369,596.387,211.417,-128.896,0.010,179.994
956789304.991487,-15.247,596.481,211.448,-128.939,0.010,179.994
956789305.058487,-15.123,596.573,211.480,-128.983,0.010,179.994
956789305.125517,-15.001,596.666,211.508,-129.026,0.009,179.994
956789305.192566,-14.877,596.759,211.538,-129.070,0.009,179.994
956789305.258466,-14.753,596.851,211.568,-129.113,0.009,179.994
956789305.325492,-14.631,596.945,211.599,-129.157,0.009,179.995
956789305.391493,-14.507,597.036,211.628,-129.200,0.009,179.995
956789305.458484,-14.385,597.129,211.658,-129.243,0.009,179.995
956789305.525374,-14.261,597.222,211.689,-129.287,0.009,179.995
956789305.591469,-14.136,597.316,211.720,-129.331,0.009,179.995
956789305.658487,-14.011,597.410,211.752,-129.375,0.009,179.995
956789305.725700,-13.887,597.501,211.782,-129.419,0.009,179.995
956789305.792535,-13.766,597.591,211.811,-129.461,0.009,179.995
956789305.858463,-13.644,597.682,211.843,-129.504,0.009,179.995
956789305.925636,-13.521,597.776,211.872,-129.547,0.009,179.995
956789305.992619,-13.396,597.871,211.905,-129.591,0.009,179.995
956789306.058483,-13.277,597.958,211.933,-129.633,0.009,179.995
956789306.125456,-13.155,598.050,211.963,-129.676,0.009,179.995
956789306.192528,-13.030,598.144,211.995,-129.720,0.009,179.995
956789306.258572,-12.908,598.236,212.026,-129.763,0.009,179.995
956789306.325496,-12.786,598.329,212.056,-129.806,0.009,179.995
956789306.391540,-12.664,598.419,212.087,-129.849,0.009,179.995
956789306.458493,-12.539,598.511,212.118,-129.893,0.009,179.995
956789306.525513,-12.416,598.604,212.150,-129.937,0.008,179.995
956789306.592588,-12.294,598.698,212.182,-129.980,0.008,179.995
956789306.658475,-12.174,598.790,212.215,-130.023,0.009,179.995
956789306.725518,-12.049,598.882,212.245,-130.067,0.009,179.995
956789306.792552,-11.926,598.974,212.274,-130.110,0.008,179.995
956789306.858438,-11.806,599.066,212.307,-130.153,0.008,179.995
956789306.925506,-11.681,599.160,212.337,-130.197,0.008,179.995
956789306.991602,-11.561,599.250,212.368,-130.240,0.008,179.995
956789307.058502,-11.436,599.342,212.399,-130.283,0.008,179.995
956789307.125467,-11.313,599.434,212.431,-130.327,0.008,179.995
956789307.191604,-11.193,599.526,212.462,-130.370,0.008,179.995
956789307.261546,-11.062,599.625,212.495,-130.416,0.008,179.995
956789307.326523,-10.944,599.713,212.527,-130.458,0.008,179.995
956789307.392649,-10.822,599.804,212.559,-130.501,0.009,179.995
956789307.458480,-10.701,599.894,212.591,-130.544,0.008,179.995
956789307.525436,-10.578,599.987,212.624,-130.588,0.009,179.995
956789307.591563,-10.458,600.077,212.655,-130.631,0.009,179.995
956789307.658481,-10.335,600.168,212.688,-130.674,0.009,179.994
956789307.726456,-10.210,600.261,212.719,-130.719,0.008,179.995
956789307.791571,-10.092,600.350,212.750,-130.761,0.008,179.995
956789307.858483,-9.966,600.444,212.783,-130.805,0.009,179.995
956789307.925460,-9.843,600.535,212.816,-130.849,0.009,179.995
956789307.991475,-9.723,600.625,212.848,-130.891,0.009,179.995
956789308.058501,-9.602,600.715,212.880,-130.934,0.009,179.995
956789308.125407,-9.479,600.808,212.913,-130.978,0.009,179.994
956789308.192644,-9.355,600.901,212.947,-131.022,0.009,179.994
956789308.258435,-9.235,600.991,212.979,-131.065,0.009,179.994
956789308.325510,-9.111,601.083,213.011,-131.109,0.009,179.994
956789308.391458,-8.993,601.172,213.042,-131.151,0.009,179.994
956789308.458480,-8.870,601.265,213.075,-131.195,0.009,179.994
956789308.524486,-8.749,601.357,213.107,-131.237,0.009,179.994
956789308.593663,-8.622,601.450,213.140,-131.282,0.009,179.994
956789308.660603,-8.499,601.542,213.172,-131.326,0.009,179.994
956789308.725496,-8.383,601.629,213.205,-131.367,0.009,179.994
956789308.791487,-8.260,601.721,213.234,-131.410,0.009,179.994
956789308.860462,-8.130,601.819,213.270,-131.456,0.009,179.994
956789308.925499,-8.012,601.907,213.301,-131.498,0.009,179.994
956789308.991477,-7.891,601.997,213.334,-131.541,0.009,179.994
956789309.058581,-7.770,602.088,213.365,-131.584,0.009,179.994
956789309.125419,-7.646,602.182,213.400,-131.628,0.009,179.994
956789309.191480,-7.525,602.271,213.432,-131.671,0.009,179.994
956789309.258492,-7.401,602.362,213.464,-131.714,0.009,179.994
956789309.325561,-7.277,602.455,213.497,-131.758,0.009,179.994
956789309.391466,-7.156,602.546,213.530,-131.801,0.009,179.994
956789309.457498,-7.035,602.635,213.562,-131.844,0.009,179.994
956789309.524503,-6.911,602.726,213.596,-131.888,0.009,179.994
956789309.591489,-6.787,602.818,213.626,-131.932,0.009,179.994
956789309.658507,-6.663,602.910,213.660,-131.976,0.009,179.994
956789309.726813,-6.538,603.003,213.694,-132.020,0.009,179.994
956789309.791508,-6.422,603.089,213.725,-132.061,0.009,179.994
956789309.858591,-6.298,603.180,213.758,-132.105,0.009,179.994
956789309.927459,-6.171,603.275,213.792,-132.150,0.009,179.994
956789309.991551,-6.050,603.364,213.824,-132.193,0.009,179.994
956789310.058497,-5.931,603.454,213.858,-132.235,0.009,179.994
956789310.124526,-5.809,603.542,213.890,-132.278,0.009,179.994
956789310.191489,-5.685,603.634,213.924,-132.322,0.009,179.994
956789310.257570,-5.563,603.725,213.958,-132.365,0.009,179.994
956789310.324756,-5.438,603.818,213.991,-132.409,0.009,179.994
956789310.391486,-5.314,603.909,214.025,-132.453,0.010,179.994
956789310.458483,-5.190,603.999,214.060,-132.497,0.010,179.994
956789310.524546,-5.068,604.088,214.091,-132.540,0.009,179.994
956789310.591479,-4.943,604.181,214.126,-132.584,0.009,179.994
956789310.658509,-4.819,604.272,214.160,-132.628,0.010,179.994
956789310.725478,-4.695,604.362,214.195,-132.672,0.010,179.993
956789310.791506,-4.573,604.451,214.229,-132.715,0.010,179.994
956789310.858362,-4.451,604.542,214.262,-132.759,0.010,179.994
956789310.925502,-4.326,604.635,214.297,-132.803,0.010,179.993
956789310.991461,-4.202,604.723,214.329,-132.847,0.010,179.994
956789311.058514,-4.079,604.813,214.365,-132.890,0.010,179.994
956789311.125437,-3.954,604.905,214.397,-132.934,0.009,179.994
956789311.191511,-3.830,604.995,214.429,-132.978,0.009,179.994
956789311.260555,-3.702,605.091,214.465,-133.024,0.009,179.994
956789311.326585,-3.580,605.179,214.498,-133.067,0.009,179.994
956789311.391516,-3.460,605.267,214.531,-133.109,0.009,179.994
956789311.458519,-3.338,605.360,214.566,-133.153,0.009,179.994
956789311.524543,-3.213,605.450,214.599,-133.196,0.009,179.994
956789311.591500,-3.090,605.544,214.635,-133.240,0.009,179.994
956789311.658472,-2.965,605.634,214.671,-133.284,0.010,179.993
956789311.725513,-2.840,605.725,214.702,-133.328,0.009,179.994
956789311.791414,-2.715,605.815,214.737,-133.371,0.010,179.993
956789311.858586,-2.592,605.907,214.770,-133.415,0.009,179.994
956789311.925508,-2.467,605.996,214.804,-133.459,0.009,179.994
956789311.992522,-2.339,606.089,214.840,-133.504,0.009,179.994
956789312.059526,-2.216,606.181,214.875,-133.548,0.010,179.993
956789312.125510,-2.093,606.271,214.909,-133.592,0.009,179.994
956789312.191481,-1.971,606.360,214.943,-133.635,0.009,179.994
956789312.258576,-1.845,606.450,214.979,-133.679,0.010,179.993
956789312.325477,-1.720,606.541,215.012,-133.723,0.010,179.993
956789312.391491,-1.600,606.628,215.046,-133.765,0.009,179.994
956789312.458496,-1.477,606.721,215.082,-133.809,0.010,179.993
956789312.526504,-1.351,606.812,215.117,-133.854,0.010,179.993
956789312.591544,-1.231,606.899,215.150,-133.896,0.010,179.993
956789312.658456,-1.108,606.991,215.185,-133.940,0.010,179.993
956789312.725475,-0.988,607.078,215.219,-133.983,0.010,179.993
956789312.791499,-0.868,607.166,215.252,-134.026,0.010,179.993
956789312.858467,-0.742,607.256,215.289,-134.070,0.010,179.993
956789312.925509,-0.619,607.347,215.321,-134.114,0.009,179.994
956789312.991475,-0.498,607.437,215.355,-134.157,0.009,179.994
956789313.058466,-0.373,607.526,215.390,-134.201,0.009,179.993
956789313.124505,-0.252,607.614,215.424,-134.244,0.009,179.993
956789313.191479,-0.129,607.702,215.459,-134.288,0.009,179.994
956789313.258512,-0.003,607.793,215.494,-134.332,0.009,179.994
956789313.324494,0.118,607.883,215.528,-134.375,0.009,179.994
956789313.391461,0.243,607.973,215.563,-134.420,0.009,179.994
956789313.458463,0.364,608.061,215.598,-134.463,0.009,179.994
956789313.525497,0.488,608.152,215.633,-134.507,0.009,179.994
956789313.591484,0.606,608.240,215.668,-134.549,0.009,179.994
956789313.658459,0.732,608.332,215.704,-134.594,0.009,179.994
956789313.725558,0.856,608.421,215.740,-134.638,0.009,179.994
956789313.791586,0.976,608.509,215.775,-134.681,0.009,179.994
956789313.861509,1.108,608.605,215.814,-134.728,0.009,179.994
956789313.926598,1.227,608.693,215.849,-134.770,0.009,179.994
956789313.993711,1.350,608.781,215.884,-134.813,0.009,179.994
956789314.058453,1.468,608.868,215.918,-134.856,0.009,179.994
956789314.125441,1.595,608.958,215.953,-134.900,0.009,179.994
956789314.192504,1.719,609.049,215.989,-134.944,0.009,179.994
956789314.260123,1.842,609.138,216.026,-134.988,0.009,179.994
956789314.325510,1.955,609.219,216.059,-135.028,0.009,179.994
956789314.392519,2.076,609.308,216.095,-135.071,0.009,179.994
956789314.458484,2.198,609.398,216.130,-135.114,0.009,179.994
956789314.524531,2.319,609.486,216.166,-135.158,0.009,179.994
956789314.592522,2.445,609.577,216.202,-135.202,0.009,179.994
956789314.658473,2.567,609.665,216.238,-135.246,0.009,179.994
956789314.724584,2.688,609.755,216.274,-135.289,0.009,179.993
956789314.791490,2.812,609.844,216.310,-135.333,0.009,179.993
956789314.859474,2.936,609.933,216.348,-135.377,0.009,179.993
956789314.925488,3.058,610.022,216.384,-135.420,0.009,179.993
956789314.991476,3.180,610.111,216.422,-135.463,0.009,179.993
956789315.058420,3.304,610.203,216.457,-135.507,0.009,179.993
956789315.125560,3.431,610.294,216.493,-135.552,0.009,179.993
956789315.193492,3.558,610.386,216.531,-135.597,0.010,179.993
956789315.260232,3.680,610.473,216.567,-135.641,0.009,179.993
956789315.329136,3.790,610.552,216.600,-135.680,0.010,179.993
956789315.391493,3.900,610.631,216.632,-135.719,0.010,179.993
956789315.458468,4.025,610.722,216.669,-135.763,0.010,179.993
956789315.525443,4.152,610.814,216.708,-135.808,0.010,179.993
956789315.592538,4.277,610.906,216.743,-135.853,0.010,179.993
956789315.658476,4.398,610.993,216.778,-135.896,0.010,179.993
956789315.725540,4.523,611.082,216.813,-135.940,0.010,179.993
956789315.793517,4.650,611.174,216.852,-135.985,0.010,179.993
956789315.860583,4.778,611.267,216.889,-136.030,0.010,179.993
956789315.925498,4.897,611.352,216.925,-136.072,0.010,179.993
956789315.991471,5.019,611.440,216.962,-136.116,0.010,179.993
956789316.057495,5.141,611.527,216.999,-136.159,0.010,179.993
956789316.124490,5.266,611.619,217.036,-136.203,0.010,179.993
956789316.191466,5.388,611.705,217.072,-136.247,0.010,179.993
956789316.257486,5.510,611.793,217.108,-136.290,0.010,179.993
956789316.325517,5.637,611.884,217.147,-136.335,0.010,179.993
956789316.392535,5.763,611.975,217.185,-136.380,0.010,179.993
956789316.458502,5.885,612.062,217.220,-136.423,0.010,179.993
956789316.525637,6.012,612.152,217.258,-136.468,0.010,179.993
956789316.593596,6.137,612.243,217.296,-136.513,0.010,179.993
956789316.659465,6.254,612.325,217.329,-136.554,0.010,179.993
956789316.725528,6.376,612.411,217.365,-136.597,0.010,179.993
956789316.792573,6.498,612.498,217.401,-136.641,0.010,179.993
956789316.857465,6.618,612.584,217.437,-136.683,0.010,179.993
956789316.925524,6.746,612.678,217.476,-136.729,0.010,179.993
956789316.992504,6.871,612.764,217.514,-136.773,0.010,179.993
956789317.059479,6.996,612.852,217.549,-136.817,0.010,179.993
956789317.125466,7.118,612.939,217.586,-136.861,0.010,179.993
956789317.192499,7.243,613.029,217.624,-136.905,0.010,179.993
956789317.258457,7.366,613.114,217.662,-136.948,0.010,179.993
956789317.325494,7.491,613.205,217.697,-136.993,0.009,179.993
956789507.643561,-126.996,512.521,190.744,-90.000,0.010,179.999
956789507.731107,-126.996,512.521,190.744,-90.000,0.010,179.999
956789507.797751,-126.993,512.519,190.707,-89.983,0.010,179.999
956789507.864737,-126.998,512.518,190.547,-89.911,0.010,180.000
956789507.931422,-127.006,512.518,190.389,-89.838,0.010,180.000
956789507.997427,-127.016,512.517,190.235,-89.766,0.011,180.000
956789508.064733,-127.027,512.517,190.078,-89.693,0.011,180.000
956789508.138230,-127.040,512.516,189.902,-89.613,0.010,180.000
956789508.201153,-127.052,512.514,189.760,-89.548,0.010,180.000
956789508.265872,-127.065,512.512,189.611,-89.479,0.010,180.000
956789508.332571,-127.077,512.511,189.464,-89.411,0.010,180.000
956789508.398381,-127.092,512.510,189.311,-89.338,0.010,180.000
956789508.464860,-127.106,512.509,189.150,-89.265,0.010,180.000
956789508.531692,-127.123,512.507,188.992,-89.191,0.010,180.000
956789508.597700,-127.140,512.506,188.838,-89.119,0.010,180.000
956789508.664857,-127.157,512.505,188.679,-89.045,0.010,180.000
956789508.731748,-127.173,512.503,188.520,-88.971,0.010,180.000
956789508.797682,-127.190,512.500,188.366,-88.899,0.010,180.000
956789508.864740,-127.209,512.499,188.206,-88.825,0.010,180.000
956789508.931485,-127.228,512.497,188.049,-88.751,0.010,180.000
956789508.998587,-127.247,512.496,187.891,-88.677,0.010,180.000
956789509.065776,-127.265,512.494,187.734,-88.603,0.010,180.000
956789509.131513,-127.284,512.491,187.580,-88.530,0.010,180.000
956789509.198607,-127.305,512.489,187.421,-88.456,0.010,180.000
956789509.264752,-127.326,512.486,187.267,-88.383,0.010,180.000
956789509.331556,-127.347,512.484,187.108,-88.309,0.010,180.000
956789509.398606,-127.368,512.481,186.950,-88.234,0.010,180.000
956789509.468658,-127.391,512.482,186.791,-88.159,0.010,180.000
956789509.533761,-127.414,512.481,186.640,-88.087,0.010,180.000
956789509.598706,-127.437,512.482,186.491,-88.017,0.010,180.000
956789509.664531,-127.460,512.482,186.338,-87.944,0.010,180.000
956789509.731563,-127.486,512.483,186.180,-87.869,0.010,180.000
956789509.798463,-127.511,512.481,186.022,-87.795,0.010,180.000
956789509.864618,-127.536,512.479,185.869,-87.721,0.010,180.000
956789509.931600,-127.563,512.479,185.712,-87.646,0.010,180.000
956789509.997451,-127.591,512.476,185.557,-87.573,0.010,180.000
956789510.064725,-127.618,512.476,185.400,-87.498,0.010,180.000
956789510.131534,-127.645,512.477,185.242,-87.424,0.009,180.000
956789510.197463,-127.673,512.478,185.087,-87.350,0.009,180.000
956789510.264615,-127.704,512.479,184.933,-87.275,0.009,180.000
956789510.331542,-127.734,512.480,184.776,-87.200,0.009,180.000
956789510.397448,-127.763,512.481,184.623,-87.127,0.009,180.000
956789510.464682,-127.795,512.482,184.469,-87.052,0.010,180.000
956789510.531543,-127.826,512.482,184.314,-86.977,0.010,180.000
956789510.597471,-127.858,512.482,184.162,-86.905,0.010,-180.000
956789510.664552,-127.892,512.482,184.007,-86.830,0.010,-180.000
956789510.731571,-127.925,512.482,183.852,-86.754,0.010,-180.000
956789510.799888,-127.959,512.482,183.698,-86.679,0.010,-180.000
956789510.865690,-127.993,512.481,183.547,-86.605,0.010,-180.000
956789510.931530,-128.026,512.479,183.397,-86.533,0.010,-180.000
956789510.997404,-128.062,512.478,183.246,-86.459,0.010,-180.000
956789511.066707,-128.100,512.476,183.084,-86.381,0.010,-180.000
956789511.131521,-128.135,512.474,182.936,-86.308,0.010,-180.000
956789781.352904,-126.996,512.521,190.744,-90.000,0.010,179.999
956789781.439908,-126.996,512.521,190.744,-90.000,0.010,179.999
956789781.506676,-126.152,512.995,189.108,-89.178,0.010,180.000
956789781.574520,-125.138,513.550,187.179,-88.214,0.010,180.000
956789781.640524,-124.280,514.089,185.366,-87.282,0.010,180.000
956789781.707576,-123.455,514.645,183.533,-86.328,0.011,180.000
956789781.774492,-122.634,515.199,181.703,-85.376,0.011,180.000
956789781.840727,-121.816,515.745,179.900,-84.440,0.011,180.000
956789781.908711,-120.947,516.310,178.021,-83.469,0.011,180.000
956789781.974631,-120.099,516.852,176.213,-82.537,0.011,180.000
956789782.042720,-119.205,517.412,174.327,-81.568,0.011,180.000
956789782.111565,-118.302,517.974,172.433,-80.597,0.011,180.000
956789782.174679,-117.478,518.481,170.717,-79.718,0.011,-180.000
956789782.241517,-116.579,519.030,168.858,-78.767,0.011,-180.000
956789782.307566,-115.692,519.570,167.029,-77.833,0.011,-180.000
956789782.375640,-114.768,520.131,165.130,-76.864,0.011,-180.000
956789782.445649,-113.840,520.693,163.226,-75.894,0.011,-180.000
956789782.509511,-113.042,521.169,161.600,-75.066,0.011,-180.000
956789782.574631,-112.129,521.708,159.767,-74.135,0.011,-180.000
956789782.641487,-111.180,522.259,157.881,-73.182,0.011,-180.000
956789782.707558,-110.226,522.795,156.028,-72.250,0.011,-180.000
956789782.773491,-109.234,523.334,154.154,-71.314,0.011,-180.000
956789782.840523,-108.182,523.881,152.228,-70.362,0.011,-180.000
956789782.907441,-107.077,524.426,150.280,-69.409,0.011,-180.000
956789782.974512,-105.903,524.967,148.305,-68.457,0.011,-180.000
956789783.040542,-104.666,525.499,146.329,-67.522,0.011,-180.000
956789783.107568,-103.318,526.034,144.285,-66.572,0.011,-180.000
956789783.174526,-101.877,526.564,142.202,-65.620,0.011,180.000
956789783.241489,-100.356,527.088,140.107,-64.680,0.011,180.000
956789783.307571,-98.821,527.581,138.081,-63.788,0.011,180.000
956789783.374656,-97.206,528.064,136.047,-62.906,0.011,180.000
956789783.435042,-95.971,528.408,134.558,-62.271,0.011,-180.000
956789783.502620,-95.985,528.753,134.689,-62.281,0.143,179.996
956789783.568531,-95.985,528.635,134.689,-62.281,0.058,179.951
956789783.635199,-95.985,528.637,134.690,-62.281,0.058,179.951
956789783.701385,-95.985,528.637,134.690,-62.281,0.058,179.951
956789783.772099,-95.985,528.638,134.691,-62.281,0.058,179.951
956789783.844860,-95.985,528.638,134.691,-62.281,0.058,179.951
956789783.903676,-95.985,528.638,134.691,-62.281,0.058,179.951
956789783.968621,-95.985,528.638,134.691,-62.281,0.058,179.951
956789784.035094,-95.985,528.638,134.691,-62.281,0.058,179.951
956789784.102085,-95.985,528.638,134.691,-62.281,0.058,179.951
956789784.168598,-95.985,528.638,134.691,-62.281,0.058,179.951
956789784.235727,-95.985,528.638,134.691,-62.281,0.058,179.951
956789784.303181,-95.985,528.638,134.691,-62.281,0.058,179.951
956789784.368657,-95.985,528.638,134.691,-62.281,0.058,179.951
956789784.435831,-95.985,528.638,134.691,-62.281,0.058,179.951
956789784.502427,-95.985,528.638,134.691,-62.281,0.058,179.951
956789784.568648,-95.985,528.638,134.691,-62.281,0.058,179.951
956789784.635732,-95.985,528.638,134.691,-62.281,0.058,179.951
956789784.702168,-95.985,528.638,134.691,-62.281,0.058,179.951
956789784.769647,-95.985,528.638,134.691,-62.281,0.058,179.951
956789784.835808,-95.985,528.638,134.691,-62.281,0.058,179.951
956789784.903002,-95.985,528.638,134.691,-62.281,0.058,179.951
956789784.968160,-95.985,528.638,134.691,-62.281,0.058,179.951
956789785.036571,-95.985,528.638,134.691,-62.281,0.058,179.951
956789785.102784,-95.985,528.638,134.691,-62.281,0.058,179.951
956789785.168372,-95.985,528.638,134.691,-62.281,0.058,179.951
956789785.235673,-95.985,528.638,134.691,-62.281,0.058,179.951
956789785.302276,-95.985,528.638,134.691,-62.281,0.058,179.951
956789785.368227,-95.985,528.638,134.691,-62.281,0.058,179.951
956789785.434666,-95.985,528.638,134.691,-62.281,0.058,179.951
956789785.502431,-95.985,528.638,134.691,-62.281,0.058,179.951
956789785.568221,-95.985,528.638,134.691,-62.281,0.058,179.951
956789785.635399,-95.985,528.638,134.691,-62.281,0.058,179.951
956789785.701738,-95.985,528.638,134.691,-62.281,0.058,179.951
956789785.767828,-95.985,528.638,134.691,-62.281,0.058,179.951
956789785.835148,-95.985,528.638,134.691,-62.281,0.058,179.951
956789785.901698,-95.985,528.638,134.691,-62.281,0.058,179.951
956789785.968013,-95.985,528.638,134.691,-62.281,0.058,179.951
956789786.035638,-95.985,528.638,134.691,-62.281,0.058,179.951
956789786.102087,-95.985,528.638,134.691,-62.281,0.058,179.951
956789786.167706,-95.985,528.638,134.691,-62.281,0.058,179.951
956789786.235113,-95.985,528.638,134.691,-62.281,0.058,179.951
956789786.301782,-95.985,528.638,134.691,-62.281,0.058,179.951
956789786.369585,-95.985,528.638,134.691,-62.281,0.058,179.951
956789786.439110,-95.985,528.638,134.691,-62.281,0.058,179.951
956789786.500952,-95.985,528.638,134.691,-62.281,0.058,179.951
956789786.568255,-95.985,528.638,134.691,-62.281,0.058,179.951
956789786.637471,-95.985,528.638,134.691,-62.281,0.058,179.951
956789786.701256,-95.985,528.638,134.691,-62.281,0.058,179.951
956789786.768819,-95.985,528.638,134.691,-62.281,0.058,179.951
956789786.835897,-95.985,528.638,134.691,-62.281,0.058,179.951
956789786.901241,-95.985,528.638,134.691,-62.281,0.058,179.951
956789786.968522,-95.985,528.638,134.691,-62.281,0.058,179.951
956789787.034931,-95.985,528.638,134.691,-62.281,0.058,179.951
956789787.101042,-95.985,528.638,134.691,-62.281,0.058,179.951
956789787.168321,-95.985,528.638,134.691,-62.281,0.058,179.951
956789787.234807,-95.985,528.638,134.691,-62.281,0.058,179.951
956789787.301918,-95.985,528.638,134.691,-62.281,0.058,179.951
956789787.369548,-95.985,528.638,134.691,-62.281,0.058,179.951
956789787.434329,-95.985,528.638,134.691,-62.281,0.058,179.951
956789787.502419,-95.985,528.638,134.691,-62.281,0.058,179.951
956789787.567762,-95.985,528.638,134.691,-62.281,0.058,179.951
956789787.635141,-95.985,528.638,134.691,-62.281,0.058,179.951
956789787.701823,-95.985,528.638,134.691,-62.281,0.058,179.951
956789787.769731,-95.985,528.638,134.691,-62.281,0.058,179.951
956789787.835360,-95.985,528.638,134.691,-62.281,0.058,179.951
956789787.901219,-95.985,528.638,134.691,-62.281,0.058,179.951
956789787.970309,-95.985,528.638,134.691,-62.281,0.058,179.951
956789788.035013,-95.985,528.638,134.691,-62.281,0.058,179.951
956789788.101449,-95.985,528.638,134.691,-62.281,0.058,179.951
956789788.168697,-95.985,528.638,134.691,-62.281,0.058,179.951
956789788.234686,-95.985,528.638,134.691,-62.281,0.058,179.951
956789788.302757,-95.985,528.638,134.691,-62.281,0.058,179.951
956789788.368738,-95.985,528.638,134.691,-62.281,0.058,179.951
956789788.435476,-95.985,528.638,134.691,-62.281,0.058,179.951
956789788.501880,-95.985,528.638,134.691,-62.281,0.058,179.951
956789788.568134,-95.985,528.638,134.691,-62.281,0.058,179.951
956789788.635249,-95.985,528.638,134.691,-62.281,0.058,179.951
956789788.701600,-95.985,528.638,134.691,-62.281,0.058,179.951
956789788.768470,-95.985,528.638,134.691,-62.281,0.058,179.951
956789788.835152,-95.985,528.638,134.691,-62.281,0.058,179.951
956789788.901143,-95.985,528.638,134.691,-62.281,0.058,179.951
956789788.968481,-95.985,528.638,134.691,-62.281,0.058,179.951
956789789.036390,-95.985,528.638,134.691,-62.281,0.058,179.951
956789789.101669,-95.985,528.638,134.691,-62.281,0.058,179.951
956789789.168128,-95.985,528.638,134.691,-62.281,0.058,179.951
956789789.235796,-95.985,528.638,134.691,-62.281,0.058,179.951
956789789.301811,-95.985,528.638,134.691,-62.281,0.058,179.951
956789789.368505,-95.985,528.638,134.691,-62.281,0.058,179.951
956789789.434443,-95.985,528.638,134.691,-62.281,0.058,179.951
956789789.501780,-95.985,528.638,134.691,-62.281,0.058,179.951
956789789.568642,-95.985,528.638,134.691,-62.281,0.058,179.951
956789789.634554,-95.985,528.638,134.691,-62.281,0.058,179.951
956789789.701794,-95.985,528.638,134.691,-62.281,0.058,179.951
956789789.768385,-95.985,528.638,134.691,-62.281,0.058,179.951
956789789.834497,-95.985,528.638,134.691,-62.281,0.058,179.951
956789789.901971,-95.985,528.638,134.691,-62.281,0.058,179.951
956789789.967787,-95.985,528.638,134.691,-62.281,0.058,179.951
956789790.034925,-95.985,528.638,134.691,-62.281,0.058,179.951
956789790.101048,-95.985,528.638,134.691,-62.281,0.058,179.951
956789790.167289,-95.985,528.638,134.691,-62.281,0.058,179.951
956789790.234685,-95.985,528.638,134.691,-62.281,0.058,179.951
956789790.301018,-95.985,528.638,134.691,-62.281,0.058,179.951
956789790.375169,-95.985,528.638,134.691,-62.281,0.058,179.951
956789790.439532,-95.985,528.638,134.691,-62.281,0.058,179.951
956789790.501541,-95.985,528.638,134.691,-62.281,0.058,179.951
956789790.568508,-95.985,528.638,134.691,-62.281,0.058,179.951
956789790.635122,-95.985,528.638,134.691,-62.281,0.058,179.951
956789790.700842,-95.985,528.638,134.691,-62.281,0.058,179.951
956789790.768200,-95.985,528.638,134.691,-62.281,0.058,179.951
956789790.834321,-95.985,528.638,134.691,-62.281,0.058,179.951
956789790.900742,-95.985,528.638,134.691,-62.281,0.058,179.951
956789790.968601,-95.985,528.638,134.691,-62.281,0.058,179.951
956789791.033820,-95.985,528.638,134.691,-62.281,0.058,179.951
956789791.101843,-95.985,528.638,134.691,-62.281,0.058,179.951
956789791.167547,-95.985,528.638,134.691,-62.281,0.058,179.951
956789791.235363,-95.985,528.638,134.691,-62.281,0.058,179.951
956789985.861073,-126.995,512.517,175.744,-90.000,0.010,179.999
956789985.948342,-126.995,512.517,175.744,-90.000,0.010,179.999
956789986.014763,-126.563,512.740,175.013,-89.694,0.010,180.000
956789986.081630,-126.028,513.006,174.138,-89.331,0.010,179.999
956789986.149575,-125.531,513.284,173.226,-88.947,0.011,179.999
956789986.215559,-125.073,513.561,172.312,-88.560,0.011,179.999
956789986.282746,-124.620,513.847,171.376,-88.163,0.011,179.999
956789986.349575,-124.189,514.122,170.474,-87.779,0.011,179.999
956789986.415549,-123.754,514.403,169.552,-87.387,0.011,179.999
956789986.482717,-123.312,514.691,168.611,-86.986,0.011,179.999
956789986.548574,-122.896,514.963,167.723,-86.608,0.011,179.999
956789986.615700,-122.458,515.252,166.781,-86.206,0.011,179.999
956789986.682719,-122.030,515.534,165.855,-85.812,0.011,179.999
956789986.748601,-121.611,515.811,164.945,-85.425,0.011,179.999
956789986.815595,-121.178,516.099,164.000,-85.022,0.011,179.999
956789986.882706,-120.747,516.388,163.053,-84.619,0.011,179.999
956789986.949548,-120.333,516.666,162.143,-84.230,0.011,179.999
956789987.015592,-119.914,516.950,161.213,-83.833,0.011,179.999
956789987.082627,-119.487,517.239,160.266,-83.428,0.011,179.999
956789987.149623,-119.069,517.522,159.336,-83.031,0.011,179.999
956789987.215567,-118.659,517.800,158.424,-82.642,0.011,179.999
956789987.282643,-118.231,518.088,157.477,-82.238,0.011,179.999
956789987.349580,-117.812,518.370,156.548,-81.841,0.011,179.998
956789987.415674,-117.390,518.652,155.619,-81.445,0.011,179.998
956789987.482657,-116.965,518.933,154.693,-81.050,0.011,179.998
956789987.549607,-116.536,519.215,153.767,-80.655,0.011,179.998
956789987.617660,-116.102,519.495,152.840,-80.261,0.011,179.998
956789987.682686,-115.689,519.760,151.973,-79.892,0.011,179.998
956789987.743007,-115.689,519.760,151.971,-79.892,0.011,179.998
956789987.810148,-115.822,519.758,154.872,-80.000,0.238,179.960
956789987.876291,-115.824,519.757,154.872,-80.000,0.238,179.960
956789987.943296,-115.819,519.760,154.873,-80.000,0.238,179.960
956789988.010112,-115.819,519.760,154.873,-80.000,0.238,179.960
956789988.076641,-115.819,519.760,154.873,-80.000,0.238,179.960
956789988.143137,-115.819,519.760,154.873,-80.000,0.238,179.960
956789988.209784,-115.819,519.760,154.873,-80.000,0.238,179.960
956789988.276335,-115.819,519.761,154.874,-80.000,0.238,179.960
956789988.343071,-115.819,519.761,154.874,-80.000,0.238,179.960
956789988.409943,-115.819,519.761,154.874,-80.000,0.238,179.960
956789988.476566,-115.819,519.761,154.874,-80.000,0.238,179.960
956789988.543002,-115.819,519.761,154.874,-80.000,0.238,179.960
956789988.609693,-115.819,519.761,154.874,-80.000,0.238,179.960
956789988.676408,-115.819,519.761,154.874,-80.000,0.238,179.960
956789988.743396,-115.819,519.761,154.874,-80.000,0.238,179.960
956789988.810384,-115.819,519.761,154.874,-80.000,0.238,179.960
956789988.877348,-115.820,519.763,154.875,-80.000,0.238,179.960
956789988.943537,-115.820,519.763,154.875,-80.000,0.238,179.960
956789989.011271,-115.820,519.763,154.875,-80.000,0.238,179.960
956789989.076669,-115.820,519.763,154.875,-80.000,0.238,179.960
956789989.143237,-115.820,519.763,154.875,-80.000,0.238,179.960
956789989.209672,-115.820,519.763,154.875,-80.000,0.238,179.960
956789989.276280,-115.820,519.763,154.875,-80.000,0.238,179.960
956789989.344106,-115.820,519.763,154.875,-80.000,0.238,179.960
956789989.409917,-115.820,519.763,154.875,-80.001,0.238,179.960
956789989.476942,-115.820,519.763,154.875,-80.001,0.238,179.960
956789989.543860,-115.820,519.763,154.875,-80.001,0.238,179.960
956789989.610982,-115.820,519.763,154.875,-80.001,0.238,179.960
956789989.677222,-115.820,519.763,154.875,-80.001,0.238,179.960
956789989.743601,-115.820,519.763,154.875,-80.001,0.238,179.960
956789989.811569,-115.820,519.763,154.875,-80.001,0.238,179.960
956789989.877411,-115.820,519.763,154.875,-80.001,0.238,179.960
956789989.943965,-115.820,519.763,154.875,-80.001,0.238,179.960
956789990.010412,-115.820,519.763,154.875,-80.001,0.238,179.960
956789990.078179,-115.820,519.763,154.875,-80.001,0.238,179.960
956789990.144772,-115.820,519.763,154.875,-80.001,0.238,179.960
956789990.210851,-115.820,519.763,154.875,-80.001,0.238,179.960
956789990.278778,-115.820,519.763,154.875,-80.001,0.238,179.960
956789990.344816,-115.820,519.763,154.875,-80.001,0.238,179.960
956789990.410917,-115.820,519.763,154.875,-80.001,0.238,179.960
956789990.476727,-115.820,519.763,154.875,-80.001,0.238,179.960
956789990.543010,-115.820,519.763,154.875,-80.001,0.238,179.960
956789990.610098,-115.820,519.763,154.875,-80.001,0.238,179.960
956789990.676268,-115.820,519.763,154.875,-80.001,0.238,179.960
956789990.742833,-115.820,519.763,154.875,-80.001,0.238,179.960
956789990.809647,-115.820,519.763,154.875,-80.001,0.238,179.960
956789990.876527,-115.820,519.763,154.875,-80.001,0.238,179.960
956789990.943001,-115.820,519.763,154.875,-80.001,0.238,179.960
956789991.009829,-115.820,519.763,154.875,-80.001,0.238,179.960
956789991.076790,-115.820,519.763,154.875,-80.001,0.238,179.960
956789991.143067,-115.820,519.763,154.875,-80.001,0.238,179.960
956789991.209794,-115.820,519.763,154.875,-80.001,0.238,179.960
956789991.276520,-115.820,519.763,154.875,-80.001,0.238,179.960
956789991.343604,-115.820,519.763,154.875,-80.001,0.238,179.960
956789991.409919,-115.820,519.763,154.875,-80.001,0.238,179.960
956789991.476661,-115.820,519.763,154.875,-80.001,0.238,179.960
956789991.543004,-115.820,519.763,154.875,-80.001,0.238,179.960
956789991.611460,-115.820,519.763,154.875,-80.001,0.238,179.960
956789991.676532,-115.820,519.763,154.875,-80.001,0.238,179.960
956789991.743048,-115.820,519.763,154.875,-80.001,0.238,179.960
956789991.809880,-115.820,519.763,154.875,-80.001,0.238,179.960
956789991.876511,-115.820,519.763,154.875,-80.001,0.238,179.960
956789991.943690,-115.820,519.763,154.875,-80.001,0.238,179.960
956789992.010157,-115.820,519.763,154.875,-80.001,0.238,179.960
956789992.076526,-115.820,519.763,154.875,-80.001,0.238,179.960
956789992.143184,-115.820,519.763,154.875,-80.001,0.238,179.960
956789992.210251,-115.820,519.763,154.875,-80.001,0.238,179.960
956789992.276778,-115.820,519.763,154.875,-80.001,0.238,179.960
956789992.344415,-115.820,519.763,154.875,-80.001,0.238,179.960
956789992.410229,-115.820,519.763,154.875,-80.001,0.238,179.960
956789992.476762,-115.820,519.763,154.875,-80.001,0.238,179.960
956789992.543817,-115.820,519.763,154.875,-80.001,0.238,179.960
956789992.614392,-115.820,519.763,154.875,-80.001,0.238,179.960
956789992.678052,-115.820,519.763,154.875,-80.001,0.238,179.960
956789992.743681,-115.820,519.763,154.875,-80.001,0.238,179.960
956789992.809597,-115.820,519.763,154.875,-80.001,0.238,179.960
956789992.877624,-115.820,519.763,154.875,-80.001,0.238,179.960
956789992.945744,-115.820,519.763,154.875,-80.001,0.238,179.960
956789993.011462,-115.820,519.763,154.875,-80.001,0.238,179.960
956789993.076190,-115.820,519.763,154.875,-80.001,0.238,179.960
956789993.143078,-115.820,519.763,154.875,-80.001,0.238,179.960
956789993.209826,-115.820,519.763,154.875,-80.001,0.238,179.960
956789993.276480,-115.820,519.763,154.875,-80.001,0.238,179.960
956789993.343125,-115.820,519.763,154.875,-80.001,0.238,179.960
956789993.409671,-115.820,519.763,154.875,-80.001,0.238,179.960
956789993.476409,-115.820,519.763,154.875,-80.001,0.238,179.960
956789993.543129,-115.820,519.763,154.875,-80.001,0.238,179.960
956789993.609398,-115.820,519.763,154.875,-80.001,0.238,179.960
956789993.676320,-115.820,519.763,154.875,-80.001,0.238,179.960
956789993.743219,-115.820,519.763,154.875,-80.001,0.238,179.960
956789993.810132,-115.820,519.763,154.875,-80.001,0.238,179.960
956789993.876296,-115.820,519.763,154.875,-80.001,0.238,179.960
956789993.942718,-115.820,519.763,154.875,-80.001,0.238,179.960
956789994.009259,-115.820,519.763,154.875,-80.001,0.238,179.960
956789994.075948,-115.820,519.763,154.875,-80.001,0.238,179.960
956789994.142987,-115.820,519.763,154.875,-80.001,0.238,179.960
956789994.209741,-115.820,519.763,154.875,-80.001,0.238,179.960
956789994.275584,-115.820,519.763,154.875,-80.001,0.238,179.960
956789994.342527,-115.820,519.763,154.875,-80.001,0.238,179.960
956789994.409460,-115.820,519.763,154.875,-80.001,0.238,179.960
956789994.475831,-115.820,519.763,154.875,-80.001,0.238,179.960
956789994.542850,-115.820,519.763,154.875,-80.001,0.238,179.960
956789994.609182,-115.820,519.763,154.875,-80.001,0.238,179.960
956789994.676067,-115.820,519.763,154.875,-80.001,0.238,179.960
956789994.743059,-115.820,519.763,154.875,-80.001,0.238,179.960
956789994.809974,-115.820,519.763,154.875,-80.001,0.238,179.960
956789994.876193,-115.820,519.763,154.875,-80.001,0.238,179.960
956789994.942356,-115.820,519.763,154.875,-80.001,0.238,179.960
956789995.009686,-115.826,519.761,154.875,-80.000,0.238,179.960
956789995.075760,-115.824,519.762,154.875,-80.000,0.238,179.960
956789995.142690,-115.849,519.756,154.875,-79.997,0.238,179.960
956789995.209021,-115.851,519.756,154.875,-79.997,0.238,179.960
956789995.276661,-115.851,519.756,154.875,-79.997,0.238,179.960
956789995.343056,-115.851,519.733,155.667,-79.997,0.324,179.972
956789995.409056,-115.732,519.330,160.714,-79.881,0.882,-179.860
956789995.476494,-115.784,519.533,158.071,-79.934,0.597,-179.941
956789995.544732,-115.777,519.492,158.535,-79.927,0.645,-179.929
956789995.610712,-115.731,519.397,158.687,-79.876,0.663,-179.888
956789995.675452,-115.688,519.256,160.398,-79.831,0.850,-179.828
956789995.742353,-115.683,519.011,165.888,-79.829,1.446,-179.739
956789995.809298,-115.666,518.459,175.292,-79.824,2.467,-179.588
956789995.875691,-115.646,517.793,184.035,-79.817,3.417,-179.446
956789995.942179,-115.646,517.801,183.894,-79.817,3.400,-179.449
956789996.009107,-115.646,517.804,183.893,-79.817,3.401,-179.449
956789996.075682,-115.646,517.803,183.893,-79.817,3.401,-179.449
956789996.142062,-115.646,517.803,183.893,-79.817,3.401,-179.449
956789996.209160,-115.644,517.804,183.893,-79.817,3.401,-179.449
956789996.275730,-115.638,517.805,183.893,-79.818,3.401,-179.449
956789996.342775,-115.633,517.806,183.893,-79.818,3.401,-179.449
956789996.409333,-115.636,517.806,183.893,-79.818,3.401,-179.449
956789996.475784,-115.633,517.806,183.893,-79.818,3.401,-179.449
956789996.542781,-115.633,517.806,183.893,-79.818,3.401,-179.449
956789996.609181,-115.633,517.806,183.893,-79.818,3.401,-179.449
956789996.675939,-115.633,517.806,183.893,-79.818,3.401,-179.449
956789996.742437,-115.633,517.806,183.893,-79.818,3.401,-179.449
956789996.808841,-115.633,517.806,183.893,-79.818,3.401,-179.449
956789996.877402,-115.633,517.806,183.893,-79.818,3.401,-179.449
956789996.943460,-115.633,517.806,183.893,-79.818,3.401,-179.449
956789997.011361,-115.633,517.806,183.893,-79.818,3.401,-179.449
956789997.076326,-115.633,517.806,183.893,-79.818,3.401,-179.449
956789997.142070,-115.633,517.806,183.893,-79.818,3.401,-179.449
956789997.208865,-115.633,517.806,183.893,-79.818,3.401,-179.449
956789997.275803,-115.633,517.806,183.893,-79.818,3.401,-179.449
956789997.343160,-115.633,517.806,183.893,-79.818,3.401,-179.449
956789997.409120,-115.633,517.806,183.893,-79.818,3.401,-179.449
956789997.475728,-115.633,517.806,183.893,-79.818,3.401,-179.449
956789997.542355,-115.633,517.806,183.893,-79.818,3.401,-179.449
956789997.608790,-115.633,517.806,183.893,-79.818,3.401,-179.449
956789997.675653,-115.633,517.806,183.893,-79.818,3.401,-179.449
956789997.742422,-115.633,517.806,183.893,-79.818,3.401,-179.449
956789997.810085,-115.633,517.806,183.893,-79.818,3.401,-179.449
956789997.875554,-115.633,517.806,183.893,-79.818,3.401,-179.449
956789997.942355,-115.633,517.806,183.893,-79.818,3.401,-179.449
956789998.008998,-115.633,517.806,183.893,-79.818,3.401,-179.449
956789998.077326,-115.633,517.806,183.893,-79.818,3.401,-179.449
956789998.142916,-115.633,517.806,183.893,-79.818,3.401,-179.449
956789998.210812,-115.633,517.806,183.893,-79.818,3.401,-179.449
956789998.278237,-115.633,517.806,183.893,-79.818,3.401,-179.449
956789998.342472,-115.633,517.806,183.893,-79.818,3.401,-179.449
956789998.409177,-115.633,517.806,183.893,-79.818,3.401,-179.449
956789998.475670,-115.633,517.806,183.893,-79.818,3.401,-179.449
956789998.541669,-115.633,517.806,183.893,-79.818,3.401,-179.449
956789998.608719,-115.633,517.806,183.893,-79.818,3.401,-179.449
956789998.675519,-115.633,517.806,183.893,-79.818,3.401,-179.449
956789998.742785,-115.633,517.806,183.893,-79.818,3.401,-179.449
956789998.808798,-115.633,517.806,183.893,-79.818,3.401,-179.449
956789998.875548,-115.633,517.806,183.893,-79.818,3.401,-179.449
956789998.942033,-115.633,517.806,183.893,-79.818,3.401,-179.449
956789999.008757,-115.633,517.806,183.893,-79.818,3.401,-179.449
956789999.075668,-115.633,517.806,183.893,-79.818,3.401,-179.449
956789999.142516,-115.633,517.806,183.893,-79.818,3.401,-179.449
956789999.208670,-115.633,517.806,183.893,-79.818,3.401,-179.449
956789999.276089,-115.633,517.806,183.893,-79.818,3.401,-179.449
956789999.342509,-115.633,517.806,183.893,-79.818,3.401,-179.449
956789999.409084,-115.633,517.806,183.893,-79.818,3.401,-179.449
956789999.475763,-115.633,517.806,183.893,-79.818,3.401,-179.449
956789999.542341,-115.633,517.806,183.893,-79.818,3.401,-179.449
956789999.609457,-115.633,517.806,183.893,-79.818,3.401,-179.449
956789999.675733,-115.633,517.806,183.893,-79.818,3.401,-179.449
956789999.742327,-115.633,517.806,183.893,-79.818,3.401,-179.449
956789999.808440,-115.633,517.806,183.893,-79.818,3.401,-179.449
956789999.875505,-115.633,517.806,183.893,-79.818,3.401,-179.449
956789999.941817,-115.633,517.806,183.893,-79.818,3.401,-179.449
956790000.008903,-115.633,517.806,183.893,-79.818,3.401,-179.449
956790000.075573,-115.633,517.806,183.893,-79.818,3.401,-179.449
956790000.142522,-115.633,517.806,183.893,-79.818,3.401,-179.449
956790000.208675,-115.633,517.806,183.893,-79.818,3.401,-179.449
956790000.275835,-115.633,517.806,183.893,-79.818,3.401,-179.449
956790000.342270,-115.633,517.806,183.893,-79.818,3.401,-179.449
956790000.408701,-115.633,517.806,183.893,-79.818,3.401,-179.449
956790000.475215,-115.633,517.806,183.893,-79.818,3.401,-179.449
956790000.542418,-115.633,517.806,183.893,-79.818,3.401,-179.449
956790000.608564,-115.633,517.806,183.893,-79.818,3.401,-179.449
956790000.675083,-115.633,517.806,183.893,-79.818,3.401,-179.449
956790000.742671,-115.633,517.806,183.893,-79.818,3.401,-179.449
956790000.808724,-115.633,517.806,183.893,-79.818,3.401,-179.449
956790000.875376,-115.633,517.806,183.893,-79.818,3.401,-179.449
956790000.941889,-115.633,517.806,183.893,-79.818,3.401,-179.449
956790001.010392,-115.633,517.806,183.893,-79.818,3.401,-179.449
956790001.075223,-115.633,517.806,183.893,-79.818,3.401,-179.449
956790001.141812,-115.633,517.806,183.893,-79.818,3.401,-179.449
956790001.209038,-115.633,517.806,183.893,-79.818,3.401,-179.449
956790001.275428,-115.633,517.806,183.893,-79.818,3.401,-179.449
956790001.342050,-115.633,517.806,183.893,-79.818,3.401,-179.449
956790001.409197,-115.633,517.806,183.893,-79.818,3.401,-179.449
956790001.476071,-115.633,517.806,183.893,-79.818,3.401,-179.449
956790001.542654,-115.633,517.806,183.893,-79.818,3.401,-179.449
956790001.608735,-115.633,517.806,183.893,-79.818,3.401,-179.449
956790001.675479,-115.633,517.806,183.893,-79.818,3.401,-179.449
956790001.742896,-115.633,517.806,183.893,-79.818,3.401,-179.449
956790001.808958,-115.633,517.806,183.893,-79.818,3.401,-179.449
956790001.875715,-115.633,517.806,183.893,-79.818,3.401,-179.449
956790001.942875,-115.633,517.806,183.893,-79.818,3.401,-179.449
956790002.010299,-115.633,517.806,183.893,-79.818,3.401,-179.449
956790002.077081,-115.633,517.806,183.893,-79.818,3.401,-179.449
956790002.143077,-115.633,517.806,183.893,-79.818,3.401,-179.449
956790002.211761,-115.633,517.806,183.893,-79.818,3.401,-179.449
956790002.276310,-115.633,517.806,183.893,-79.818,3.401,-179.449
956790002.344761,-115.633,517.806,183.893,-79.818,3.401,-179.449
956790002.409213,-115.633,517.806,183.893,-79.818,3.401,-179.449
956790002.477694,-115.633,517.806,183.893,-79.818,3.401,-179.449
956790002.542672,-115.633,517.806,183.893,-79.818,3.401,-179.449
956790002.610572,-115.633,517.806,183.893,-79.818,3.401,-179.449
956790002.675821,-115.633,517.806,183.893,-79.818,3.401,-179.449
956790002.744120,-115.633,517.806,183.893,-79.818,3.401,-179.449
956790002.809422,-115.633,517.806,183.893,-79.818,3.401,-179.449
956790002.877249,-115.633,517.806,183.893,-79.818,3.401,-179.449
956790002.943881,-115.633,517.806,183.893,-79.818,3.401,-179.449
956790003.011857,-115.633,517.806,183.893,-79.818,3.401,-179.449
956790003.078665,-115.633,517.806,183.893,-79.818,3.401,-179.449
956790003.143010,-115.633,517.806,183.893,-79.818,3.401,-179.449
956790003.210813,-115.633,517.806,183.893,-79.818,3.401,-179.449
956790003.277336,-115.633,517.806,183.893,-79.818,3.401,-179.449
956790003.344718,-115.633,517.806,183.893,-79.818,3.401,-179.449
956790003.410183,-115.633,517.806,183.893,-79.818,3.401,-179.449
956790003.477342,-115.633,517.806,183.893,-79.818,3.401,-179.449
956790003.545249,-115.633,517.806,183.893,-79.818,3.401,-179.449
956790003.610662,-115.633,517.806,183.893,-79.818,3.401,-179.449
956790003.677779,-115.633,517.806,183.893,-79.818,3.401,-179.449
956790003.743271,-115.633,517.806,183.893,-79.818,3.401,-179.449
956790003.809612,-115.633,517.806,183.893,-79.818,3.401,-179.449
956790003.877184,-115.633,517.806,183.893,-79.818,3.401,-179.449
956790003.943596,-115.633,517.806,183.893,-79.818,3.401,-179.449
956790004.011542,-115.633,517.806,183.893,-79.818,3.401,-179.449
956790067.654470,-126.994,512.497,175.689,-90.000,-0.000,-180.000
956790067.742169,-126.994,512.497,175.689,-90.000,-0.000,-180.000
956790067.807962,-126.735,512.605,175.501,-89.885,0.000,180.000
956790067.874852,-125.931,512.928,174.965,-89.559,0.000,180.000
956790067.941735,-125.144,513.259,174.376,-89.203,0.000,180.000
956790068.008709,-124.378,513.595,173.762,-88.831,0.000,180.000
956790068.075752,-123.613,513.940,173.116,-88.441,0.001,180.000
956790068.144608,-122.832,514.299,172.433,-88.029,0.001,180.000
956790068.209567,-122.116,514.632,171.792,-87.643,0.001,180.000
956790068.275761,-121.387,514.975,171.133,-87.247,0.001,-180.000
956790068.342748,-120.649,515.323,170.459,-86.841,0.001,-180.000
956790068.408689,-119.927,515.662,169.796,-86.442,0.001,-180.000
956790068.475864,-119.192,516.006,169.120,-86.035,0.001,-180.000
956790068.541635,-118.469,516.347,168.456,-85.635,0.001,-180.000
956790068.608673,-117.732,516.693,167.781,-85.229,0.001,-180.000
956790068.675768,-116.995,517.039,167.106,-84.822,0.001,-180.000
956790068.742698,-116.255,517.385,166.433,-84.417,0.001,-180.000
956790068.808715,-115.527,517.725,165.775,-84.021,0.001,-180.000
956790068.875862,-114.781,518.072,165.107,-83.619,0.001,-180.000
956790068.941609,-114.047,518.411,164.457,-83.227,0.001,-180.000
956790069.008722,-113.293,518.756,163.798,-82.830,0.001,-180.000
956790069.075909,-112.535,519.100,163.143,-82.436,0.000,-180.000
956790069.141593,-111.784,519.439,162.511,-82.054,0.001,-180.000
956790069.207571,-111.024,519.777,161.887,-81.677,0.001,-180.000
956790069.274600,-110.242,520.117,161.261,-81.299,0.001,-180.000
956790069.341620,-109.451,520.456,160.645,-80.927,0.001,-180.000
956790069.408651,-108.650,520.794,160.041,-80.562,0.001,-180.000
956790069.474790,-107.857,521.124,159.459,-80.210,0.001,-180.000
956790069.541677,-107.041,521.460,158.877,-79.858,0.001,-180.000
956790069.608637,-106.215,521.795,158.307,-79.512,0.000,-180.000
956790069.675717,-105.379,522.129,157.749,-79.174,0.000,-180.000
956790069.741633,-104.550,522.456,157.215,-78.849,0.000,-180.000
956790069.808680,-103.696,522.788,156.682,-78.526,0.000,-180.000
956790069.875754,-102.832,523.116,156.163,-78.211,0.000,-180.000
956790069.941662,-101.977,523.437,155.667,-77.909,0.000,-180.000
956790070.008734,-101.097,523.760,155.173,-77.608,0.000,-180.000
956790070.071802,-100.523,523.971,154.859,-77.417,0.000,-180.000
956790070.137286,-100.575,524.176,155.114,-77.523,0.032,179.931
956790070.203376,-100.603,524.006,155.114,-77.520,-0.100,179.901
956790070.269873,-100.605,524.005,155.114,-77.520,-0.101,179.901
956790070.336108,-100.605,524.005,155.114,-77.520,-0.101,179.901
956790070.403220,-100.605,524.005,155.114,-77.520,-0.101,179.901
956790070.469987,-100.605,524.005,155.114,-77.520,-0.101,179.901
956790070.536507,-100.605,524.005,155.114,-77.520,-0.101,179.901
956790070.603174,-100.605,524.005,155.114,-77.520,-0.101,179.901
956790070.669992,-100.605,524.005,155.114,-77.520,-0.101,179.901
956790070.736188,-100.605,524.005,155.114,-77.520,-0.101,179.901
956790070.802873,-100.605,524.005,155.114,-77.520,-0.101,179.901
956790070.869787,-100.605,524.005,155.114,-77.520,-0.101,179.901
956790070.936424,-100.605,524.005,155.114,-77.520,-0.101,179.901
956790071.003101,-100.605,524.005,155.114,-77.520,-0.101,179.901
956790071.069972,-100.605,524.005,155.114,-77.520,-0.101,179.901
956790071.136572,-100.605,524.005,155.114,-77.520,-0.101,179.901
956790071.203087,-100.605,524.005,155.114,-77.520,-0.101,179.901
956790071.269299,-100.605,524.005,155.114,-77.520,-0.101,179.901
956790071.336103,-100.605,524.005,155.114,-77.520,-0.101,179.901
956790071.403665,-100.605,524.005,155.114,-77.520,-0.101,179.901
956790071.469782,-100.605,524.005,155.114,-77.520,-0.101,179.901
956790071.537284,-100.605,524.005,155.114,-77.520,-0.101,179.901
956790071.603026,-100.605,524.005,155.114,-77.520,-0.101,179.901
956790071.669449,-100.605,524.005,155.114,-77.520,-0.101,179.901
956790071.735863,-100.605,524.005,155.114,-77.520,-0.101,179.901
956790071.802881,-100.605,524.005,155.114,-77.520,-0.101,179.901
956790071.869670,-100.605,524.005,155.114,-77.520,-0.101,179.901
956790071.936166,-100.605,524.005,155.114,-77.520,-0.101,179.901
956790072.002700,-100.605,524.005,155.114,-77.520,-0.101,179.901
956790072.069579,-100.605,524.005,155.114,-77.520,-0.101,179.901
956790072.135813,-100.605,524.005,155.114,-77.520,-0.101,179.901
956790072.202619,-100.605,524.005,155.114,-77.520,-0.101,179.901
956790072.269680,-100.605,524.005,155.114,-77.520,-0.101,179.901
956790072.336087,-100.605,524.005,155.114,-77.520,-0.101,179.901
956790072.402937,-100.605,524.005,155.114,-77.520,-0.101,179.901
956790072.469466,-100.605,524.005,155.114,-77.520,-0.101,179.901
956790072.536193,-100.605,524.005,155.114,-77.520,-0.101,179.901
956790072.602726,-100.605,524.005,155.114,-77.520,-0.101,179.901
956790072.669937,-100.605,524.005,155.114,-77.520,-0.101,179.901
956790072.737227,-100.605,524.005,155.114,-77.520,-0.101,179.901
956790072.802857,-100.605,524.005,155.114,-77.520,-0.101,179.901
956790072.870503,-100.605,524.005,155.114,-77.520,-0.101,179.901
956790072.936516,-100.605,524.005,155.114,-77.520,-0.101,179.901
956790073.002678,-100.605,524.005,155.114,-77.520,-0.101,179.901
956790073.069447,-100.605,524.005,155.114,-77.520,-0.101,179.901
956790073.135661,-100.605,524.005,155.114,-77.520,-0.101,179.901
956790073.202621,-100.605,524.005,155.114,-77.520,-0.101,179.901
956790073.269111,-100.605,524.005,155.114,-77.520,-0.101,179.901
956790073.336179,-100.605,524.005,155.114,-77.520,-0.101,179.901
956790073.404618,-100.605,524.005,155.114,-77.520,-0.101,179.901
956790073.469813,-100.605,524.005,155.114,-77.520,-0.101,179.901
956790073.535903,-100.605,524.005,155.114,-77.520,-0.101,179.901
956790073.602356,-100.605,524.005,155.114,-77.520,-0.101,179.901
956790073.669609,-100.605,524.005,155.114,-77.520,-0.101,179.901
956790073.735778,-100.605,524.005,155.114,-77.520,-0.101,179.901
956790073.802854,-100.605,524.005,155.114,-77.520,-0.101,179.901
956790073.869107,-100.605,524.005,155.114,-77.520,-0.101,179.901
956790073.935899,-100.603,524.005,155.114,-77.520,-0.101,179.901
956790074.002672,-100.607,524.004,155.114,-77.520,-0.101,179.901
956790074.071356,-100.605,524.005,155.114,-77.520,-0.101,179.901
956790074.137249,-100.605,524.005,155.114,-77.520,-0.101,179.901
956790074.203003,-100.605,524.005,155.114,-77.520,-0.101,179.901
956790074.269202,-100.607,524.004,155.114,-77.520,-0.101,179.901
956790074.335802,-100.607,524.004,155.114,-77.520,-0.101,179.901
956790074.402654,-100.607,524.004,155.114,-77.520,-0.101,179.901
956790074.469454,-100.607,524.004,155.114,-77.520,-0.101,179.901
956790074.536079,-100.607,524.004,155.114,-77.520,-0.101,179.901
956790074.602555,-100.607,524.004,155.114,-77.520,-0.101,179.901
956790074.669327,-100.607,524.004,155.114,-77.520,-0.101,179.901
956790074.736188,-100.607,524.004,155.114,-77.520,-0.101,179.901
956790074.802895,-100.607,524.004,155.114,-77.520,-0.101,179.901
956790074.869476,-100.607,524.004,155.114,-77.520,-0.101,179.901
956790074.936046,-100.607,524.004,155.114,-77.520,-0.101,179.901
956790075.002720,-100.607,524.004,155.114,-77.520,-0.101,179.901
956790075.071007,-100.607,524.004,155.114,-77.520,-0.101,179.901
956790075.136561,-100.607,524.004,155.114,-77.520,-0.101,179.901
956790075.202500,-100.607,524.004,155.114,-77.520,-0.101,179.901
956790075.268942,-100.607,524.004,155.114,-77.520,-0.101,179.901
956790075.335870,-100.607,524.004,155.114,-77.520,-0.101,179.901
956790075.403613,-100.607,524.004,155.114,-77.520,-0.101,179.901
956790075.471646,-100.607,524.004,155.114,-77.520,-0.101,179.901
956790075.537198,-100.607,524.004,155.114,-77.520,-0.101,179.901
956790075.605864,-100.607,524.004,155.114,-77.520,-0.101,179.901
956790075.670447,-100.607,524.004,155.114,-77.520,-0.101,179.901
956790075.736347,-100.607,524.004,155.114,-77.520,-0.101,179.901
956790075.803111,-100.607,524.004,155.114,-77.520,-0.101,179.901
956790075.869550,-100.607,524.004,155.114,-77.520,-0.101,179.901
956790075.935895,-100.607,524.004,155.114,-77.520,-0.101,179.901
956790076.003096,-100.607,524.004,155.114,-77.520,-0.101,179.901
956790076.070817,-100.605,524.005,155.114,-77.520,-0.101,179.901
956790076.136557,-100.605,524.005,155.114,-77.520,-0.101,179.901
956790076.203610,-100.612,524.004,155.114,-77.519,-0.101,179.901
956790076.269970,-100.612,524.004,155.114,-77.519,-0.101,179.901
956790076.336314,-100.614,524.003,155.114,-77.519,-0.101,179.901
956790076.403845,-100.614,524.003,155.114,-77.519,-0.101,179.901
956790076.469917,-100.614,524.003,155.114,-77.519,-0.101,179.901
956790076.536074,-100.614,524.003,155.114,-77.519,-0.101,179.901
956790076.603096,-100.614,524.003,155.114,-77.519,-0.101,179.901
956790076.669706,-100.614,524.003,155.114,-77.519,-0.101,179.901
956790076.736951,-100.614,524.004,155.115,-77.519,-0.101,179.901
956790076.804781,-100.522,523.697,158.962,-77.415,0.317,-179.928
956790076.870855,-100.519,523.700,157.885,-77.411,0.199,-179.951
956790076.936958,-100.468,523.588,158.202,-77.355,0.231,-179.901
956790077.003901,-100.468,523.564,158.883,-77.355,0.304,-179.885
956790077.070096,-100.467,523.471,161.304,-77.354,0.562,-179.827
956790077.136830,-100.467,523.259,165.990,-77.353,1.063,-179.715
956790077.203518,-100.467,522.899,172.406,-77.349,1.749,-179.562
956790077.269684,-100.466,522.472,178.684,-77.343,2.420,-179.412
956790077.336094,-100.466,522.403,179.596,-77.342,2.518,-179.390
956790077.403210,-100.466,522.403,179.596,-77.342,2.518,-179.390
956790077.469626,-100.466,522.403,179.596,-77.342,2.518,-179.390
956790077.536315,-100.466,522.403,179.596,-77.342,2.518,-179.390
956790077.602932,-100.466,522.403,179.596,-77.342,2.518,-179.390
956790077.669933,-100.466,522.403,179.596,-77.342,2.518,-179.390
956790077.736018,-100.466,522.403,179.596,-77.342,2.518,-179.390
956790077.803317,-100.466,522.403,179.596,-77.342,2.518,-179.390
956790077.869139,-100.466,522.403,179.596,-77.342,2.518,-179.390
956790077.936911,-100.466,522.403,179.596,-77.342,2.518,-179.390
956790078.003133,-100.464,522.404,179.596,-77.343,2.518,-179.390
956790078.069705,-100.464,522.404,179.596,-77.343,2.518,-179.390
956790078.137452,-100.462,522.404,179.596,-77.343,2.518,-179.390
956790078.202785,-100.462,522.404,179.596,-77.343,2.518,-179.390
956790078.269551,-100.462,522.404,179.596,-77.343,2.518,-179.390
956790078.336452,-100.462,522.404,179.596,-77.343,2.518,-179.390
956790078.403126,-100.462,522.404,179.596,-77.343,2.518,-179.390
956790078.469687,-100.462,522.404,179.596,-77.343,2.518,-179.390
956790078.536424,-100.462,522.404,179.596,-77.343,2.518,-179.390
956790078.602748,-100.462,522.404,179.596,-77.343,2.518,-179.390
956790078.669297,-100.462,522.404,179.596,-77.343,2.518,-179.390
956790078.735943,-100.462,522.404,179.596,-77.343,2.518,-179.390
956790078.802995,-100.462,522.404,179.596,-77.343,2.518,-179.390
956790078.869548,-100.462,522.404,179.596,-77.343,2.518,-179.390
956790078.936175,-100.462,522.404,179.596,-77.343,2.518,-179.390
956790079.003131,-100.462,522.404,179.596,-77.343,2.518,-179.390
956790079.069272,-100.462,522.404,179.596,-77.343,2.518,-179.390
956790079.136031,-100.462,522.404,179.596,-77.343,2.518,-179.390
956790079.202710,-100.462,522.404,179.596,-77.343,2.518,-179.390
956790079.269371,-100.462,522.404,179.596,-77.343,2.518,-179.390
956790079.336193,-100.462,522.404,179.596,-77.343,2.518,-179.390
956790079.402567,-100.462,522.404,179.596,-77.343,2.518,-179.390
956790079.471737,-100.462,522.404,179.596,-77.343,2.518,-179.390
956790079.538079,-100.462,522.404,179.596,-77.343,2.518,-179.390
956790079.603611,-100.462,522.404,179.596,-77.343,2.518,-179.390
956790079.669302,-100.462,522.404,179.596,-77.343,2.518,-179.390
956790079.735900,-100.462,522.404,179.596,-77.343,2.518,-179.390
956790079.803040,-100.462,522.404,179.596,-77.343,2.518,-179.390
956790079.869239,-100.462,522.404,179.596,-77.343,2.518,-179.390
956790079.935914,-100.462,522.404,179.596,-77.343,2.518,-179.390
956790080.002891,-100.462,522.404,179.596,-77.343,2.518,-179.390
956790080.070022,-100.462,522.404,179.596,-77.343,2.518,-179.390
956790080.135573,-100.462,522.404,179.596,-77.343,2.518,-179.390
956790080.202992,-100.462,522.404,179.596,-77.343,2.518,-179.390
956790080.269538,-100.462,522.404,179.596,-77.343,2.518,-179.390
956790080.336166,-100.462,522.404,179.596,-77.343,2.518,-179.390
956790080.402770,-100.462,522.404,179.596,-77.343,2.518,-179.390
956790080.469716,-100.462,522.404,179.596,-77.343,2.518,-179.390
956790080.536265,-100.462,522.404,179.596,-77.343,2.518,-179.390
956790080.603061,-100.462,522.404,179.596,-77.343,2.518,-179.390
956790080.669324,-100.462,522.404,179.596,-77.343,2.518,-179.390
956790080.736798,-100.462,522.404,179.596,-77.343,2.518,-179.390
956790080.804700,-100.462,522.404,179.596,-77.343,2.518,-179.390
956790080.870641,-100.462,522.404,179.596,-77.343,2.518,-179.390
956790080.937777,-100.462,522.404,179.596,-77.343,2.518,-179.390
956790081.003023,-100.462,522.404,179.596,-77.343,2.518,-179.390
956790081.069432,-100.462,522.404,179.596,-77.343,2.518,-179.390
956790081.136446,-100.462,522.404,179.596,-77.343,2.518,-179.390
956790081.202861,-100.462,522.404,179.596,-77.343,2.518,-179.390
956790081.269287,-100.462,522.404,179.596,-77.343,2.518,-179.390
956790081.335924,-100.462,522.404,179.596,-77.343,2.518,-179.390
956790081.403928,-100.462,522.404,179.596,-77.343,2.518,-179.390
956790081.469793,-100.462,522.404,179.596,-77.343,2.518,-179.390
956790081.535902,-100.462,522.404,179.596,-77.343,2.518,-179.390
956790081.602598,-100.462,522.404,179.596,-77.343,2.518,-179.390
956790081.669198,-100.462,522.404,179.596,-77.343,2.518,-179.390
956790081.735899,-100.462,522.404,179.596,-77.343,2.518,-179.390
956790081.802722,-100.462,522.404,179.596,-77.343,2.518,-179.390
956790081.869649,-100.462,522.404,179.596,-77.343,2.518,-179.390
956790081.935911,-100.462,522.404,179.596,-77.343,2.518,-179.390
956790082.003083,-100.462,522.404,179.596,-77.343,2.518,-179.390
956790082.070681,-100.462,522.404,179.596,-77.343,2.518,-179.390
956790082.136575,-100.462,522.404,179.596,-77.343,2.518,-179.390
956790082.202430,-100.462,522.404,179.596,-77.343,2.518,-179.390
956790082.269313,-100.462,522.404,179.596,-77.343,2.518,-179.390
956790082.336062,-100.462,522.404,179.596,-77.343,2.518,-179.390
956790082.402855,-100.462,522.404,179.596,-77.343,2.518,-179.390
956790082.469203,-100.462,522.404,179.596,-77.343,2.518,-179.390
956790082.536382,-100.462,522.404,179.596,-77.343,2.518,-179.390
956790082.603015,-100.462,522.404,179.596,-77.343,2.518,-179.390
956790082.670089,-100.462,522.404,179.596,-77.343,2.518,-179.390
956790082.735909,-100.462,522.404,179.596,-77.343,2.518,-179.390
956790082.802848,-100.462,522.404,179.596,-77.343,2.518,-179.390
956790082.871289,-100.462,522.404,179.596,-77.343,2.518,-179.390
956790082.938782,-100.462,522.404,179.596,-77.343,2.518,-179.390
956790083.003345,-100.462,522.404,179.596,-77.343,2.518,-179.390
956790083.069140,-100.462,522.404,179.596,-77.343,2.518,-179.390
956790083.136688,-100.462,522.404,179.596,-77.343,2.518,-179.390
956790083.203411,-100.462,522.404,179.596,-77.343,2.518,-179.390
956790083.269901,-100.462,522.404,179.596,-77.343,2.518,-179.390
956790083.336421,-100.462,522.404,179.596,-77.343,2.518,-179.390
956790083.403325,-100.462,522.404,179.596,-77.343,2.518,-179.390
956790083.469715,-100.462,522.404,179.596,-77.343,2.518,-179.390
956790083.536558,-100.462,522.404,179.596,-77.343,2.518,-179.390
956790083.603203,-100.462,522.404,179.596,-77.343,2.518,-179.390
956790083.669392,-100.462,522.404,179.596,-77.343,2.518,-179.390
956790083.735776,-100.462,522.404,179.596,-77.343,2.518,-179.390
956790083.802776,-100.462,522.404,179.596,-77.343,2.518,-179.390
956790129.661638,-126.994,512.497,175.689,-90.000,0.000,-180.000
956790129.749860,-126.994,512.497,175.689,-90.000,0.000,-180.000
956790129.816906,-126.776,512.588,175.532,-89.905,0.000,180.000
956790129.883729,-126.152,512.836,175.113,-89.651,0.000,180.000
956790129.949610,-125.561,513.087,174.672,-89.383,0.000,180.000
956790130.017541,-124.953,513.353,174.184,-89.089,0.000,180.000
956790130.086935,-124.391,513.605,173.705,-88.801,0.000,-180.000
956790130.150860,-123.870,513.845,173.251,-88.526,0.000,180.000
956790130.216681,-123.342,514.090,172.779,-88.242,0.000,180.000
956790130.283640,-122.808,514.338,172.295,-87.950,0.000,180.000
956790130.350493,-122.245,514.604,171.778,-87.639,0.000,180.000
956790130.416597,-121.694,514.864,171.269,-87.332,0.000,-180.000
956790130.483782,-121.144,515.123,170.760,-87.025,0.001,-180.000
956790130.549610,-120.605,515.377,170.258,-86.724,0.000,-180.000
956790130.616621,-120.057,515.639,169.749,-86.416,0.000,-180.000
956790130.682681,-119.519,515.893,169.248,-86.115,0.000,-180.000
956790130.749622,-118.968,516.153,168.738,-85.808,0.000,-180.000
956790130.816618,-118.416,516.414,168.230,-85.502,0.001,-180.000
956790130.882657,-117.864,516.673,167.721,-85.196,0.000,-180.000
956790130.950614,-117.302,516.938,167.203,-84.884,0.000,-180.000
956790131.015615,-116.770,517.187,166.715,-84.591,0.000,-180.000
956790131.083649,-116.194,517.457,166.191,-84.276,0.000,-180.000
956790131.148602,-115.646,517.711,165.699,-83.979,0.000,-180.000
956790131.217573,-115.065,517.978,165.179,-83.666,0.000,-180.000
956790131.282669,-114.515,518.230,164.691,-83.372,0.000,-180.000
956790131.350592,-113.939,518.494,164.187,-83.068,0.000,-180.000
956790131.417713,-113.371,518.751,163.697,-82.772,0.000,-180.000
956790131.483780,-112.809,519.002,163.220,-82.485,0.000,-180.000
956790131.548628,-112.255,519.249,162.757,-82.205,0.000,-180.000
956790131.617506,-111.642,519.522,162.253,-81.901,0.000,-180.000
956790131.682612,-111.079,519.769,161.802,-81.628,0.001,-180.000
956790131.750578,-110.477,520.029,161.328,-81.342,0.001,-180.000
956790131.815571,-109.904,520.275,160.888,-81.075,0.001,-180.000
956790131.883646,-109.281,520.539,160.418,-80.791,0.001,-180.000
956790131.949594,-108.686,520.786,159.978,-80.526,0.001,-180.000
956790132.017620,-108.053,521.048,159.521,-80.250,0.001,-180.000
956790132.082615,-107.449,521.295,159.094,-79.991,0.001,-180.000
956790132.150573,-106.817,521.550,158.659,-79.727,0.001,-180.000
956790132.216581,-106.204,521.796,158.246,-79.477,0.001,-180.000
956790132.282796,-105.573,522.044,157.832,-79.226,0.001,-180.000
956790132.344136,-105.576,522.048,157.834,-79.225,0.001,-180.000
956790132.412980,-105.647,522.087,157.968,-79.339,-0.104,179.905
956790132.479902,-105.640,522.089,157.968,-79.340,-0.104,179.905
956790132.545539,-105.640,522.089,157.968,-79.340,-0.104,179.905
956790132.612226,-105.640,522.089,157.968,-79.340,-0.104,179.905
956790132.686402,-105.640,522.089,157.968,-79.340,-0.104,179.905
956790132.744758,-105.640,522.089,157.968,-79.340,-0.104,179.905
956790132.812067,-105.640,522.089,157.968,-79.340,-0.104,179.905
956790132.878083,-105.640,522.089,157.968,-79.340,-0.104,179.905
956790132.944948,-105.640,522.089,157.968,-79.340,-0.104,179.905
956790133.011811,-105.640,522.089,157.968,-79.340,-0.104,179.905
956790133.078068,-105.640,522.089,157.968,-79.340,-0.104,179.905
956790133.144597,-105.640,522.089,157.968,-79.340,-0.104,179.905
956790133.211209,-105.640,522.089,157.968,-79.340,-0.104,179.905
956790133.278313,-105.640,522.089,157.968,-79.340,-0.104,179.905
956790133.344673,-105.640,522.089,157.968,-79.340,-0.104,179.905
956790133.410954,-105.640,522.089,157.968,-79.340,-0.104,179.905
956790133.478711,-105.640,522.089,157.968,-79.340,-0.104,179.905
956790133.544749,-105.640,522.089,157.968,-79.340,-0.104,179.905
956790133.612403,-105.640,522.089,157.968,-79.340,-0.104,179.905
956790133.678079,-105.640,522.089,157.968,-79.340,-0.104,179.905
956790133.744841,-105.640,522.089,157.968,-79.340,-0.104,179.905
956790133.811560,-105.640,522.089,157.968,-79.340,-0.104,179.905
956790133.877698,-105.640,522.089,157.968,-79.340,-0.104,179.905
956790133.945358,-105.640,522.089,157.968,-79.340,-0.104,179.905
956790134.011213,-105.640,522.089,157.968,-79.340,-0.104,179.905
956790134.081858,-105.640,522.089,157.968,-79.340,-0.104,179.905
956790134.144332,-105.640,522.089,157.968,-79.340,-0.104,179.905
956790134.211068,-105.640,522.089,157.968,-79.340,-0.104,179.905
956790134.277808,-105.640,522.089,157.968,-79.340,-0.104,179.905
956790134.344619,-105.640,522.089,157.968,-79.340,-0.104,179.905
956790134.411933,-105.640,522.089,157.968,-79.340,-0.104,179.905
956790134.477316,-105.640,522.089,157.968,-79.340,-0.104,179.905
956790134.545112,-105.640,522.089,157.968,-79.340,-0.104,179.905
956790134.611268,-105.640,522.089,157.968,-79.340,-0.104,179.905
956790134.678963,-105.640,522.089,157.968,-79.340,-0.104,179.905
956790134.745548,-105.640,522.089,157.968,-79.340,-0.104,179.905
956790134.810906,-105.640,522.089,157.968,-79.340,-0.104,179.905
956790134.878652,-105.640,522.089,157.968,-79.340,-0.104,179.905
956790134.943681,-105.640,522.089,157.968,-79.340,-0.104,179.905
956790135.011464,-105.640,522.089,157.968,-79.340,-0.104,179.905
956790135.078178,-105.640,522.089,157.968,-79.340,-0.104,179.905
956790135.144419,-105.640,522.089,157.968,-79.340,-0.104,179.905
956790135.211405,-105.640,522.089,157.968,-79.340,-0.104,179.905
956790135.277778,-105.640,522.089,157.968,-79.340,-0.104,179.905
956790135.345914,-105.640,522.089,157.968,-79.340,-0.104,179.905
956790135.412544,-105.640,522.089,157.968,-79.340,-0.104,179.905
956790135.480225,-105.640,522.089,157.968,-79.340,-0.104,179.905
956790135.544712,-105.640,522.089,157.968,-79.340,-0.104,179.905
956790135.610698,-105.640,522.089,157.968,-79.340,-0.104,179.905
956790135.677533,-105.640,522.089,157.968,-79.340,-0.104,179.905
956790135.744410,-105.640,522.089,157.968,-79.340,-0.104,179.905
956790135.810833,-105.640,522.089,157.968,-79.340,-0.104,179.905
956790135.877713,-105.640,522.089,157.968,-79.340,-0.104,179.905
956790135.945324,-105.640,522.089,157.968,-79.340,-0.104,179.905
956790136.011622,-105.640,522.089,157.968,-79.340,-0.104,179.905
956790136.077747,-105.640,522.089,157.968,-79.340,-0.104,179.905
956790136.144839,-105.640,522.089,157.968,-79.340,-0.104,179.905
956790136.210195,-105.640,522.089,157.968,-79.340,-0.104,179.905
956790136.277241,-105.640,522.089,157.968,-79.340,-0.104,179.905
956790136.342992,-105.640,522.089,157.968,-79.340,-0.104,179.905
956790136.411102,-105.640,522.089,157.968,-79.340,-0.104,179.905
956790136.477416,-105.640,522.089,157.968,-79.340,-0.104,179.905
956790136.543294,-105.640,522.089,157.968,-79.340,-0.104,179.905
956790136.610345,-105.640,522.089,157.968,-79.340,-0.104,179.905
956790136.679214,-105.640,522.089,157.968,-79.340,-0.104,179.905
956790136.749564,-105.640,522.089,157.968,-79.340,-0.104,179.905
956790136.811074,-105.640,522.089,157.968,-79.340,-0.104,179.905
956790136.877912,-105.640,522.089,157.968,-79.340,-0.104,179.905
956790136.944369,-105.640,522.089,157.968,-79.340,-0.104,179.905
956790137.012589,-105.640,522.089,157.968,-79.340,-0.104,179.905
956790137.078583,-105.640,522.089,157.968,-79.340,-0.104,179.905
956790137.144763,-105.640,522.089,157.968,-79.340,-0.104,179.905
956790137.211806,-105.640,522.089,157.968,-79.340,-0.104,179.905
956790137.277841,-105.640,522.089,157.968,-79.340,-0.104,179.905
956790137.344821,-105.640,522.089,157.968,-79.340,-0.104,179.905
956790137.411313,-105.640,522.089,157.968,-79.340,-0.104,179.905
956790137.478848,-105.640,522.089,157.968,-79.340,-0.104,179.905
956790137.544584,-105.640,522.089,157.968,-79.340,-0.104,179.905
956790137.611570,-105.640,522.089,157.968,-79.340,-0.104,179.905
956790137.678074,-105.640,522.089,157.968,-79.340,-0.104,179.905
956790137.744716,-105.640,522.089,157.968,-79.340,-0.104,179.905
956790137.811677,-105.640,522.089,157.968,-79.340,-0.104,179.905
956790137.877690,-105.640,522.089,157.968,-79.340,-0.104,179.905
956790137.944430,-105.640,522.089,157.968,-79.340,-0.104,179.905
956790138.013485,-105.640,522.089,157.968,-79.340,-0.104,179.905
956790138.079750,-105.640,522.089,157.968,-79.340,-0.104,179.905
956790138.147133,-105.640,522.089,157.968,-79.340,-0.104,179.905
956790138.210672,-105.640,522.089,157.968,-79.340,-0.104,179.905
956790138.278179,-105.640,522.089,157.968,-79.340,-0.104,179.905
956790138.344364,-105.640,522.089,157.968,-79.340,-0.104,179.905
956790138.411424,-105.640,522.089,157.968,-79.340,-0.104,179.905
956790138.478636,-105.640,522.089,157.968,-79.340,-0.104,179.905
956790138.544346,-105.640,522.089,157.968,-79.340,-0.104,179.905
956790138.611534,-105.640,522.089,157.968,-79.340,-0.104,179.905
956790138.677930,-105.640,522.089,157.968,-79.340,-0.104,179.905
956790138.744623,-105.640,522.089,157.968,-79.340,-0.104,179.905
956790138.811665,-105.640,522.089,157.968,-79.340,-0.104,179.905
956790138.877296,-105.640,522.089,157.968,-79.340,-0.104,179.905
956790138.944867,-105.640,522.089,157.968,-79.340,-0.104,179.905
956790139.011810,-105.640,522.089,157.968,-79.340,-0.104,179.905
956790139.077560,-105.640,522.089,157.968,-79.340,-0.104,179.905
956790139.145030,-105.640,522.089,157.968,-79.340,-0.104,179.905
956790139.210857,-105.640,522.089,157.968,-79.340,-0.104,179.905
956790139.278071,-105.640,522.089,157.968,-79.340,-0.104,179.905
956790139.345945,-105.640,522.089,157.968,-79.340,-0.104,179.905
956790139.414845,-105.640,522.089,157.968,-79.340,-0.104,179.905
956790139.477212,-105.640,522.089,157.968,-79.340,-0.104,179.905
956790139.544711,-105.640,522.089,157.968,-79.340,-0.104,179.905
956790139.611093,-105.640,522.089,157.968,-79.340,-0.104,179.905
956790139.678205,-105.640,522.089,157.968,-79.340,-0.104,179.905
956790139.743784,-105.640,522.089,157.968,-79.340,-0.104,179.905
956790139.811534,-105.640,522.089,157.968,-79.340,-0.104,179.905
956790139.877047,-105.640,522.089,157.968,-79.340,-0.104,179.905
956790139.944444,-105.640,522.089,157.968,-79.340,-0.104,179.905
956790140.010286,-105.640,522.089,157.968,-79.340,-0.104,179.905
956790140.078243,-105.640,522.089,157.968,-79.340,-0.104,179.905
956790140.143612,-105.640,522.089,157.968,-79.340,-0.104,179.905
956790140.211345,-105.640,522.089,157.968,-79.340,-0.104,179.905
956790140.277056,-105.640,522.089,157.968,-79.340,-0.104,179.905
956790140.344842,-105.640,522.089,157.968,-79.340,-0.104,179.905
956790140.410190,-105.640,522.089,157.968,-79.340,-0.104,179.905
956790140.478204,-105.640,522.089,157.968,-79.340,-0.104,179.905
956790140.543579,-105.640,522.089,157.968,-79.340,-0.104,179.905
956790140.611386,-105.640,522.089,157.968,-79.340,-0.104,179.905
956790140.679533,-105.640,522.089,157.968,-79.340,-0.104,179.905
956790140.744785,-105.640,522.089,157.968,-79.340,-0.104,179.905
956790140.810864,-105.640,522.089,157.968,-79.340,-0.104,179.905
956790140.877540,-105.640,522.089,157.968,-79.340,-0.104,179.905
956790140.944409,-105.640,522.089,157.968,-79.340,-0.104,179.905
956790141.011813,-105.640,522.089,157.968,-79.340,-0.104,179.905
956790141.079488,-105.640,522.089,157.968,-79.340,-0.104,179.905
956790141.144135,-105.640,522.089,157.968,-79.340,-0.104,179.905
956790141.211062,-105.640,522.089,157.968,-79.340,-0.104,179.905
956790141.276660,-105.640,522.089,157.968,-79.340,-0.104,179.905
956790141.344704,-105.640,522.089,157.968,-79.340,-0.104,179.905
956790141.409944,-105.640,522.089,157.968,-79.340,-0.104,179.905
956790141.477694,-105.647,522.087,157.968,-79.339,-0.104,179.905
956790141.543085,-105.676,522.082,157.968,-79.336,-0.103,179.905
956790141.611317,-105.702,522.079,157.979,-79.333,-0.101,179.906
956790141.676378,-105.704,522.070,158.047,-79.333,-0.094,179.907
956790141.744465,-105.703,522.052,158.246,-79.329,-0.072,179.913
956790141.809689,-105.646,521.922,158.667,-79.265,-0.027,179.969
956790141.877570,-105.555,521.661,160.991,-79.168,0.225,-179.912
956790141.943143,-105.554,521.432,166.048,-79.167,0.771,-179.814
956790142.011640,-105.550,521.030,173.118,-79.164,1.534,-179.676
956790142.077788,-105.546,520.702,177.932,-79.161,2.054,-179.582
956790142.144843,-105.544,520.676,178.287,-79.161,2.092,-179.576
956790142.209961,-105.544,520.676,178.287,-79.161,2.092,-179.576
956790142.277867,-105.542,520.677,178.287,-79.161,2.092,-179.576
956790142.343624,-105.540,520.677,178.287,-79.162,2.092,-179.576
956790142.411355,-105.540,520.677,178.287,-79.162,2.092,-179.576
956790142.476600,-105.538,520.678,178.287,-79.162,2.092,-179.576
956790142.544530,-105.538,520.678,178.287,-79.162,2.092,-179.576
956790142.610069,-105.538,520.678,178.287,-79.162,2.092,-179.576
956790142.677471,-105.538,520.678,178.287,-79.162,2.092,-179.576
956790142.743383,-105.538,520.678,178.287,-79.162,2.092,-179.576
956790142.810947,-105.531,520.679,178.287,-79.163,2.092,-179.576
956790142.876812,-105.531,520.679,178.287,-79.163,2.092,-179.576
956790142.944392,-105.531,520.679,178.287,-79.163,2.092,-179.576
956790143.010104,-105.531,520.679,178.287,-79.163,2.092,-179.576
956790143.078775,-105.531,520.679,178.287,-79.163,2.092,-179.576
956790143.143614,-105.529,520.679,178.287,-79.163,2.092,-179.576
956790143.210784,-105.529,520.679,178.287,-79.163,2.092,-179.576
956790143.277014,-105.529,520.679,178.287,-79.163,2.092,-179.576
956790143.345857,-105.529,520.679,178.287,-79.163,2.092,-179.576
956790143.412238,-105.529,520.679,178.287,-79.163,2.092,-179.576
956790143.479757,-105.529,520.679,178.287,-79.163,2.092,-179.576
956790143.544513,-105.529,520.679,178.287,-79.163,2.092,-179.576
956790143.610584,-105.529,520.679,178.287,-79.163,2.092,-179.576
956790143.679196,-105.529,520.679,178.287,-79.163,2.092,-179.576
956790143.743992,-105.529,520.679,178.287,-79.163,2.092,-179.576
956790143.811040,-105.529,520.679,178.287,-79.163,2.092,-179.576
956790143.877657,-105.529,520.679,178.287,-79.163,2.092,-179.576
956790143.943548,-105.529,520.679,178.287,-79.163,2.092,-179.576
956790144.011494,-105.529,520.679,178.287,-79.163,2.092,-179.576
956790144.077301,-105.529,520.679,178.287,-79.163,2.092,-179.576
956790144.145200,-105.529,520.679,178.287,-79.163,2.092,-179.576
956790144.210646,-105.529,520.679,178.287,-79.163,2.092,-179.576
956790144.277559,-105.529,520.679,178.287,-79.163,2.092,-179.576
956790144.344112,-105.529,520.679,178.287,-79.163,2.092,-179.576
956790144.411142,-105.529,520.679,178.287,-79.163,2.092,-179.576
956790144.478184,-105.529,520.679,178.287,-79.163,2.092,-179.576
956790144.544109,-105.529,520.679,178.287,-79.163,2.092,-179.576
956790144.611874,-105.529,520.679,178.287,-79.163,2.092,-179.576
956790144.678941,-105.529,520.679,178.287,-79.163,2.092,-179.576
956790144.747122,-105.529,520.679,178.287,-79.163,2.092,-179.576
956790144.810908,-105.529,520.679,178.287,-79.163,2.092,-179.576
956790144.877302,-105.529,520.679,178.287,-79.163,2.092,-179.576
956790144.945214,-105.529,520.679,178.287,-79.163,2.092,-179.576
956790145.010459,-105.529,520.679,178.287,-79.163,2.092,-179.576
956790145.078454,-105.529,520.679,178.287,-79.163,2.092,-179.576
956790145.143636,-105.529,520.679,178.287,-79.163,2.092,-179.576
956790145.211868,-105.529,520.679,178.287,-79.163,2.092,-179.576
956790145.277198,-105.529,520.679,178.287,-79.163,2.092,-179.576
956790145.345090,-105.529,520.679,178.287,-79.163,2.092,-179.576
956790145.410569,-105.529,520.679,178.287,-79.163,2.092,-179.576
956790145.478067,-105.529,520.679,178.287,-79.163,2.092,-179.576
956790145.543337,-105.529,520.679,178.287,-79.163,2.092,-179.576
956790145.612000,-105.529,520.679,178.287,-79.163,2.092,-179.576
956790145.678320,-105.529,520.679,178.287,-79.163,2.092,-179.576
956790145.744544,-105.529,520.679,178.287,-79.163,2.092,-179.576
956790145.810426,-105.529,520.679,178.287,-79.163,2.092,-179.576
956790145.878448,-105.529,520.679,178.287,-79.163,2.092,-179.576
956790145.943056,-105.529,520.679,178.287,-79.163,2.092,-179.576
956790146.010883,-105.529,520.679,178.287,-79.163,2.092,-179.576
956790146.079560,-105.529,520.679,178.287,-79.163,2.092,-179.576
956790146.144715,-105.529,520.679,178.287,-79.163,2.092,-179.576
956790146.209677,-105.529,520.679,178.287,-79.163,2.092,-179.576
956790146.277817,-105.529,520.679,178.287,-79.163,2.092,-179.576
956790146.343244,-105.529,520.679,178.287,-79.163,2.092,-179.576
956790146.411189,-105.529,520.679,178.287,-79.163,2.092,-179.576
956790146.476597,-105.529,520.679,178.287,-79.163,2.092,-179.576
956790146.544465,-105.529,520.679,178.287,-79.163,2.092,-179.576
956790146.610219,-105.529,520.679,178.287,-79.163,2.092,-179.576
956790146.678209,-105.529,520.679,178.287,-79.163,2.092,-179.576
956790146.743023,-105.529,520.679,178.287,-79.163,2.092,-179.576
956790146.811192,-105.529,520.679,178.287,-79.163,2.092,-179.576
956790146.876985,-105.529,520.679,178.287,-79.163,2.092,-179.576
956790146.944964,-105.529,520.679,178.287,-79.163,2.092,-179.576
956790147.010488,-105.529,520.679,178.287,-79.163,2.092,-179.576
956790147.077114,-105.529,520.679,178.287,-79.163,2.092,-179.576
956790147.143995,-105.529,520.679,178.287,-79.163,2.092,-179.576
956790147.211088,-105.529,520.679,178.287,-79.163,2.092,-179.576
956790147.277303,-105.529,520.679,178.287,-79.163,2.092,-179.576
956790147.343871,-105.529,520.679,178.287,-79.163,2.092,-179.576
956790147.412469,-105.529,520.679,178.287,-79.163,2.092,-179.576
956790147.478025,-105.529,520.679,178.287,-79.163,2.092,-179.576
956790147.544901,-105.529,520.679,178.287,-79.163,2.092,-179.576
956790147.610319,-105.529,520.679,178.287,-79.163,2.092,-179.576
956790147.677927,-105.529,520.679,178.287,-79.163,2.092,-179.576
956790147.744453,-105.529,520.679,178.287,-79.163,2.092,-179.576
956790147.811798,-105.529,520.679,178.287,-79.163,2.092,-179.576
956790147.877160,-105.529,520.679,178.287,-79.163,2.092,-179.576
956790147.944723,-105.529,520.679,178.287,-79.163,2.092,-179.576
956790148.010222,-105.529,520.679,178.287,-79.163,2.092,-179.576
956790148.077592,-105.529,520.679,178.287,-79.163,2.092,-179.576
956790148.144940,-105.529,520.679,178.287,-79.163,2.092,-179.576
956790148.209851,-105.529,520.679,178.287,-79.163,2.092,-179.576
956790148.278004,-105.529,520.679,178.287,-79.163,2.092,-179.576
956790148.343261,-105.529,520.679,178.287,-79.163,2.092,-179.576
956790148.411690,-105.529,520.679,178.287,-79.163,2.092,-179.576
956790148.477353,-105.529,520.679,178.287,-79.163,2.092,-179.576
956790148.545292,-105.529,520.679,178.287,-79.163,2.092,-179.576
956790212.911366,-126.994,512.497,175.689,-90.000,0.000,-180.000
956790212.997567,-126.994,512.497,175.689,-90.000,0.000,-180.000
956790213.064673,-126.179,512.788,175.052,-89.641,0.000,180.000
956790213.130593,-124.955,513.213,174.185,-89.140,0.000,180.000
956790213.197637,-123.793,513.642,173.201,-88.597,0.000,180.000
956790213.264660,-122.679,514.072,172.162,-88.037,0.000,180.000
956790213.332643,-121.551,514.517,171.046,-87.443,0.000,-180.000
956790213.398626,-120.485,514.946,169.956,-86.866,0.000,-180.000
956790213.464623,-119.427,515.373,168.854,-86.286,0.000,-180.000
956790213.531566,-118.357,515.809,167.722,-85.692,0.000,-180.000
956790213.598596,-117.312,516.235,166.611,-85.108,0.000,-180.000
956790213.664794,-116.285,516.655,165.518,-84.535,0.000,-180.000
956790213.731701,-115.235,517.081,164.403,-83.950,0.000,-180.000
956790213.798591,-114.204,517.499,163.314,-83.378,0.000,-180.000
956790213.864607,-113.167,517.920,162.232,-82.808,-0.000,180.000
956790213.931563,-112.120,518.340,161.158,-82.242,-0.000,180.000
956790213.998541,-111.122,518.737,160.158,-81.711,-0.000,180.000
956790214.065600,-110.004,519.175,159.073,-81.130,-0.000,180.000
956790214.132669,-108.867,519.612,158.011,-80.558,-0.000,180.000
956790214.198581,-107.748,520.034,157.013,-80.014,-0.000,180.000
956790214.259603,-107.254,520.216,156.596,-79.784,-0.000,180.000
956790214.326332,-107.343,520.255,156.810,-79.747,-0.102,179.908
956790214.393178,-107.348,520.256,156.812,-79.748,-0.102,179.907
956790214.459860,-107.355,520.255,156.812,-79.747,-0.102,179.907
956790214.526547,-107.355,520.255,156.812,-79.747,-0.102,179.907
956790214.592953,-107.355,520.255,156.812,-79.747,-0.102,179.907
956790214.659725,-107.355,520.255,156.812,-79.747,-0.102,179.907
956790214.726122,-107.355,520.255,156.812,-79.747,-0.102,179.907
956790214.793011,-107.355,520.255,156.812,-79.747,-0.102,179.907
956790214.859662,-107.355,520.255,156.812,-79.747,-0.102,179.907
956790214.926686,-107.355,520.255,156.812,-79.747,-0.102,179.907
956790214.993392,-107.355,520.255,156.812,-79.747,-0.102,179.907
956790215.059949,-107.355,520.255,156.812,-79.747,-0.102,179.907
956790215.126328,-107.355,520.255,156.812,-79.747,-0.102,179.907
956790215.195517,-107.355,520.255,156.812,-79.747,-0.102,179.907
956790215.259468,-107.355,520.255,156.812,-79.747,-0.102,179.907
956790215.326563,-107.355,520.255,156.812,-79.747,-0.102,179.907
956790215.392649,-107.355,520.255,156.812,-79.747,-0.102,179.907
956790215.460305,-107.355,520.255,156.812,-79.747,-0.102,179.907
956790215.525966,-107.355,520.255,156.812,-79.747,-0.102,179.907
956790215.592509,-107.355,520.255,156.812,-79.747,-0.102,179.907
956790215.659080,-107.355,520.255,156.812,-79.747,-0.102,179.907
956790215.726147,-107.355,520.255,156.812,-79.747,-0.102,179.907
956790215.792892,-107.355,520.255,156.812,-79.747,-0.102,179.907
956790215.859543,-107.355,520.255,156.812,-79.747,-0.102,179.907
956790215.925576,-107.355,520.255,156.812,-79.747,-0.102,179.907
956790215.992869,-107.355,520.255,156.812,-79.747,-0.102,179.907
956790216.059909,-107.355,520.255,156.812,-79.747,-0.102,179.907
956790216.126208,-107.355,520.255,156.812,-79.747,-0.102,179.907
956790216.193025,-107.355,520.255,156.812,-79.747,-0.102,179.907
956790216.259320,-107.355,520.255,156.812,-79.747,-0.102,179.907
956790216.325805,-107.355,520.255,156.812,-79.747,-0.102,179.907
956790216.392971,-107.355,520.255,156.812,-79.747,-0.102,179.907
956790216.459428,-107.355,520.255,156.812,-79.747,-0.102,179.907
956790216.526866,-107.355,520.255,156.812,-79.747,-0.102,179.907
956790216.592485,-107.355,520.255,156.812,-79.747,-0.102,179.907
956790216.658939,-107.355,520.255,156.812,-79.747,-0.102,179.907
956790216.726110,-107.355,520.255,156.812,-79.747,-0.102,179.907
956790216.793713,-107.355,520.255,156.812,-79.747,-0.102,179.907
956790216.860323,-107.355,520.255,156.812,-79.747,-0.102,179.907
956790216.926010,-107.355,520.255,156.812,-79.747,-0.102,179.907
956790216.992343,-107.355,520.255,156.812,-79.747,-0.102,179.907
956790217.059537,-107.355,520.255,156.812,-79.747,-0.102,179.907
956790217.126320,-107.355,520.255,156.812,-79.747,-0.102,179.907
956790217.193314,-107.355,520.255,156.812,-79.747,-0.102,179.907
956790217.258839,-107.355,520.255,156.812,-79.747,-0.102,179.907
956790217.325949,-107.355,520.255,156.812,-79.747,-0.102,179.907
956790217.392355,-107.355,520.255,156.812,-79.747,-0.102,179.907
956790217.459422,-107.355,520.255,156.812,-79.747,-0.102,179.907
956790217.525698,-107.355,520.255,156.812,-79.747,-0.102,179.907
956790217.594103,-107.355,520.255,156.812,-79.747,-0.102,179.907
956790217.659671,-107.355,520.255,156.812,-79.747,-0.102,179.907
956790217.725949,-107.355,520.255,156.812,-79.747,-0.102,179.907
956790217.792491,-107.355,520.255,156.812,-79.747,-0.102,179.907
956790217.861548,-107.355,520.255,156.812,-79.747,-0.102,179.907
956790217.926938,-107.355,520.255,156.812,-79.747,-0.102,179.907
956790217.992401,-107.355,520.255,156.812,-79.747,-0.102,179.907
956790218.059928,-107.355,520.255,156.812,-79.747,-0.102,179.907
956790218.126950,-107.355,520.255,156.812,-79.747,-0.102,179.907
956790218.192186,-107.355,520.255,156.812,-79.747,-0.102,179.907
956790218.258955,-107.355,520.255,156.812,-79.747,-0.102,179.907
956790218.325222,-107.355,520.255,156.812,-79.747,-0.102,179.907
956790218.392053,-107.355,520.255,156.812,-79.747,-0.102,179.907
956790218.458916,-107.355,520.255,156.812,-79.747,-0.102,179.907
956790218.525544,-107.355,520.255,156.812,-79.747,-0.102,179.907
956790218.592187,-107.355,520.255,156.812,-79.747,-0.102,179.907
956790218.658944,-107.355,520.255,156.812,-79.747,-0.102,179.907
956790218.725686,-107.355,520.255,156.812,-79.747,-0.102,179.907
956790218.791920,-107.355,520.255,156.812,-79.747,-0.102,179.907
956790218.860304,-107.355,520.255,156.812,-79.747,-0.102,179.907
956790218.925276,-107.355,520.255,156.812,-79.747,-0.102,179.907
956790218.992389,-107.355,520.255,156.812,-79.747,-0.102,179.907
956790219.058915,-107.355,520.255,156.812,-79.747,-0.102,179.907
956790219.126488,-107.355,520.255,156.812,-79.747,-0.102,179.907
956790219.194011,-107.355,520.255,156.812,-79.747,-0.102,179.907
956790219.259555,-107.355,520.255,156.812,-79.747,-0.102,179.907
956790219.325505,-107.355,520.255,156.812,-79.747,-0.102,179.907
956790219.392967,-107.355,520.255,156.812,-79.747,-0.102,179.907
956790219.461036,-107.355,520.255,156.812,-79.747,-0.102,179.907
956790219.526715,-107.355,520.255,156.812,-79.747,-0.102,179.907
956790219.592793,-107.355,520.255,156.812,-79.747,-0.102,179.907
956790219.659315,-107.355,520.255,156.812,-79.747,-0.102,179.907
956790219.726106,-107.355,520.255,156.812,-79.747,-0.102,179.907
956790219.792750,-107.355,520.255,156.812,-79.747,-0.102,179.907
956790219.858900,-107.355,520.255,156.812,-79.747,-0.102,179.907
956790219.927696,-107.355,520.255,156.812,-79.747,-0.102,179.907
956790219.992999,-107.355,520.255,156.812,-79.747,-0.102,179.907
956790220.059104,-107.355,520.255,156.812,-79.747,-0.102,179.907
956790220.125908,-107.355,520.255,156.812,-79.747,-0.102,179.907
956790220.192848,-107.355,520.255,156.812,-79.747,-0.102,179.907
956790220.259903,-107.355,520.255,156.812,-79.747,-0.102,179.907
956790220.326620,-107.355,520.255,156.812,-79.747,-0.102,179.907
956790220.392900,-107.355,520.255,156.812,-79.747,-0.102,179.907
956790220.459475,-107.355,520.255,156.812,-79.747,-0.102,179.907
956790220.526368,-107.355,520.255,156.812,-79.747,-0.102,179.907
956790220.592555,-107.355,520.255,156.812,-79.747,-0.102,179.907
956790220.659087,-107.355,520.255,156.812,-79.747,-0.102,179.907
956790220.726603,-107.355,520.255,156.812,-79.747,-0.102,179.907
956790220.792517,-107.355,520.255,156.812,-79.747,-0.102,179.907
956790220.859274,-107.355,520.255,156.812,-79.747,-0.102,179.907
956790220.925993,-107.355,520.255,156.812,-79.747,-0.102,179.907
956790220.992250,-107.355,520.255,156.812,-79.747,-0.102,179.907
956790221.058857,-107.355,520.255,156.812,-79.747,-0.102,179.907
956790221.125715,-107.355,520.255,156.812,-79.747,-0.102,179.907
956790221.192367,-107.355,520.255,156.812,-79.747,-0.102,179.907
956790221.259977,-107.355,520.255,156.812,-79.747,-0.102,179.907
956790221.325694,-107.355,520.255,156.812,-79.747,-0.102,179.907
956790221.392651,-107.355,520.255,156.812,-79.747,-0.102,179.907
956790221.458920,-107.355,520.255,156.812,-79.747,-0.102,179.907
956790221.525677,-107.355,520.255,156.812,-79.747,-0.102,179.907
956790221.592055,-107.355,520.255,156.812,-79.747,-0.102,179.907
956790221.658795,-107.355,520.255,156.812,-79.747,-0.102,179.907
956790221.725734,-107.355,520.255,156.812,-79.747,-0.102,179.907
956790221.792453,-107.355,520.255,156.812,-79.747,-0.102,179.907
956790221.860950,-107.355,520.255,156.812,-79.747,-0.102,179.907
956790221.927314,-107.355,520.255,156.812,-79.747,-0.102,179.907
956790221.992507,-107.355,520.255,156.812,-79.747,-0.102,179.907
956790222.059311,-107.355,520.255,156.812,-79.747,-0.102,179.907
956790222.125956,-107.355,520.255,156.812,-79.747,-0.102,179.907
956790222.192653,-107.355,520.255,156.812,-79.747,-0.102,179.907
956790222.259159,-107.355,520.255,156.812,-79.747,-0.102,179.907
956790222.325688,-107.355,520.255,156.812,-79.747,-0.102,179.907
956790222.392629,-107.355,520.255,156.812,-79.747,-0.102,179.907
956790222.458923,-107.355,520.255,156.812,-79.747,-0.102,179.907
956790222.525685,-107.355,520.255,156.812,-79.747,-0.102,179.907
956790222.592383,-107.355,520.255,156.812,-79.747,-0.102,179.907
956790222.658927,-107.355,520.255,156.812,-79.747,-0.102,179.907
956790222.725453,-107.355,520.255,156.812,-79.747,-0.102,179.907
956790222.792126,-107.355,520.255,156.812,-79.747,-0.102,179.907
956790222.858751,-107.355,520.255,156.812,-79.747,-0.102,179.907
956790222.925329,-107.355,520.255,156.812,-79.747,-0.102,179.907
956790222.992075,-107.355,520.255,156.812,-79.747,-0.102,179.907
956790223.058794,-107.355,520.255,156.812,-79.747,-0.102,179.907
956790223.125680,-107.355,520.255,156.812,-79.747,-0.102,179.907
956790223.193709,-107.355,520.255,156.812,-79.747,-0.102,179.907
956790223.260164,-107.355,520.255,156.812,-79.747,-0.102,179.907
956790223.327172,-107.355,520.255,156.812,-79.747,-0.102,179.907
956790223.392064,-107.355,520.255,156.812,-79.747,-0.102,179.907
956790223.458935,-107.355,520.255,156.812,-79.747,-0.102,179.907
956790223.525441,-107.355,520.255,156.812,-79.747,-0.102,179.907
956790223.592188,-107.355,520.255,156.812,-79.747,-0.102,179.907
956790223.658922,-107.355,520.255,156.812,-79.747,-0.102,179.907
956790223.725427,-107.355,520.255,156.812,-79.747,-0.102,179.907
956790223.792394,-107.355,520.255,156.812,-79.747,-0.102,179.907
956790223.858767,-107.355,520.255,156.812,-79.747,-0.102,179.907
956790223.925537,-107.355,520.255,156.812,-79.747,-0.102,179.907
956790223.992341,-107.355,520.255,156.812,-79.747,-0.102,179.907
956790224.058859,-107.355,520.255,156.812,-79.747,-0.102,179.907
956790224.125766,-107.355,520.255,156.812,-79.747,-0.102,179.907
956790224.192518,-107.355,520.255,156.812,-79.747,-0.102,179.907
956790224.258604,-107.355,520.255,156.812,-79.747,-0.102,179.907
956790224.325450,-107.355,520.255,156.812,-79.747,-0.102,179.907
956790224.392063,-107.355,520.255,156.812,-79.747,-0.102,179.907
956790224.458568,-107.355,520.255,156.812,-79.747,-0.102,179.907
956790224.525938,-107.355,520.255,156.812,-79.747,-0.102,179.907
956790224.594460,-107.355,520.255,156.812,-79.747,-0.102,179.907
956790224.660738,-107.355,520.255,156.812,-79.747,-0.102,179.907
956790224.725670,-107.355,520.255,156.812,-79.747,-0.102,179.907
956790224.793004,-107.355,520.255,156.812,-79.747,-0.102,179.907
956790224.858802,-107.355,520.255,156.812,-79.747,-0.102,179.907
956790224.925415,-107.355,520.255,156.812,-79.747,-0.102,179.907
956790224.992189,-107.355,520.255,156.812,-79.747,-0.102,179.907
956790225.058776,-107.355,520.255,156.812,-79.747,-0.102,179.907
956790225.125524,-107.355,520.255,156.812,-79.747,-0.102,179.907
956790225.191950,-107.355,520.255,156.812,-79.747,-0.102,179.907
956790225.258913,-107.355,520.255,156.812,-79.747,-0.102,179.907
956790225.325149,-107.355,520.255,156.812,-79.747,-0.102,179.907
956790225.392238,-107.355,520.255,156.812,-79.747,-0.102,179.907
956790225.458553,-107.355,520.255,156.812,-79.747,-0.102,179.907
956790225.525431,-107.355,520.255,156.812,-79.747,-0.102,179.907
956790225.591787,-107.355,520.255,156.812,-79.747,-0.102,179.907
956790225.658473,-107.355,520.255,156.812,-79.747,-0.102,179.907
956790225.725477,-107.355,520.255,156.812,-79.747,-0.102,179.907
956790225.792267,-107.355,520.255,156.812,-79.747,-0.102,179.907
956790225.860459,-107.355,520.255,156.812,-79.747,-0.102,179.907
956790225.927241,-107.355,520.255,156.812,-79.747,-0.102,179.907
956790225.991853,-107.355,520.255,156.812,-79.747,-0.102,179.907
956790226.058509,-107.355,520.255,156.812,-79.747,-0.102,179.907
956790226.125339,-107.355,520.255,156.812,-79.747,-0.102,179.907
956790226.192041,-107.355,520.255,156.812,-79.747,-0.102,179.907
956790226.258676,-107.355,520.255,156.812,-79.747,-0.102,179.907
956790226.326017,-107.355,520.255,156.812,-79.747,-0.102,179.907
956790226.391792,-107.355,520.255,156.812,-79.747,-0.102,179.907
956790226.458812,-107.355,520.255,156.812,-79.747,-0.102,179.907
956790226.525213,-107.355,520.255,156.812,-79.747,-0.102,179.907
956790226.593062,-107.355,520.255,156.812,-79.747,-0.102,179.907
956790226.658819,-107.355,520.255,156.812,-79.747,-0.102,179.907
956790226.725739,-107.355,520.255,156.812,-79.747,-0.102,179.907
956790226.792452,-107.355,520.255,156.812,-79.747,-0.102,179.907
956790226.859219,-107.355,520.255,156.812,-79.747,-0.102,179.907
956790226.925426,-107.355,520.255,156.812,-79.747,-0.102,179.907
956790226.991944,-107.355,520.255,156.812,-79.747,-0.102,179.907
956790227.059295,-107.355,520.255,156.812,-79.747,-0.102,179.907
956790227.125526,-107.355,520.255,156.812,-79.747,-0.102,179.907
956790227.192039,-107.355,520.255,156.812,-79.747,-0.102,179.907
956790227.259853,-107.355,520.255,156.812,-79.747,-0.102,179.907
956790227.325275,-107.355,520.255,156.812,-79.747,-0.102,179.907
956790227.392210,-107.355,520.255,156.812,-79.747,-0.102,179.907
956790227.458641,-107.355,520.255,156.812,-79.747,-0.102,179.907
956790227.525429,-107.355,520.255,156.812,-79.747,-0.102,179.907
956790227.591943,-107.355,520.255,156.812,-79.747,-0.102,179.907
956790227.658561,-107.355,520.255,156.812,-79.747,-0.102,179.907
956790227.725348,-107.355,520.255,156.812,-79.747,-0.102,179.907
956790227.792856,-107.355,520.255,156.812,-79.747,-0.102,179.907
956790227.859003,-107.355,520.255,156.812,-79.747,-0.102,179.907
956790227.925040,-107.355,520.255,156.812,-79.747,-0.102,179.907
956790227.991675,-107.355,520.255,156.812,-79.747,-0.102,179.907
956790228.058307,-107.355,520.255,156.812,-79.747,-0.102,179.907
956790228.124947,-107.355,520.255,156.812,-79.747,-0.102,179.907
956790228.192053,-107.355,520.255,156.812,-79.747,-0.102,179.907
956790228.258058,-107.355,520.255,156.812,-79.747,-0.102,179.907
956790228.324824,-107.355,520.255,156.812,-79.747,-0.102,179.907
956790228.391661,-107.355,520.255,156.812,-79.747,-0.102,179.907
956790228.458212,-107.355,520.255,156.812,-79.747,-0.102,179.907
956790228.524574,-107.355,520.255,156.812,-79.747,-0.102,179.907
956790228.592257,-107.355,520.255,156.812,-79.747,-0.102,179.907
956790228.660500,-107.355,520.255,156.812,-79.747,-0.102,179.907
956790228.726461,-107.355,520.255,156.812,-79.747,-0.102,179.907
956790228.791589,-107.355,520.255,156.812,-79.747,-0.102,179.907
956790228.858464,-107.355,520.255,156.812,-79.747,-0.102,179.907
956790228.925306,-107.355,520.255,156.812,-79.747,-0.102,179.907
956790228.991770,-107.355,520.255,156.812,-79.747,-0.102,179.907
956790229.058645,-107.355,520.255,156.812,-79.747,-0.102,179.907
956790229.125374,-107.355,520.255,156.812,-79.747,-0.102,179.907
956790229.191527,-107.355,520.255,156.812,-79.747,-0.102,179.907
956790229.258442,-107.355,520.255,156.812,-79.747,-0.102,179.907
956790229.325017,-107.355,520.255,156.812,-79.747,-0.102,179.907
956790229.391792,-107.355,520.255,156.812,-79.747,-0.102,179.907
956790229.458208,-107.355,520.255,156.812,-79.747,-0.102,179.907
956790229.525200,-107.355,520.255,156.812,-79.747,-0.102,179.907
956790229.591948,-107.355,520.255,156.812,-79.747,-0.102,179.907
956790229.659360,-107.355,520.255,156.812,-79.747,-0.102,179.907
956790229.725330,-107.355,520.255,156.812,-79.747,-0.102,179.907
956790229.791931,-107.355,520.255,156.812,-79.747,-0.102,179.907
956790229.859366,-107.355,520.255,156.812,-79.747,-0.102,179.907
956790229.927044,-107.355,520.255,156.812,-79.747,-0.102,179.907
956790229.991711,-107.355,520.255,156.812,-79.747,-0.102,179.907
956790230.058041,-107.355,520.255,156.812,-79.747,-0.102,179.907
956790230.124988,-107.355,520.255,156.812,-79.747,-0.102,179.907
956790230.191492,-107.355,520.255,156.812,-79.747,-0.102,179.907
956790230.258404,-107.355,520.255,156.812,-79.747,-0.102,179.907
956790230.326353,-107.355,520.255,156.812,-79.747,-0.102,179.907
956790230.392005,-107.355,520.255,156.812,-79.747,-0.102,179.907
956790230.458540,-107.355,520.255,156.812,-79.747,-0.102,179.907
956790230.525155,-107.355,520.255,156.812,-79.747,-0.102,179.907
956790230.591622,-107.355,520.255,156.812,-79.747,-0.102,179.907
956790230.658458,-107.355,520.255,156.812,-79.747,-0.102,179.907
956790230.725094,-107.355,520.255,156.812,-79.747,-0.102,179.907
956790230.791711,-107.355,520.255,156.812,-79.747,-0.102,179.907
956790230.859097,-107.355,520.255,156.812,-79.747,-0.102,179.907
956790230.925314,-107.355,520.255,156.812,-79.747,-0.102,179.907
956790230.991902,-107.355,520.255,156.812,-79.747,-0.102,179.907
956790231.058822,-107.355,520.255,156.812,-79.747,-0.102,179.907
956790231.125415,-107.355,520.255,156.812,-79.747,-0.102,179.907
956790231.191922,-107.355,520.255,156.812,-79.747,-0.102,179.907
956790231.259766,-107.355,520.255,156.812,-79.747,-0.102,179.907
956790231.325088,-107.355,520.255,156.812,-79.747,-0.102,179.907
956790231.391662,-107.355,520.255,156.812,-79.747,-0.102,179.907
956790231.458540,-107.355,520.255,156.812,-79.747,-0.102,179.907
956790231.525186,-107.355,520.255,156.812,-79.747,-0.102,179.907
956790231.591529,-107.355,520.255,156.812,-79.747,-0.102,179.907
956790231.661037,-107.355,520.255,156.812,-79.747,-0.102,179.907
956790231.727648,-107.355,520.255,156.812,-79.747,-0.102,179.907
956790231.793336,-107.355,520.255,156.812,-79.747,-0.102,179.907
956790231.858954,-107.355,520.255,156.812,-79.747,-0.102,179.907
956790231.926771,-107.355,520.255,156.812,-79.747,-0.102,179.907
956790231.993099,-107.355,520.255,156.812,-79.747,-0.102,179.907
956790232.060594,-107.355,520.255,156.812,-79.747,-0.102,179.907
956790232.126678,-107.355,520.255,156.812,-79.747,-0.102,179.907
956790232.193210,-107.355,520.255,156.812,-79.747,-0.102,179.907
956790232.259836,-107.355,520.255,156.812,-79.747,-0.102,179.907
956790232.325994,-107.355,520.255,156.812,-79.747,-0.102,179.907
956790232.393070,-107.355,520.255,156.812,-79.747,-0.102,179.907
956790232.458507,-107.355,520.255,156.812,-79.747,-0.102,179.907
956790232.525556,-107.355,520.255,156.812,-79.747,-0.102,179.907
956790232.594841,-107.355,520.255,156.812,-79.747,-0.102,179.907
956790232.660671,-107.355,520.255,156.812,-79.747,-0.102,179.907
956790232.731360,-107.355,520.255,156.812,-79.747,-0.102,179.907
956790232.792748,-107.355,520.255,156.812,-79.747,-0.102,179.907
956790232.859964,-107.355,520.255,156.812,-79.747,-0.102,179.907
956790232.925304,-107.355,520.255,156.812,-79.747,-0.102,179.907
956790232.992593,-107.355,520.255,156.812,-79.747,-0.102,179.907
956790233.059191,-107.355,520.255,156.812,-79.747,-0.102,179.907
956790233.126051,-107.355,520.255,156.812,-79.747,-0.102,179.907
956790233.193049,-107.355,520.255,156.812,-79.747,-0.102,179.907
956790233.258918,-107.355,520.255,156.812,-79.747,-0.102,179.907
956790233.325707,-107.355,520.255,156.812,-79.747,-0.102,179.907
956790233.393179,-107.355,520.255,156.812,-79.747,-0.102,179.907
956790233.458803,-107.355,520.255,156.812,-79.747,-0.102,179.907
956790233.526346,-107.355,520.255,156.812,-79.747,-0.102,179.907
956790233.592977,-107.355,520.255,156.812,-79.747,-0.102,179.907
956790233.659272,-107.355,520.255,156.812,-79.747,-0.102,179.907
956790233.726645,-107.355,520.255,156.812,-79.747,-0.102,179.907
956790233.792483,-107.355,520.255,156.812,-79.747,-0.102,179.907
956790233.860775,-107.355,520.255,156.812,-79.747,-0.102,179.907
956790233.927360,-107.355,520.255,156.812,-79.747,-0.102,179.907
956790233.992078,-107.355,520.255,156.812,-79.747,-0.102,179.907
956790234.058931,-107.355,520.255,156.812,-79.747,-0.102,179.907
956790234.125983,-107.355,520.255,156.812,-79.747,-0.102,179.907
956790234.192064,-107.355,520.255,156.812,-79.747,-0.102,179.907
956790234.259343,-107.355,520.255,156.812,-79.747,-0.102,179.907
956790234.325421,-107.355,520.255,156.812,-79.747,-0.102,179.907
956790234.392349,-107.355,520.255,156.812,-79.747,-0.102,179.907
956790234.459287,-107.355,520.255,156.812,-79.747,-0.102,179.907
956790234.525667,-107.355,520.255,156.812,-79.747,-0.102,179.907
956790234.593118,-107.355,520.255,156.812,-79.747,-0.102,179.907
956790234.658374,-107.355,520.255,156.812,-79.747,-0.102,179.907
956790234.726058,-107.355,520.255,156.812,-79.747,-0.102,179.907
956790234.792692,-107.355,520.255,156.812,-79.747,-0.102,179.907
956790234.858964,-107.355,520.255,156.812,-79.747,-0.102,179.907
956790234.926533,-107.355,520.255,156.812,-79.747,-0.102,179.907
956790234.992037,-107.355,520.255,156.812,-79.747,-0.102,179.907
956790235.059391,-107.355,520.255,156.812,-79.747,-0.102,179.907
956790235.126267,-107.355,520.255,156.812,-79.747,-0.102,179.907
956790235.193083,-107.355,520.255,156.812,-79.747,-0.102,179.907
956790235.259768,-107.355,520.255,156.812,-79.747,-0.102,179.907
956790235.328055,-107.355,520.255,156.812,-79.747,-0.102,179.907
956790235.392946,-107.355,520.255,156.812,-79.747,-0.102,179.907
956790235.460794,-107.355,520.255,156.812,-79.747,-0.102,179.907
956790235.525434,-107.355,520.255,156.812,-79.747,-0.102,179.907
956790235.592697,-107.355,520.255,156.812,-79.747,-0.102,179.907
956790235.658427,-107.355,520.255,156.812,-79.747,-0.102,179.907
956790235.725419,-107.355,520.255,156.812,-79.747,-0.102,179.907
956790235.793782,-107.355,520.255,156.812,-79.747,-0.102,179.907
956790235.859053,-107.355,520.255,156.812,-79.747,-0.102,179.907
956790235.926168,-107.355,520.255,156.812,-79.747,-0.102,179.907
956790235.993183,-107.355,520.255,156.812,-79.747,-0.102,179.907
956790236.059281,-107.355,520.255,156.812,-79.747,-0.102,179.907
956790236.126889,-107.355,520.255,156.812,-79.747,-0.102,179.907
956790236.192468,-107.355,520.255,156.812,-79.747,-0.102,179.907
956790236.259409,-107.355,520.255,156.812,-79.747,-0.102,179.907
956790236.326913,-107.355,520.255,156.812,-79.747,-0.102,179.907
956790236.392058,-107.355,520.255,156.812,-79.747,-0.102,179.907
956790236.459306,-107.355,520.255,156.812,-79.747,-0.102,179.907
956790236.525447,-107.355,520.255,156.812,-79.747,-0.102,179.907
956790236.594540,-107.355,520.255,156.812,-79.747,-0.102,179.907
956790236.660649,-107.355,520.255,156.812,-79.747,-0.102,179.907
956790236.727240,-107.355,520.255,156.812,-79.747,-0.102,179.907
956790236.792702,-107.355,520.255,156.812,-79.747,-0.102,179.907
956790236.860069,-107.355,520.255,156.812,-79.747,-0.102,179.907
956790236.925076,-107.355,520.255,156.812,-79.747,-0.102,179.907
956790236.992855,-107.355,520.255,156.812,-79.747,-0.102,179.907
956790237.058713,-107.355,520.255,156.812,-79.747,-0.102,179.907
956790237.126173,-107.355,520.255,156.812,-79.747,-0.102,179.907
956790237.192699,-107.355,520.255,156.812,-79.747,-0.102,179.907
956790237.258760,-107.355,520.255,156.812,-79.747,-0.102,179.907
956790237.325185,-107.355,520.255,156.812,-79.747,-0.102,179.907
956790237.393599,-107.355,520.255,156.812,-79.747,-0.102,179.907
956790237.458277,-107.355,520.255,156.812,-79.747,-0.102,179.907
956790237.526170,-107.355,520.255,156.812,-79.747,-0.102,179.907
956790237.591769,-107.355,520.255,156.812,-79.747,-0.102,179.907
956790237.658663,-107.355,520.255,156.812,-79.747,-0.102,179.907
956790237.726542,-107.355,520.255,156.812,-79.747,-0.102,179.907
956790237.791915,-107.355,520.255,156.812,-79.747,-0.102,179.907
956790237.859459,-107.355,520.255,156.812,-79.747,-0.102,179.907
956790237.927017,-107.355,520.255,156.812,-79.747,-0.102,179.907
956790237.993328,-107.355,520.255,156.812,-79.747,-0.102,179.907
956790238.061087,-107.355,520.255,156.812,-79.747,-0.102,179.907
956790238.125344,-107.355,520.255,156.812,-79.747,-0.102,179.907
956790238.192740,-107.355,520.255,156.812,-79.747,-0.102,179.907
956790238.258391,-107.355,520.255,156.812,-79.747,-0.102,179.907
956790238.326138,-107.355,520.255,156.812,-79.747,-0.102,179.907
956790238.391870,-107.355,520.255,156.812,-79.747,-0.102,179.907
956790238.459337,-107.355,520.255,156.812,-79.747,-0.102,179.907
956790238.525041,-107.355,520.255,156.812,-79.747,-0.102,179.907
956790238.592205,-107.355,520.255,156.812,-79.747,-0.102,179.907
956790238.660842,-107.355,520.255,156.812,-79.747,-0.102,179.907
956790238.726125,-107.355,520.255,156.812,-79.747,-0.102,179.907
956790238.793344,-107.355,520.255,156.812,-79.747,-0.102,179.907
956790238.858173,-107.355,520.255,156.812,-79.747,-0.102,179.907
956790238.925557,-107.355,520.255,156.812,-79.747,-0.102,179.907
956790238.991284,-107.355,520.255,156.812,-79.747,-0.102,179.907
956790239.059192,-107.355,520.255,156.812,-79.747,-0.102,179.907
956790239.124742,-107.355,520.255,156.812,-79.747,-0.102,179.907
956790239.192398,-107.355,520.255,156.812,-79.747,-0.102,179.907
956790239.259737,-107.355,520.255,156.812,-79.747,-0.102,179.907
956790239.324841,-107.355,520.255,156.812,-79.747,-0.102,179.907
956790239.393127,-107.355,520.255,156.812,-79.747,-0.102,179.907
956790239.457966,-107.355,520.255,156.812,-79.747,-0.102,179.907
956790239.525716,-107.355,520.255,156.812,-79.747,-0.102,179.907
956790239.591303,-107.355,520.255,156.812,-79.747,-0.102,179.907
956790239.658897,-107.355,520.255,156.812,-79.747,-0.102,179.907
956790239.725415,-107.355,520.255,156.812,-79.747,-0.102,179.907
956790239.791688,-107.355,520.255,156.812,-79.747,-0.102,179.907
956790239.859331,-107.355,520.255,156.812,-79.747,-0.102,179.907
956790239.925276,-107.355,520.255,156.812,-79.747,-0.102,179.907
956790239.992346,-107.355,520.255,156.812,-79.747,-0.102,179.907
956790240.058524,-107.355,520.255,156.812,-79.747,-0.102,179.907
956790240.125783,-107.355,520.255,156.812,-79.747,-0.102,179.907
956790240.191805,-107.355,520.255,156.812,-79.747,-0.102,179.907
956790240.258206,-107.355,520.255,156.812,-79.747,-0.102,179.907
956790240.325917,-107.355,520.255,156.812,-79.747,-0.102,179.907
956790240.392477,-107.355,520.255,156.812,-79.747,-0.102,179.907
956790240.458976,-107.355,520.255,156.812,-79.747,-0.102,179.907
956790240.526738,-107.355,520.255,156.812,-79.747,-0.102,179.907
956790240.592241,-107.355,520.255,156.812,-79.747,-0.102,179.907
956790240.664104,-107.355,520.255,156.812,-79.747,-0.102,179.907
956790240.727851,-107.355,520.255,156.812,-79.747,-0.102,179.907
956790240.791692,-107.355,520.255,156.812,-79.747,-0.102,179.907
956790240.860175,-107.355,520.255,156.812,-79.747,-0.102,179.907
956790240.924988,-107.355,520.255,156.812,-79.747,-0.102,179.907
956790240.992620,-107.355,520.255,156.812,-79.747,-0.102,179.907
956790241.057957,-107.355,520.255,156.812,-79.747,-0.102,179.907
956790241.126331,-107.355,520.255,156.812,-79.747,-0.102,179.907
956790241.191679,-107.355,520.255,156.812,-79.747,-0.102,179.907
956790241.259046,-107.355,520.255,156.812,-79.747,-0.102,179.907
956790241.327720,-107.355,520.255,156.812,-79.747,-0.102,179.907
956790241.392897,-107.355,520.255,156.812,-79.747,-0.102,179.907
956790241.459322,-107.355,520.255,156.812,-79.747,-0.102,179.907
956790241.524419,-107.355,520.255,156.812,-79.747,-0.102,179.907
956790241.592200,-107.355,520.255,156.812,-79.747,-0.102,179.907
956790241.657749,-107.355,520.255,156.812,-79.747,-0.102,179.907
956790241.725079,-107.355,520.255,156.812,-79.747,-0.102,179.907
956790241.791717,-107.355,520.255,156.812,-79.747,-0.102,179.907
956790241.859297,-107.355,520.255,156.812,-79.747,-0.102,179.907
956790241.927346,-107.355,520.255,156.812,-79.747,-0.102,179.907
956790241.991611,-107.355,520.255,156.812,-79.747,-0.102,179.907
956790242.058928,-107.355,520.255,156.812,-79.747,-0.102,179.907
956790242.125064,-107.355,520.255,156.812,-79.747,-0.102,179.907
956790242.191988,-107.355,520.255,156.812,-79.747,-0.102,179.907
956790242.259140,-107.355,520.255,156.812,-79.747,-0.102,179.907
956790242.324918,-107.355,520.255,156.812,-79.747,-0.102,179.907
956790242.392330,-107.355,520.255,156.812,-79.747,-0.102,179.907
956790242.458322,-107.355,520.255,156.812,-79.747,-0.102,179.907
956790242.525048,-107.355,520.255,156.812,-79.747,-0.102,179.907
956790242.592706,-107.355,520.255,156.812,-79.747,-0.102,179.907
956790242.657914,-107.355,520.255,156.812,-79.747,-0.102,179.907
956790242.725408,-107.355,520.255,156.812,-79.747,-0.102,179.907
956790242.792151,-107.355,520.255,156.812,-79.747,-0.102,179.907
956790242.857799,-107.355,520.255,156.812,-79.747,-0.102,179.907
956790242.926231,-107.355,520.255,156.812,-79.747,-0.102,179.907
956790242.991308,-107.355,520.255,156.812,-79.747,-0.102,179.907
956790243.058397,-107.355,520.255,156.812,-79.747,-0.102,179.907
956790243.125984,-107.355,520.255,156.812,-79.747,-0.102,179.907
956790243.191207,-107.355,520.255,156.812,-79.747,-0.102,179.907
956790243.259811,-107.355,520.255,156.812,-79.747,-0.102,179.907
956790243.324673,-107.355,520.255,156.812,-79.747,-0.102,179.907
956790243.392568,-107.355,520.255,156.812,-79.747,-0.102,179.907
956790243.457781,-107.355,520.255,156.812,-79.747,-0.102,179.907
956790243.525313,-107.355,520.255,156.812,-79.747,-0.102,179.907
956790243.591773,-107.355,520.255,156.812,-79.747,-0.102,179.907
956790243.657552,-107.355,520.255,156.812,-79.747,-0.102,179.907
956790243.725490,-107.355,520.255,156.812,-79.747,-0.102,179.907
956790243.790716,-107.355,520.255,156.812,-79.747,-0.102,179.907
956790243.859125,-107.355,520.255,156.812,-79.747,-0.102,179.907
956790243.924502,-107.355,520.255,156.812,-79.747,-0.102,179.907
956790243.991849,-107.355,520.255,156.812,-79.747,-0.102,179.907
956790244.057861,-107.355,520.255,156.812,-79.747,-0.102,179.907
956790244.125468,-107.355,520.255,156.812,-79.747,-0.102,179.907
956790244.191669,-107.355,520.255,156.812,-79.747,-0.102,179.907
956790244.257685,-107.355,520.255,156.812,-79.747,-0.102,179.907
956790244.325225,-107.355,520.255,156.812,-79.747,-0.102,179.907
956790244.390974,-107.355,520.255,156.812,-79.747,-0.102,179.907
956790244.459510,-107.355,520.255,156.812,-79.747,-0.102,179.907
956790244.524373,-107.355,520.255,156.812,-79.747,-0.102,179.907
956790244.592698,-107.355,520.255,156.812,-79.747,-0.102,179.907
956790244.665104,-107.355,520.255,156.812,-79.747,-0.102,179.907
956790244.724601,-107.355,520.255,156.812,-79.747,-0.102,179.907
956790244.792532,-107.355,520.255,156.812,-79.747,-0.102,179.907
956790244.857575,-107.355,520.255,156.812,-79.747,-0.102,179.907
956790244.925472,-107.355,520.255,156.812,-79.747,-0.102,179.907
956790244.991120,-107.355,520.255,156.812,-79.747,-0.102,179.907
956790245.058300,-107.355,520.255,156.812,-79.747,-0.102,179.907
956790245.126193,-107.355,520.255,156.812,-79.747,-0.102,179.907
956790245.191307,-107.355,520.255,156.812,-79.747,-0.102,179.907
956790245.259234,-107.355,520.255,156.812,-79.747,-0.102,179.907
956790245.324319,-107.355,520.255,156.812,-79.747,-0.102,179.907
956790245.392687,-107.355,520.255,156.812,-79.747,-0.102,179.907
956790245.457629,-107.355,520.255,156.812,-79.747,-0.102,179.907
956790245.525463,-107.355,520.255,156.812,-79.747,-0.102,179.907
956790245.591055,-107.355,520.255,156.812,-79.747,-0.102,179.907
956790245.658463,-107.355,520.255,156.812,-79.747,-0.102,179.907
956790245.725465,-107.355,520.255,156.812,-79.747,-0.102,179.907
956790245.794449,-107.355,520.255,156.812,-79.747,-0.102,179.907
956790245.861212,-107.355,520.255,156.812,-79.747,-0.102,179.907
956790245.928581,-107.355,520.255,156.812,-79.747,-0.102,179.907
956790245.993557,-107.355,520.255,156.812,-79.747,-0.102,179.907
956790246.060673,-107.355,520.255,156.812,-79.747,-0.102,179.907
956790246.124315,-107.355,520.255,156.812,-79.747,-0.102,179.907
956790246.191426,-107.355,520.255,156.812,-79.747,-0.102,179.907
956790246.258186,-107.355,520.255,156.812,-79.747,-0.102,179.907
956790246.323880,-107.355,520.255,156.812,-79.747,-0.102,179.907
956790246.391559,-107.355,520.255,156.812,-79.747,-0.102,179.907
956790246.457210,-107.355,520.255,156.812,-79.747,-0.102,179.907
956790246.525325,-107.355,520.255,156.812,-79.747,-0.102,179.907
956790246.590537,-107.355,520.255,156.812,-79.747,-0.102,179.907
956790246.658612,-107.355,520.255,156.812,-79.747,-0.102,179.907
956790246.724170,-107.355,520.255,156.812,-79.747,-0.102,179.907
956790246.791339,-107.355,520.255,156.812,-79.747,-0.102,179.907
956790246.858927,-107.355,520.255,156.812,-79.747,-0.102,179.907
956790246.924591,-107.355,520.255,156.812,-79.747,-0.102,179.907
956790246.991859,-107.355,520.255,156.812,-79.747,-0.102,179.907
956790247.057458,-107.355,520.255,156.812,-79.747,-0.102,179.907
956790247.126507,-107.355,520.255,156.812,-79.747,-0.102,179.907
956790247.192089,-107.355,520.255,156.812,-79.747,-0.102,179.907
956790247.258372,-107.355,520.255,156.812,-79.747,-0.102,179.907
956790247.326094,-107.355,520.255,156.812,-79.747,-0.102,179.907
956790247.392541,-107.355,520.255,156.812,-79.747,-0.102,179.907
956790247.458292,-107.355,520.255,156.812,-79.747,-0.102,179.907
956790247.525629,-107.355,520.255,156.812,-79.747,-0.102,179.907
956790247.591048,-107.355,520.255,156.812,-79.747,-0.102,179.907
956790247.658198,-107.355,520.255,156.812,-79.747,-0.102,179.907
956790247.725367,-107.355,520.255,156.812,-79.747,-0.102,179.907
956790247.791057,-107.355,520.255,156.812,-79.747,-0.102,179.907
956790247.858443,-107.355,520.255,156.812,-79.747,-0.102,179.907
956790247.925797,-107.355,520.255,156.812,-79.747,-0.102,179.907
956790247.991534,-107.355,520.255,156.812,-79.747,-0.102,179.907
956790248.059070,-107.355,520.255,156.812,-79.747,-0.102,179.907
956790248.124512,-107.355,520.255,156.812,-79.747,-0.102,179.907
956790248.191326,-107.355,520.255,156.812,-79.747,-0.102,179.907
956790248.259453,-107.355,520.255,156.812,-79.747,-0.102,179.907
956790248.324252,-107.355,520.255,156.812,-79.747,-0.102,179.907
956790248.392062,-107.355,520.255,156.812,-79.747,-0.102,179.907
956790248.459337,-107.355,520.255,156.812,-79.747,-0.102,179.907
956790248.525112,-107.355,520.255,156.812,-79.747,-0.102,179.907
956790248.592247,-107.355,520.255,156.812,-79.747,-0.102,179.907
956790248.658843,-107.355,520.255,156.812,-79.747,-0.102,179.907
956790248.725952,-107.355,520.255,156.812,-79.747,-0.102,179.907
956790248.791814,-107.355,520.255,156.812,-79.747,-0.102,179.907
956790248.858205,-107.355,520.255,156.812,-79.747,-0.102,179.907
956790248.925477,-107.355,520.255,156.812,-79.747,-0.102,179.907
956790248.991564,-107.355,520.255,156.812,-79.747,-0.102,179.907
956790249.058885,-107.355,520.255,156.812,-79.747,-0.102,179.907
956790249.126289,-107.355,520.255,156.812,-79.747,-0.102,179.907
956790249.191042,-107.355,520.255,156.812,-79.747,-0.102,179.907
956790249.259157,-107.355,520.255,156.812,-79.747,-0.102,179.907
956790249.326151,-107.355,520.255,156.812,-79.747,-0.102,179.907
956790249.391645,-107.355,520.255,156.812,-79.747,-0.102,179.907
956790249.459570,-107.355,520.255,156.812,-79.747,-0.102,179.907
956790249.524671,-107.355,520.255,156.812,-79.747,-0.102,179.907
956790249.592661,-107.355,520.255,156.812,-79.747,-0.102,179.907
956790249.658929,-107.355,520.255,156.812,-79.747,-0.102,179.907
956790249.724777,-107.355,520.255,156.812,-79.747,-0.102,179.907
956790249.792861,-107.355,520.255,156.812,-79.747,-0.102,179.907
956790249.858549,-107.355,520.255,156.812,-79.747,-0.102,179.907
956790249.927545,-107.355,520.255,156.812,-79.747,-0.102,179.907
956790249.994302,-107.355,520.255,156.812,-79.747,-0.102,179.907
956790250.058343,-107.355,520.255,156.812,-79.747,-0.102,179.907
956790250.125656,-107.355,520.255,156.812,-79.747,-0.102,179.907
956790250.192573,-107.355,520.255,156.812,-79.747,-0.102,179.907
956790250.257783,-107.355,520.255,156.812,-79.747,-0.102,179.907
956790250.325782,-107.355,520.255,156.812,-79.747,-0.102,179.907
956790250.392022,-107.355,520.255,156.812,-79.747,-0.102,179.907
956790250.458292,-107.355,520.255,156.812,-79.747,-0.102,179.907
956790250.525772,-107.355,520.255,156.812,-79.747,-0.102,179.907
956790250.591040,-107.355,520.255,156.812,-79.747,-0.102,179.907
956790250.658914,-107.355,520.255,156.812,-79.747,-0.102,179.907
956790250.725305,-107.355,520.255,156.812,-79.747,-0.102,179.907
956790250.791027,-107.355,520.255,156.812,-79.747,-0.102,179.907
956790250.859087,-107.355,520.255,156.812,-79.747,-0.102,179.907
956790250.925472,-107.355,520.255,156.812,-79.747,-0.102,179.907
956790250.991283,-107.355,520.255,156.812,-79.747,-0.102,179.907
956790251.059033,-107.355,520.255,156.812,-79.747,-0.102,179.907
956790251.126465,-107.355,520.255,156.812,-79.747,-0.102,179.907
956790251.192038,-107.355,520.255,156.812,-79.747,-0.102,179.907
956790251.260891,-107.355,520.255,156.812,-79.747,-0.102,179.907
956790251.326300,-107.355,520.255,156.812,-79.747,-0.102,179.907
956790251.392856,-107.355,520.255,156.812,-79.747,-0.102,179.907
956790251.458529,-107.355,520.255,156.812,-79.747,-0.102,179.907
956790251.525255,-107.355,520.255,156.812,-79.747,-0.102,179.907
956790251.592606,-107.355,520.255,156.812,-79.747,-0.102,179.907
956790251.660325,-107.355,520.255,156.812,-79.747,-0.102,179.907
956790251.726563,-107.355,520.255,156.812,-79.747,-0.102,179.907
956790251.792026,-107.355,520.255,156.812,-79.747,-0.102,179.907
956790251.858058,-107.355,520.255,156.812,-79.747,-0.102,179.907
956790251.926092,-107.355,520.255,156.812,-79.747,-0.102,179.907
956790251.991187,-107.355,520.255,156.812,-79.747,-0.102,179.907
956790252.058604,-107.355,520.255,156.812,-79.747,-0.102,179.907
956790252.126597,-107.355,520.255,156.812,-79.747,-0.102,179.907
956790252.191669,-107.355,520.255,156.812,-79.747,-0.102,179.907
956790252.258824,-107.355,520.255,156.812,-79.747,-0.102,179.907
956790252.324694,-107.355,520.255,156.812,-79.747,-0.102,179.907
956790252.391930,-107.355,520.255,156.812,-79.747,-0.102,179.907
956790252.459077,-107.355,520.255,156.812,-79.747,-0.102,179.907
956790252.525004,-107.355,520.255,156.812,-79.747,-0.102,179.907
956790252.592506,-107.355,520.255,156.812,-79.747,-0.102,179.907
956790252.658899,-107.355,520.255,156.812,-79.747,-0.102,179.907
956790252.726029,-107.355,520.255,156.812,-79.747,-0.102,179.907
956790252.792408,-107.355,520.255,156.812,-79.747,-0.102,179.907
956790252.858087,-107.355,520.255,156.812,-79.747,-0.102,179.907
956790252.925307,-107.355,520.255,156.812,-79.747,-0.102,179.907
956790252.992085,-107.355,520.255,156.812,-79.747,-0.102,179.907
956790253.057663,-107.355,520.255,156.812,-79.747,-0.102,179.907
956790253.124938,-107.355,520.255,156.812,-79.747,-0.102,179.907
956790253.190435,-107.355,520.255,156.812,-79.747,-0.102,179.907
956790253.258068,-107.355,520.255,156.812,-79.747,-0.102,179.907
956790253.324559,-107.355,520.255,156.812,-79.747,-0.102,179.907
956790253.390664,-107.355,520.255,156.812,-79.747,-0.102,179.907
956790253.457731,-107.355,520.255,156.812,-79.747,-0.102,179.907
956790253.524051,-107.355,520.255,156.812,-79.747,-0.102,179.907
956790253.590466,-107.355,520.255,156.812,-79.747,-0.102,179.907
956790253.657563,-107.355,520.255,156.812,-79.747,-0.102,179.907
956790253.723816,-107.355,520.255,156.812,-79.747,-0.102,179.907
956790253.791077,-107.355,520.255,156.812,-79.747,-0.102,179.907
956790253.857843,-107.355,520.255,156.812,-79.747,-0.102,179.907
956790253.924708,-107.355,520.255,156.812,-79.747,-0.102,179.907
956790253.993068,-107.355,520.255,156.812,-79.747,-0.102,179.907
956790254.057986,-107.355,520.255,156.812,-79.747,-0.102,179.907
956790254.124930,-107.355,520.255,156.812,-79.747,-0.102,179.907
956790254.191228,-107.355,520.255,156.812,-79.747,-0.102,179.907
956790254.258332,-107.355,520.255,156.812,-79.747,-0.102,179.907
956790254.325424,-107.355,520.255,156.812,-79.747,-0.102,179.907
956790254.390796,-107.355,520.255,156.812,-79.747,-0.102,179.907
956790254.458954,-107.355,520.255,156.812,-79.747,-0.102,179.907
956790254.525413,-107.355,520.255,156.812,-79.747,-0.102,179.907
956790254.591318,-107.355,520.255,156.812,-79.747,-0.102,179.907
956790254.658147,-107.355,520.255,156.812,-79.747,-0.102,179.907
956790254.724181,-107.355,520.255,156.812,-79.747,-0.102,179.907
956790254.791443,-107.355,520.255,156.812,-79.747,-0.102,179.907
956790254.858794,-107.355,520.255,156.812,-79.747,-0.102,179.907
956790254.924567,-107.355,520.255,156.812,-79.747,-0.102,179.907
956790254.991832,-107.355,520.255,156.812,-79.747,-0.102,179.907
956790255.058032,-107.355,520.255,156.812,-79.747,-0.102,179.907
956790255.126519,-107.355,520.255,156.812,-79.747,-0.102,179.907
956790255.192221,-107.355,520.255,156.812,-79.747,-0.102,179.907
956790255.258384,-107.355,520.255,156.812,-79.747,-0.102,179.907
956790255.326110,-107.355,520.255,156.812,-79.747,-0.102,179.907
956790255.392249,-107.355,520.255,156.812,-79.747,-0.102,179.907
956790255.458414,-107.355,520.255,156.812,-79.747,-0.102,179.907
956790255.525326,-107.355,520.255,156.812,-79.747,-0.102,179.907
956790255.590942,-107.355,520.255,156.812,-79.747,-0.102,179.907
956790255.657950,-107.355,520.255,156.812,-79.747,-0.102,179.907
956790255.724174,-107.355,520.255,156.812,-79.747,-0.102,179.907
956790255.790667,-107.355,520.255,156.812,-79.747,-0.102,179.907
956790255.858613,-107.355,520.255,156.812,-79.747,-0.102,179.907
956790255.924110,-107.355,520.255,156.812,-79.747,-0.102,179.907
956790255.991708,-107.355,520.255,156.812,-79.747,-0.102,179.907
956790256.057733,-107.355,520.255,156.812,-79.747,-0.102,179.907
956790256.124807,-107.355,520.255,156.812,-79.747,-0.102,179.907
956790256.191938,-107.355,520.255,156.812,-79.747,-0.102,179.907
956790256.257830,-107.355,520.255,156.812,-79.747,-0.102,179.907
956790256.325705,-107.355,520.255,156.812,-79.747,-0.102,179.907
956790256.391333,-107.355,520.255,156.812,-79.747,-0.102,179.907
956790256.458002,-107.355,520.255,156.812,-79.747,-0.102,179.907
956790256.525445,-107.355,520.255,156.812,-79.747,-0.102,179.907
956790256.592406,-107.355,520.255,156.812,-79.747,-0.102,179.907
956790256.660354,-107.355,520.255,156.812,-79.747,-0.102,179.907
956790256.724566,-107.355,520.255,156.812,-79.747,-0.102,179.907
956790256.791778,-107.355,520.255,156.812,-79.747,-0.102,179.907
956790256.858805,-107.355,520.255,156.812,-79.747,-0.102,179.907
956790256.924093,-107.355,520.255,156.812,-79.747,-0.102,179.907
956790256.991698,-107.355,520.255,156.812,-79.747,-0.102,179.907
956790257.057423,-107.355,520.255,156.812,-79.747,-0.102,179.907
956790257.124603,-107.355,520.255,156.812,-79.747,-0.102,179.907
956790257.191264,-107.355,520.255,156.812,-79.747,-0.102,179.907
956790257.258300,-107.355,520.255,156.812,-79.747,-0.102,179.907
957130187.451159,-126.994,512.497,175.689,-90.000,0.000,-180.000
957130187.565190,-126.994,512.497,175.689,-90.000,0.000,-180.000
957130187.600559,-127.001,512.501,175.688,-90.001,-0.000,-180.000
957130187.669275,-128.131,513.630,175.298,-90.316,0.000,180.000
957130187.736617,-129.226,514.726,174.959,-90.620,0.000,180.000
957130187.802197,-130.322,515.820,174.792,-90.925,0.000,180.000
957130187.869318,-131.446,516.941,174.805,-91.237,0.000,180.000
957130187.936117,-132.564,518.055,174.963,-91.548,0.000,180.000
957130188.003329,-133.669,519.158,175.239,-91.852,0.000,180.000
957130188.069201,-134.741,520.228,175.597,-92.136,0.000,180.000
957130188.136389,-135.843,521.327,176.031,-92.411,0.000,180.000
957130188.203302,-136.918,522.400,176.497,-92.663,0.000,180.000
957130188.269240,-137.968,523.448,176.977,-92.894,0.000,180.000
957130188.336252,-139.034,524.513,177.478,-93.118,0.000,180.000
957130188.404147,-140.119,525.597,177.991,-93.337,0.000,180.000
957130188.469216,-141.165,526.642,178.481,-93.541,0.000,180.000
957130188.536380,-142.234,527.709,178.971,-93.741,0.000,180.000
957130188.603292,-143.306,528.780,179.449,-93.937,0.000,-180.000
957130188.669215,-144.362,529.836,179.900,-94.123,-0.000,-180.000
957130188.736290,-145.443,530.917,180.338,-94.308,0.000,180.000
957130188.803304,-146.530,532.003,180.748,-94.485,-0.000,-180.000
957130188.869243,-147.600,533.071,181.121,-94.649,-0.000,-180.000
957130188.936333,-148.697,534.165,181.471,-94.802,-0.000,-180.000
957130189.002377,-149.777,535.244,181.785,-94.937,-0.000,-180.000
957130189.069209,-150.882,536.347,182.076,-95.058,0.000,-180.000
957130189.136281,-151.990,537.454,182.343,-95.160,0.000,180.000
957130189.202194,-153.080,538.540,182.580,-95.243,-0.000,-180.000
957130189.269267,-154.193,539.649,182.801,-95.312,0.000,180.000
957130189.336308,-155.306,540.761,183.002,-95.367,-0.000,-180.000
957130189.402159,-156.402,541.854,183.183,-95.409,-0.000,-180.000
957130189.469223,-157.518,542.971,183.351,-95.441,-0.000,-180.000
957130189.536206,-158.637,544.086,183.503,-95.464,-0.000,-180.000
957130189.603321,-159.756,545.204,183.640,-95.479,-0.000,-180.000
957130189.669295,-160.855,546.302,183.762,-95.487,-0.000,-180.000
957130189.736146,-161.976,547.421,183.871,-95.489,0.000,180.000
957130189.803304,-163.099,548.543,183.966,-95.485,0.000,180.000
957130189.869232,-164.200,549.643,184.044,-95.477,-0.000,-180.000
957130189.936264,-165.322,550.762,184.108,-95.465,-0.000,-180.000
957130190.002393,-166.423,551.861,184.157,-95.450,0.000,180.000
957130190.069569,-167.548,552.984,184.192,-95.431,-0.000,-180.000
957130190.136182,-168.651,554.085,184.209,-95.410,-0.000,-180.000
957130190.203335,-169.648,555.082,184.213,-95.388,-0.000,-180.000
957130190.269334,-170.750,556.181,184.206,-95.362,-0.000,-180.000
957130190.336339,-171.874,557.305,184.184,-95.332,-0.000,-180.000
957130190.403321,-172.998,558.428,184.151,-95.299,-0.000,-180.000
957130190.469204,-174.100,559.530,184.108,-95.264,-0.000,-180.000
957130190.536310,-175.223,560.650,184.057,-95.225,-0.000,-180.000
957130190.602213,-176.324,561.750,183.996,-95.185,-0.000,-180.000
957130190.669262,-177.447,562.870,183.927,-95.141,-0.000,-180.000
957130190.736298,-178.569,563.992,183.848,-95.098,-0.000,-180.000
957130190.803285,-179.691,565.113,183.755,-95.057,-0.000,-180.000
957130190.869374,-180.790,566.212,183.646,-95.023,-0.000,-180.000
957130190.936312,-181.911,567.329,183.518,-94.995,-0.000,-180.000
957130191.003292,-183.029,568.447,183.371,-94.977,-0.000,-180.000
957130191.070113,-184.146,569.564,183.205,-94.967,-0.000,-180.000
957130191.136338,-185.240,570.658,183.026,-94.968,-0.000,-180.000
957130191.203313,-186.353,571.771,182.830,-94.978,0.000,-180.000
957130191.270181,-187.466,572.881,182.619,-94.998,0.000,180.000
957130191.330310,-188.356,573.769,182.439,-95.021,-0.000,-180.000
957130191.397214,-188.363,573.797,182.465,-94.980,0.005,179.990
957130191.464153,-188.280,573.701,182.351,-94.919,0.022,-179.947
957130191.530566,-188.289,573.699,182.351,-94.918,0.022,-179.947
957130191.597865,-188.280,573.701,182.351,-94.918,0.022,-179.947
957130191.664102,-188.273,573.704,182.351,-94.919,0.022,-179.947
957130191.730411,-188.271,573.704,182.351,-94.919,0.022,-179.947
957130191.796984,-188.271,573.704,182.351,-94.919,0.022,-179.947
957130191.864017,-188.271,573.704,182.351,-94.919,0.022,-179.947
957130191.930443,-188.271,573.704,182.351,-94.919,0.022,-179.947
957130191.996842,-188.271,573.704,182.351,-94.919,0.022,-179.947
957130192.064054,-188.271,573.704,182.351,-94.919,0.022,-179.947
957130192.130862,-188.271,573.704,182.351,-94.919,0.022,-179.947
957130192.197030,-188.271,573.704,182.351,-94.919,0.022,-179.947
957130192.264019,-188.271,573.704,182.351,-94.919,0.022,-179.947
957130192.330108,-188.271,573.704,182.351,-94.919,0.022,-179.947
957130192.397132,-188.271,573.704,182.351,-94.919,0.022,-179.947
957130192.465988,-188.271,573.704,182.351,-94.919,0.022,-179.947
957130192.530027,-188.271,573.704,182.351,-94.919,0.022,-179.947
957130192.597085,-188.271,573.704,182.351,-94.919,0.022,-179.947
957130192.663439,-188.271,573.704,182.351,-94.919,0.022,-179.947
957130192.730112,-188.271,573.704,182.351,-94.919,0.022,-179.947
957130192.796460,-188.271,573.704,182.351,-94.919,0.022,-179.947
957130192.863204,-188.271,573.704,182.351,-94.919,0.022,-179.947
957130192.930316,-188.271,573.704,182.351,-94.919,0.022,-179.947
957130192.996446,-188.271,573.704,182.351,-94.919,0.022,-179.947
957130193.063033,-188.271,573.704,182.351,-94.919,0.022,-179.947
957130193.130675,-188.271,573.704,182.351,-94.919,0.022,-179.947
957130193.197236,-188.271,573.704,182.351,-94.919,0.022,-179.947
957130193.264402,-188.271,573.704,182.351,-94.919,0.022,-179.947
957130193.330454,-188.271,573.704,182.351,-94.919,0.022,-179.947
957130193.396948,-188.271,573.704,182.351,-94.919,0.022,-179.947
957130193.463920,-188.271,573.704,182.351,-94.919,0.022,-179.947
957130193.530880,-188.271,573.704,182.351,-94.919,0.022,-179.947
957130193.597720,-188.271,573.704,182.351,-94.919,0.022,-179.947
957130193.663708,-188.271,573.704,182.351,-94.919,0.022,-179.947
957130193.731462,-188.271,573.704,182.351,-94.919,0.022,-179.947
957130193.796873,-188.271,573.704,182.351,-94.919,0.022,-179.947
957130193.863666,-188.271,573.704,182.351,-94.919,0.022,-179.947
957130193.930173,-188.271,573.704,182.351,-94.919,0.022,-179.947
957130193.996689,-188.271,573.704,182.351,-94.919,0.022,-179.947
957130194.064036,-188.271,573.704,182.351,-94.919,0.022,-179.947
957130194.130326,-188.271,573.704,182.351,-94.919,0.022,-179.947
957130194.196386,-188.271,573.704,182.351,-94.919,0.022,-179.947
957130194.263917,-188.271,573.704,182.351,-94.919,0.022,-179.947
957130194.330472,-188.271,573.704,182.351,-94.919,0.022,-179.947
957130194.397115,-188.271,573.704,182.351,-94.919,0.022,-179.947
957130194.464084,-188.271,573.704,182.351,-94.919,0.022,-179.947
957130194.530368,-188.271,573.704,182.351,-94.919,0.022,-179.947
957130194.596949,-188.271,573.704,182.351,-94.919,0.022,-179.947
957130194.663453,-188.271,573.704,182.351,-94.919,0.022,-179.947
957130194.730166,-188.271,573.704,182.351,-94.919,0.022,-179.947
957130194.796738,-188.271,573.704,182.351,-94.919,0.022,-179.947
957130194.863758,-188.271,573.704,182.351,-94.919,0.022,-179.947
957130194.930216,-188.271,573.704,182.351,-94.919,0.022,-179.947
957130194.996119,-188.271,573.704,182.351,-94.919,0.022,-179.947
957130195.064047,-188.271,573.704,182.351,-94.919,0.022,-179.947
957130195.130263,-188.271,573.704,182.351,-94.919,0.022,-179.947
957130195.196735,-188.271,573.704,182.351,-94.919,0.022,-179.947
957130195.263248,-188.271,573.704,182.351,-94.919,0.022,-179.947
957130195.330392,-188.271,573.704,182.351,-94.919,0.022,-179.947
957130195.397051,-188.271,573.704,182.351,-94.919,0.022,-179.947
957130195.463214,-188.271,573.704,182.351,-94.919,0.022,-179.947
957130195.530003,-188.271,573.704,182.351,-94.919,0.022,-179.947
957130195.596561,-188.271,573.704,182.351,-94.919,0.022,-179.947
957130195.664257,-188.271,573.704,182.351,-94.919,0.022,-179.947
957130195.729988,-188.271,573.704,182.351,-94.919,0.022,-179.947
957130195.796592,-188.271,573.704,182.351,-94.919,0.022,-179.947
957130195.863267,-188.271,573.704,182.351,-94.919,0.022,-179.947
957130195.930548,-188.271,573.704,182.351,-94.919,0.022,-179.947
957130195.996693,-188.271,573.704,182.351,-94.919,0.022,-179.947
957130196.063620,-188.271,573.704,182.351,-94.919,0.022,-179.947
957130196.131579,-188.271,573.704,182.351,-94.919,0.022,-179.947
957130196.197114,-188.271,573.704,182.351,-94.919,0.022,-179.947
957130196.263455,-188.271,573.704,182.351,-94.919,0.022,-179.947
957130196.329965,-188.271,573.704,182.351,-94.919,0.022,-179.947
957130196.396887,-188.271,573.704,182.351,-94.919,0.022,-179.947
957130196.463805,-188.271,573.704,182.351,-94.919,0.022,-179.947
957130196.530333,-188.271,573.704,182.351,-94.919,0.022,-179.947
957130196.596264,-188.271,573.704,182.351,-94.919,0.022,-179.947
957130196.663164,-188.271,573.704,182.351,-94.919,0.022,-179.947
957130196.730077,-188.271,573.704,182.351,-94.919,0.022,-179.947
957130196.797022,-188.271,573.704,182.351,-94.919,0.022,-179.947
957130196.863653,-188.271,573.704,182.351,-94.919,0.022,-179.947
957130196.929977,-188.271,573.704,182.351,-94.919,0.022,-179.947
957130196.996150,-188.271,573.704,182.351,-94.919,0.022,-179.947
957130197.063188,-188.271,573.704,182.351,-94.919,0.022,-179.947
957130197.130314,-188.271,573.704,182.351,-94.919,0.022,-179.947
957130197.196222,-188.271,573.704,182.351,-94.919,0.022,-179.947
957130197.262616,-188.271,573.704,182.351,-94.919,0.022,-179.947
957130197.330453,-188.271,573.704,182.351,-94.919,0.022,-179.947
957130197.396424,-188.271,573.704,182.351,-94.919,0.022,-179.947
957130197.463194,-188.271,573.704,182.351,-94.919,0.022,-179.947
957130197.530207,-188.271,573.704,182.351,-94.919,0.022,-179.947
957130197.596320,-188.271,573.704,182.351,-94.919,0.022,-179.947
957130197.663243,-188.271,573.704,182.351,-94.919,0.022,-179.947
957130197.735109,-188.271,573.704,182.351,-94.919,0.022,-179.947
957130197.796050,-188.271,573.704,182.351,-94.919,0.022,-179.947
957130197.862632,-188.271,573.704,182.351,-94.919,0.022,-179.947
957130197.929333,-188.271,573.704,182.351,-94.919,0.022,-179.947
957130197.996089,-188.271,573.704,182.351,-94.919,0.022,-179.947
957130198.063068,-188.271,573.704,182.351,-94.919,0.022,-179.947
957130198.130039,-188.271,573.704,182.351,-94.919,0.022,-179.947
957130198.195940,-188.271,573.704,182.351,-94.919,0.022,-179.947
