method,trial,noise_sigma_mm,status,calibration_pose_count,heldout_pose_count,heldout_translation_error_mm,heldout_rotation_error_deg,camera_pose_translation_error_mm,camera_pose_rotation_error_deg,pairwise_registration_translation_error_mm,pairwise_registration_rotation_error_deg,heldout_reprojection_rmse_px,cam0_camera_pose_translation_error_mm,cam0_camera_pose_rotation_error_deg,cam0_heldout_translation_error_mm,cam0_heldout_rotation_error_deg,cam0_heldout_reprojection_rmse_px,cam1_camera_pose_translation_error_mm,cam1_camera_pose_rotation_error_deg,cam1_heldout_translation_error_mm,cam1_heldout_rotation_error_deg,cam1_heldout_reprojection_rmse_px,cam3_camera_pose_translation_error_mm,cam3_camera_pose_rotation_error_deg,cam3_heldout_translation_error_mm,cam3_heldout_rotation_error_deg,cam3_heldout_reprojection_rmse_px,wrist_camera_pose_translation_error_mm,wrist_camera_pose_rotation_error_deg,wrist_heldout_translation_error_mm,wrist_heldout_rotation_error_deg,wrist_heldout_reprojection_rmse_px
tabb_c2_sim,0,0.0,ok,10,4,9.310017681540561e-07,4.6968283961434397e-08,9.685979016765968e-07,3.7971497917341763e-08,1.5657078319161157e-06,6.621763081202342e-08,7.602777960586683e-07,1.7419783746226574e-06,3.824860556069498e-08,1.378169208637326e-06,6.149265408656492e-08,8.416678586578747e-07,1.0601611240570092e-06,4.7084591536998116e-08,9.317937585443826e-07,6.50043000970741e-08,8.809269624816484e-07,1.071203366609402e-06,6.646647745897109e-08,1.4129251704930222e-06,6.12898579343822e-08,9.097532317939173e-07,1.0487414173190979e-09,8.631711270286737e-11,1.1189349414934145e-09,8.632372771635707e-11,1.1262481750022366e-09
tabb_c2_sim_euler,0,0.0,ok,10,4,1.4632590623289943e-06,1.0854909994196225e-07,1.6507799193121385e-06,1.112683282715444e-07,3.05654827126183e-06,1.836505562825223e-07,1.2704171999878805e-06,2.770952957857697e-07,8.921545397203386e-08,1.1045272841316442e-06,9.88373390802399e-08,8.088410180604794e-07,4.682587951557835e-06,2.714897241255e-07,3.6025462029835204e-06,2.566298519852933e-07,2.1174032572664254e-06,1.641246744333825e-06,8.417201141015087e-08,1.1436538971158048e-06,7.853307634979309e-08,1.1481349172486825e-06,2.189685571124751e-09,1.9612357849288756e-10,2.308865085008523e-09,1.9613235252269728e-10,2.3051062803243202e-09
tabb_c2_sim_quat,0,0.0,ok,10,4,7.242771164723875e-07,9.690617123999679e-08,9.819780599284498e-07,9.088587802058508e-08,1.6570863645923857e-06,1.572541987377399e-07,8.107661239716001e-07,1.1871034030674297e-06,2.155468988609046e-07,1.4526184954557276e-06,2.0930143795714202e-07,1.0231468108700127e-06,8.220367360881566e-07,7.540757740762074e-09,7.862102793414141e-07,4.706048907799592e-08,8.38048391615995e-07,1.917794678685421e-06,1.404198420502895e-07,6.572211539422371e-07,1.3122675380290737e-07,9.38195588028311e-07,9.774218727920323e-10,3.6013430384140127e-11,1.0585371501715085e-09,3.6004121941853927e-11,1.1689483760757123e-09
tabb_rp1,0,0.0,ok,10,4,6.373812905787162e-07,5.4045058942106e-08,8.950576256606601e-07,3.822353562285905e-08,1.2608451907880222e-06,6.15401576755879e-08,7.29702934709755e-07,1.044742784664371e-06,5.6487934467619787e-08,8.361272374518465e-07,5.876808803868659e-08,7.755137754762458e-07,1.1238359212551612e-06,4.592849757316373e-08,7.50415233758949e-07,7.489630968232786e-08,7.582781156998164e-07,1.362087127246958e-06,4.4219407087452765e-08,9.442367682548788e-07,7.625752951296079e-08,9.76290364938488e-07,4.956466947615027e-08,6.258303363199937e-09,1.8745922849190588e-08,6.258308534448761e-09,1.775664162236313e-08
tabb_rp2,0,0.0,ok,10,4,2.4479602952968094e-06,1.1733135158295132e-07,1.9902807616477433e-06,1.1427789641333029e-07,3.930189112190277e-06,1.8919265910508688e-07,1.477854849231141e-06,4.633666391718777e-06,1.70976780720823e-07,5.056587735289239e-06,1.717550753223903e-07,2.030530069133071e-06,1.8463336608427213e-06,4.9377384590757156e-08,2.0952552845570865e-06,5.073598806253691e-08,1.409562246395575e-06,1.3704672585812508e-06,2.2715435057773232e-07,2.4875775308945474e-06,2.372312765520238e-07,1.6083013175780353e-06,1.1065573544822493e-07,9.603069764008605e-09,1.524206304463631e-07,9.60306639485434e-09,1.9916979023801531e-07
tabb_c2_sim,0,1.0,ok,10,4,0.377765070937996,0.2606823902671822,1.3224652748694583,0.13948495177591555,1.3343474545699952,0.16645986750066483,2.4312868809060566,1.5832579183326103,0.11463704190141652,0.4829908662375283,0.2586874518647906,1.8130086303859665,0.5489098578398028,0.07988665053037454,0.32027099182339885,0.15485253284972916,2.1373743433613814,2.3371514926226773,0.18156411144010504,0.5427529297195127,0.3344202267502743,1.86106990368664,0.8205418306827424,0.1818520032317661,0.16504549597154408,0.2947693496039348,3.51079378846749
tabb_c2_sim_euler,0,1.0,ok,10,4,0.3777657107428497,0.26068219530339176,1.3224668738079421,0.1394847916016294,1.3343526019469618,0.16645987564434436,2.431286530630215,1.5832577249655317,0.11463684853904334,0.48299423936510977,0.25868724720794245,1.8130087154846597,0.548912938237746,0.0798868676353269,0.3202715125515439,0.15485261742817102,2.1373743405930585,2.337154870865038,0.18156342442602857,0.5427521613089238,0.3344195571581597,1.8610679438886653,0.8205419611634532,0.18185202580611878,0.16504492974582152,0.29476935941929394,3.51079381480552
tabb_c2_sim_quat,0,1.0,ok,10,4,0.37776379812014993,0.26068195242424136,1.3224522134808927,0.13948406025475607,1.334341090746336,0.1664585005478922,2.4312867774097944,1.583229627037652,0.11463476278808644,0.48298958448704843,0.2586864320345259,1.8130088403348246,0.5488983048704534,0.07988622024942207,0.32027006224155713,0.15485250395738198,2.137374322171184,2.3371396514804266,0.1815634223416506,0.5427501018973822,0.3344196356807867,1.8610692119863517,0.8205412705350384,0.18185183563986515,0.16504544385461184,0.29476923802427096,3.5107937729263394
tabb_rp1,0,1.0,ok,10,4,0.31352087487057434,0.21329999272715347,0.5726715995833687,0.050479870512957326,0.7048308795838995,0.0807821237305573,2.4246983464233733,0.8651293234437868,0.06677027727449147,0.38766705018636743,0.23496876622869275,1.8102841297064296,0.3977530816535105,0.029222557007064404,0.2961916821552465,0.15252605047706483,2.1488796889355335,0.6583141327126478,0.04330606153505615,0.31340993727289085,0.25135392845214044,1.7970279521273418,0.36948986052352956,0.06262058623521728,0.25681482986779275,0.2143512257507158,3.520302014895787
tabb_rp2,0,1.0,ok,10,4,7.577029114587148,0.5464062708829046,3.3066789547914834,0.510508260650506,9.37012413445895,0.8468387590949167,4.355868313225102,2.026420785753315,0.8461532439723753,11.979193049122125,0.8807034116360659,4.0379990798871495,5.143696435286657,0.29244227909213966,6.245748122508502,0.34547488308015456,3.245230391358493,4.612060780403027,0.6629245635842658,10.064372649421799,0.6755108070918121,5.08090714861062,1.4445378177229349,0.24051295595324346,2.018802637296167,0.28393598172358586,4.82097300694219
tabb_c2_sim,0,3.0,ok,10,4,1.1378610306653645,0.781700315446311,3.9734163218042955,0.4176005777810914,3.9793548129419496,0.49428532287737403,7.2946731908643825,4.7942697374134235,0.34728034587322887,1.4618426304367054,0.7769822521013305,5.439418549692867,1.6333163127641315,0.2391897720208098,0.9594085605402117,0.46474945143008684,6.408641036826982,7.025147859016859,0.5437620735596352,1.637560839857738,1.0054427788658744,5.583512824826621,2.4409313780227686,0.5401701196706915,0.4926320918268028,0.8796267793879524,10.53638734497803
tabb_c2_sim_euler,0,3.0,ok,10,4,1.1378644821133093,0.7817004928575693,3.9734048445878005,0.4176007106762807,3.9793537956881146,0.4942855111160472,7.2946733690867,4.794265715431499,0.3472806128443967,1.461842573131058,0.776982273333791,5.439418711876892,1.6332683482109636,0.23918928495415112,0.9594209184075666,0.4647495077024538,6.408641119897675,7.025153546816876,0.5437626976645176,1.637562311915357,1.0054433271833967,5.583513479318064,2.4409317678918634,0.5401702472420573,0.49263212499925435,0.8796268632106354,10.536387357446792
tabb_c2_sim_quat,0,3.0,ok,10,4,1.1378645053340852,0.781700336553371,3.9734026155853135,0.4176006004883633,3.9793590382484987,0.49428561962461987,7.294673155927052,4.794276689243625,0.34728073196086656,1.461844220301583,0.7769822994639745,5.439418404042628,1.6332557846667828,0.23918926040893757,0.9594217761773253,0.4647492816374094,6.4086412139270355,7.025147561535698,0.5437625337753501,1.6375599908204497,1.0054431510715216,5.583512627347374,2.4409304268951484,0.5401698758082989,0.4926320340369824,0.8796266140405788,10.536387320347593
tabb_rp1,0,3.0,ok,10,4,0.947114264739263,0.6399212938670251,1.719775567698336,0.1510718689688772,2.1143655190547843,0.2417518048496142,7.274475798943357,2.6038335501667227,0.20103059361341527,1.159295511455999,0.7044366084034467,5.428915776471418,1.1912206202028415,0.08722887743096065,0.8997051569507921,0.45807436510314314,6.44363416323623,1.9751153628706077,0.1298616551928836,0.940997053066605,0.7555671222918419,5.393233478894783,1.1089327375531717,0.18616634963824932,0.7884593374836559,0.6416070796696689,10.563686738167386
tabb_rp2,0,3.0,ok,10,4,23.239042276482415,1.745758858478249,9.891007266343344,1.6593833289413205,26.566805767697772,2.575320042744347,15.91610850351676,6.484975542543914,2.072718553160496,29.873975713318444,2.1900790198512468,10.46901428630152,15.202514151209497,0.9682703716542052,19.04788008186455,1.1191839187142893,9.833249929858457,13.458010281923222,2.2801347546833948,34.54665460518406,2.319523121477372,17.49328032254526,4.418529089696742,1.3164096362671855,9.487658705562602,1.3542493738700883,22.382629846152536
tabb_c2_sim,0,5.0,ok,10,4,1.9043725776409457,1.302370761549495,6.633913858088711,0.6946729460893009,6.595546515319316,0.8155875048485042,12.121731782369755,8.064496217841796,0.5844227961261954,2.457794841216485,1.2965315883042434,9.066576671611513,2.6993603213540545,0.3977216120001356,1.5964691971388563,0.7749074071375097,10.675564491859957,11.737768990330455,0.905173892211073,2.7462330274827877,1.6796779105100597,9.306808245364115,4.034029902828536,0.8913734840197995,0.8169932447256536,1.4583661402461672,17.481977461014015
tabb_c2_sim_euler,0,5.0,ok,10,4,1.9043728846811576,1.3023710107932975,6.633917581769202,0.6946735850043843,6.595552056148663,0.8155883075302395,12.121731889566579,8.064521204307812,0.584424896002271,2.4578022702919435,1.2965323659671295,9.06657743090126,2.699353999938055,0.39772173018606616,1.5964642603121328,0.7749073827944833,10.675564533751722,11.737764136739154,0.9051739092645542,2.746231492212134,1.6796779396489043,9.30680796019307,4.034030986091785,0.8913738045646458,0.8169935159084194,1.458366354762673,17.481977490589593
tabb_c2_sim_quat,0,5.0,ok,10,4,1.904369578156805,1.3023709086880553,6.633915296704839,0.6946732181642697,6.595550174441687,0.8155876905847127,12.121731672880909,8.064504013858908,0.5844231638134764,2.457798488230449,1.2965316340706194,9.066576929336719,2.699356276466199,0.39772151227185504,1.5964540316786775,0.7749073287603527,10.67556450299982,11.737769371064342,0.9051741475326105,2.746232352988303,1.6796781585489642,9.306807304741023,4.0340315254299055,0.8913740490391371,0.8169934397297909,1.4583665133722852,17.481977518187502
tabb_rp1,0,5.0,ok,10,4,1.5595255889739044,1.0685157386174413,2.880416242633029,0.2578382058004074,3.569718316260864,0.4131299473937142,12.085410425228027,4.353997638403617,0.33624614193599595,1.9261430698196884,1.1733033585800776,9.04520627559469,1.9824552887031064,0.14463709127029928,1.5184615584203365,0.7643046360740416,10.734690584448655,3.2920297478640332,0.2163406661132478,1.569698439340295,1.2617852782615673,8.992570916032667,1.893182295561359,0.3341289238820867,1.2237992883152982,1.0746696815540786,17.520942800188525
tabb_rp2,0,5.0,ok,10,4,36.6401430616351,2.9109683844614382,16.68760052826866,2.8124038825451865,41.63214650732923,4.0272495830001995,29.863221424738413,12.679753397732476,2.9970790958063556,39.29707607664667,3.1031446797156637,14.602830271322308,24.35347800812822,1.6392065562666407,31.207984592663177,1.8881331857338872,16.305154042976802,22.100133321143623,3.4365088485353454,53.00040116538294,3.530822865436234,27.013917033314275,7.617037386070322,3.176821029572404,23.05511041184763,3.121772806959968,48.62645262190613
tabb_c2_sim,1,0.0,ok,10,4,9.310017681540561e-07,4.6968283961434397e-08,9.685979016765968e-07,3.7971497917341763e-08,1.5657078319161157e-06,6.621763081202342e-08,7.602777960586683e-07,1.7419783746226574e-06,3.824860556069498e-08,1.378169208637326e-06,6.149265408656492e-08,8.416678586578747e-07,1.0601611240570092e-06,4.7084591536998116e-08,9.317937585443826e-07,6.50043000970741e-08,8.809269624816484e-07,1.071203366609402e-06,6.646647745897109e-08,1.4129251704930222e-06,6.12898579343822e-08,9.097532317939173e-07,1.0487414173190979e-09,8.631711270286737e-11,1.1189349414934145e-09,8.632372771635707e-11,1.1262481750022366e-09
tabb_c2_sim_euler,1,0.0,ok,10,4,1.4632590623289943e-06,1.0854909994196225e-07,1.6507799193121385e-06,1.112683282715444e-07,3.05654827126183e-06,1.836505562825223e-07,1.2704171999878805e-06,2.770952957857697e-07,8.921545397203386e-08,1.1045272841316442e-06,9.88373390802399e-08,8.088410180604794e-07,4.682587951557835e-06,2.714897241255e-07,3.6025462029835204e-06,2.566298519852933e-07,2.1174032572664254e-06,1.641246744333825e-06,8.417201141015087e-08,1.1436538971158048e-06,7.853307634979309e-08,1.1481349172486825e-06,2.189685571124751e-09,1.9612357849288756e-10,2.308865085008523e-09,1.9613235252269728e-10,2.3051062803243202e-09
tabb_c2_sim_quat,1,0.0,ok,10,4,7.188370442532568e-07,8.974299138592979e-08,6.934117413185445e-07,8.289717085602703e-08,1.6726936848541076e-06,1.5530750568165144e-07,8.203722253349953e-07,1.1871034030674297e-06,2.155468988609046e-07,1.4526184954557276e-06,2.0930143795714202e-07,1.0231468108700127e-06,8.220367360881566e-07,7.540757740762074e-09,7.862102793414141e-07,4.706048907799592e-08,8.38048391615995e-07,7.631557303792089e-07,1.0841123335281629e-07,6.351151484165736e-07,1.025202336538023e-07,9.710227762317992e-07,1.351095739382611e-09,8.979346962517663e-11,1.4042537993120802e-09,8.980485477895713e-11,1.6177638346347138e-09
tabb_rp1,1,0.0,ok,10,4,6.373812905787162e-07,5.4045058942106e-08,8.950576256606601e-07,3.822353562285905e-08,1.2608451907880222e-06,6.15401576755879e-08,7.29702934709755e-07,1.044742784664371e-06,5.6487934467619787e-08,8.361272374518465e-07,5.876808803868659e-08,7.755137754762458e-07,1.1238359212551612e-06,4.592849757316373e-08,7.50415233758949e-07,7.489630968232786e-08,7.582781156998164e-07,1.362087127246958e-06,4.4219407087452765e-08,9.442367682548788e-07,7.625752951296079e-08,9.76290364938488e-07,4.956466947615027e-08,6.258303363199937e-09,1.8745922849190588e-08,6.258308534448761e-09,1.775664162236313e-08
tabb_rp2,1,0.0,ok,10,4,2.4479602952968094e-06,1.1733135158295132e-07,1.9902807616477433e-06,1.1427789641333029e-07,3.930189112190277e-06,1.8919265910508688e-07,1.477854849231141e-06,4.633666391718777e-06,1.70976780720823e-07,5.056587735289239e-06,1.717550753223903e-07,2.030530069133071e-06,1.8463336608427213e-06,4.9377384590757156e-08,2.0952552845570865e-06,5.073598806253691e-08,1.409562246395575e-06,1.3704672585812508e-06,2.2715435057773232e-07,2.4875775308945474e-06,2.372312765520238e-07,1.6083013175780353e-06,1.1065573544822493e-07,9.603069764008605e-09,1.524206304463631e-07,9.60306639485434e-09,1.9916979023801531e-07
tabb_c2_sim,1,1.0,ok,10,4,0.6403270173198683,0.27325095696562696,1.9609165106427804,0.2289077289327254,2.5753860854028585,0.3335517980575166,2.4552021455090505,3.1754025551421408,0.22728801792642145,1.0332018655771598,0.2832000161534216,1.8937208907225365,0.5229357805109184,0.17100326890419226,0.451679468863711,0.22228117833901606,2.053462892271747,2.9729759142804513,0.3029284720910684,0.7316265837701648,0.29800140891805926,1.8984217976332973,1.1723517926376108,0.21441115680921954,0.34480015106843787,0.28952122445201106,3.5644321171294213
tabb_c2_sim_euler,1,1.0,ok,10,4,0.6403254453807792,0.27325103657840555,1.9609099947399664,0.22890800691150517,2.57538137796337,0.33355266911188225,2.4552021643260833,3.1754093179399185,0.22728955872930165,1.0332044647711203,0.28320140191343807,1.8937229858554776,0.52291225963953,0.1710033854106522,0.45167326205240954,0.2222804063701999,2.0534633955982207,2.9729673744485416,0.30292803857240586,0.7316242815993191,0.2980011901238337,1.8984193593051395,1.1723510269318753,0.21441104493366103,0.344799773100268,0.2895211479061504,3.5644320645570233
tabb_c2_sim_quat,1,1.0,ok,10,4,0.6403246853780028,0.27325083913114456,1.96089818565812,0.22890743596749358,2.575365625974118,0.3335513473249403,2.455201872322147,3.1754330678730773,0.22728791459949704,1.033200499680287,0.2832005187239841,1.8937215920483992,0.522908727484522,0.17100366878227202,0.45167789745527304,0.22228085000520703,2.0534643146924996,2.9729010468322867,0.3029276259910147,0.7316204605810702,0.29800117623163347,1.898418355901628,1.1723499004425937,0.21441053449719044,0.34479988379538107,0.2895208115637537,3.564432005451445
tabb_rp1,1,1.0,ok,10,4,0.4957479786253375,0.2285453585180477,0.8175609343978477,0.0764998374418155,0.9751969043200758,0.10119525355666109,2.394129688472614,0.8971514255818496,0.028963968471694638,0.6434540158655939,0.21721196345975927,1.7596973323918326,1.0772395180609955,0.09635914496862384,0.4113901518704158,0.19807750002611976,2.030060423584399,0.7170969437609248,0.051137887090098776,0.6370015871091476,0.21224843309165736,1.7732464845900267,0.578755850187621,0.12953834923684474,0.29114615965619267,0.2866435374946543,3.5447630020584477
tabb_rp2,1,1.0,ok,10,4,7.829558242573635,0.5736180730316485,2.7188694537567613,0.5883390660633896,10.279160583126778,0.8458962789057084,4.649449187387841,0.7631390165960192,0.777372763497233,10.610437903425428,0.7690477615135147,3.6374090252859608,1.768167095935536,0.5697077443205967,7.8754311926582385,0.5525277261526562,3.9331507498905847,6.403005860595259,0.4328418144443682,8.140199105309001,0.3624405013222747,3.5370843203997007,1.941165841900231,0.5734339419913603,4.692164768901875,0.6104563031381481,6.727416016286773
tabb_c2_sim,1,3.0,ok,10,4,1.9224428652690455,0.8213612653289286,5.886629886254708,0.6898156273231774,7.744598844788437,1.0049036886417009,7.366516192355369,9.563125470028757,0.6844098221886692,3.111960775132032,0.8523265080258029,5.684717597718325,1.5601065624196986,0.5151678764892099,1.3583119620677437,0.6674869093560954,6.165270883526178,8.86568547299056,0.9040441570731879,2.1827909666724814,0.8896381735499288,5.689745047810782,3.557602039579818,0.6556406535416425,1.0367077572039252,0.8759934703838876,10.694038774325819
tabb_c2_sim_euler,1,3.0,ok,10,4,1.9224433326870294,0.8213617731937812,5.886644440915834,0.6898159492342728,7.744596308207481,1.004903945801499,7.366515769196788,9.56312001269949,0.6844097375660437,3.111956955267745,0.8523267747091652,5.684716955860903,1.5601328905160305,0.5151681555762527,1.3583129670894762,0.667487752143137,6.165270823297037,8.865719174963024,0.9040442148015798,2.1827947986130436,0.8896383976241444,5.6897431853409595,3.5576056854847917,0.6556416889932153,1.0367086097778526,0.8759941682986783,10.69403897521024
tabb_c2_sim_quat,1,3.0,ok,10,4,1.922442502882849,0.821361466650007,5.886637445706289,0.6898157425945513,7.744593907304355,1.004903750360928,7.3665156902344275,9.563126717545495,0.6844095935334221,3.1119555582708593,0.8523265131079742,5.684716863789956,1.5601312742892173,0.5151680905939967,1.3583154199894019,0.6674876247629231,6.165270479554082,8.865688687157093,0.9040443224561197,2.1827911879205866,0.889638056262388,5.689743489411608,3.5576031038333524,0.6556409637946663,1.0367078453505478,0.8759936724667426,10.694038842975058
tabb_rp1,1,3.0,ok,10,4,1.4881546850368053,0.6856046740812376,2.4486283973293412,0.2299533468873044,2.9135434728392244,0.30379538045414056,7.1825946166549235,2.698640226941192,0.0871325730030983,1.937410680002594,0.6524654553904146,5.278676738952078,3.2114744037072254,0.28793914685044336,1.22660816220804,0.594061150269461,6.092923464198054,2.1454911176313507,0.15353170108043035,1.9019190729714026,0.6363037404328798,5.319238470524874,1.7389078410375984,0.39120996661524554,0.8866808249651845,0.8595883502321952,10.633730264942791
tabb_rp2,1,3.0,ok,10,4,26.618011032359387,2.0872240551681953,7.951086387012535,2.1366086214746476,33.211229781886196,3.0797198083141004,18.611488835875598,2.6006917600469004,2.4607262727379915,33.71793224098946,2.479715581132688,11.405162600689644,4.9596710603745615,1.8809099968877696,26.397732005384484,1.834461988760101,12.58440960607777,18.492040758762844,1.60353453319969,26.48080440923982,1.356479649465185,12.048188314016054,5.7519419688658315,2.601263683073138,19.87557547382379,2.678239001314807,30.853624195870122
tabb_c2_sim,1,5.0,ok,10,4,3.2062846154016214,1.3717459472584275,9.817510701670622,1.1548759009099956,12.938311436623957,1.6820263584624453,12.27978066584613,15.998315679496889,1.144834171803644,5.206796430806105,1.4249975082586706,9.48060233328791,2.5864293127997646,0.8621005575687829,2.26920243088282,1.113512851111501,10.283758388376274,14.687174791895126,1.4987752041533298,3.6176480150751162,1.475429811102819,9.473954730622873,5.998123022490711,1.1137936701142261,1.7314915848424444,1.4730436185607192,17.82634924416154
tabb_c2_sim_euler,1,5.0,ok,10,4,3.206286156590652,1.3717457144973202,9.817556296135649,1.1548759013587215,12.938354563799153,1.6820262556517822,12.279781685015706,15.998453854138054,1.1448346485254253,5.206794402768524,1.4249978740186697,9.48060421572933,2.5864258148353625,0.8621010972371198,2.2692023592124926,1.113513137792352,10.28375907746047,14.687224110833276,1.4987749590187411,3.6176556013659456,1.475428758603554,9.47395765549581,5.998121404735901,1.1137929006535996,1.731492263015645,1.4730430875747058,17.82634909929416
tabb_c2_sim_quat,1,5.0,ok,10,4,3.2062864830503077,1.371746146718117,9.817561716458606,1.1548763598979443,12.938340985403707,1.6820271970149268,12.279780816769895,15.998420514517369,1.1448342395217923,5.206794263698352,1.4249972442015755,9.480603910139333,2.5864635640901747,0.8621009511923499,2.269205562292564,1.1135136362540954,10.283757542691793,14.687236553551905,1.4987753831909965,3.617654421588129,1.4754292551923802,9.473954471195547,5.998126233674972,1.1137948656866385,1.7314916846221862,1.4730444512244167,17.82634944713959
tabb_rp1,1,5.0,ok,10,4,2.456635912526551,1.1539118709008949,4.096000848056903,0.4041001819067198,4.872704405791185,0.5384430082268267,11.97230310615972,4.509593308562211,0.1456104456542208,3.240747840414397,1.0888035638172937,8.79733177002505,5.318549030825886,0.4779775002554213,2.0319961820143724,0.9898171432093658,10.15968349884562,3.56586752742829,0.25607804188524524,3.1545778068836277,1.0597882188327739,8.864816334397023,2.989993525411224,0.7367347398319918,1.399221820793807,1.4772385577441451,17.724192025360328
tabb_rp2,1,5.0,ok,10,4,42.90182899671984,3.2814415706029747,13.26036150163796,3.312471359295792,56.39662030866518,4.6167224003690155,28.23438347586578,4.2982059015034135,4.229086847364306,58.11391939630003,4.309236387042125,19.589386442379833,7.754915673866656,3.125349975037278,44.04147806856113,3.050202743321222,21.06344980237834,32.02532055145091,2.2929697195947494,41.694320448756415,1.9239021872175157,18.1946898441918,8.963003879730852,3.602478895186835,27.757598073261782,3.8424249648310367,45.05842788820341
tabb_c2_sim,2,0.0,ok,10,4,9.310017681540561e-07,4.6968283961434397e-08,9.685979016765968e-07,3.7971497917341763e-08,1.5657078319161157e-06,6.621763081202342e-08,7.602777960586683e-07,1.7419783746226574e-06,3.824860556069498e-08,1.378169208637326e-06,6.149265408656492e-08,8.416678586578747e-07,1.0601611240570092e-06,4.7084591536998116e-08,9.317937585443826e-07,6.50043000970741e-08,8.809269624816484e-07,1.071203366609402e-06,6.646647745897109e-08,1.4129251704930222e-06,6.12898579343822e-08,9.097532317939173e-07,1.0487414173190979e-09,8.631711270286737e-11,1.1189349414934145e-09,8.632372771635707e-11,1.1262481750022366e-09
tabb_c2_sim_euler,2,0.0,ok,10,4,1.4632590623289943e-06,1.0854909994196225e-07,1.6507799193121385e-06,1.112683282715444e-07,3.05654827126183e-06,1.836505562825223e-07,1.2704171999878805e-06,2.770952957857697e-07,8.921545397203386e-08,1.1045272841316442e-06,9.88373390802399e-08,8.088410180604794e-07,4.682587951557835e-06,2.714897241255e-07,3.6025462029835204e-06,2.566298519852933e-07,2.1174032572664254e-06,1.641246744333825e-06,8.417201141015087e-08,1.1436538971158048e-06,7.853307634979309e-08,1.1481349172486825e-06,2.189685571124751e-09,1.9612357849288756e-10,2.308865085008523e-09,1.9613235252269728e-10,2.3051062803243202e-09
tabb_c2_sim_quat,2,0.0,ok,10,4,7.188370442532568e-07,8.974299138592979e-08,6.934117413185445e-07,8.289717085602703e-08,1.6726936848541076e-06,1.5530750568165144e-07,8.203722253349953e-07,1.1871034030674297e-06,2.155468988609046e-07,1.4526184954557276e-06,2.0930143795714202e-07,1.0231468108700127e-06,8.220367360881566e-07,7.540757740762074e-09,7.862102793414141e-07,4.706048907799592e-08,8.38048391615995e-07,7.631557303792089e-07,1.0841123335281629e-07,6.351151484165736e-07,1.025202336538023e-07,9.710227762317992e-07,1.351095739382611e-09,8.979346962517663e-11,1.4042537993120802e-09,8.980485477895713e-11,1.6177638346347138e-09
tabb_rp1,2,0.0,ok,10,4,6.373812905787162e-07,5.4045058942106e-08,8.950576256606601e-07,3.822353562285905e-08,1.2608451907880222e-06,6.15401576755879e-08,7.29702934709755e-07,1.044742784664371e-06,5.6487934467619787e-08,8.361272374518465e-07,5.876808803868659e-08,7.755137754762458e-07,1.1238359212551612e-06,4.592849757316373e-08,7.50415233758949e-07,7.489630968232786e-08,7.582781156998164e-07,1.362087127246958e-06,4.4219407087452765e-08,9.442367682548788e-07,7.625752951296079e-08,9.76290364938488e-07,4.956466947615027e-08,6.258303363199937e-09,1.8745922849190588e-08,6.258308534448761e-09,1.775664162236313e-08
tabb_rp2,2,0.0,ok,10,4,2.4479602952968094e-06,1.1733135158295132e-07,1.9902807616477433e-06,1.1427789641333029e-07,3.930189112190277e-06,1.8919265910508688e-07,1.477854849231141e-06,4.633666391718777e-06,1.70976780720823e-07,5.056587735289239e-06,1.717550753223903e-07,2.030530069133071e-06,1.8463336608427213e-06,4.9377384590757156e-08,2.0952552845570865e-06,5.073598806253691e-08,1.409562246395575e-06,1.3704672585812508e-06,2.2715435057773232e-07,2.4875775308945474e-06,2.372312765520238e-07,1.6083013175780353e-06,1.1065573544822493e-07,9.603069764008605e-09,1.524206304463631e-07,9.60306639485434e-09,1.9916979023801531e-07
tabb_c2_sim,2,1.0,ok,10,4,0.41823200491660234,0.3056083928762041,1.1117161180817128,0.18500175788482903,1.6703718459825463,0.2848346335041143,2.3737432330076254,0.6701849506736905,0.1350631537089419,0.46346950659901437,0.27479508884742926,1.6935150119483138,1.1400179329164257,0.1316999998367551,0.30470561452182077,0.2604304894216927,2.0449873358781616,1.154158484299889,0.08133862058204373,0.47308145897259657,0.2712167549729193,1.8114657825135823,1.4825031044368457,0.39190525741157534,0.4316714395729775,0.4159912382627752,3.493887972471937
tabb_c2_sim_euler,2,1.0,ok,10,4,0.4182398788204902,0.3056084246532953,1.1117353642774885,0.1850020059946683,1.6703873470451296,0.2848347375405042,2.3737431070694615,0.6701569507202034,0.1350633261816101,0.46346763581025313,0.2747951855360885,1.6935144982756267,1.1401359248001848,0.13170071014050794,0.3047372133662438,0.2604308544023702,2.044986699542879,1.154141824685971,0.08133797862280885,0.47307840258648104,0.2712158416323095,1.8114658104274155,1.482506756903595,0.3919060090337463,0.431676263518983,0.41599181704241295,3.4938882371814146
tabb_c2_sim_quat,2,1.0,ok,10,4,0.41825081805125897,0.30560816900460985,1.111756702662548,0.18500165504653768,1.670403442173856,0.2848343011180187,2.3737423639697814,0.670152121169984,0.1350630667565028,0.4634670352934942,0.274794917231537,1.6935143217351318,1.1402199693170443,0.13170012780768223,0.304785313036986,0.26043058541883485,2.044983687795574,1.1541517697792143,0.08133816008942217,0.473079422523891,0.27121593141156664,1.8114660795983533,1.4825029503839495,0.3919052655325435,0.4316715013506647,0.41599124195650106,3.4938879265385663
tabb_rp1,2,1.0,ok,10,4,0.39944143708194635,0.26321440361263226,0.770444636518352,0.06016229976208866,0.9929092063609458,0.0900798342198675,2.351534613280818,0.6229211467919081,0.05362170545134327,0.3466323593136025,0.2350295618874205,1.6880694797622442,1.2001880030887913,0.08353624572775452,0.4703007280571978,0.2647570165685223,2.038851004754666,0.7810293153430793,0.026287675662711767,0.5871380360037496,0.24098034092160894,1.8069664137981032,0.4776400808496294,0.0772035722065451,0.19369462495323556,0.3120906950729771,3.4419820657787876
tabb_rp2,2,1.0,ok,10,4,6.900936774888406,0.6359292796614945,2.519758386534539,0.5622554604890438,9.598422548833321,0.7480448294374943,5.5810933601680714,1.605368189919091,0.8609491952393669,12.381230012959259,0.9045092951799967,4.127352167546977,5.156384850806116,0.6527972455857243,8.371037805736432,0.7529050287845922,4.635222291275763,1.8838007647148949,0.20938795039496483,3.0088069005608147,0.36654775212881174,2.115744381919972,1.4334797406980548,0.5258874507361196,3.8426723802971146,0.5197550425525774,9.033145436974218
tabb_c2_sim,2,3.0,ok,10,4,1.2528894199346725,0.9157646838545264,3.3382639228374718,0.5554687559976683,5.012120647283006,0.8544478847595219,7.1200792329776545,1.9792922630759284,0.40437704442745287,1.3890332779627341,0.8243705239998067,5.078728527492034,3.450319053848706,0.39760864808828744,0.9233197566301012,0.7814350257561895,6.133355925933388,3.48742744814843,0.245666320512752,1.424456195348414,0.8112815519214596,5.436236390438413,4.436016926276824,1.1742230109621812,1.2747484497974402,1.2459716337406501,10.479404022779548
tabb_c2_sim_euler,2,3.0,ok,10,4,1.2528656806810912,0.9157653218873282,3.3381807416848392,0.555468875735246,5.012041396193191,0.8544476681221845,7.120080059374668,1.9793426505604057,0.40437766213744625,1.389036822624593,0.8243718550343634,5.078729565493329,3.4499259545964853,0.39760828573095,0.9232177685713059,0.7814354699687138,6.133358941126033,3.4874373024867387,0.24566646299937941,1.4244597402992136,0.811282267813409,5.436236348754052,4.436017059095728,1.1742230920732082,1.2747483912292525,1.2459716947328263,10.479404022557654
tabb_c2_sim_quat,2,3.0,ok,10,4,1.2528848512131057,0.9157649661728923,3.3382370292386194,0.5554687365233887,5.012091158652423,0.8544477591239676,7.1200790434727255,1.9792825531134115,0.4043773472569527,1.3890315204019736,0.8243711679964273,5.07872841578121,3.4502262664950454,0.39760873895162224,0.9233024724905625,0.781434795729348,6.1333559179933,3.4874236312665343,0.24566619884534277,1.4244570305830344,0.811282534002304,5.436235833945604,4.436015666079486,1.1742226610396371,1.2747483813768516,1.2459713669634895,10.479403855223671
tabb_rp1,2,3.0,ok,10,4,1.2032796349738937,0.7881481826472339,2.3107877415905076,0.18033512176754685,2.9778676910199935,0.26944251404197556,7.054209948884261,1.8713966822652959,0.16094953554388763,1.0445145439079606,0.7064794300895559,5.0634617435756315,3.5900063925947174,0.2499850562998165,1.4044761907876744,0.7927840475695176,6.114672017068856,2.356456184008045,0.0793477058029776,1.7742060307359484,0.719581301421267,5.422667368714982,1.4252917074939728,0.2310581894235057,0.5899217744639914,0.9337479515085949,10.325421633766126
tabb_rp2,2,3.0,ok,10,4,21.786234815008637,1.8063158531747487,6.58284685719649,1.6101660407532468,30.00561137539891,2.495259243252739,13.269457226860151,3.594926223108545,2.5722839842848733,36.89879439906169,2.710083933479892,12.118169562335467,16.072863599871162,1.9423599269455416,25.283872328633127,2.2368166022194136,13.803059371796788,2.517268761354364,1.2787517659366612,19.151685676294377,1.3410507431140855,10.85868031735266,4.1463288444518875,0.6472684858459102,5.810586856045353,0.9373121338856034,15.780638788862813
tabb_c2_sim,2,5.0,ok,10,4,2.085198373144844,1.5244612095144765,5.568573668268911,0.9265014042067057,8.35443327120233,1.4238972800951426,11.865639581056039,3.247757129215934,0.6726303928493784,2.3128312534684183,1.3738832026397951,8.46181769182868,5.800557026402511,0.6669162452366042,1.5542121372169637,1.302695827859142,10.219920192649655,5.852376385417484,0.4120878442239631,2.382402178024795,1.3481309301657525,9.063800189230676,7.373604132039714,1.954371134516877,2.0913479238691997,2.0731348773932163,17.46344780980903
tabb_c2_sim_euler,2,5.0,ok,10,4,2.0851999274146853,1.5244610029094798,5.568605284100078,0.9265012195278461,8.354466635433837,1.4238970582104404,11.865639751190898,3.247812111504975,0.6726301862219843,2.3128366378480125,1.3738830823432029,8.461818647967114,5.8006267614135405,0.6669162875054616,1.554212491326333,1.3026956330040271,10.219921073138767,5.8523822706369835,0.4120885085593269,2.3824032870490046,1.3481313703512043,9.06380005502662,7.373599992844816,1.9543698958246118,2.0913472934353905,2.0731339259394854,17.463447363289873
tabb_c2_sim_quat,2,5.0,ok,10,4,2.0851899061568275,1.524461116076552,5.568564114526974,0.9265018204188343,8.354433338954623,1.4238977315154127,11.865640068783527,3.2477816907680443,0.6726303738899309,2.312833807201652,1.3738832351577628,8.461817997937704,5.800517418376233,0.6669174649164316,1.5541847007860061,1.3026955331971775,10.21992188619616,5.852351020000676,0.4120876604969927,2.3823928240420895,1.3481303213478262,9.06380008253973,7.373606328962944,1.9543717823719822,2.0913482925975617,2.073135374603441,17.46344805132319
tabb_rp1,2,5.0,ok,10,4,2.0131930277914845,1.3111958324312472,3.8495543314520044,0.3003163166710617,4.960793673608253,0.4478578470021004,11.7572323332517,3.123061755657711,0.2683696923093432,1.748745023049393,1.179750672965428,8.438129267809474,5.966049876149779,0.415632026606139,2.3301653918716645,1.3188635485652127,10.188308920846218,3.9445825439859297,0.13274328138166497,2.974249587756483,1.1939209114374274,9.041099260010187,2.364523150014597,0.3845202663870994,0.9996121084883971,1.55224819675692,17.210023489699914
tabb_rp2,2,5.0,ok,10,4,37.78600195876008,3.282318664212963,11.569713330234702,2.805100643688408,51.57930655744542,3.7947778152190543,21.572834637770278,5.708306121758051,3.7003575796901096,53.614938074510974,3.9555146145960345,18.03819700551138,26.86952146803426,3.314200771088519,43.332497783305115,3.768937636919637,22.828450325242976,6.698687658055715,3.527749556034991,46.58382350556117,3.934217347045393,22.825282041851157,7.0023380730907725,0.6780946679400119,7.612748471663083,1.470605058290788,22.229720424058627
tabb_c2_sim,3,0.0,ok,10,4,9.310017681540561e-07,4.6968283961434397e-08,9.685979016765968e-07,3.7971497917341763e-08,1.5657078319161157e-06,6.621763081202342e-08,7.602777960586683e-07,1.7419783746226574e-06,3.824860556069498e-08,1.378169208637326e-06,6.149265408656492e-08,8.416678586578747e-07,1.0601611240570092e-06,4.7084591536998116e-08,9.317937585443826e-07,6.50043000970741e-08,8.809269624816484e-07,1.071203366609402e-06,6.646647745897109e-08,1.4129251704930222e-06,6.12898579343822e-08,9.097532317939173e-07,1.0487414173190979e-09,8.631711270286737e-11,1.1189349414934145e-09,8.632372771635707e-11,1.1262481750022366e-09
tabb_c2_sim_euler,3,0.0,ok,10,4,1.4632590623289943e-06,1.0854909994196225e-07,1.6507799193121385e-06,1.112683282715444e-07,3.05654827126183e-06,1.836505562825223e-07,1.2704171999878805e-06,2.770952957857697e-07,8.921545397203386e-08,1.1045272841316442e-06,9.88373390802399e-08,8.088410180604794e-07,4.682587951557835e-06,2.714897241255e-07,3.6025462029835204e-06,2.566298519852933e-07,2.1174032572664254e-06,1.641246744333825e-06,8.417201141015087e-08,1.1436538971158048e-06,7.853307634979309e-08,1.1481349172486825e-06,2.189685571124751e-09,1.9612357849288756e-10,2.308865085008523e-09,1.9613235252269728e-10,2.3051062803243202e-09
tabb_c2_sim_quat,3,0.0,ok,10,4,7.188370442532568e-07,8.974299138592979e-08,6.934117413185445e-07,8.289717085602703e-08,1.6726936848541076e-06,1.5530750568165144e-07,8.203722253349953e-07,1.1871034030674297e-06,2.155468988609046e-07,1.4526184954557276e-06,2.0930143795714202e-07,1.0231468108700127e-06,8.220367360881566e-07,7.540757740762074e-09,7.862102793414141e-07,4.706048907799592e-08,8.38048391615995e-07,7.631557303792089e-07,1.0841123335281629e-07,6.351151484165736e-07,1.025202336538023e-07,9.710227762317992e-07,1.351095739382611e-09,8.979346962517663e-11,1.4042537993120802e-09,8.980485477895713e-11,1.6177638346347138e-09
tabb_rp1,3,0.0,ok,10,4,6.373812905787162e-07,5.4045058942106e-08,8.950576256606601e-07,3.822353562285905e-08,1.2608451907880222e-06,6.15401576755879e-08,7.29702934709755e-07,1.044742784664371e-06,5.6487934467619787e-08,8.361272374518465e-07,5.876808803868659e-08,7.755137754762458e-07,1.1238359212551612e-06,4.592849757316373e-08,7.50415233758949e-07,7.489630968232786e-08,7.582781156998164e-07,1.362087127246958e-06,4.4219407087452765e-08,9.442367682548788e-07,7.625752951296079e-08,9.76290364938488e-07,4.956466947615027e-08,6.258303363199937e-09,1.8745922849190588e-08,6.258308534448761e-09,1.775664162236313e-08
tabb_rp2,3,0.0,ok,10,4,2.4479602952968094e-06,1.1733135158295132e-07,1.9902807616477433e-06,1.1427789641333029e-07,3.930189112190277e-06,1.8919265910508688e-07,1.477854849231141e-06,4.633666391718777e-06,1.70976780720823e-07,5.056587735289239e-06,1.717550753223903e-07,2.030530069133071e-06,1.8463336608427213e-06,4.9377384590757156e-08,2.0952552845570865e-06,5.073598806253691e-08,1.409562246395575e-06,1.3704672585812508e-06,2.2715435057773232e-07,2.4875775308945474e-06,2.372312765520238e-07,1.6083013175780353e-06,1.1065573544822493e-07,9.603069764008605e-09,1.524206304463631e-07,9.60306639485434e-09,1.9916979023801531e-07
tabb_c2_sim,3,1.0,ok,10,4,0.5315681021509899,0.3732745229514396,1.6789260541119662,0.2775463993541929,1.9142065572929392,0.3617283099231712,2.439044377103903,0.28083010769357464,0.19007308864226688,0.5821171540952598,0.33465485398598854,1.941142828022227,2.1744373761364733,0.16474885229347894,0.6435720188181656,0.21778697613958914,2.0230274101211814,2.6940483161287343,0.1952803129144499,0.4682369222776492,0.35370001889875136,1.7982744838005296,1.566388416489082,0.5600833435665759,0.43234631341288504,0.5869562427814294,3.5638859962065093
tabb_c2_sim_euler,3,1.0,ok,10,4,0.5315680891350157,0.373274272067097,1.678912974812066,0.27754629248905166,1.9142041751518846,0.36172845814998933,2.439043953149693,0.28081651753433706,0.19007416062118415,0.5821193817338155,0.33465564565476474,1.9411436491934537,2.174402211088682,0.16474895596016811,0.6435704803913092,0.21778662163707613,2.0230268562581597,2.6940500841308044,0.19528026900197407,0.46823717560748657,0.35369997190403923,1.7982745158901554,1.5663830864944408,0.5600817843728804,0.43234531880745175,0.5869548490725081,3.563884686565841
tabb_c2_sim_quat,3,1.0,ok,10,4,0.5315674326596589,0.3732744616112068,1.6789081915378572,0.2775463526126308,1.9142041157890464,0.3617286013243408,2.4390444111081293,0.2807993321992736,0.1900739065421877,0.5821169839577953,0.3346552466644328,1.9411436391812633,2.1744181645270846,0.16474859365186686,0.643570762513625,0.21778706978237786,2.0230272142374464,2.694029109511469,0.19528017215995377,0.46823596061871753,0.3536998089023005,1.7982742612738742,1.5663861599136017,0.5600827380965148,0.432346023548498,0.586955721095716,3.5638858709548917
tabb_rp1,3,1.0,ok,10,4,0.2882024074771916,0.2646543571416236,0.7059861713425702,0.07650259275879848,0.9062572886958989,0.12221486530480573,2.3442873700317213,0.7888881862237516,0.061193018129631856,0.2757982547126877,0.2741387987450156,1.9006529985076301,0.7420112442599485,0.06105043199607863,0.23541058812397309,0.17593657906212465,1.9630143344319442,0.655876164204505,0.043563401266226785,0.33453019761693714,0.2657463127538058,1.7475714157822027,0.6371690906820757,0.1402035196432566,0.30707058945516846,0.34279573800554836,3.385678682624894
tabb_rp2,3,1.0,ok,10,4,11.293754670565734,0.9733434758152363,4.266812390176849,0.8911950434781855,8.899736406417945,1.5036031146148794,9.30254956947199,0.6067652754598204,0.15424588913097173,1.5336550622517962,0.33690284551580285,1.9607272606517874,3.373251037383183,0.7294993657301148,10.371428883157998,0.813450492282342,4.973364280552091,9.099285773597732,1.7214135890162956,25.596451866635846,1.8055129097658575,11.263965118029844,3.9879474742666585,0.9596213300353598,7.673482870217303,0.937507655696943,13.80919983677572
tabb_c2_sim,3,3.0,ok,10,4,1.5933778989410088,1.1191357185300803,5.0421990368211835,0.8308811797759647,5.702627770451085,1.0787816927876943,7.315759540628685,0.9111898496298891,0.5698119490167796,1.7427485444551287,1.005644669023516,5.822858657499221,6.503287972452148,0.4928985096661942,1.9303575844256569,0.6551582319092486,6.07185206103819,8.076231402680426,0.5856067425746826,1.4049779448532858,1.0594858529996636,5.396895771976325,4.6780869225222705,1.6752075178462023,1.2954275220299634,1.7562541201878932,10.685588250315247
tabb_c2_sim_euler,3,3.0,ok,10,4,1.5933740059343549,1.1191356857383055,5.042219489697645,0.8308816161215329,5.702651739172069,1.078782681998278,7.315759287663931,0.9111834130722448,0.569811903558209,1.7427472863307707,1.005644787314703,5.822858616078311,6.503367801388902,0.49290059209582415,1.9303412380746794,0.655158145851869,6.071850702412615,8.076241126099427,0.5856069099055814,1.404980202632843,1.059486103324841,5.396896302143953,4.678085618230008,1.6752070589265167,1.2954272966991256,1.7562537064618087,10.685588084370613
tabb_c2_sim_quat,3,3.0,ok,10,4,1.5933716936430495,1.1191356866345883,5.042224480590074,0.8308815521984891,5.7026537989155655,1.078782853877185,7.315759157224568,0.9111805092542055,0.5698116413027297,1.7427457218495355,1.0056443617021376,5.822858590255348,6.503390579875162,0.4929001359070391,1.9303338098126654,0.6551581332310171,6.071849698071366,8.076239640207932,0.5856068827349498,1.4049797607463799,1.059486103588992,5.396896221882373,4.678087193022997,1.6752075488492377,1.2954274821636174,1.7562541480162062,10.685588352459233
tabb_rp1,3,3.0,ok,10,4,0.86300597224718,0.7945768689808655,2.120483217572232,0.23006360725487154,2.7160216572556473,0.36750403404917864,7.033907210321483,2.372801048458989,0.18403138799630386,0.8186225560662717,0.823342532332223,5.703256965293173,2.2273546097057872,0.18340852362997676,0.704168910160756,0.5287903047407982,5.891048772206079,1.9834955302373858,0.13153896668343554,1.0097530801667536,0.7958021611140411,5.244358619724894,1.898281681886765,0.42127555070976996,0.9194793425949392,1.0303724777363996,10.157190044135808
tabb_rp2,3,3.0,ok,10,4,41.26005300243557,3.3638865853331117,12.557783978770141,3.218323146002702,33.340505884901454,5.157699173535778,31.189839937434748,1.6969811750971493,2.69104848341781,34.7319882452793,2.960391766067654,12.16429541241317,9.76054716253053,2.1522073328505997,30.768152998253047,2.402923077088435,15.085771833501811,27.882541640114628,5.047883925972293,76.41570076392296,5.2928975657222015,33.238851233504626,10.891065937338263,2.9821528417701044,23.124370002286955,2.7993339324541573,49.100434165852484
tabb_c2_sim,3,5.0,ok,10,4,2.6537345701580857,1.863865044729669,8.414700131805459,1.381673044676349,9.43759712430361,1.7868318910302978,12.075867163576396,1.6425617789659996,0.9492265798913554,2.899170503597899,1.678947052760959,9.70426516416404,10.806802194889952,0.8193252246995133,3.2168479000479047,1.0950249577389342,10.124673068982048,13.450959286800117,0.9756453017247562,2.3421602744953693,1.7631104286992818,8.998518516116217,7.758477266565768,2.782495072389771,2.156759602491171,2.9183777397195017,17.501996759590728
tabb_c2_sim_euler,3,5.0,ok,10,4,2.653730418449921,1.8638645982515574,8.414716543168897,1.3816729859449295,9.437625092602351,1.7868332491399574,12.075866717426385,1.6425431099441865,0.9492263908942474,2.8991711442931303,1.678946450221182,9.704265580460035,10.806883554284882,0.819325804157812,3.2168303298174443,1.0950243731675249,10.124671402390153,13.450963918420209,0.9756451924678958,2.342160779100734,1.7631102901627975,8.998518584561326,7.758475590026304,2.7824945562597625,2.156759420588374,2.9183772794547247,17.501996225414317
tabb_c2_sim_quat,3,5.0,ok,10,4,2.6537360034040463,1.8638651232307768,8.414705576263751,1.3816733192598596,9.437604311944769,1.7868325438914816,12.07586723417392,1.6425599292671011,0.949226454636342,2.8991686147953963,1.6789468996590562,9.704264786596664,10.806817737466941,0.819326773554378,3.2168546063233423,1.0950255316207667,10.124674243718175,13.450967448435778,0.9756450878445545,2.3421610978459495,1.7631104178998833,8.998518600408218,7.758477189885186,2.7824949610041645,2.1567596946514964,2.9183776437434004,17.501996439335226
tabb_rp1,3,5.0,ok,10,4,1.436222157876232,1.325318527044251,3.5381696163489282,0.3843464991630181,4.522375640367431,0.6138980630772167,11.648739133320811,3.964821795509086,0.30747251755332417,1.3503616751252578,1.3737617044616306,9.507889525811514,3.711866861324466,0.30588329974953826,1.1702606715372301,0.8830362443484349,9.821983634167289,3.333918798715803,0.22073208747428952,1.6938121777702109,1.323922122867844,8.743567933734477,3.142071009846359,0.7032980918749207,1.5304541070722286,1.7205540364990939,16.73477474615731
tabb_rp2,3,5.0,ok,10,4,72.08691084516165,5.9013110439192396,21.181510044913075,5.676553736213153,60.126779421611566,9.089480485914963,57.28619216921006,3.089545468736682,5.068482935812425,65.44742534776525,5.531403770675972,22.228377890230387,15.583397421521832,3.5862444692406172,51.28816825038297,3.9980157436324824,25.50772714915345,47.58468204509397,8.309577273792078,127.83710370620994,8.701101318952709,54.96206030126778,18.468415244299816,5.741910266007491,43.77494607628846,5.374723342415792,94.78935626879792
tabb_c2_sim,4,0.0,ok,10,4,9.310017681540561e-07,4.6968283961434397e-08,9.685979016765968e-07,3.7971497917341763e-08,1.5657078319161157e-06,6.621763081202342e-08,7.602777960586683e-07,1.7419783746226574e-06,3.824860556069498e-08,1.378169208637326e-06,6.149265408656492e-08,8.416678586578747e-07,1.0601611240570092e-06,4.7084591536998116e-08,9.317937585443826e-07,6.50043000970741e-08,8.809269624816484e-07,1.071203366609402e-06,6.646647745897109e-08,1.4129251704930222e-06,6.12898579343822e-08,9.097532317939173e-07,1.0487414173190979e-09,8.631711270286737e-11,1.1189349414934145e-09,8.632372771635707e-11,1.1262481750022366e-09
tabb_c2_sim_euler,4,0.0,ok,10,4,1.4632590623289943e-06,1.0854909994196225e-07,1.6507799193121385e-06,1.112683282715444e-07,3.05654827126183e-06,1.836505562825223e-07,1.2704171999878805e-06,2.770952957857697e-07,8.921545397203386e-08,1.1045272841316442e-06,9.88373390802399e-08,8.088410180604794e-07,4.682587951557835e-06,2.714897241255e-07,3.6025462029835204e-06,2.566298519852933e-07,2.1174032572664254e-06,1.641246744333825e-06,8.417201141015087e-08,1.1436538971158048e-06,7.853307634979309e-08,1.1481349172486825e-06,2.189685571124751e-09,1.9612357849288756e-10,2.308865085008523e-09,1.9613235252269728e-10,2.3051062803243202e-09
tabb_c2_sim_quat,4,0.0,ok,10,4,7.188370442532568e-07,8.974299138592979e-08,6.934117413185445e-07,8.289717085602703e-08,1.6726936848541076e-06,1.5530750568165144e-07,8.203722253349953e-07,1.1871034030674297e-06,2.155468988609046e-07,1.4526184954557276e-06,2.0930143795714202e-07,1.0231468108700127e-06,8.220367360881566e-07,7.540757740762074e-09,7.862102793414141e-07,4.706048907799592e-08,8.38048391615995e-07,7.631557303792089e-07,1.0841123335281629e-07,6.351151484165736e-07,1.025202336538023e-07,9.710227762317992e-07,1.351095739382611e-09,8.979346962517663e-11,1.4042537993120802e-09,8.980485477895713e-11,1.6177638346347138e-09
tabb_rp1,4,0.0,ok,10,4,6.373812905787162e-07,5.4045058942106e-08,8.950576256606601e-07,3.822353562285905e-08,1.2608451907880222e-06,6.15401576755879e-08,7.29702934709755e-07,1.044742784664371e-06,5.6487934467619787e-08,8.361272374518465e-07,5.876808803868659e-08,7.755137754762458e-07,1.1238359212551612e-06,4.592849757316373e-08,7.50415233758949e-07,7.489630968232786e-08,7.582781156998164e-07,1.362087127246958e-06,4.4219407087452765e-08,9.442367682548788e-07,7.625752951296079e-08,9.76290364938488e-07,4.956466947615027e-08,6.258303363199937e-09,1.8745922849190588e-08,6.258308534448761e-09,1.775664162236313e-08
tabb_rp2,4,0.0,ok,10,4,2.4479602952968094e-06,1.1733135158295132e-07,1.9902807616477433e-06,1.1427789641333029e-07,3.930189112190277e-06,1.8919265910508688e-07,1.477854849231141e-06,4.633666391718777e-06,1.70976780720823e-07,5.056587735289239e-06,1.717550753223903e-07,2.030530069133071e-06,1.8463336608427213e-06,4.9377384590757156e-08,2.0952552845570865e-06,5.073598806253691e-08,1.409562246395575e-06,1.3704672585812508e-06,2.2715435057773232e-07,2.4875775308945474e-06,2.372312765520238e-07,1.6083013175780353e-06,1.1065573544822493e-07,9.603069764008605e-09,1.524206304463631e-07,9.60306639485434e-09,1.9916979023801531e-07
tabb_c2_sim,4,1.0,ok,10,4,0.492751730739599,0.2747407902659957,1.593135971275871,0.1711148890366498,2.017238859205126,0.2505139594691736,2.444697963701548,3.076321650534263,0.26869657598995883,0.9633491334155923,0.2973630577677723,1.8920883257845942,1.0121698784500217,0.127057516973004,0.2909020336587709,0.20621763212488514,1.9774888894005864,1.528425658029292,0.12913934151870754,0.44840621725799756,0.18453357941768989,1.8879627888690247,0.7556266980899068,0.15956612166492876,0.2683495386260354,0.41084889175363554,3.5848749632977106
tabb_c2_sim_euler,4,1.0,ok,10,4,0.4927498222301391,0.27474078013064585,1.5931335200200765,0.17111485841000368,2.0172389469674843,0.25051377251633394,2.4446978030866684,3.076314619119764,0.26869649587347927,0.9633418548907073,0.2973629837733127,1.8920873453420906,1.0121668570356062,0.1270576232219563,0.2909021922851128,0.20621766227562532,1.9774889993045628,1.5284255057072615,0.12913903202718297,0.44840636179883503,0.18453348856642304,1.8879628372160142,0.7556270982176748,0.15956628251739624,0.2683488799459011,0.4108489859072221,3.5848749565618254
tabb_c2_sim_quat,4,1.0,ok,10,4,0.4927506742299822,0.274740740095308,1.593126334219729,0.1711147769025128,2.0172266722982637,0.2505137608969526,2.4446977009908784,3.076316545981763,0.2686965028269422,0.9633472601417675,0.2973629990051485,1.8920881505696248,1.0121622682484188,0.1270577569662418,0.29090125423320523,0.20621772936567673,1.9774892241562523,1.5283995830722321,0.12913887679676606,0.4484053090929357,0.1845334245235715,1.887961343230225,0.755626939576501,0.15956597102010117,0.2683488734520203,0.4108488074868353,3.58487491583857
tabb_rp1,4,1.0,ok,10,4,0.3069906284682946,0.2193110531015828,0.7488944957876047,0.06563493750263984,1.0174647143804907,0.0859423848806487,2.4136587829712948,0.4976068978505743,0.04695301313851232,0.32576078058960034,0.16775370712012502,1.8153973787418454,1.2651608576813587,0.11017200062816433,0.22471947713453141,0.21823702318868482,1.9796104069386595,1.0274280444041728,0.05413706231562264,0.4832185822165539,0.1489501271605309,1.8577704643277135,0.20538218321431304,0.05127767392826007,0.19426367393249291,0.3423033549369905,3.5548781664533693
tabb_rp2,4,1.0,ok,10,4,10.987791718994437,0.8675938694968949,3.564424299053603,0.7924991921207315,12.232683292372878,1.0567980328775712,7.011412344835352,2.47891887679763,0.9337746522084815,13.165024482633449,0.9588240820831345,4.735070247774089,3.9662072835814253,0.33357430828301476,6.4934401247105225,0.35904458499150876,3.047075317662141,6.823114732567077,1.5005319409447082,21.127618589648492,1.539801349819586,9.941510895263493,0.989456303268281,0.40211586704672114,3.165083678985288,0.6127054610933502,8.130216181242313
tabb_c2_sim,4,3.0,ok,10,4,1.4845173518029415,0.8240919453239105,4.802967300794993,0.5141539471643464,6.078641288083194,0.7521325115545728,7.335543402783252,9.303393797186503,0.8110815167743396,2.908775945413854,0.895431213984049,5.680583092994003,3.0639933748438146,0.3825947480509882,0.8781212217763203,0.6189269538388154,5.932939425896461,4.570095382924063,0.3877220423431413,1.348069143996281,0.5550251060845987,5.664337313613488,2.274386648225589,0.4752174814889161,0.8031030960253107,1.226984507388179,10.75580198526858
tabb_c2_sim_euler,4,3.0,ok,10,4,1.4845170446949778,0.824091897154444,4.802969172683387,0.5141539133815191,6.078643228849727,0.7521325444404775,7.335543572494982,9.303395964171843,0.8110815982492773,2.9087770990528377,0.8954312874662007,5.680583138394263,3.063987370459668,0.3825949387522791,0.8781196975545604,0.6189270431652931,5.932939671924909,4.570107196078511,0.38772211428863135,1.3480680826791391,0.5550250304751944,5.664337963824776,2.2743861600235262,0.4752170022358883,0.803103299493374,1.2269842275110883,10.755801946138352
tabb_c2_sim_quat,4,3.0,ok,10,4,1.4845176487848488,0.8240918865176824,4.802962401792976,0.5141537428049029,6.078635071356474,0.7521322588108537,7.3355431508132485,9.303393546882893,0.8110817088930043,2.9087757332752444,0.8954313841093772,5.6805830417543435,3.064001087364228,0.38259487108901036,0.878124117079504,0.6189270179658419,5.932939333493365,4.570068640077765,0.38772156871355967,1.348067668529159,0.5550250244399341,5.664336257977603,2.2743863328470186,0.475216822524037,0.8031030762554879,1.2269841195555762,10.755801931848374
tabb_rp1,4,3.0,ok,10,4,0.9148669694922622,0.6569464057566725,2.2429183524942027,0.19640678739569814,3.045715586359775,0.2571849883500325,7.240451706555265,1.484852681472557,0.14080490761517575,0.969443475897334,0.5037182434660328,5.446214750898523,3.8056799805770796,0.331201001107803,0.6791863535039712,0.6539506477546437,5.939083492986375,3.063589836594066,0.16145824281374,1.439460615386439,0.4479422322899685,5.572777592308568,0.6175509113331082,0.1521629980460738,0.5713774331813045,1.0221744995160447,10.66333651897622
tabb_rp2,4,3.0,ok,10,4,32.61461654783995,2.5270303181260783,11.516233025911362,2.300640261421297,38.6904226820659,3.035705971867897,19.16138874459539,9.057486730473057,2.56875805708081,37.06422372969178,2.664615490874251,13.483127506942902,15.365337139560232,1.4914603271192373,26.502059152418028,1.560138303082511,10.903581436476303,19.6416163696274,4.2724776383008916,59.93803757590037,4.3829341095486445,28.147185186280502,2.000491863984757,0.8698650231842486,6.9541457333496055,1.5004333689989076,19.382683639395967
tabb_c2_sim,4,5.0,ok,10,4,2.4846809918996393,1.373337382493593,8.044179307551618,0.8583689042594004,10.175988180315352,1.254651747677366,12.229101240188406,15.629366365564554,1.3600467402481902,4.879004193066538,1.497895695821124,9.475146957294308,5.152866459417282,0.6400621704161998,1.4727408376031161,1.032018884697865,9.889372494105228,7.591332842829454,0.6467703101802825,2.2516803353938393,0.9274739004976151,9.441698180668984,3.8031515623951786,0.7865963961929291,1.3352986015350634,2.0359610489577675,17.929860731382547
tabb_c2_sim_euler,4,5.0,ok,10,4,2.4846803663133414,1.3733373206526807,8.044181514073847,0.858368775514081,10.175991753465674,1.2546517455830448,12.229101577678579,15.629368108649976,1.3600469484678512,4.879005674249873,1.4978958453974205,9.47514735361943,5.152870353701795,0.6400620957079646,1.4727403336689233,1.0320188800498187,9.889372394774012,7.59133668067957,0.6467703276038244,2.251676295574481,0.9274738922797618,9.441699751961643,3.8031509132640453,0.7865957302766838,1.335299161760088,2.035960664883722,17.929860670044555
tabb_c2_sim_quat,4,5.0,ok,10,4,2.484680843907416,1.3733374521948796,8.044186833085462,0.8583689941967059,10.175999208708662,1.2546520364669405,12.22910161033001,15.629367561927305,1.3600468380665598,4.8790031960286875,1.4978957324150475,9.475147014880706,5.152874929372312,0.6400622369926832,1.4727423893855849,1.0320189612559398,9.889372430058353,7.591353684409109,0.6467709333309174,2.2516789538334256,0.92747432462382,9.441700159264348,3.8031511566331226,0.7865959683966629,1.3352988363819644,2.0359607904847103,17.929860704189842
tabb_rp1,4,5.0,ok,10,4,1.5157943280937842,1.0932789524185518,3.732054664481899,0.3265167491309049,5.066132339701221,0.4276175123976171,12.067396764327484,2.4594037257931594,0.23456262203762857,1.6034025767547344,0.8403376115336679,9.07738315588299,6.359489425636738,0.5531139905578906,1.140790516042501,1.0886146620757875,9.89922492507442,5.07542240904876,0.26752692801190375,2.3827544690557945,0.7484260184608589,9.287430246170556,1.0339030974489405,0.2508634559161967,0.9362297505221066,1.6957375176038925,17.771841745227167
tabb_rp2,4,5.0,ok,10,4,51.30243693283793,3.918611276788999,19.254071062376454,3.5430537803606437,61.3482083449806,4.891245555838827,29.8723408326285,15.647929414453348,3.5911499537195795,53.15761500440377,3.7728173813457646,19.97520192818535,28.452537202019013,2.412077609190026,45.1023456754084,2.5638174335063786,17.896118658565097,30.463836420585753,7.080151169840548,97.98585749939544,7.254790522343003,46.25903240850849,2.4519812124477127,1.0888363886924206,8.963929552144132,2.0830197699608495,26.650500047808404
tabb_c2_sim,5,0.0,ok,10,4,9.310017681540561e-07,4.6968283961434397e-08,9.685979016765968e-07,3.7971497917341763e-08,1.5657078319161157e-06,6.621763081202342e-08,7.602777960586683e-07,1.7419783746226574e-06,3.824860556069498e-08,1.378169208637326e-06,6.149265408656492e-08,8.416678586578747e-07,1.0601611240570092e-06,4.7084591536998116e-08,9.317937585443826e-07,6.50043000970741e-08,8.809269624816484e-07,1.071203366609402e-06,6.646647745897109e-08,1.4129251704930222e-06,6.12898579343822e-08,9.097532317939173e-07,1.0487414173190979e-09,8.631711270286737e-11,1.1189349414934145e-09,8.632372771635707e-11,1.1262481750022366e-09
tabb_c2_sim_euler,5,0.0,ok,10,4,1.4632590623289943e-06,1.0854909994196225e-07,1.6507799193121385e-06,1.112683282715444e-07,3.05654827126183e-06,1.836505562825223e-07,1.2704171999878805e-06,2.770952957857697e-07,8.921545397203386e-08,1.1045272841316442e-06,9.88373390802399e-08,8.088410180604794e-07,4.682587951557835e-06,2.714897241255e-07,3.6025462029835204e-06,2.566298519852933e-07,2.1174032572664254e-06,1.641246744333825e-06,8.417201141015087e-08,1.1436538971158048e-06,7.853307634979309e-08,1.1481349172486825e-06,2.189685571124751e-09,1.9612357849288756e-10,2.308865085008523e-09,1.9613235252269728e-10,2.3051062803243202e-09
tabb_c2_sim_quat,5,0.0,ok,10,4,7.188370442532568e-07,8.974299138592979e-08,6.934117413185445e-07,8.289717085602703e-08,1.6726936848541076e-06,1.5530750568165144e-07,8.203722253349953e-07,1.1871034030674297e-06,2.155468988609046e-07,1.4526184954557276e-06,2.0930143795714202e-07,1.0231468108700127e-06,8.220367360881566e-07,7.540757740762074e-09,7.862102793414141e-07,4.706048907799592e-08,8.38048391615995e-07,7.631557303792089e-07,1.0841123335281629e-07,6.351151484165736e-07,1.025202336538023e-07,9.710227762317992e-07,1.351095739382611e-09,8.979346962517663e-11,1.4042537993120802e-09,8.980485477895713e-11,1.6177638346347138e-09
tabb_rp1,5,0.0,ok,10,4,6.373812905787162e-07,5.4045058942106e-08,8.950576256606601e-07,3.822353562285905e-08,1.2608451907880222e-06,6.15401576755879e-08,7.29702934709755e-07,1.044742784664371e-06,5.6487934467619787e-08,8.361272374518465e-07,5.876808803868659e-08,7.755137754762458e-07,1.1238359212551612e-06,4.592849757316373e-08,7.50415233758949e-07,7.489630968232786e-08,7.582781156998164e-07,1.362087127246958e-06,4.4219407087452765e-08,9.442367682548788e-07,7.625752951296079e-08,9.76290364938488e-07,4.956466947615027e-08,6.258303363199937e-09,1.8745922849190588e-08,6.258308534448761e-09,1.775664162236313e-08
tabb_rp2,5,0.0,ok,10,4,2.4479602952968094e-06,1.1733135158295132e-07,1.9902807616477433e-06,1.1427789641333029e-07,3.930189112190277e-06,1.8919265910508688e-07,1.477854849231141e-06,4.633666391718777e-06,1.70976780720823e-07,5.056587735289239e-06,1.717550753223903e-07,2.030530069133071e-06,1.8463336608427213e-06,4.9377384590757156e-08,2.0952552845570865e-06,5.073598806253691e-08,1.409562246395575e-06,1.3704672585812508e-06,2.2715435057773232e-07,2.4875775308945474e-06,2.372312765520238e-07,1.6083013175780353e-06,1.1065573544822493e-07,9.603069764008605e-09,1.524206304463631e-07,9.60306639485434e-09,1.9916979023801531e-07
tabb_c2_sim,5,1.0,ok,10,4,0.4577179390619831,0.16662408683952423,0.8445246143494096,0.08494344020414953,1.288805316683488,0.12625038834114918,2.3548075641432247,0.2552370530776183,0.07490717838508296,0.3682842713517951,0.16416888426587234,1.743314335419543,0.9343658008416956,0.0889978942706097,0.5291988141323241,0.12588060484392807,1.8937750534480242,1.271227348357061,0.10352344574577974,0.33172683818615906,0.16706332805218765,1.7023107176984298,0.9172682551212635,0.07234524241512569,0.6016618325776543,0.20938353019610886,3.5576795881377934
tabb_c2_sim_euler,5,1.0,ok,10,4,0.45771697832723834,0.16662401971913107,0.84451901122849,0.08494368182612902,1.288806229048255,0.12625087957476572,2.3548075626516827,0.25521956698941245,0.07490700479714245,0.3682769075907195,0.1641686876626953,1.7433141926564282,0.9343551164386359,0.08899825637843486,0.529199289586463,0.1258803070193204,1.8937749445760332,1.2712262866025663,0.10352327459165482,0.33172566708616047,0.16706310883434378,1.7023105548571333,0.9172750748833454,0.07234619153728394,0.6016660490456104,0.20938397536016484,3.5576797900158104
tabb_c2_sim_quat,5,1.0,ok,10,4,0.4577176576970799,0.1666241892668592,0.8445173593785997,0.08494368102480393,1.28880502603114,0.12625083544842697,2.3548074968414836,0.2552165570286265,0.0749072376206018,0.36827981616906225,0.16416900784309396,1.7433142376288127,0.9343499891358084,0.0889981252804316,0.5291965424679359,0.12588059606426522,1.8937744403571324,1.2712277578554232,0.10352317422714225,0.3317281664722057,0.1670631814785306,1.7023107109764974,0.917275133494541,0.07234618697104007,0.6016661056791155,0.20938397168154704,3.5576797874385497
tabb_rp1,5,1.0,ok,10,4,0.46461944006083833,0.161941722395747,0.6523776915942371,0.04912360042192267,0.7464603387550137,0.05861871700366154,2.3517640148933325,1.2053478397776891,0.07669559878259495,0.46286908248206005,0.13064318860714208,1.7435059364524537,0.32402719021667964,0.034861376065241076,0.3888004706142689,0.12529680916371957,1.8824477313446795,0.42667596128280627,0.026070511506769246,0.4775925532493072,0.16934107163660783,1.695192485742794,0.6534597750997735,0.05886691533308537,0.5292156538977173,0.22248582017551846,3.558943094737582
tabb_rp2,5,1.0,ok,10,4,4.625203116764383,0.39285892825323915,2.4148208529435817,0.330161416466365,4.156572330579981,0.5296798044412526,4.632401946641666,3.9935423318859415,0.4677787725274132,6.633645824757729,0.459164560611406,3.101325634863437,0.5198781821601964,0.26904997518864315,3.593642529236977,0.36314931898596586,2.576466213363948,3.0965066978967544,0.27530833008369193,4.915735859150031,0.34193963642685354,2.4365467330947754,2.049356199831435,0.3085085880657117,3.3577882539127937,0.40718219698873137,7.977683395345801
tabb_c2_sim,5,3.0,ok,10,4,1.3728708819906479,0.5001027555300597,2.5431513592720147,0.2556803741364329,3.878483330938968,0.38077895814319235,7.066183204662887,0.7724071486351576,0.22392176023147034,1.0978223364889241,0.4920300731905709,5.231612123900312,2.805148208719034,0.2679362432153315,1.5887169775570689,0.37848022335684994,5.6808233171372775,3.8371546990160597,0.3124032856783099,0.9986093712757789,0.5014814541564109,5.108489689290166,2.7578953807178066,0.2184602074206199,1.8063348426408194,0.6284192714164072,10.676403628862305
tabb_c2_sim_euler,5,3.0,ok,10,4,1.3728676523378727,0.5001025908747625,2.5431508676359296,0.2556799224486058,3.8784816888693263,0.3807785093104464,7.06618307069917,0.7724157760065157,0.22392103280957826,1.0978159770918234,0.4920295764517939,5.231611872061067,2.805151061352214,0.26793633632595343,1.5887191546162245,0.37848057873903296,5.680823389279575,3.837146555475808,0.3124026890284314,0.9986049024741165,0.501481231149774,5.108489562139801,2.7578900777091806,0.2184596316304602,1.806330575169327,0.628418977158449,10.676403420064956
tabb_c2_sim_quat,5,3.0,ok,10,4,1.372872346189348,0.5001030238001914,2.5431540726518476,0.2556807244192667,3.8784876787438445,0.3807793716855767,7.066183321095911,0.7724174647730883,0.22392302093858601,1.0978256963029616,0.4920309699416434,5.231612457238115,2.8051521940253012,0.26793636351727906,1.588720554772539,0.3784804096115318,5.680823611349659,3.837150540974593,0.31240309626431867,0.9986081196007273,0.501481344899543,5.108489621244071,2.757896090834408,0.21846041695688323,1.8063350140811645,0.6284193707480477,10.676403649777438
tabb_rp1,5,3.0,ok,10,4,1.3986094440713117,0.486372743248901,1.9612778822807257,0.14749494432878232,2.240383809163848,0.17579772071485777,7.057796086259362,3.610902284285589,0.22976401453581435,1.3781810422607879,0.3920641698036927,5.232066632789838,0.9763682229107742,0.10356756384832955,1.1762001908052662,0.37758986165495,5.646438960911959,1.2906131289907603,0.07868509691087948,1.4413233460858113,0.5076346275989272,5.0869436609755665,1.9672278929357803,0.1779631020201059,1.598733197133381,0.6682023139380344,10.682516200861812
tabb_rp2,5,3.0,ok,10,4,15.8388553647208,1.2746205931653314,7.035001581525862,1.1099954671910464,18.062083331528626,1.9079639808558315,12.286542650357163,11.211423888993975,2.527222978340668,32.7706598435826,2.4563925723176148,12.529691244959736,1.4323001593446085,0.7413990937511525,9.960721811306115,1.0276365172388149,7.4564421007029305,9.208946761802839,0.5508108133441554,12.022489912297324,0.7528499597254541,6.239040316433673,6.287335515962027,0.620548983328209,8.601549891697154,0.861603323379442,18.77016797023782
tabb_c2_sim,5,5.0,ok,10,4,2.287759533053382,0.8339452218670164,4.256460794866243,0.4276037410571621,6.484807184868873,0.6380603557811398,11.78093628130825,1.304192323411354,0.37187443882222254,1.8179188060540963,0.8192412488285007,8.722376301717041,4.679727026364681,0.4481796738590599,2.649927838600499,0.6322933879671008,9.467499494604272,6.435194157389097,0.5238070699595793,1.670360987340599,0.8363534024077438,8.517036339296515,4.60672967229984,0.3665537815877869,3.0128305002183335,1.0478928482647203,17.8019250538529
tabb_c2_sim_euler,5,5.0,ok,10,4,2.2877579188385075,0.8339450767624775,4.256460240888408,0.42760344594683986,6.484801797805992,0.6380599567818082,11.780936087504255,1.3042023749055125,0.3718740060928921,1.8179191823784824,0.8192409388550181,8.72237628748385,4.67972391969711,0.4481795221237998,2.6499276269575476,0.6322934324157263,9.467499323972692,6.435192982872159,0.5238069486089113,1.6703619805132233,0.8363533236484391,8.517036221790377,4.60672168607885,0.3665533069617561,3.012822885504777,1.0478926121307266,17.80192469477014
tabb_c2_sim_quat,5,5.0,ok,10,4,2.2877622397854203,0.8339451094069859,4.256467661839525,0.4276034593760337,6.484806033712309,0.6380600950514872,11.780936277228932,1.3042227666254744,0.3718733557932306,1.8179251924843256,0.8192405785460378,8.72237617998373,4.67973207266819,0.44817974281796974,2.6499307077427083,0.6322935609164252,9.467499658420287,6.435186412127544,0.5238071077591687,1.670362383694577,0.8363535221243981,8.517036245564338,4.606729395936891,0.3665536311337659,3.0128306752200706,1.0478927760410826,17.80192506042316
tabb_rp1,5,5.0,ok,10,4,2.3260936629698703,0.8151732881675547,3.373067709139847,0.26294554971870543,3.8957258068800225,0.31450832287084624,11.761632552741409,6.0098409229069505,0.3824168021891212,2.2798249121673555,0.653681251012669,8.722962705945434,1.6352258892549227,0.17094901289053377,1.9766850984754394,0.6321941673199039,9.409505877627511,2.169198571341227,0.13192423937986,2.4167976586844846,0.8454254343739815,8.48078691812214,3.678005453056289,0.36649214441530686,2.631066982552203,1.1293922999636643,17.798634083597893
tabb_rp2,5,5.0,ok,10,4,23.30001946765225,1.7695254939317837,12.884147130769671,1.6100998842142449,22.96468946613778,2.625642545097095,17.699658369891676,21.186453372432986,3.1642466926121062,42.87934390806616,3.060170523181294,17.960262217939405,2.1959044157062904,1.094612755768437,14.807571861604162,1.5831101645345302,11.87700318986201,15.028629001797524,0.6372523870093347,17.526041613740652,0.9771389276293873,9.62841544774621,13.125601733141885,1.5442877014671006,17.987120487198023,1.4576823603819227,26.396420550899958
tabb_c2_sim,6,0.0,ok,10,4,9.310017681540561e-07,4.6968283961434397e-08,9.685979016765968e-07,3.7971497917341763e-08,1.5657078319161157e-06,6.621763081202342e-08,7.602777960586683e-07,1.7419783746226574e-06,3.824860556069498e-08,1.378169208637326e-06,6.149265408656492e-08,8.416678586578747e-07,1.0601611240570092e-06,4.7084591536998116e-08,9.317937585443826e-07,6.50043000970741e-08,8.809269624816484e-07,1.071203366609402e-06,6.646647745897109e-08,1.4129251704930222e-06,6.12898579343822e-08,9.097532317939173e-07,1.0487414173190979e-09,8.631711270286737e-11,1.1189349414934145e-09,8.632372771635707e-11,1.1262481750022366e-09
tabb_c2_sim_euler,6,0.0,ok,10,4,1.4632590623289943e-06,1.0854909994196225e-07,1.6507799193121385e-06,1.112683282715444e-07,3.05654827126183e-06,1.836505562825223e-07,1.2704171999878805e-06,2.770952957857697e-07,8.921545397203386e-08,1.1045272841316442e-06,9.88373390802399e-08,8.088410180604794e-07,4.682587951557835e-06,2.714897241255e-07,3.6025462029835204e-06,2.566298519852933e-07,2.1174032572664254e-06,1.641246744333825e-06,8.417201141015087e-08,1.1436538971158048e-06,7.853307634979309e-08,1.1481349172486825e-06,2.189685571124751e-09,1.9612357849288756e-10,2.308865085008523e-09,1.9613235252269728e-10,2.3051062803243202e-09
tabb_c2_sim_quat,6,0.0,ok,10,4,7.188370442532568e-07,8.974299138592979e-08,6.934117413185445e-07,8.289717085602703e-08,1.6726936848541076e-06,1.5530750568165144e-07,8.203722253349953e-07,1.1871034030674297e-06,2.155468988609046e-07,1.4526184954557276e-06,2.0930143795714202e-07,1.0231468108700127e-06,8.220367360881566e-07,7.540757740762074e-09,7.862102793414141e-07,4.706048907799592e-08,8.38048391615995e-07,7.631557303792089e-07,1.0841123335281629e-07,6.351151484165736e-07,1.025202336538023e-07,9.710227762317992e-07,1.351095739382611e-09,8.979346962517663e-11,1.4042537993120802e-09,8.980485477895713e-11,1.6177638346347138e-09
tabb_rp1,6,0.0,ok,10,4,6.373812905787162e-07,5.4045058942106e-08,8.950576256606601e-07,3.822353562285905e-08,1.2608451907880222e-06,6.15401576755879e-08,7.29702934709755e-07,1.044742784664371e-06,5.6487934467619787e-08,8.361272374518465e-07,5.876808803868659e-08,7.755137754762458e-07,1.1238359212551612e-06,4.592849757316373e-08,7.50415233758949e-07,7.489630968232786e-08,7.582781156998164e-07,1.362087127246958e-06,4.4219407087452765e-08,9.442367682548788e-07,7.625752951296079e-08,9.76290364938488e-07,4.956466947615027e-08,6.258303363199937e-09,1.8745922849190588e-08,6.258308534448761e-09,1.775664162236313e-08
tabb_rp2,6,0.0,ok,10,4,2.4479602952968094e-06,1.1733135158295132e-07,1.9902807616477433e-06,1.1427789641333029e-07,3.930189112190277e-06,1.8919265910508688e-07,1.477854849231141e-06,4.633666391718777e-06,1.70976780720823e-07,5.056587735289239e-06,1.717550753223903e-07,2.030530069133071e-06,1.8463336608427213e-06,4.9377384590757156e-08,2.0952552845570865e-06,5.073598806253691e-08,1.409562246395575e-06,1.3704672585812508e-06,2.2715435057773232e-07,2.4875775308945474e-06,2.372312765520238e-07,1.6083013175780353e-06,1.1065573544822493e-07,9.603069764008605e-09,1.524206304463631e-07,9.60306639485434e-09,1.9916979023801531e-07
tabb_c2_sim,6,1.0,ok,10,4,0.4369559542995727,0.23290956959787107,1.3421503454851285,0.12400028395112903,1.8163405869932914,0.19722140380893438,2.368225126721566,1.0626478190993398,0.08302579931640768,0.2952675217513491,0.27360790162552295,1.8577692485260817,2.8804852321603334,0.2307937564030585,0.7892359283124339,0.26121678794304304,2.0032566814009436,1.2240593324280153,0.10518378725527733,0.3843569231140124,0.2570280807008857,1.8464405431116566,0.20140899825282535,0.07699779282977257,0.2789634440204953,0.13978550812203266,3.4000403544293927
tabb_c2_sim_euler,6,1.0,ok,10,4,0.436960796060091,0.232909560457093,1.3421344332895535,0.12400066638714485,1.8163100858809262,0.19722011582582313,2.3682238985124164,1.0625983966526453,0.08302385762060481,0.2952706985643983,0.2736066405254297,1.857768301297759,2.8804881940479077,0.23079549737435615,0.7892549875261387,0.2612179983610656,2.003251630225083,1.2240402342867998,0.10518354710659908,0.38435388439109797,0.25702784168458404,1.8464400077797507,0.20141090817086127,0.07699976344701939,0.278963613758729,0.1397857612572927,3.4000407168599454
tabb_c2_sim_quat,6,1.0,ok,10,4,0.43695771332889144,0.23290964780162154,1.3421489022995217,0.1240008606045231,1.816322547868037,0.1972198674233284,2.3682239648309977,1.0626207245970445,0.08302371732963414,0.29525687081657376,0.2736067473540792,1.8577688251010513,2.8805053560203864,0.2307957396836804,0.7892542795203153,0.2612181818934693,2.003251127292675,1.2240592737768978,0.10518409231226337,0.38435656650779604,0.2570279004210013,1.846440392954302,0.20141025480375793,0.0769998930925145,0.27896313647088067,0.13978576153793631,3.400040702572465
tabb_rp1,6,1.0,ok,10,4,0.3571067861410685,0.19604994581257784,0.7795686170696061,0.06600044534927114,1.0176580066541943,0.10109919527180548,2.368011945883689,0.660296078444623,0.05329240893350847,0.32909792311043273,0.25058353298188085,1.852178235582403,0.6603785224744211,0.05121709614032302,0.24371766773574577,0.12019290243988043,1.961832915737078,1.0096628126483744,0.07135788711924004,0.4289758262251095,0.25559139709747886,1.8136408317775048,0.7879370547110056,0.08813438920401302,0.42663572749298617,0.15783195073107129,3.4440204167609436
tabb_rp2,6,1.0,ok,10,4,6.553427743793359,0.5475239390939474,2.6868876505701134,0.4902952111731951,6.48200265666284,0.6983191313350009,5.200704580591273,2.4842092182391586,0.40472585842455633,5.9946626162773935,0.5423810848654307,2.9476256847370825,4.314929355764733,0.6825413335244653,9.37878097683549,0.6761296810435136,5.024622385455074,2.885171274043123,0.4421393737517128,7.150840502912027,0.40818506343388905,3.746979469647345,1.0632407542334381,0.4317742789920458,3.689426879148525,0.5633999270329562,7.759776420660292
tabb_c2_sim,6,3.0,ok,10,4,1.311448702706544,0.6990634672888513,4.025109525771927,0.37059518256890195,5.451487754516012,0.5911564126604977,7.101384655111889,3.198580219558007,0.24980275802535096,0.8882740511079327,0.8217601826889553,5.571396800339599,8.651812131100973,0.6931232200425017,2.371896180924176,0.7845747331569047,6.009807991558606,3.6460613560319746,0.31382843162495067,1.1489635651165466,0.7714528911093834,5.538457485969133,0.603984396396753,0.22562632058280443,0.8366610136775209,0.41846606220016147,10.192442805986742
tabb_c2_sim_euler,6,3.0,ok,10,4,1.311442789754949,0.6990630191669748,4.025100057653637,0.37059377695304774,5.451518969513985,0.591157895776261,7.101387390618908,3.198609758460512,0.2498022801571103,0.8882576465426507,0.8217612358793505,5.571396686555651,8.651731048777913,0.6931187604690834,2.3718842137078777,0.7845715314902371,6.009820625283742,3.6460752858279903,0.3138284705101492,1.1489681124848312,0.7714533293095549,5.538458038161412,0.6039841375481299,0.2256255966758481,0.836661186284436,0.4184659799887568,10.1924427424951
tabb_c2_sim_quat,6,3.0,ok,10,4,1.311438668518751,0.6990627122938917,4.02510561844339,0.3705932175497777,5.451529262363354,0.5911576696747002,7.101387628455916,3.1985953302744545,0.24980046058169414,0.8882496409041002,0.8217600921503652,5.57139592872923,8.651767355220697,0.6931186838324566,2.371872649136213,0.7845716174241123,6.009822494831226,3.6460756709790183,0.31382788926633437,1.14897127123696,0.7714531179459383,5.538457954440771,0.603984117299389,0.2256258365186256,0.8366611127977299,0.4184660216551509,10.192442762713881
tabb_rp1,6,3.0,ok,10,4,1.0723184922063345,0.5887724098978117,2.344822855838162,0.1983583872567495,3.0555729498969395,0.3041268693972552,7.1010797315965934,1.9932765493400681,0.16069694071431292,1.0004922363183746,0.7525191753943039,5.555103943939903,1.9849499827728407,0.15380191714807945,0.7254578043063591,0.3606302239335953,5.88671350260369,3.0381360271757454,0.21444753288612084,1.2913560204168792,0.7681043674258055,5.440421934710094,2.3629288640639934,0.2644871582784848,1.2719679077837251,0.47383587283754236,10.32427076846495
tabb_rp2,6,3.0,ok,10,4,18.650026101353674,1.5063578230945034,8.320191134630639,1.36703820392511,19.914298396020694,1.8043189143790315,15.595314030448087,7.747729167328393,1.0925551598198902,16.25621463800522,1.5451257095852462,8.411291542812931,12.619017652837075,1.8349891214726837,25.785760011189943,1.8175867351762096,13.863555397014382,9.629991537847138,1.2012089238347465,20.9154068537479,0.9292091405911564,11.028524811118954,3.284026180509945,1.3393996105731205,11.642722902471629,1.7335097070254013,24.284207063719485
tabb_c2_sim,6,5.0,ok,10,4,2.1864256440963286,1.1656682915255066,6.705558938797454,0.6152270935484256,9.089050492158728,0.9842996973136883,11.831005996180673,5.347010694250116,0.4174105621342911,1.484015968360505,1.371072936289937,9.282686733113218,14.43386872490937,1.1561963059116926,3.959199666448529,1.3089545260458912,10.016667624742382,6.034654281762086,0.5202741772247464,1.9083773876775685,1.2865326003167765,9.229707064333127,1.0067020542682408,0.3670273289229724,1.3941095538987125,0.6961131034494212,16.97649597954693
tabb_c2_sim_euler,6,5.0,ok,10,4,2.1864210479323622,1.1656682739315456,6.70554634823729,0.6152267537494334,9.089049456348958,0.9842998752127118,11.831007240487471,5.346972764353258,0.41740918949541006,1.484016912566916,1.3710741327563842,9.282686104369628,14.43384656288984,1.1561941993700873,3.9591726507377474,1.3089528680538367,10.016672869212565,6.0346526037955,0.5202743742793208,1.908379006966688,1.2865328156647253,9.229706999179054,1.0067134619105604,0.36702925185291524,1.394115621458098,0.6961132792512355,16.976496733015825
tabb_c2_sim_quat,6,5.0,ok,10,4,2.186423725664001,1.1656692614076245,6.705573267371764,0.6152275202080282,9.089080572213929,0.9843007864981268,11.831007041214704,5.34695524978609,0.41740672712481824,1.4840074845722682,1.3710717340881486,9.282685816771199,14.43396685896635,1.1562015532012833,3.959194789371964,1.3089594024722129,10.016673004523183,6.034668360826235,0.5202743599015096,1.9083828425307714,1.2865328095996724,9.229707489968778,1.0067025999083812,0.36702744060450165,1.3941097861810006,0.6961130994704638,16.976495988108773
tabb_rp1,6,5.0,ok,10,4,1.7894309758157128,0.9824274139925149,3.9182969833271244,0.3312291710832458,5.096651563094002,0.5082980237339881,11.831137545632401,3.3423665671060196,0.26915393331265064,1.689674587822444,1.2554246613658469,9.256392944982018,3.314497035275194,0.2565704254610564,1.1998489518818791,0.6011383254075363,9.813533400600038,5.078915833959165,0.358131163196231,2.1609759721035062,1.2827534921930712,9.06705579822775,3.9374084969681182,0.4410611623630452,2.107224391455022,0.7903931770036051,17.19609006402065
tabb_rp2,6,5.0,ok,10,4,29.982026924569794,2.417022824480938,14.103724859971926,2.192048259258381,33.29933359102183,2.9364066171737337,25.91773845969447,12.873834345288357,1.7843855354050737,26.441512816137525,2.5545506758348004,13.761398137279556,20.059725121414907,2.9674213902896445,41.678396521314255,2.9394859410407066,22.36452768594771,17.9510902221311,1.6560502942121629,31.402061895795516,1.1588558903872173,16.58951485041713,5.530249751053338,2.3603358171266438,20.40613646503188,3.0151987906610263,41.658769011319414
tabb_c2_sim,7,0.0,ok,10,4,9.310017681540561e-07,4.6968283961434397e-08,9.685979016765968e-07,3.7971497917341763e-08,1.5657078319161157e-06,6.621763081202342e-08,7.602777960586683e-07,1.7419783746226574e-06,3.824860556069498e-08,1.378169208637326e-06,6.149265408656492e-08,8.416678586578747e-07,1.0601611240570092e-06,4.7084591536998116e-08,9.317937585443826e-07,6.50043000970741e-08,8.809269624816484e-07,1.071203366609402e-06,6.646647745897109e-08,1.4129251704930222e-06,6.12898579343822e-08,9.097532317939173e-07,1.0487414173190979e-09,8.631711270286737e-11,1.1189349414934145e-09,8.632372771635707e-11,1.1262481750022366e-09
tabb_c2_sim_euler,7,0.0,ok,10,4,1.4632590623289943e-06,1.0854909994196225e-07,1.6507799193121385e-06,1.112683282715444e-07,3.05654827126183e-06,1.836505562825223e-07,1.2704171999878805e-06,2.770952957857697e-07,8.921545397203386e-08,1.1045272841316442e-06,9.88373390802399e-08,8.088410180604794e-07,4.682587951557835e-06,2.714897241255e-07,3.6025462029835204e-06,2.566298519852933e-07,2.1174032572664254e-06,1.641246744333825e-06,8.417201141015087e-08,1.1436538971158048e-06,7.853307634979309e-08,1.1481349172486825e-06,2.189685571124751e-09,1.9612357849288756e-10,2.308865085008523e-09,1.9613235252269728e-10,2.3051062803243202e-09
tabb_c2_sim_quat,7,0.0,ok,10,4,7.188370442532568e-07,8.974299138592979e-08,6.934117413185445e-07,8.289717085602703e-08,1.6726936848541076e-06,1.5530750568165144e-07,8.203722253349953e-07,1.1871034030674297e-06,2.155468988609046e-07,1.4526184954557276e-06,2.0930143795714202e-07,1.0231468108700127e-06,8.220367360881566e-07,7.540757740762074e-09,7.862102793414141e-07,4.706048907799592e-08,8.38048391615995e-07,7.631557303792089e-07,1.0841123335281629e-07,6.351151484165736e-07,1.025202336538023e-07,9.710227762317992e-07,1.351095739382611e-09,8.979346962517663e-11,1.4042537993120802e-09,8.980485477895713e-11,1.6177638346347138e-09
tabb_rp1,7,0.0,ok,10,4,6.373812905787162e-07,5.4045058942106e-08,8.950576256606601e-07,3.822353562285905e-08,1.2608451907880222e-06,6.15401576755879e-08,7.29702934709755e-07,1.044742784664371e-06,5.6487934467619787e-08,8.361272374518465e-07,5.876808803868659e-08,7.755137754762458e-07,1.1238359212551612e-06,4.592849757316373e-08,7.50415233758949e-07,7.489630968232786e-08,7.582781156998164e-07,1.362087127246958e-06,4.4219407087452765e-08,9.442367682548788e-07,7.625752951296079e-08,9.76290364938488e-07,4.956466947615027e-08,6.258303363199937e-09,1.8745922849190588e-08,6.258308534448761e-09,1.775664162236313e-08
tabb_rp2,7,0.0,ok,10,4,2.4479602952968094e-06,1.1733135158295132e-07,1.9902807616477433e-06,1.1427789641333029e-07,3.930189112190277e-06,1.8919265910508688e-07,1.477854849231141e-06,4.633666391718777e-06,1.70976780720823e-07,5.056587735289239e-06,1.717550753223903e-07,2.030530069133071e-06,1.8463336608427213e-06,4.9377384590757156e-08,2.0952552845570865e-06,5.073598806253691e-08,1.409562246395575e-06,1.3704672585812508e-06,2.2715435057773232e-07,2.4875775308945474e-06,2.372312765520238e-07,1.6083013175780353e-06,1.1065573544822493e-07,9.603069764008605e-09,1.524206304463631e-07,9.60306639485434e-09,1.9916979023801531e-07
tabb_c2_sim,7,1.0,ok,10,4,0.6704922106663028,0.3490148279207661,2.2272370004354056,0.2346765414413311,2.968221223033973,0.3125885788781398,2.372220867105508,0.6327728332736097,0.06814396062285334,0.4089279724999869,0.30304472477105904,1.8088363120697621,1.1462873754244363,0.1334233508086083,0.4288418579779926,0.24691758812516146,1.9492993686654108,5.976735581907807,0.4077372016826892,1.444194877786917,0.4748480870633376,1.970227893282552,1.153152211135769,0.3294016526511736,0.40000413440031485,0.37124891172350616,3.3994518065878085
tabb_c2_sim_euler,7,1.0,ok,10,4,0.6704966438526536,0.3490144919005176,2.227241081062054,0.23467637295006458,2.9682118451385633,0.3125870975298575,2.3722208587130513,0.632803818726917,0.06814388745382063,0.40894918553323945,0.30304397798581445,1.808837151850312,1.146279067434556,0.13342371454465488,0.428842267465028,0.2469178092151108,1.9492990853056364,5.976733068456341,0.407736995972371,1.444194396309696,0.47484789643530806,1.9702279566926586,1.1531483696304032,0.32940089382941184,0.4000007261026511,0.37124828396583687,3.399451462049794
tabb_c2_sim_quat,7,1.0,ok,10,4,0.6704946616274499,0.34901450592091054,2.227242082473135,0.2346761848445197,2.9682145796544894,0.3125876269777616,2.3722205526720814,0.6328101329812287,0.06814375987774231,0.4089432430139529,0.30304447068032575,1.8088369525993901,1.1462820911540819,0.13342359461352726,0.42884001690531015,0.246917775222964,1.9492989793018844,5.976729714417374,0.40773703630594527,1.444195056788924,0.47484794138654607,1.9702270873047294,1.1531463913398554,0.32940034858086387,0.40000032980161193,0.3712478363938064,3.3994512784762265
tabb_rp1,7,1.0,ok,10,4,0.4016871827027521,0.24842512564276215,0.6861997313417324,0.07334258373440719,0.9276551919893815,0.1031060272783819,2.3361233110499255,0.45890884341898563,0.039931042831223715,0.4219342282686814,0.2950116913344023,1.838639179008151,0.5899277968348283,0.05986990660560814,0.4097055765154739,0.2693746947221983,1.900146721150409,0.6489833019578269,0.053051804268712366,0.22719315890568684,0.16012327685271288,1.811619196657949,1.0469789831552885,0.14051758123208452,0.5479157671211664,0.26919083966173507,3.3995253773933576
tabb_rp2,7,1.0,ok,10,4,6.977849874425797,0.7707673353045892,2.192601114758507,0.6928468219846156,4.493637711155392,1.1661528553960294,10.625169931051607,0.645591745291168,0.2681013398434031,3.3866588682778795,0.3311306869209022,2.1645319366628075,3.339831116649239,0.7429941778660156,9.538706307496756,0.8719360122687159,4.860575544756082,2.4284753914565056,0.3368112456128808,4.684939264071804,0.39661083909073613,2.616086561708248,2.3565062056371153,1.4234805246161626,10.301095057856749,1.4833918029380024,20.437530074758268
tabb_c2_sim,7,3.0,ok,10,4,2.0055320978374374,1.0458563930759515,6.691215340275459,0.7027471144892125,8.904433852170737,0.9370857797717745,7.113135901571757,1.9329892747500925,0.20372421672286947,1.2196804643578978,0.9099498319394885,5.422686413008967,3.4528361620017933,0.4014780463656562,1.2914241654705467,0.7401419709489698,5.848880681214267,17.939467454447403,1.2236438267322747,4.3255613875427805,1.4243357409029602,5.909630362350253,3.4395684699025475,0.9821423681360495,1.185462373978523,1.108998028512387,10.190591015264554
tabb_c2_sim_euler,7,3.0,ok,10,4,2.005531635170242,1.045856356567893,6.691215430799142,0.7027470288158593,8.904437641659083,0.9370857313150326,7.113135975112474,1.932974295529053,0.20372386582093716,1.2196749288607993,0.9099498484027297,5.422686150144568,3.452846902519787,0.4014782098518715,1.2914213570204252,0.7401420026345696,5.848881010293067,17.939469579594732,1.2236437226996968,4.325562719076212,1.4243355881168378,5.909630185359591,3.4395709455529957,0.9821423168909317,1.185467535723531,1.1089979871174347,10.190591274234647
tabb_c2_sim_quat,7,3.0,ok,10,4,2.0055325982565,1.0458563536693466,6.6912178662551,0.702746882339588,8.904434413575016,0.9370857350549566,7.113135839637436,1.932995014652403,0.20372358540914387,1.2196836651590857,0.9099498647326687,5.422686636768369,3.45284083909388,0.4014777654236304,1.2914232587954932,0.7401418035422748,5.848880824182642,17.939467530668527,1.2236439691825733,4.325560820782685,1.4243358487791458,5.9096297748688515,3.4395680806055906,0.9821422093430044,1.1854626482887338,1.1089978976232968,10.190590981903068
tabb_rp1,7,3.0,ok,10,4,1.2134084882450373,0.7449560559120226,2.0613687126743887,0.21989499680858898,2.7855167244401033,0.30903504279649613,7.005450022492089,1.375804731327792,0.11973531619145626,1.2698930983703558,0.8844736609463171,5.511434877241135,1.769586188386074,0.1796666358257249,1.2383557198411734,0.8070582453345431,5.700214777577035,1.9469299873464077,0.15913372503279366,0.6777011700726222,0.4802541635642323,5.433924017062145,3.1531539436372826,0.42104431018438104,1.6676839646959978,0.8080381538029979,10.19359734984442
tabb_rp2,7,3.0,ok,10,4,27.62015729932615,2.7293891748537296,6.965243175642374,2.511826108449763,25.45785172420072,4.048641726374153,31.19139981936183,2.2418541743973908,2.872642371953307,39.3083712605713,2.9917665223338363,13.772953415224729,10.748450387486635,1.7535658345602616,23.70264598562434,2.1624231822291953,12.20370802321978,7.195831684428317,1.3109068200519662,17.694624454276816,1.4757586460291732,9.31359579927905,7.674836456257149,4.110189407233518,29.774987496832146,4.2876083488227135,59.232642441111786
tabb_c2_sim,7,5.0,ok,10,4,3.332448014813706,1.7411729831274403,11.167218214508466,1.1692011213250573,14.839400829177679,1.5607650840505845,11.850091560668666,3.2800077514503987,0.3385420629962246,2.0211922139758136,1.5180159461584646,9.031769983078165,5.778056158315345,0.6711234415380029,2.1604668385264545,1.2324904033512816,9.750013232687492,29.909754837165657,2.039840948916065,7.19604339050155,2.373312653497121,9.847880930608785,5.701054111102467,1.6272980318499368,1.952089616251007,1.8408729295028943,16.972987188372638
tabb_c2_sim_euler,7,5.0,ok,10,4,3.3324501423911954,1.7411729623488206,11.167218450287402,1.1692010510190125,14.839397548267415,1.5607646462034512,11.85009159627496,3.2800203049253387,0.33854203767333985,2.021201216812701,1.5180156885755574,9.031770233772926,5.778042437332343,0.6711230976352509,2.160468219987644,1.232490513290775,9.750012915645083,29.909757052733156,2.0398410497767534,7.19604146301128,2.373312727422073,9.847881202698368,5.701054006158772,1.6272980189907058,1.9520896697531571,1.8408729201068765,16.972987178662837
tabb_c2_sim_quat,7,5.0,ok,10,4,3.332449879044015,1.741172733298273,11.167216350204777,1.1692011111459824,14.83938795495059,1.5607637402203014,11.850091188425532,3.280010914264698,0.3385423506262099,2.0211962257241325,1.5180150251249984,9.031769849752866,5.778045124857112,0.6711231460856855,2.1604671268365983,1.232490330809004,9.750012747917722,29.909756371297046,2.0398412020275174,7.196047162820753,2.3733128771494627,9.847879949129652,5.701052990400247,1.627297745844516,1.9520890007945768,1.8408727001096263,16.97298706769286
tabb_rp1,7,5.0,ok,10,4,2.0365858802881287,1.2410868297399735,3.440231153519885,0.36626607743256506,4.646736265718401,0.5145893468407771,11.671606792945385,2.291711597104838,0.19946177993572833,2.1237041761087356,1.4732115270702217,9.17854604696913,2.948682388175703,0.2995250617884198,2.0795635357591755,1.3432429448756784,9.500262121802866,3.244774710658488,0.2651843002903551,1.1234069474440869,0.8002887835394619,9.055304271476016,5.275755918140511,0.700893167715757,2.8196688618405146,1.3476040634745323,16.982532118274023
tabb_rp2,7,5.0,ok,10,4,43.210942551687936,4.358922685619248,11.847188760912353,3.999960348737501,36.715328573998384,6.608823010541003,52.339410565509255,3.364699439937143,3.930586687182018,53.292820600270616,4.115150484267889,19.90277781350462,19.10628680860294,2.3929762868576523,34.62106800163191,3.094404244979871,18.058218310007998,12.276528023178443,2.4078616453975448,32.57506478559878,2.670361443947757,16.746883737443362,12.641240771930883,7.268416775512789,52.354816819250416,7.555774569281478,101.65994382885384
tabb_c2_sim,8,0.0,ok,10,4,9.310017681540561e-07,4.6968283961434397e-08,9.685979016765968e-07,3.7971497917341763e-08,1.5657078319161157e-06,6.621763081202342e-08,7.602777960586683e-07,1.7419783746226574e-06,3.824860556069498e-08,1.378169208637326e-06,6.149265408656492e-08,8.416678586578747e-07,1.0601611240570092e-06,4.7084591536998116e-08,9.317937585443826e-07,6.50043000970741e-08,8.809269624816484e-07,1.071203366609402e-06,6.646647745897109e-08,1.4129251704930222e-06,6.12898579343822e-08,9.097532317939173e-07,1.0487414173190979e-09,8.631711270286737e-11,1.1189349414934145e-09,8.632372771635707e-11,1.1262481750022366e-09
tabb_c2_sim_euler,8,0.0,ok,10,4,1.4632590623289943e-06,1.0854909994196225e-07,1.6507799193121385e-06,1.112683282715444e-07,3.05654827126183e-06,1.836505562825223e-07,1.2704171999878805e-06,2.770952957857697e-07,8.921545397203386e-08,1.1045272841316442e-06,9.88373390802399e-08,8.088410180604794e-07,4.682587951557835e-06,2.714897241255e-07,3.6025462029835204e-06,2.566298519852933e-07,2.1174032572664254e-06,1.641246744333825e-06,8.417201141015087e-08,1.1436538971158048e-06,7.853307634979309e-08,1.1481349172486825e-06,2.189685571124751e-09,1.9612357849288756e-10,2.308865085008523e-09,1.9613235252269728e-10,2.3051062803243202e-09
tabb_c2_sim_quat,8,0.0,ok,10,4,7.188370442532568e-07,8.974299138592979e-08,6.934117413185445e-07,8.289717085602703e-08,1.6726936848541076e-06,1.5530750568165144e-07,8.203722253349953e-07,1.1871034030674297e-06,2.155468988609046e-07,1.4526184954557276e-06,2.0930143795714202e-07,1.0231468108700127e-06,8.220367360881566e-07,7.540757740762074e-09,7.862102793414141e-07,4.706048907799592e-08,8.38048391615995e-07,7.631557303792089e-07,1.0841123335281629e-07,6.351151484165736e-07,1.025202336538023e-07,9.710227762317992e-07,1.351095739382611e-09,8.979346962517663e-11,1.4042537993120802e-09,8.980485477895713e-11,1.6177638346347138e-09
tabb_rp1,8,0.0,ok,10,4,6.373812905787162e-07,5.4045058942106e-08,8.950576256606601e-07,3.822353562285905e-08,1.2608451907880222e-06,6.15401576755879e-08,7.29702934709755e-07,1.044742784664371e-06,5.6487934467619787e-08,8.361272374518465e-07,5.876808803868659e-08,7.755137754762458e-07,1.1238359212551612e-06,4.592849757316373e-08,7.50415233758949e-07,7.489630968232786e-08,7.582781156998164e-07,1.362087127246958e-06,4.4219407087452765e-08,9.442367682548788e-07,7.625752951296079e-08,9.76290364938488e-07,4.956466947615027e-08,6.258303363199937e-09,1.8745922849190588e-08,6.258308534448761e-09,1.775664162236313e-08
tabb_rp2,8,0.0,ok,10,4,2.4479602952968094e-06,1.1733135158295132e-07,1.9902807616477433e-06,1.1427789641333029e-07,3.930189112190277e-06,1.8919265910508688e-07,1.477854849231141e-06,4.633666391718777e-06,1.70976780720823e-07,5.056587735289239e-06,1.717550753223903e-07,2.030530069133071e-06,1.8463336608427213e-06,4.9377384590757156e-08,2.0952552845570865e-06,5.073598806253691e-08,1.409562246395575e-06,1.3704672585812508e-06,2.2715435057773232e-07,2.4875775308945474e-06,2.372312765520238e-07,1.6083013175780353e-06,1.1065573544822493e-07,9.603069764008605e-09,1.524206304463631e-07,9.60306639485434e-09,1.9916979023801531e-07
tabb_c2_sim,8,1.0,ok,10,4,0.316167089235444,0.24105924792946337,0.7221216186770881,0.06979177090632567,0.8629078832393251,0.11376787603226757,2.32306041226796,0.38438648237047635,0.026780045781383523,0.207123375878571,0.2168479549166581,1.9481375949364665,1.6576121272632987,0.14406660447131311,0.5149223455665645,0.3344875292872343,1.9814363751276816,0.6064592848179201,0.05121210461546934,0.3056081123316196,0.1624517498853343,1.7655601432600032,0.24002858025665771,0.05710832875713671,0.237014523165021,0.2504497576286268,3.2783998992243295
tabb_c2_sim_euler,8,1.0,ok,10,4,0.3161664225516221,0.2410589284693453,0.7221165426807742,0.06979083140637402,0.8628938392224693,0.11376543171555457,2.3230606205441036,0.384370773936175,0.026778469276496682,0.20712337386842533,0.21684634348679088,1.9481381957910822,1.6576200815269182,0.14406678377257462,0.5149194931161619,0.33448757050127637,1.9814364007828729,0.606450383142348,0.05121193745047403,0.30560878104203104,0.16245174715382626,1.765560362429644,0.24002493211765535,0.05710613512595073,0.23701404217986996,0.25045005273548776,3.2783999989721817
tabb_c2_sim_quat,8,1.0,ok,10,4,0.3161645221046364,0.24105873454136442,0.7221158995394495,0.06979102592351683,0.8628926736323764,0.11376578180321077,2.3230604507858215,0.3843797223904252,0.02677810710669804,0.2071222752768273,0.21684585185283745,1.9481378802633607,1.6576117596654136,0.14406671679542266,0.5149155578312242,0.3344875300267602,1.9814362982936709,0.606444054875296,0.0512112507402533,0.3056057915593393,0.16245176947704484,1.765560097058326,0.2400280612266636,0.05710802905169331,0.23701446375115476,0.2504497868088153,3.2783999101670847
tabb_rp1,8,1.0,ok,10,4,0.40646422934117526,0.24232562391458137,0.7636386476680306,0.09448776970396981,0.8115630593534887,0.15253289024953923,2.3265731538606635,0.9418869610790811,0.06285751018991859,0.4767397534611807,0.2225499022805798,1.9554221188871828,1.1119792300355544,0.0932420094269136,0.3664012961460127,0.3238580448859834,1.974911890925804,0.4123061569594956,0.0670685736231621,0.4966907707184396,0.1364119204173796,1.7771614655743195,0.5883822425979914,0.15478298557588496,0.286025097039068,0.2864826280743828,3.2816939294189185
tabb_rp2,8,1.0,ok,10,4,7.014326388973975,0.6297993955094182,2.6064895681446556,0.5869295342189162,6.147472829356924,0.7643254850928566,4.749891470135029,1.1390204763843577,0.5118031420283281,7.448271585092039,0.4643978625490641,3.000161383791932,0.9908042487389436,0.47869250472476216,5.1941465354193115,0.5814645510138033,3.1994068888491634,5.584288237373749,0.5855040763125935,9.8242954864246,0.6363840756437773,4.58557787825222,2.711845310081573,0.7717184138099815,5.590591948959954,0.8369510928310282,7.069736817273899
tabb_c2_sim,8,3.0,ok,10,4,0.9527228784735147,0.7250442671719685,2.177152926593,0.21131136608152953,2.588585288809472,0.34425261640430826,6.970662098838788,1.1264298306120817,0.07845402456491697,0.6295336351937896,0.6508131948804841,5.844927592548639,4.972679552753956,0.432319620312972,1.545220184727966,1.008039072654751,5.9423801719903855,1.876894000159888,0.1572697662308218,0.9236938925753093,0.48570873301960027,5.297584582594905,0.7326083228460741,0.17720205321740737,0.7124438013969935,0.7556160681330382,9.839769169264192
tabb_c2_sim_euler,8,3.0,ok,10,4,0.9527200773832112,0.7250441414554105,2.1771555637651785,0.21131085414251652,2.5886141379123675,0.344253964705519,6.9706618719280655,1.1264246873816062,0.07845139865190592,0.6295202241936526,0.6508127799964585,5.844926509761863,4.972691749393468,0.4323197002013406,1.5452245278395154,1.0080390623016293,5.942380411780928,1.8768962360100978,0.15726960074597823,0.9236916180242531,0.48570872333003073,5.29758435336415,0.732609582275542,0.17720271697084136,0.7124439394754236,0.7556160001935234,9.839769148062542
tabb_c2_sim_quat,8,3.0,ok,10,4,0.9527161100485313,0.7250445242674247,2.177148344873023,0.21131055631274334,2.5886296542956946,0.34425404626897027,6.970661678156879,1.1264163746951465,0.07845214225002235,0.6295061200239043,0.6508140007579108,5.844925570443996,4.972680326219499,0.4323188823919498,1.5452213479448094,1.0080390950367186,5.94238019433851,1.8768883409931154,0.15726926317787726,0.9236931571503699,0.4857089178663635,5.29758453897664,0.7326083375843299,0.17720193743112386,0.712443815075042,0.7556160834087059,9.839769188329496
tabb_rp1,8,3.0,ok,10,4,1.217282924854034,0.7302778979343649,2.2858165504893635,0.2839406169248103,2.4278023602495136,0.4586320981319592,6.981715947474924,2.819581937322303,0.18836965109537127,1.4212452577536374,0.6691449092232864,5.865512937998376,3.3259095420303892,0.279172595261047,1.099338544255125,0.9757313398153762,5.923637533167137,1.2316211600517275,0.2005481232385754,1.491108365091963,0.40909750808833245,5.332699141106664,1.7661535625530338,0.4676720981042476,0.8574395323154105,0.8671378346104646,9.851194166453636
tabb_rp2,8,3.0,ok,10,4,21.029545976289945,1.872420485056256,7.922325088485383,1.7301386805862298,18.4557495430397,2.137385550446504,15.028536020056116,3.991200413831053,1.7503346354042455,25.66232016312115,1.6176348176279567,9.75325016149772,2.668429813174968,1.383943992523734,14.969189145458483,1.6771948826545262,9.422474601502065,17.168825258414117,1.4989276257694732,26.780444015244246,1.5970831472266516,12.039792575263567,7.860844868521398,2.2873484686474663,16.706230581335905,2.5977690927158896,23.970024156024916
tabb_c2_sim,8,5.0,ok,10,4,1.5949610779298729,1.2115657113844638,3.6474866902997647,0.35556647844834266,4.314992437465428,0.5788795128290135,11.620977160025749,1.835596775282488,0.12791582272456,1.0628682716902067,1.0851847818327498,9.74269349270236,8.286171723856835,0.7206058695416953,2.5757495434706623,1.6876015159760076,9.900988474768745,3.2246070293936286,0.26829117328255797,1.5513807359283258,0.8069114283654624,8.831119754492603,1.2435712326661066,0.30545304824455755,1.1898457606302966,1.2665651193636351,16.40884259254511
tabb_c2_sim_euler,8,5.0,ok,10,4,1.5949634516888738,1.2115657117467218,3.6474887690178885,0.35556648874292157,4.3149817478002825,0.5788794971611093,11.620977336557177,1.8356004409300715,0.12791599671825968,1.0628797790893683,1.0851848651590574,9.742694146162608,8.286180150385144,0.7206057687862225,2.5757508455829985,1.687601563019101,9.900988744075912,3.2246035146960033,0.2682911359711229,1.5513774317451798,0.8069113016563318,8.831119680567335,1.2435709700603366,0.3054530534960811,1.1898457503379487,1.2665651171523968,16.40884258193153
tabb_c2_sim_quat,8,5.0,ok,10,4,1.594964116281151,1.2115658225623698,3.647494024033433,0.35556691425468706,4.314989445600732,0.578880265745125,11.620977274415159,1.8356170372474436,0.12791644081050701,1.062877962710115,1.0851849503488822,9.742693874520402,8.286177260317015,0.720606898779757,2.57575163404807,1.6876016892336767,9.900988696923706,3.2246104433878893,0.26829120239550447,1.5513810841137166,0.8069115417399486,8.831119687719143,1.2435713551813845,0.3054531150329797,1.1898457842527024,1.2665651089269714,16.40884259178097
tabb_rp1,8,5.0,ok,10,4,2.0228974958866988,1.2365413439146848,3.7507687454647973,0.49127484575020064,3.9534130991746967,0.7949925442592822,11.642543605469234,4.689147661171587,0.31360836850783746,2.353876252731437,1.1177343945640146,9.774874694203902,5.526497077926775,0.4643724956790471,1.8326209814555066,1.6331023551555002,9.871179911099878,2.0441240510371044,0.33314874281165824,2.4872042158978096,0.681679824717752,8.890147094028551,2.743306191723721,0.8539697760022597,1.4178885334620426,1.5136488012214726,16.43691585860487
tabb_rp2,8,5.0,ok,10,4,35.10254210301707,2.9977434184939793,13.995126551508413,2.771314273931871,31.752594453076224,3.1962019646237216,24.956029416336637,8.189551880965775,3.141852765067916,46.15747877075468,2.9033205470131604,17.012626542000056,4.205214606092334,2.393243918552393,26.435189749441424,2.8377133202228593,16.21486208698661,30.492778273433338,2.1914107469974997,42.69704573360476,2.222569832330964,18.022934732764316,13.092961445542203,3.3587496651096744,25.120454158267428,4.027369974408933,40.17506970967437
tabb_c2_sim,9,0.0,ok,10,4,9.310017681540561e-07,4.6968283961434397e-08,9.685979016765968e-07,3.7971497917341763e-08,1.5657078319161157e-06,6.621763081202342e-08,7.602777960586683e-07,1.7419783746226574e-06,3.824860556069498e-08,1.378169208637326e-06,6.149265408656492e-08,8.416678586578747e-07,1.0601611240570092e-06,4.7084591536998116e-08,9.317937585443826e-07,6.50043000970741e-08,8.809269624816484e-07,1.071203366609402e-06,6.646647745897109e-08,1.4129251704930222e-06,6.12898579343822e-08,9.097532317939173e-07,1.0487414173190979e-09,8.631711270286737e-11,1.1189349414934145e-09,8.632372771635707e-11,1.1262481750022366e-09
tabb_c2_sim_euler,9,0.0,ok,10,4,1.4632590623289943e-06,1.0854909994196225e-07,1.6507799193121385e-06,1.112683282715444e-07,3.05654827126183e-06,1.836505562825223e-07,1.2704171999878805e-06,2.770952957857697e-07,8.921545397203386e-08,1.1045272841316442e-06,9.88373390802399e-08,8.088410180604794e-07,4.682587951557835e-06,2.714897241255e-07,3.6025462029835204e-06,2.566298519852933e-07,2.1174032572664254e-06,1.641246744333825e-06,8.417201141015087e-08,1.1436538971158048e-06,7.853307634979309e-08,1.1481349172486825e-06,2.189685571124751e-09,1.9612357849288756e-10,2.308865085008523e-09,1.9613235252269728e-10,2.3051062803243202e-09
tabb_c2_sim_quat,9,0.0,ok,10,4,7.188370442532568e-07,8.974299138592979e-08,6.934117413185445e-07,8.289717085602703e-08,1.6726936848541076e-06,1.5530750568165144e-07,8.203722253349953e-07,1.1871034030674297e-06,2.155468988609046e-07,1.4526184954557276e-06,2.0930143795714202e-07,1.0231468108700127e-06,8.220367360881566e-07,7.540757740762074e-09,7.862102793414141e-07,4.706048907799592e-08,8.38048391615995e-07,7.631557303792089e-07,1.0841123335281629e-07,6.351151484165736e-07,1.025202336538023e-07,9.710227762317992e-07,1.351095739382611e-09,8.979346962517663e-11,1.4042537993120802e-09,8.980485477895713e-11,1.6177638346347138e-09
tabb_rp1,9,0.0,ok,10,4,6.373812905787162e-07,5.4045058942106e-08,8.950576256606601e-07,3.822353562285905e-08,1.2608451907880222e-06,6.15401576755879e-08,7.29702934709755e-07,1.044742784664371e-06,5.6487934467619787e-08,8.361272374518465e-07,5.876808803868659e-08,7.755137754762458e-07,1.1238359212551612e-06,4.592849757316373e-08,7.50415233758949e-07,7.489630968232786e-08,7.582781156998164e-07,1.362087127246958e-06,4.4219407087452765e-08,9.442367682548788e-07,7.625752951296079e-08,9.76290364938488e-07,4.956466947615027e-08,6.258303363199937e-09,1.8745922849190588e-08,6.258308534448761e-09,1.775664162236313e-08
tabb_rp2,9,0.0,ok,10,4,2.4479602952968094e-06,1.1733135158295132e-07,1.9902807616477433e-06,1.1427789641333029e-07,3.930189112190277e-06,1.8919265910508688e-07,1.477854849231141e-06,4.633666391718777e-06,1.70976780720823e-07,5.056587735289239e-06,1.717550753223903e-07,2.030530069133071e-06,1.8463336608427213e-06,4.9377384590757156e-08,2.0952552845570865e-06,5.073598806253691e-08,1.409562246395575e-06,1.3704672585812508e-06,2.2715435057773232e-07,2.4875775308945474e-06,2.372312765520238e-07,1.6083013175780353e-06,1.1065573544822493e-07,9.603069764008605e-09,1.524206304463631e-07,9.60306639485434e-09,1.9916979023801531e-07
tabb_c2_sim,9,1.0,ok,10,4,0.40920636115268605,0.2665944125513678,1.1284723120008653,0.14602035456313928,1.77684055670308,0.2497999413509676,2.3771820956714342,0.2910380401702082,0.023091819618700462,0.1795502462250205,0.24964854448733376,1.775547570235334,1.2383516639492533,0.12617848885991137,0.5111512903889475,0.19322708524762094,2.021189898736699,2.368131641082269,0.1774171205126747,0.6150861479899774,0.24783438398859012,1.8099774704624478,0.6163679028017304,0.2573939892612706,0.3310377600067985,0.37566763648192636,3.477093993468945
tabb_c2_sim_euler,9,1.0,ok,10,4,0.40920510085478734,0.26659440465312517,1.1284724862014828,0.14602037344331154,1.7768396207014823,0.24980016949806552,2.377182020885919,0.291046014156655,0.023091352175387696,0.17954610645558233,0.24964824932725577,1.775547405898415,1.238339477588462,0.12617801142270152,0.5111517143339733,0.19322678177493685,2.021189451838197,2.3681341380595207,0.17741725036203554,0.6150861331269101,0.24783427084938264,1.8099774785434541,0.6163703150012935,0.2573948798131214,0.3310364495026837,0.3756683166609255,3.4770941284417294
tabb_c2_sim_quat,9,1.0,ok,10,4,0.4092050012994327,0.26659438900233334,1.128473285731178,0.1460201902347758,1.776839574047026,0.24979988016199464,2.3771819422186837,0.29104539395098195,0.02309095213276143,0.17954348430217001,0.24964850424455232,1.775547248262025,1.238342564050025,0.1261785102980797,0.511152952339085,0.19322724736125985,2.021189902638213,2.3681374163609332,0.17741733590390746,0.6150859008661714,0.24783418965557918,1.8099769924801472,0.6163677685627724,0.25739396260435465,0.33103766769030446,0.375667614747942,3.4770939847805917
tabb_rp1,9,1.0,ok,10,4,0.3562184711477971,0.2054795022549235,0.5397671908656714,0.042544243302444835,0.5880652319187666,0.062202693778765854,2.3483217966814873,0.7709337597206053,0.027389920483717037,0.5719906932871802,0.2479938988985405,1.7876004295009582,0.8483067966951395,0.06873700733806505,0.22858148291446734,0.11623076421960743,1.9628158606935668,0.27495737737287484,0.011640760484658147,0.3794360697862854,0.1773730623319257,1.7670524319026024,0.26487082967406594,0.06240928490333911,0.24486563860325533,0.28032028356962035,3.4478725828316703
tabb_rp2,9,1.0,ok,10,4,5.731966580292227,0.4780883982312847,2.879135932388418,0.4390556897730913,4.500488646275212,0.632963267639646,6.524457181262087,4.732181001150412,0.18960071151449961,5.154611045830544,0.22380525759562936,2.826993369804734,2.293981894915022,0.46071268470113513,6.521522999362343,0.48623120715812707,3.624505517803912,1.5494107659007268,0.3612017453534436,5.361361199190188,0.3757332037735388,2.960780386678662,2.9409700675875117,0.7447076175232867,5.890371076785832,0.8265839243978435,11.848164996354402
tabb_c2_sim,9,3.0,ok,10,4,1.2327921881947679,0.8018246209974558,3.4050383147647425,0.4406354980702101,5.357943937287484,0.7544804303280713,7.1335951747571995,0.8936275232544493,0.0694791817170852,0.5381456726518117,0.7473521147110235,5.32661932445763,3.7443424749374374,0.38322420230301857,1.54420315778263,0.5840256565721513,6.068410679548262,7.107315309043548,0.5324027119574093,1.847557183827148,0.7432318954807342,5.4289041116343135,1.8748679518235356,0.7774358963033271,1.0012627385174813,1.132688817225914,10.43461733906021
tabb_c2_sim_euler,9,3.0,ok,10,4,1.232792410252936,0.8018247189970662,3.405044415360495,0.44063550708966676,5.357948495741236,0.7544805304413252,7.133595255887229,0.8936468400901791,0.06947898227248825,0.5381450633556956,0.7473522037788309,5.326618985941135,3.74435207582928,0.38322486155791025,1.5442059883958106,0.5840262390204206,6.068411520310344,7.107311777702938,0.532402588398647,1.8475559994007247,0.7432318495528712,5.4289040684167595,1.8748669678195842,0.7774355961296215,1.0012625898595138,1.132688583636142,10.434617267249012
tabb_c2_sim_quat,9,3.0,ok,10,4,1.2327930196500732,0.8018245592029114,3.405046980113873,0.44063578241067547,5.3579468449144505,0.7544806886638752,7.133595310228565,0.8936543559666384,0.06948018849414805,0.5381448615547484,0.7473517002175221,5.326619247304241,3.744350400895939,0.383224496758564,1.5442061898266044,0.5840259476710672,6.068411429275153,7.107315892486499,0.532402756433171,1.847558467687273,0.7432319405148005,5.428904178789444,1.8748672711064167,0.7774356879568188,1.0012625595316673,1.1326886484082561,10.434617277949062
tabb_rp1,9,3.0,ok,10,4,1.0656390278191092,0.6169191280990126,1.6102965659091708,0.12733020417486635,1.7588701014282349,0.18581452324574654,7.045719147203473,2.3222520666968385,0.08220712750400516,1.7245096486681428,0.7443059443734708,5.363103984189313,2.5282455887797854,0.20503332116204448,0.6816555341395237,0.34884687339902143,5.889219556537804,0.8126573122939735,0.035515183067647775,1.1300944024182353,0.5315029912670102,5.2997183606059135,0.7780312958660854,0.18656518496576793,0.7262965260505352,0.8430207033565479,10.345812059621053
tabb_rp2,9,3.0,ok,10,4,21.897576126333163,1.8391224415256424,9.041721080835655,1.7666346094323493,24.98299469563818,2.555245902508848,23.40475031353347,15.972171026535195,1.7367577082013024,29.45743213170934,1.6867965352569358,11.36168000872481,5.228557333483705,1.7878601352820576,23.706089427984345,1.8431883256223096,12.264545354084348,4.778131002728217,0.8545909197400046,13.176575236474385,0.927310958029556,7.69367201755774,10.188024960595506,2.6873296745060338,21.250207709164567,2.8991939471937673,43.03986424791068
tabb_c2_sim,9,5.0,ok,10,4,2.063589998251318,1.3397507251514895,5.708263798693337,0.7387239020404818,8.975673912122998,1.2658350668914335,11.89340368195343,1.5255476536008665,0.11652572372904804,0.8966828359231436,1.2429565407985437,8.878046147486845,6.290467569704594,0.6466803438426879,2.5920262870251114,0.9807906906091005,10.122582162832785,11.8508416430951,0.8876565964029512,3.0832200325945958,1.2383557920042882,9.046803211193538,3.166198328372785,1.3040329441872398,1.6824308374624208,1.8968998771940258,17.397735001584124
tabb_c2_sim_euler,9,5.0,ok,10,4,2.063588656635341,1.3397504744898083,5.70825551670653,0.7387235960651098,8.975663497266138,1.2658346254116364,11.893403296058043,1.5255433222700656,0.11652555713774723,0.8966831412046199,1.2429564246390163,8.878046188035878,6.290449548264262,0.6466798436676388,2.59202338987154,0.980790162984942,10.122580829031298,11.850832069162834,0.8876563294622063,3.0832182325287487,1.2383556613175273,9.046802822459998,3.1661971271289593,1.304032653992847,1.6824298629364565,1.8968996490177474,17.39773490386311
tabb_c2_sim_quat,9,5.0,ok,10,4,2.063590177379888,1.3397504413627714,5.708265203273242,0.738723766846326,8.975672837408348,1.2658348287827579,11.89340361897369,1.5255442325030137,0.11652583644131115,0.8966832297400575,1.2429562833887413,8.878046246689888,6.290484861224582,0.6466802428859586,2.5920297034069533,0.9807903185866984,10.122582692931564,11.850835658048398,0.8876567240783109,3.0832177329742585,1.2383558227854032,9.046802537627777,3.166196061316973,1.3040322639797233,1.682430043398282,1.8968993406902421,17.397734820568893
tabb_rp1,9,5.0,ok,10,4,1.7971680716369596,1.0308818079405473,2.73203654203279,0.2136342793425522,2.969501076858102,0.3168218564146377,11.743768634585459,3.8861291847474853,0.1371010595485181,2.8882569229244144,1.241056978128336,8.93934822490624,4.186374761736133,0.33979205157698467,1.1296424211216416,0.5817078714223453,9.816954972807746,1.3398560841054123,0.05972463555715869,1.875041485067158,0.8848430492878172,8.830903590997579,1.5157861375421315,0.31791937068754733,1.2957314574346241,1.415919332923691,17.2451441603986
tabb_rp2,9,5.0,ok,10,4,36.3732468633946,3.040241860917999,13.739605215992569,2.990068054238808,40.79043605021508,4.217234740356764,38.60812680438413,22.542377394842298,3.0594798696084364,48.16104126843944,2.7879113647281457,19.265439834901308,7.163902481482777,3.2095828239558424,42.1618510537882,3.2972072648604724,21.192172518116855,8.45371702638399,1.423015000833505,21.848139334591586,1.6199604146582047,12.577981100221042,16.79842396126121,4.268194522557447,33.32195579675915,4.455888399425173,70.59659244429768
tabb_c2_sim,10,0.0,ok,10,4,9.310017681540561e-07,4.6968283961434397e-08,9.685979016765968e-07,3.7971497917341763e-08,1.5657078319161157e-06,6.621763081202342e-08,7.602777960586683e-07,1.7419783746226574e-06,3.824860556069498e-08,1.378169208637326e-06,6.149265408656492e-08,8.416678586578747e-07,1.0601611240570092e-06,4.7084591536998116e-08,9.317937585443826e-07,6.50043000970741e-08,8.809269624816484e-07,1.071203366609402e-06,6.646647745897109e-08,1.4129251704930222e-06,6.12898579343822e-08,9.097532317939173e-07,1.0487414173190979e-09,8.631711270286737e-11,1.1189349414934145e-09,8.632372771635707e-11,1.1262481750022366e-09
tabb_c2_sim_euler,10,0.0,ok,10,4,1.4632590623289943e-06,1.0854909994196225e-07,1.6507799193121385e-06,1.112683282715444e-07,3.05654827126183e-06,1.836505562825223e-07,1.2704171999878805e-06,2.770952957857697e-07,8.921545397203386e-08,1.1045272841316442e-06,9.88373390802399e-08,8.088410180604794e-07,4.682587951557835e-06,2.714897241255e-07,3.6025462029835204e-06,2.566298519852933e-07,2.1174032572664254e-06,1.641246744333825e-06,8.417201141015087e-08,1.1436538971158048e-06,7.853307634979309e-08,1.1481349172486825e-06,2.189685571124751e-09,1.9612357849288756e-10,2.308865085008523e-09,1.9613235252269728e-10,2.3051062803243202e-09
tabb_c2_sim_quat,10,0.0,ok,10,4,7.188370442532568e-07,8.974299138592979e-08,6.934117413185445e-07,8.289717085602703e-08,1.6726936848541076e-06,1.5530750568165144e-07,8.203722253349953e-07,1.1871034030674297e-06,2.155468988609046e-07,1.4526184954557276e-06,2.0930143795714202e-07,1.0231468108700127e-06,8.220367360881566e-07,7.540757740762074e-09,7.862102793414141e-07,4.706048907799592e-08,8.38048391615995e-07,7.631557303792089e-07,1.0841123335281629e-07,6.351151484165736e-07,1.025202336538023e-07,9.710227762317992e-07,1.351095739382611e-09,8.979346962517663e-11,1.4042537993120802e-09,8.980485477895713e-11,1.6177638346347138e-09
tabb_rp1,10,0.0,ok,10,4,6.373812905787162e-07,5.4045058942106e-08,8.950576256606601e-07,3.822353562285905e-08,1.2608451907880222e-06,6.15401576755879e-08,7.29702934709755e-07,1.044742784664371e-06,5.6487934467619787e-08,8.361272374518465e-07,5.876808803868659e-08,7.755137754762458e-07,1.1238359212551612e-06,4.592849757316373e-08,7.50415233758949e-07,7.489630968232786e-08,7.582781156998164e-07,1.362087127246958e-06,4.4219407087452765e-08,9.442367682548788e-07,7.625752951296079e-08,9.76290364938488e-07,4.956466947615027e-08,6.258303363199937e-09,1.8745922849190588e-08,6.258308534448761e-09,1.775664162236313e-08
tabb_rp2,10,0.0,ok,10,4,2.4479602952968094e-06,1.1733135158295132e-07,1.9902807616477433e-06,1.1427789641333029e-07,3.930189112190277e-06,1.8919265910508688e-07,1.477854849231141e-06,4.633666391718777e-06,1.70976780720823e-07,5.056587735289239e-06,1.717550753223903e-07,2.030530069133071e-06,1.8463336608427213e-06,4.9377384590757156e-08,2.0952552845570865e-06,5.073598806253691e-08,1.409562246395575e-06,1.3704672585812508e-06,2.2715435057773232e-07,2.4875775308945474e-06,2.372312765520238e-07,1.6083013175780353e-06,1.1065573544822493e-07,9.603069764008605e-09,1.524206304463631e-07,9.60306639485434e-09,1.9916979023801531e-07
tabb_c2_sim,10,1.0,ok,10,4,0.4124748894381193,0.2553453686211142,1.2987362442610464,0.18527252409440773,1.7151145815198419,0.27038554064791764,2.293997358645645,2.353364834003155,0.19626687288574396,0.69790051346051,0.29492532830976437,1.898499744792066,1.3172831692551432,0.10898985325099722,0.37177145756511903,0.16673256239672812,1.990552138750311,0.5725742675402108,0.06445867366996227,0.3688612254511161,0.18573919576125947,1.7477819118573046,0.9517227062456763,0.3713746965709275,0.2113663612757321,0.37398438801670475,3.229296334562412
tabb_c2_sim_euler,10,1.0,ok,10,4,0.4124735183135779,0.2553465644377281,1.2987296574793181,0.18527386215979136,1.7151078798649404,0.2703883729780646,2.293997837741801,2.35334574301808,0.1962666636352326,0.6978978725015113,0.29492500792622056,1.898498814720461,1.3172744787367192,0.10898990318590435,0.3717678575390876,0.16673260423376007,1.9905521059359708,0.5725582326857047,0.06445854396129222,0.36885938269643576,0.18573896294381023,1.747782339069014,0.9517401754767695,0.37138033785673624,0.21136896051727705,0.37398968264712146,3.2292980317018674
tabb_c2_sim_quat,10,1.0,ok,10,4,0.41247413061159827,0.25534644744523444,1.2987284134260366,0.18527362771044914,1.7151153890153488,0.27038879715942793,2.2939977914041205,2.3533527481132706,0.19626678614696105,0.6979009292167525,0.2949251205887534,1.8984991612493531,1.3172743014044168,0.10899017087473763,0.37176629340462436,0.16673283800519842,1.9905518798759252,0.5725489617550787,0.06445756562147702,0.3688602962662302,0.18573847256775658,1.7477816926942038,0.9517376424313807,0.3713799881986208,0.2113690035587859,0.3739893586192293,3.229298185489974
tabb_rp1,10,1.0,ok,10,4,0.40027390383577627,0.19631747644229008,0.8129416238811267,0.07967822508983546,0.9841339785452622,0.10241717078460061,2.266298732923796,0.718065801328552,0.05663322469819008,0.5138697535662654,0.21690255582917342,1.8269724466185917,1.1227624430207013,0.07808383475045125,0.49101644593306704,0.13012479748763944,1.982902972213409,1.111989821997859,0.09797981463657296,0.4246044669936152,0.22185799175623777,1.758755614083065,0.2989484291773941,0.08601602627412759,0.17160494885015753,0.21638456069610973,3.190844082593667
tabb_rp2,10,1.0,ok,10,4,7.078403826213454,0.5748851933924761,2.31804032322961,0.5374536092971288,9.646649285655295,0.9353522101125642,5.267744090213646,0.41299601294092764,1.0534190472392806,13.568175947949012,1.0831828924371019,4.676577227773821,4.597402190603272,0.13636442769891347,5.083744024741199,0.18842275701915726,3.040789199271859,3.8177906596446296,0.3419953623844438,5.4770858401368585,0.3907372831522451,2.58363066298604,0.44397242972961026,0.6180355998658772,4.184609492026745,0.6371978409614008,8.555968108604683
tabb_c2_sim,10,3.0,ok,10,4,1.240242252259311,0.7675171915557416,3.9066540369241336,0.5577310630411236,5.152725677997913,0.8138552931741706,6.882293503306851,7.072892819261328,0.5900448839093707,2.097637290426047,0.8853036364455593,5.698032109956254,3.9580405760551858,0.32754042783602255,1.1179508871664494,0.5001908575315247,5.9695679750899435,1.7417535712893744,0.1958912743052483,1.1116765157789459,0.5590557215707684,5.242900650247651,2.853929181090647,1.117447666113853,0.6337043156658022,1.125518550675114,9.688784056782335
tabb_c2_sim_euler,10,3.0,ok,10,4,1.2402410771957775,0.7675168646829633,3.906652519129954,0.5577308361655738,5.1527151754897815,0.8138543573857552,6.882293266459145,7.072876396894328,0.5900445500680463,2.0976313467501218,0.8853034405117939,5.698031144383427,3.9580266011806025,0.32753953907321814,1.1179492604119727,0.500190185263203,5.969568137865639,1.7417798215732605,0.1958923270081338,1.1116797159665497,0.5590559759174007,5.242900719717653,2.8539272568716254,1.117446928512897,0.6337039856544653,1.1255178570394562,9.688783813791881
tabb_c2_sim_quat,10,3.0,ok,10,4,1.2402413501051872,0.7675164407756769,3.906651778018227,0.5577302047421602,5.152723773073995,0.8138539760442262,6.882293299149637,7.072903849218465,0.5900444880788965,2.0976361843002813,0.8853033667751955,5.698032263113938,3.9580300731243585,0.3275397688300291,1.1179495759722935,0.5001903413908563,5.969568095310646,1.7417495790082862,0.19589096279573479,1.111676296842591,0.5590554449824852,5.242900611217954,2.853923610721796,1.1174455992639802,0.6337033433055831,1.125516609954171,9.688783333676746
tabb_rp1,10,3.0,ok,10,4,1.2060464029089666,0.5890092054449452,2.4415625477838936,0.2394428692101488,2.960250748318811,0.3083226500360425,6.79998513672233,2.1492566502094053,0.16997901829974255,1.5336368980464359,0.6498425738873503,5.483624849815423,3.3703623312921858,0.23395555456448633,1.4880387496184158,0.38954234837599877,5.946927377224742,3.3305968744936845,0.2936600532961242,1.2817156043524072,0.6665767816684716,5.275378693636305,0.916034335140299,0.26017685068024216,0.5207943596186081,0.65007511784796,9.575671483181123
tabb_rp2,10,3.0,ok,10,4,22.714943291355176,1.746030096550188,7.755878502711099,1.687699720312322,29.00766169454285,2.659032327254846,15.881129467587273,2.064917668944836,2.96447435344973,38.081986933075726,3.074577973651584,13.39341702331608,13.718603876267577,0.3673861409760672,15.143419557351983,0.5305423224667116,9.163469789789497,14.247881491432228,1.6440126774091195,25.79807235566502,1.5329478501186569,12.411396852881126,0.9921109741997539,1.7749257094143724,11.836294319327976,1.8460522399638006,24.319653013078337
tabb_c2_sim,10,5.0,ok,10,4,2.071816326048195,1.281743651568818,6.52848813762045,0.9327776604922662,8.599823345659342,1.3610286645602339,11.471681026132002,11.807530210298898,0.9853341999260844,3.5020763208087864,1.4762183113426328,9.501011694698402,6.6070368065433795,0.5468572032844389,1.8676547910323333,0.8336505818252852,9.946121937506403,2.9444725250532255,0.3307919127979065,1.8615104588528857,0.935116127420509,8.73770839395745,4.754913008586299,1.8681273259606352,1.0560237334987752,1.8819895856868456,16.151029362393327
tabb_c2_sim_euler,10,5.0,ok,10,4,2.0718184356343134,1.281743787280822,6.528490582625313,0.932777819652498,8.599825446860086,1.3610288726534545,11.471681404417353,11.807533667268189,0.9853345468013742,3.5020746200266224,1.4762186514618048,9.501011916963906,6.607041832655513,0.5468570768230403,1.8676648722580196,0.833650461248618,9.946123127761687,2.944472680963082,0.33079186805715294,1.8615102801906493,0.9351160178025986,8.73770845349601,4.754914149614473,1.8681277869284245,1.0560239700619631,1.881990018610267,16.15102954119761
tabb_c2_sim_quat,10,5.0,ok,10,4,2.071817487972144,1.281743414744517,6.528488737532459,0.9327773699405169,8.599821096647942,1.361028298977158,11.47168111223797,11.807524587542678,0.9853343585388905,3.5020727476118534,1.4762184779247725,9.501011491009402,6.607041623931655,0.5468566441266699,1.8676633556868723,0.8336501097486919,9.946122815726014,2.944476809923765,0.33079154282293866,1.8615102517184876,0.9351158542787568,8.737708247976608,4.754911928731739,1.8681269342735682,1.0560235968713618,1.8819892170258474,16.15102926500206
tabb_rp1,10,5.0,ok,10,4,2.01897714401653,0.9818127446986865,4.073877796861164,0.39974927473496513,4.946715153417024,0.5156361009114384,11.335874139785547,3.5737743213195547,0.2834232365165713,2.54277695823335,1.0815812536405112,9.144169843181137,5.621167260367285,0.38945860485443795,2.5051909595706228,0.6478759140371834,9.90892247289351,5.5418798982893565,0.48894828685702757,2.1495305264471236,1.1127880452327517,8.791063249689785,1.5586897074684598,0.43716697071182375,0.8784101318150226,1.0850057658842998,15.966301710083995
tabb_rp2,10,5.0,ok,10,4,36.39003947725554,2.7026216289701317,14.060416745956012,2.590435086464648,46.35619176981057,4.055386616892015,22.95322809439977,4.583821037692437,4.460826392780766,57.08461917050217,4.679579622752805,20.663580010041564,23.44658835024393,0.6458649046304655,25.877955423591565,0.892806397826025,15.431684705322803,26.591154275571665,3.1264635945582957,49.02669586651984,2.9183790402307004,23.327468721686955,1.6201033203160178,2.1285854538890665,13.57088744840861,2.3197214550709973,29.968508324189322
tabb_c2_sim,11,0.0,ok,10,4,9.310017681540561e-07,4.6968283961434397e-08,9.685979016765968e-07,3.7971497917341763e-08,1.5657078319161157e-06,6.621763081202342e-08,7.602777960586683e-07,1.7419783746226574e-06,3.824860556069498e-08,1.378169208637326e-06,6.149265408656492e-08,8.416678586578747e-07,1.0601611240570092e-06,4.7084591536998116e-08,9.317937585443826e-07,6.50043000970741e-08,8.809269624816484e-07,1.071203366609402e-06,6.646647745897109e-08,1.4129251704930222e-06,6.12898579343822e-08,9.097532317939173e-07,1.0487414173190979e-09,8.631711270286737e-11,1.1189349414934145e-09,8.632372771635707e-11,1.1262481750022366e-09
tabb_c2_sim_euler,11,0.0,ok,10,4,1.4632590623289943e-06,1.0854909994196225e-07,1.6507799193121385e-06,1.112683282715444e-07,3.05654827126183e-06,1.836505562825223e-07,1.2704171999878805e-06,2.770952957857697e-07,8.921545397203386e-08,1.1045272841316442e-06,9.88373390802399e-08,8.088410180604794e-07,4.682587951557835e-06,2.714897241255e-07,3.6025462029835204e-06,2.566298519852933e-07,2.1174032572664254e-06,1.641246744333825e-06,8.417201141015087e-08,1.1436538971158048e-06,7.853307634979309e-08,1.1481349172486825e-06,2.189685571124751e-09,1.9612357849288756e-10,2.308865085008523e-09,1.9613235252269728e-10,2.3051062803243202e-09
tabb_c2_sim_quat,11,0.0,ok,10,4,7.188370442532568e-07,8.974299138592979e-08,6.934117413185445e-07,8.289717085602703e-08,1.6726936848541076e-06,1.5530750568165144e-07,8.203722253349953e-07,1.1871034030674297e-06,2.155468988609046e-07,1.4526184954557276e-06,2.0930143795714202e-07,1.0231468108700127e-06,8.220367360881566e-07,7.540757740762074e-09,7.862102793414141e-07,4.706048907799592e-08,8.38048391615995e-07,7.631557303792089e-07,1.0841123335281629e-07,6.351151484165736e-07,1.025202336538023e-07,9.710227762317992e-07,1.351095739382611e-09,8.979346962517663e-11,1.4042537993120802e-09,8.980485477895713e-11,1.6177638346347138e-09
tabb_rp1,11,0.0,ok,10,4,6.373812905787162e-07,5.4045058942106e-08,8.950576256606601e-07,3.822353562285905e-08,1.2608451907880222e-06,6.15401576755879e-08,7.29702934709755e-07,1.044742784664371e-06,5.6487934467619787e-08,8.361272374518465e-07,5.876808803868659e-08,7.755137754762458e-07,1.1238359212551612e-06,4.592849757316373e-08,7.50415233758949e-07,7.489630968232786e-08,7.582781156998164e-07,1.362087127246958e-06,4.4219407087452765e-08,9.442367682548788e-07,7.625752951296079e-08,9.76290364938488e-07,4.956466947615027e-08,6.258303363199937e-09,1.8745922849190588e-08,6.258308534448761e-09,1.775664162236313e-08
tabb_rp2,11,0.0,ok,10,4,2.4479602952968094e-06,1.1733135158295132e-07,1.9902807616477433e-06,1.1427789641333029e-07,3.930189112190277e-06,1.8919265910508688e-07,1.477854849231141e-06,4.633666391718777e-06,1.70976780720823e-07,5.056587735289239e-06,1.717550753223903e-07,2.030530069133071e-06,1.8463336608427213e-06,4.9377384590757156e-08,2.0952552845570865e-06,5.073598806253691e-08,1.409562246395575e-06,1.3704672585812508e-06,2.2715435057773232e-07,2.4875775308945474e-06,2.372312765520238e-07,1.6083013175780353e-06,1.1065573544822493e-07,9.603069764008605e-09,1.524206304463631e-07,9.60306639485434e-09,1.9916979023801531e-07
tabb_c2_sim,11,1.0,ok,10,4,0.4102457319376517,0.3398690059629362,1.5456031740785117,0.243893029972151,1.6120583657981526,0.3241959373329873,2.3203817754381415,1.9716091704751844,0.14823832310136442,0.5555328803691022,0.28601784337852004,1.9312268460806319,1.1424765803326022,0.16856877922800215,0.4494146709012321,0.3154518109320207,2.0163865638070804,1.8334828816199686,0.17578215650334109,0.4032877664890241,0.22645949647595404,1.8932276142495617,1.2348440638862916,0.48298286105589644,0.23274760999124805,0.5315468730652501,3.18699288202225
tabb_c2_sim_euler,11,1.0,ok,10,4,0.41024480451360557,0.33986866275497984,1.5455980574360697,0.24389276997038223,1.6120530848051224,0.3241947183944476,2.320381830927472,1.9715996296751332,0.14823809396504004,0.5555281503976288,0.2860173939944144,1.9312256288195568,1.1424836256384916,0.16856866520853397,0.4494165579587399,0.3154516406783273,2.0163877161091155,1.8334677745292627,0.17578234461026218,0.4032874779251006,0.2264596175555884,1.8932285198494407,1.234841199901391,0.4829819760976926,0.23274703177295294,0.5315459987915893,3.1869925142266613
tabb_c2_sim_quat,11,1.0,ok,10,4,0.4102457209778022,0.3398689794845061,1.545597742026049,0.24389299634422337,1.6120476331093345,0.3241955914196191,2.320381651198396,1.9716040005525186,0.14823832700577713,0.555526277102731,0.2860178581046152,1.9312258578112884,1.1424845450105703,0.16856875395633109,0.4494163439936185,0.31545176631553934,2.016387294257997,1.833458195801328,0.17578198572562365,0.40329262073334315,0.22645936375356746,1.8932272077646946,1.2348442267397786,0.48298291868916166,0.23274764208151594,0.5315469297643024,3.1869928983805775
tabb_rp1,11,1.0,ok,10,4,0.3670662108313943,0.20090528519574466,0.6507374560166599,0.05510712746434831,0.4436524384248421,0.06954997253607433,2.2845243949187597,0.7048534716000502,0.03098501263709853,0.4400023077127246,0.23771507895843347,1.8812193276968165,0.6484124210544974,0.035873202487055715,0.4511984348456367,0.23874637761531042,1.9589079360371047,0.6734675199150781,0.054116187566061645,0.33577344531772507,0.16965014640631934,1.8777406394319864,0.5762164114970137,0.09945410716717734,0.2412906554494908,0.15750953780291543,3.1581625154782715
tabb_rp2,11,1.0,ok,10,4,8.654993588690974,0.7729632859778621,2.6234689550038204,0.7908385213659834,9.401089183334113,0.9371485560377343,10.276330090808198,1.0456256607937047,0.7837392874600347,10.02817875485836,0.7786209061002389,3.6747939417927107,0.25059368882616534,0.4078333504672528,4.77493387210963,0.42004958337577875,2.92203924150251,5.281632013101144,0.8073662549725866,11.181043966709588,0.8145040302570058,5.023624717498318,3.916024457294267,1.1644151925640598,8.635817761086315,1.078678624178425,19.368340439883404
tabb_c2_sim,11,3.0,ok,10,4,1.2260735433732814,1.0174437676120047,4.613038513913828,0.7290966334563146,4.802181205632622,0.9683257964782644,6.957151703525203,5.876206110185552,0.441745714058449,1.6585935133375516,0.8572806221197576,5.794553398412549,3.360201992166412,0.5014295720282864,1.3325057997497838,0.94160103879086,6.044120894573283,5.525415519103816,0.5299632194439601,1.220374496522068,0.6816426793109931,5.683247001717395,3.690330434199534,1.4432480282945628,0.6928203638837225,1.5892507302264078,9.549884624729927
tabb_c2_sim_euler,11,3.0,ok,10,4,1.226067485091658,1.0174429728845737,4.613017415926285,0.7290948890843052,4.802160754771561,0.9683254807102818,6.957150931365644,5.87611548304182,0.44173823601238466,1.6585697746965375,0.8572769645973795,5.794548396039543,3.3602051047014374,0.5014297611846271,1.3325076647681364,0.9416011884689313,6.04412111753219,5.52541904632666,0.5299636434837948,1.220372200189185,0.6816431197200137,5.683248156468236,3.690330029635218,1.443247915656414,0.6928203007127735,1.5892506187519708,9.549884581593894
tabb_c2_sim_quat,11,3.0,ok,10,4,1.226067578299939,1.017442701705561,4.613011527217489,0.7290945778074709,4.802157900211053,0.9683248421378231,6.957151027267988,5.876110823696171,0.4417380155765261,1.6585714102502953,0.8572769815803514,5.794548685347736,3.3601937891873863,0.5014291667785575,1.3325060493463843,0.9416006048794059,6.044121105496332,5.525414325582913,0.5299640616940081,1.2203729964996735,0.6816434394995934,5.683248835711568,3.690327170403486,1.443247067180792,0.6928198571034038,1.5892497808628936,9.54988428890507
tabb_rp1,11,3.0,ok,10,4,1.1048220573156082,0.602276534502341,1.95045871532652,0.16495735435851172,1.3161413402647455,0.20850050037950077,6.850843257045362,2.1265923763138592,0.09361093433498295,1.3282990741177931,0.7133291971653046,5.645930669618487,1.9457616572711927,0.1071765444623095,1.3619161745720316,0.7146640751848057,5.875496481437073,2.014463260783502,0.1616150825151495,1.012134333206704,0.5083944425046286,5.635487477099938,1.7150175669375263,0.2974268561216049,0.7169386473659046,0.47271842315462526,9.464644853154676
tabb_rp2,11,3.0,ok,10,4,32.914301648988506,2.7451775286336066,7.4437471990259,2.7898807779879204,49.12959940852566,4.105000432248946,27.699343883797592,2.0503036964470174,5.7020532745950145,74.49775744700469,5.6842959984169745,23.474063452562117,0.6654107743108824,1.1587969915242067,13.568996750423677,1.1683266970330504,8.714045849232319,16.227083074602515,1.220831476162476,20.877501944037846,1.2773619940674568,8.909582130424129,10.832191250743186,3.077841369669985,22.712950454487807,2.850725425016946,48.60728034559528
tabb_c2_sim,11,5.0,ok,10,4,2.0372623885441845,1.6920922257672546,7.649798220321896,1.2108778861575034,7.948693000931525,1.6067483314601916,11.589467304526918,9.732261941101838,0.7315239829945315,2.7516815184140437,1.4275497425054808,9.659535865126674,5.490306235602376,0.8288239096705945,2.1952430206140705,1.5615315756671484,10.065705379695649,9.250216133259267,0.8876103917103119,2.0514137927080927,1.1398694608487345,9.478326139659139,6.126408571324106,2.395553260254576,1.1507112224405303,2.6394181240476553,15.899663055566482
tabb_c2_sim_euler,11,5.0,ok,10,4,2.0372589434708495,1.6920921639058928,7.649798003448916,1.2108781282562462,7.948682887056471,1.6067464889061178,11.589466924570708,9.732259306054084,0.7315241117967157,2.7516767037151766,1.427548757042884,9.659533150852848,5.490304112763095,0.828824110610635,2.1952384605821735,1.5615317789706578,10.06570458916572,9.250220568751475,0.8876111611154307,2.051409600378621,1.1398701235774582,9.4783279114205,6.126408026227013,2.395553129502203,1.1507110092074273,2.6394179960325714,15.89966304101077
tabb_c2_sim_quat,11,5.0,ok,10,4,2.0372622835725416,1.692092535651312,7.649802054702262,1.210877915438052,7.948720798166241,1.6067509129267894,11.589468324599226,9.732248151686207,0.7315227991793566,2.751678634132181,1.4275497192977886,9.659536705297816,5.490348688865052,0.8288251411903617,2.195253093107662,1.5615327593405488,10.065707159436299,9.2502025045176,0.8876103573730031,2.051406147436198,1.1398694360499328,9.478328329449315,6.126408873740189,2.395553364009486,1.1507112596141247,2.6394182279169764,15.899663087191211
tabb_rp1,11,5.0,ok,10,4,1.848135240530873,1.0030660470624895,3.2484166681874944,0.27436662794304273,2.169804601194565,0.34734788091280205,11.414345699936538,3.565896191182279,0.157243565575874,2.228007931762755,1.1891525677364068,9.414074149863165,3.2439091520600374,0.17789282757581484,2.283705907895258,1.1884404396318597,9.79080527572115,3.347423581458249,0.2681141933474556,1.6949982313536411,0.846431277689982,9.396535732342144,2.8364377480494136,0.49421592527302655,1.185828891111838,0.7882399031917096,15.759746419763395
tabb_rp2,11,5.0,ok,10,4,50.306776401720846,3.6347254970522345,12.98581322025939,3.5925332307612816,84.5504218838244,6.14140210679858,31.372810029121528,5.981866743785745,10.052162865622675,131.5555509360259,9.997810021063094,41.35624989542184,1.1953798661582666,1.8831118989480151,22.114100157878617,1.8860087799430827,14.566201154038325,25.43428552641621,0.2623149809150436,25.04908892240234,0.8497252603408729,11.489742308784448,19.331720744677334,2.1725431775593935,22.508365590576496,1.8053579268618893,43.3876138626986
tabb_c2_sim,12,0.0,ok,10,4,9.310017681540561e-07,4.6968283961434397e-08,9.685979016765968e-07,3.7971497917341763e-08,1.5657078319161157e-06,6.621763081202342e-08,7.602777960586683e-07,1.7419783746226574e-06,3.824860556069498e-08,1.378169208637326e-06,6.149265408656492e-08,8.416678586578747e-07,1.0601611240570092e-06,4.7084591536998116e-08,9.317937585443826e-07,6.50043000970741e-08,8.809269624816484e-07,1.071203366609402e-06,6.646647745897109e-08,1.4129251704930222e-06,6.12898579343822e-08,9.097532317939173e-07,1.0487414173190979e-09,8.631711270286737e-11,1.1189349414934145e-09,8.632372771635707e-11,1.1262481750022366e-09
tabb_c2_sim_euler,12,0.0,ok,10,4,1.4632590623289943e-06,1.0854909994196225e-07,1.6507799193121385e-06,1.112683282715444e-07,3.05654827126183e-06,1.836505562825223e-07,1.2704171999878805e-06,2.770952957857697e-07,8.921545397203386e-08,1.1045272841316442e-06,9.88373390802399e-08,8.088410180604794e-07,4.682587951557835e-06,2.714897241255e-07,3.6025462029835204e-06,2.566298519852933e-07,2.1174032572664254e-06,1.641246744333825e-06,8.417201141015087e-08,1.1436538971158048e-06,7.853307634979309e-08,1.1481349172486825e-06,2.189685571124751e-09,1.9612357849288756e-10,2.308865085008523e-09,1.9613235252269728e-10,2.3051062803243202e-09
tabb_c2_sim_quat,12,0.0,ok,10,4,7.188370442532568e-07,8.974299138592979e-08,6.934117413185445e-07,8.289717085602703e-08,1.6726936848541076e-06,1.5530750568165144e-07,8.203722253349953e-07,1.1871034030674297e-06,2.155468988609046e-07,1.4526184954557276e-06,2.0930143795714202e-07,1.0231468108700127e-06,8.220367360881566e-07,7.540757740762074e-09,7.862102793414141e-07,4.706048907799592e-08,8.38048391615995e-07,7.631557303792089e-07,1.0841123335281629e-07,6.351151484165736e-07,1.025202336538023e-07,9.710227762317992e-07,1.351095739382611e-09,8.979346962517663e-11,1.4042537993120802e-09,8.980485477895713e-11,1.6177638346347138e-09
tabb_rp1,12,0.0,ok,10,4,6.373812905787162e-07,5.4045058942106e-08,8.950576256606601e-07,3.822353562285905e-08,1.2608451907880222e-06,6.15401576755879e-08,7.29702934709755e-07,1.044742784664371e-06,5.6487934467619787e-08,8.361272374518465e-07,5.876808803868659e-08,7.755137754762458e-07,1.1238359212551612e-06,4.592849757316373e-08,7.50415233758949e-07,7.489630968232786e-08,7.582781156998164e-07,1.362087127246958e-06,4.4219407087452765e-08,9.442367682548788e-07,7.625752951296079e-08,9.76290364938488e-07,4.956466947615027e-08,6.258303363199937e-09,1.8745922849190588e-08,6.258308534448761e-09,1.775664162236313e-08
tabb_rp2,12,0.0,ok,10,4,2.4479602952968094e-06,1.1733135158295132e-07,1.9902807616477433e-06,1.1427789641333029e-07,3.930189112190277e-06,1.8919265910508688e-07,1.477854849231141e-06,4.633666391718777e-06,1.70976780720823e-07,5.056587735289239e-06,1.717550753223903e-07,2.030530069133071e-06,1.8463336608427213e-06,4.9377384590757156e-08,2.0952552845570865e-06,5.073598806253691e-08,1.409562246395575e-06,1.3704672585812508e-06,2.2715435057773232e-07,2.4875775308945474e-06,2.372312765520238e-07,1.6083013175780353e-06,1.1065573544822493e-07,9.603069764008605e-09,1.524206304463631e-07,9.60306639485434e-09,1.9916979023801531e-07
tabb_c2_sim,12,1.0,ok,10,4,0.49928488057173914,0.2989322414949741,1.5068391312755534,0.16130316867071082,1.8917903821364153,0.25715552401953284,2.355798649615182,0.8086939850523154,0.06720845656823948,0.2740452082068385,0.24299271044524162,1.849202045537577,0.761502011189934,0.07630565482025226,0.30972961279202815,0.21394238616703248,1.9911285345893601,3.4219654951179748,0.24771650285474783,1.0886624996019885,0.359581438441658,1.8153866475400438,1.03519503374199,0.2539820604396037,0.3247022016861014,0.3792124309259644,3.3940211230297104
tabb_c2_sim_euler,12,1.0,ok,10,4,0.4992853080687336,0.2989317501272612,1.5068109582100264,0.1613024703138648,1.8917703724031687,0.25715390184610987,2.3557981909426116,0.8086834427672549,0.06720971783857209,0.2740583282871251,0.242993158090737,1.8492019639936876,0.7614068468901953,0.0763043622893928,0.30972301614213243,0.21394220600551536,1.9911281707535229,3.4219665189164323,0.24771649510507063,1.0886635037247485,0.35958155504476635,1.815386402103658,1.035187024266223,0.25397930602242375,0.3246963841209284,0.37921008136802603,3.3940202387205467
tabb_c2_sim_quat,12,1.0,ok,10,4,0.49928559833392855,0.29893179075617504,1.5068241136463212,0.16130268643204143,1.891770277192893,0.2571539215179702,2.3557981477654986,0.8086928930800422,0.06721050954597887,0.27406426997140765,0.2429934467597977,1.8492018515770106,0.7614524268217057,0.07630460328569581,0.3097205218976928,0.21394230434918673,1.9911280809756602,3.4219637957409246,0.24771627397193585,1.0886612850938484,0.35958128388394617,1.8153863049442875,1.0351873389426123,0.2539793589245552,0.3246963163727654,0.3792101280317695,3.394020284729672
tabb_rp1,12,1.0,ok,10,4,0.44620874721232257,0.20581203528190167,0.7013143430699309,0.06965506282958417,1.0585372049382664,0.0862399241595947,2.3226549266809804,0.23896869551605554,0.04733441912168262,0.33313381819363097,0.22208955036247366,1.8469603159976966,0.47040024705908096,0.02691813979089255,0.3013041025957007,0.20933801444951866,1.9806717879083324,1.670118722063745,0.10354725523033853,0.9855924858072733,0.18762533693770822,1.7931446519591583,0.42576970764084243,0.10082043717542301,0.16480458225268535,0.20419523937790612,3.32102585816577
tabb_rp2,12,1.0,ok,10,4,4.919991278722295,0.3639484318241231,3.1572663092454976,0.2862338382429352,5.6389852020663795,0.3752661990524988,3.631983997393054,1.1630571402962917,0.16623690993075413,2.3882725919251953,0.2282919485786919,2.0176048829289237,2.091008356187981,0.29955662706018504,4.077261490846915,0.32325035557729553,2.5039379924869425,7.966278072700122,0.4334277380896985,10.895433563692938,0.5496160231930421,4.185463762516691,1.4087216677975944,0.2457140778911032,2.318997468424131,0.3546353999474626,4.990660195615241
tabb_c2_sim,12,3.0,ok,10,4,1.5039895535103727,0.8969063899402787,4.536157491720074,0.4855366562958875,5.695267910658863,0.7737034916520339,7.07233850365028,2.4608373161450223,0.20429471087214784,0.8294606658481279,0.729238359477606,5.549903533748355,2.2874416945858043,0.2293174271346863,0.9304475575467821,0.6418916729032007,5.975310611877351,10.28716253738959,0.7458197823304707,3.2741096803858025,1.0794175283526668,5.447616577990458,3.10918841875988,0.7627147048462449,0.9819403102607784,1.1370779990276414,10.192624545117614
tabb_c2_sim_euler,12,3.0,ok,10,4,1.5039893664049835,0.8969062330105687,4.536164513274282,0.48553678766428404,5.695267196015838,0.7737031826778216,7.0723384930348345,2.4608290555518586,0.20429380146964193,0.8294573365096143,0.7292380378504696,5.549903125235333,2.2874776626934303,0.22931966397992085,0.9304494355790216,0.6418919863986592,5.975311313950153,10.287165826935574,0.7458198812887515,3.2741107111206578,1.0794176760571026,5.44761667637706,3.109185507916266,0.7627138039188217,0.9819399824106407,1.1370772317360434,10.192624273924249
tabb_c2_sim_quat,12,3.0,ok,10,4,1.5039868094598663,0.8969061191891223,4.536149970588504,0.4855366037402281,5.695251777052744,0.7737030358509154,7.072338282664088,2.4608344659156294,0.20429414675781837,0.8294583531683546,0.7292382201755294,5.549903098363053,2.2874280149522175,0.22931927460210016,0.9304425530053438,0.6418920445478311,5.97531103344356,10.28715146972738,0.7458190332848968,3.27410627857201,1.079416849287139,5.44761584024065,3.109185931758787,0.762713960316097,0.9819400530937565,1.1370773627459896,10.192624316008663
tabb_rp1,12,3.0,ok,10,4,1.3339777860225857,0.6170183232278845,2.1105287748446013,0.20928228086952697,3.1847401300760994,0.2600099305167671,6.972833189113047,0.7082917444897937,0.14210677619107243,0.9880863727565883,0.6657801677291935,5.5424007349480044,1.4087364897540604,0.08034810545559139,0.9072346006005935,0.6283034294662599,5.943594856099697,5.032488255875997,0.3127444952554685,2.952414027586972,0.5630265145606618,5.378595191518551,1.2925986092585544,0.3019297465759755,0.48817614314618896,0.6109631811554225,9.975359581406188
tabb_rp2,12,3.0,ok,10,4,22.214638774157706,1.9464515158716416,9.114076925082337,1.697685668688851,21.42616307160719,2.490183452993216,23.396196893585852,4.965509890998351,0.8230872831621101,11.340628772834972,1.0795949211126117,6.473346551252045,7.47393366432258,1.2863795708130543,17.179531518319862,1.3098547306862562,8.775066506283615,21.638931443778116,2.287387251301147,42.48130646904175,2.617095478649646,18.256531239728908,2.3779327012302964,2.393888569479093,17.85708833643424,2.779260933038052,41.74086727112089
tabb_c2_sim,12,5.0,ok,10,4,2.5166867964473454,1.4949672526646056,7.585242508866827,0.8118271516250627,9.523706167531076,1.292999269321997,11.796195888796221,4.158221880915157,0.3448531054119357,1.3945250306964034,1.2158938251413904,9.253940863111264,3.8176307441582824,0.38287219956151575,1.5528561371233889,1.069935778543291,9.962443445970672,17.177844260701985,1.2473456872543716,5.469590149297604,1.8000437222816474,9.082136793629202,5.187273149691881,1.2722376142724277,1.6497758686719841,1.8939956846920931,17.00676454053192
tabb_c2_sim_euler,12,5.0,ok,10,4,2.5166784047383373,1.4949667588052369,7.585239109378439,0.8118264064238256,9.523681739014071,1.2929975471945674,11.79619599613429,4.15827016214928,0.3448527498928737,1.3945029589708895,1.21589362609002,9.253942954957477,3.8175781731789398,0.38287165925738725,1.5528484399370681,1.0699356516261898,9.96244329713506,17.17784040103761,1.2473453486947863,5.469588488608818,1.8000435611718713,9.082136444598293,5.187267701147927,1.2722358678502554,1.6497737314365741,1.8939941963328666,17.006763973675874
tabb_c2_sim_quat,12,5.0,ok,10,4,2.516678382566301,1.4949670590839768,7.585254444633055,0.8118267097783051,9.523694342707476,1.2929982166707477,11.796196180801159,4.158288148938397,0.34485297924522534,1.394497295168383,1.215893702095333,9.253943401899589,3.8176123004166485,0.3828713778682106,1.5528513336614942,1.069935611911863,9.962443194873712,17.177846203240648,1.2473455144699253,5.469590173330301,1.8000437884067368,9.082136451051333,5.187271125936526,1.272236967529859,1.6497747281050252,1.8939951339219743,17.00676429929073
tabb_rp1,12,5.0,ok,10,4,2.2159564317054734,1.0277004921424482,3.5292201129404788,0.34936629376636474,5.323990036312987,0.43556060840617983,11.630313850411095,1.166285941157493,0.23702296720163127,1.6279292131608536,1.1088917764044144,9.240130031657039,2.344227173955207,0.13324382083056746,1.518146240652536,1.047650841320472,9.909024021872431,8.425342694782605,0.5248067734422736,4.913416360482924,0.9386635853340266,8.963217311967291,2.18102464186661,0.5023916135909866,0.8043339125255804,1.0155957655108803,16.64778593046929
tabb_rp2,12,5.0,ok,10,4,40.50493999477043,3.463135428554513,15.752647289889428,3.073417754527448,39.91179302156312,4.445141292085286,37.45210810694721,8.907924276237926,1.7727873682183644,23.979105444835774,2.1342703178330713,11.637866685543408,15.676917497748699,3.0140828039496905,40.11356380253668,3.005901184653245,18.03717104708902,34.09211219194689,3.7811836854518224,70.15452837685848,4.3480248979978215,30.478712196422837,4.333635193624199,3.725617160489916,27.772562354850777,4.364345313733915,65.05921971077743
tabb_c2_sim,13,0.0,ok,10,4,9.310017681540561e-07,4.6968283961434397e-08,9.685979016765968e-07,3.7971497917341763e-08,1.5657078319161157e-06,6.621763081202342e-08,7.602777960586683e-07,1.7419783746226574e-06,3.824860556069498e-08,1.378169208637326e-06,6.149265408656492e-08,8.416678586578747e-07,1.0601611240570092e-06,4.7084591536998116e-08,9.317937585443826e-07,6.50043000970741e-08,8.809269624816484e-07,1.071203366609402e-06,6.646647745897109e-08,1.4129251704930222e-06,6.12898579343822e-08,9.097532317939173e-07,1.0487414173190979e-09,8.631711270286737e-11,1.1189349414934145e-09,8.632372771635707e-11,1.1262481750022366e-09
tabb_c2_sim_euler,13,0.0,ok,10,4,1.4632590623289943e-06,1.0854909994196225e-07,1.6507799193121385e-06,1.112683282715444e-07,3.05654827126183e-06,1.836505562825223e-07,1.2704171999878805e-06,2.770952957857697e-07,8.921545397203386e-08,1.1045272841316442e-06,9.88373390802399e-08,8.088410180604794e-07,4.682587951557835e-06,2.714897241255e-07,3.6025462029835204e-06,2.566298519852933e-07,2.1174032572664254e-06,1.641246744333825e-06,8.417201141015087e-08,1.1436538971158048e-06,7.853307634979309e-08,1.1481349172486825e-06,2.189685571124751e-09,1.9612357849288756e-10,2.308865085008523e-09,1.9613235252269728e-10,2.3051062803243202e-09
tabb_c2_sim_quat,13,0.0,ok,10,4,7.188370442532568e-07,8.974299138592979e-08,6.934117413185445e-07,8.289717085602703e-08,1.6726936848541076e-06,1.5530750568165144e-07,8.203722253349953e-07,1.1871034030674297e-06,2.155468988609046e-07,1.4526184954557276e-06,2.0930143795714202e-07,1.0231468108700127e-06,8.220367360881566e-07,7.540757740762074e-09,7.862102793414141e-07,4.706048907799592e-08,8.38048391615995e-07,7.631557303792089e-07,1.0841123335281629e-07,6.351151484165736e-07,1.025202336538023e-07,9.710227762317992e-07,1.351095739382611e-09,8.979346962517663e-11,1.4042537993120802e-09,8.980485477895713e-11,1.6177638346347138e-09
tabb_rp1,13,0.0,ok,10,4,6.373812905787162e-07,5.4045058942106e-08,8.950576256606601e-07,3.822353562285905e-08,1.2608451907880222e-06,6.15401576755879e-08,7.29702934709755e-07,1.044742784664371e-06,5.6487934467619787e-08,8.361272374518465e-07,5.876808803868659e-08,7.755137754762458e-07,1.1238359212551612e-06,4.592849757316373e-08,7.50415233758949e-07,7.489630968232786e-08,7.582781156998164e-07,1.362087127246958e-06,4.4219407087452765e-08,9.442367682548788e-07,7.625752951296079e-08,9.76290364938488e-07,4.956466947615027e-08,6.258303363199937e-09,1.8745922849190588e-08,6.258308534448761e-09,1.775664162236313e-08
tabb_rp2,13,0.0,ok,10,4,2.4479602952968094e-06,1.1733135158295132e-07,1.9902807616477433e-06,1.1427789641333029e-07,3.930189112190277e-06,1.8919265910508688e-07,1.477854849231141e-06,4.633666391718777e-06,1.70976780720823e-07,5.056587735289239e-06,1.717550753223903e-07,2.030530069133071e-06,1.8463336608427213e-06,4.9377384590757156e-08,2.0952552845570865e-06,5.073598806253691e-08,1.409562246395575e-06,1.3704672585812508e-06,2.2715435057773232e-07,2.4875775308945474e-06,2.372312765520238e-07,1.6083013175780353e-06,1.1065573544822493e-07,9.603069764008605e-09,1.524206304463631e-07,9.60306639485434e-09,1.9916979023801531e-07
tabb_c2_sim,13,1.0,ok,10,4,0.44809241856088444,0.2278301149897264,1.1437084958379378,0.13964591711058041,1.3648173219058721,0.21229541108022235,2.3050159398698766,1.3977041727400825,0.11325795214622154,0.48804483400663534,0.2318598002807422,1.9409595976483018,0.7234073000788498,0.10894131956644226,0.3868466074633157,0.16570019537890118,1.9102233411557625,1.8147185450194028,0.20746523013044313,0.5044363411762345,0.2855981592182128,1.9028689173905038,0.6390039655134153,0.1289191665992148,0.4130418915973523,0.22816230508104945,3.1961236588477915
tabb_c2_sim_euler,13,1.0,ok,10,4,0.4480981453854781,0.2278300930414276,1.1437261557435328,0.13964596758120748,1.364836122275756,0.2122956321848749,2.3050164566742475,1.3977102837963242,0.1132571017214461,0.48803742781077003,0.2318590672311196,1.940958905923392,0.7234655632346033,0.10894145021825208,0.38687366270831425,0.16570032001000312,1.910226438260391,1.8147235257713556,0.2074657211557536,0.5044397380131714,0.28559843159764614,1.9028690671555752,0.6390052501718473,0.1289195972293782,0.4130417530096566,0.22816255332694146,3.1961236295716997
tabb_c2_sim_quat,13,1.0,ok,10,4,0.44809466792452196,0.22783021110549984,1.1437207467612787,0.13964612946442911,1.3648327250339196,0.21229590578589416,2.3050159712945093,1.397716034511195,0.1132577940429019,0.48803655728872947,0.23185952656374098,1.9409587414550062,0.7234388510758046,0.1089413035700496,0.38686174220502406,0.1657002191433234,1.9102241330612102,1.8147237729873196,0.20746611922870373,0.5044389399298675,0.28559871707427686,1.902869190514044,0.6390043284707954,0.1289193010160613,0.4130414322744668,0.22816238164065814,3.196123633547905
tabb_rp1,13,1.0,ok,10,4,0.3353991911698588,0.1825986651610973,0.6837033055062438,0.06704749646918585,0.8654654705545473,0.09927342740730473,2.301811430316907,0.5710225393901369,0.03325708402329687,0.21182267809454558,0.17545212785700776,1.9109591711383673,0.8954191578546632,0.07574053023110158,0.3882957790739171,0.12936415355087988,1.9053778931040914,0.6915753728722701,0.05854467066808641,0.21020219507254592,0.21894467786541835,1.8729703116089038,0.5767961519079048,0.10064770095425857,0.5312761124384267,0.2066337013710833,3.225383044770695
tabb_rp2,13,1.0,ok,10,4,7.662897891026964,0.5944596860088427,2.928122705623877,0.5822622902380672,7.343801881302649,0.850656951931092,4.872410456225243,1.9878074812032365,0.47618084723285214,6.216922688686422,0.4668477939022393,2.5956084501078034,3.868574641873998,0.7228506716536873,9.287344153287137,0.6680578707611855,4.002810897714264,3.6371409012003935,0.8819482872147396,12.551761321259036,0.9093419332766898,6.009274416778694,2.21896779821788,0.24806935485098952,2.5955634008752644,0.33359114609525653,6.007535042798362
tabb_c2_sim,13,3.0,ok,10,4,1.345632856584651,0.683249039288334,3.4198683685565294,0.417427531879723,4.070128695730336,0.6354017458247986,6.916199991644397,4.216709563500589,0.34164836024902195,1.4702591336681974,0.6960343634663051,5.823107866639514,2.150727352379037,0.3215607843497736,1.1497799375790356,0.4958989232000738,5.729251270175664,5.419389552448655,0.6249982491172593,1.5205299446591816,0.861309735073391,5.713226509597877,1.892647005897837,0.3815027338028372,1.2419624104321882,0.6797531354135662,9.589652068995385
tabb_c2_sim_euler,13,3.0,ok,10,4,1.345632978087553,0.6832489298375972,3.4198648214213674,0.41742756346524573,4.070125302538917,0.63540164879036,6.916200292324489,4.216700852983901,0.34164775256962565,1.4702602840912586,0.6960339659933479,5.823107830671304,2.1507194300009846,0.3215616025087096,1.149777914402213,0.49589897746317957,5.729252748528775,5.419392141471792,0.6249982005594175,1.5205315953981908,0.8613096587565027,5.71322652861045,1.8926468612287923,0.3815026982232304,1.2419621184585488,0.6797531171373591,9.589652063700184
tabb_c2_sim_quat,13,3.0,ok,10,4,1.345629379628027,0.6832488853299602,3.41987685665809,0.41742733954550365,4.07012140573809,0.6354013367743195,6.916200185536209,4.216759109344189,0.3416476143715768,1.4702552905611344,0.6960339251977539,5.8231067833399175,2.150708779738156,0.3215610107805098,1.1497702908902623,0.4958989061773763,5.729253067414804,5.419394999433402,0.6249986692993923,1.5205303616745227,0.8613099531524531,5.71322669318621,1.8926445381166137,0.3815020637305358,1.241961575386189,0.6797527567922576,9.589652103035213
tabb_rp1,13,3.0,ok,10,4,1.0162498822472306,0.5478336883979065,2.0574481348446025,0.20183627352574052,2.6108460631204715,0.2990742820431968,6.907055018416951,1.7129814724545507,0.09999412512328458,0.6373544538373571,0.5254580239256629,5.732598388927803,2.683600724989267,0.2268102037808738,1.1747033406375582,0.3887314900471104,5.7165191334086245,2.084314287314514,0.17597177920179716,0.6356356355961654,0.6578131512442368,5.6208745329480285,1.7488960546200778,0.3045689859970066,1.6173060989178416,0.6193320883746156,9.679572836817073
tabb_rp2,13,3.0,ok,10,4,26.703555368573404,2.1728500521396246,9.430097322477893,2.130689746165621,27.35627952006918,3.1040789231516572,17.29912736368979,6.925371801512894,1.6052767982191345,21.035183213880394,1.6112733080686958,8.240067096290364,13.166193810885813,2.973529617542606,37.330125029979484,2.7882371142838447,16.46000515050798,10.498649008429876,2.7202870098188296,38.34488167925834,2.854271769368177,18.63365294299091,7.130174669082988,1.2236655590819128,10.104031551175401,1.4376180168377821,22.624801816777474
tabb_c2_sim,13,5.0,ok,10,4,2.2451194974263493,1.1383852731282857,5.680721546802812,0.6931669366445801,6.743053796284194,1.0565242054991781,11.52975357689919,7.066313771774809,0.572444543799531,2.4605277880005043,1.1607850093641687,9.705780484064977,3.551846071267494,0.5271659057488673,1.8984310062648486,0.8245932452665086,9.546769560238317,8.991366714455925,1.0461950694710946,2.5469036011496202,1.4432002547850267,9.53019453480188,3.1133596297130195,0.6268622275588271,2.0746155942904227,1.1249625830974388,15.986659390371761
tabb_c2_sim_euler,13,5.0,ok,10,4,2.2451249486288747,1.1383857085863234,5.680722777977168,0.693167386538189,6.743056032483235,1.0565248865021128,11.529754056124473,7.066292685721907,0.5724446543913619,2.460534258766111,1.1607852502611298,9.705781422169133,3.5518884074536605,0.5271656658996768,1.8984521276874151,0.8245936402583443,9.546771968093998,8.991345009889809,1.0461952703148902,2.546897354623197,1.4432003769917312,9.530193638060789,3.1133650088432945,0.6268639555468271,2.074616053438774,1.1249635668340872,15.986659299998598
tabb_c2_sim_quat,13,5.0,ok,10,4,2.2451197469447726,1.1383857874587053,5.6807230689283434,0.693167545231665,6.74305317691154,1.0565251028728733,11.529753658299501,7.06631877420323,0.5724443079319613,2.4605255211243575,1.1607850479914033,9.705780370771922,3.551855072338967,0.5271658165395201,1.898434847977502,0.8245933961474295,9.546770265485618,8.991352585615834,1.0461959359332347,2.5469014089275586,1.443201040870685,9.53019445900745,3.113365843555343,0.626864120521944,2.0746172097496713,1.1249636648253034,15.986659318011526
tabb_rp1,13,5.0,ok,10,4,1.7109201629499644,0.9131332599537887,3.439943104427729,0.33754705650917916,4.375478658221163,0.500552730848442,11.515294747661976,2.8553300058750533,0.16702622604988426,1.0658596371896825,0.8742662256386414,9.554120545048752,4.468566413021225,0.37734277869668637,1.9744845655369223,0.648955968006092,9.528520806365863,3.4901717982482454,0.293868293531278,1.068532921869784,1.0979801131722076,9.371711047178398,2.945704200566394,0.5119509277588682,2.7348035272034683,1.0313307329982135,16.140172130545903
tabb_rp2,13,5.0,ok,10,4,44.49257668562232,3.6097688308001183,16.250286571964974,3.5342249854035037,47.06487377440731,5.235721747335114,27.74553061602452,12.400948787083445,2.8498775222791934,37.75815911478954,2.8844412586429695,14.293399496594832,22.400654387021042,4.814944471234256,60.45701524295126,4.506017219293156,26.813726490435016,17.690122255880986,4.499194777061026,63.36881445986052,4.730559162284539,30.923013520442986,12.509420857874428,1.9728831710395396,16.38631792488794,2.318057682979808,34.663335077670006
tabb_c2_sim,14,0.0,ok,10,4,9.310017681540561e-07,4.6968283961434397e-08,9.685979016765968e-07,3.7971497917341763e-08,1.5657078319161157e-06,6.621763081202342e-08,7.602777960586683e-07,1.7419783746226574e-06,3.824860556069498e-08,1.378169208637326e-06,6.149265408656492e-08,8.416678586578747e-07,1.0601611240570092e-06,4.7084591536998116e-08,9.317937585443826e-07,6.50043000970741e-08,8.809269624816484e-07,1.071203366609402e-06,6.646647745897109e-08,1.4129251704930222e-06,6.12898579343822e-08,9.097532317939173e-07,1.0487414173190979e-09,8.631711270286737e-11,1.1189349414934145e-09,8.632372771635707e-11,1.1262481750022366e-09
tabb_c2_sim_euler,14,0.0,ok,10,4,1.4632590623289943e-06,1.0854909994196225e-07,1.6507799193121385e-06,1.112683282715444e-07,3.05654827126183e-06,1.836505562825223e-07,1.2704171999878805e-06,2.770952957857697e-07,8.921545397203386e-08,1.1045272841316442e-06,9.88373390802399e-08,8.088410180604794e-07,4.682587951557835e-06,2.714897241255e-07,3.6025462029835204e-06,2.566298519852933e-07,2.1174032572664254e-06,1.641246744333825e-06,8.417201141015087e-08,1.1436538971158048e-06,7.853307634979309e-08,1.1481349172486825e-06,2.189685571124751e-09,1.9612357849288756e-10,2.308865085008523e-09,1.9613235252269728e-10,2.3051062803243202e-09
tabb_c2_sim_quat,14,0.0,ok,10,4,7.188370442532568e-07,8.974299138592979e-08,6.934117413185445e-07,8.289717085602703e-08,1.6726936848541076e-06,1.5530750568165144e-07,8.203722253349953e-07,1.1871034030674297e-06,2.155468988609046e-07,1.4526184954557276e-06,2.0930143795714202e-07,1.0231468108700127e-06,8.220367360881566e-07,7.540757740762074e-09,7.862102793414141e-07,4.706048907799592e-08,8.38048391615995e-07,7.631557303792089e-07,1.0841123335281629e-07,6.351151484165736e-07,1.025202336538023e-07,9.710227762317992e-07,1.351095739382611e-09,8.979346962517663e-11,1.4042537993120802e-09,8.980485477895713e-11,1.6177638346347138e-09
tabb_rp1,14,0.0,ok,10,4,6.373812905787162e-07,5.4045058942106e-08,8.950576256606601e-07,3.822353562285905e-08,1.2608451907880222e-06,6.15401576755879e-08,7.29702934709755e-07,1.044742784664371e-06,5.6487934467619787e-08,8.361272374518465e-07,5.876808803868659e-08,7.755137754762458e-07,1.1238359212551612e-06,4.592849757316373e-08,7.50415233758949e-07,7.489630968232786e-08,7.582781156998164e-07,1.362087127246958e-06,4.4219407087452765e-08,9.442367682548788e-07,7.625752951296079e-08,9.76290364938488e-07,4.956466947615027e-08,6.258303363199937e-09,1.8745922849190588e-08,6.258308534448761e-09,1.775664162236313e-08
tabb_rp2,14,0.0,ok,10,4,2.4479602952968094e-06,1.1733135158295132e-07,1.9902807616477433e-06,1.1427789641333029e-07,3.930189112190277e-06,1.8919265910508688e-07,1.477854849231141e-06,4.633666391718777e-06,1.70976780720823e-07,5.056587735289239e-06,1.717550753223903e-07,2.030530069133071e-06,1.8463336608427213e-06,4.9377384590757156e-08,2.0952552845570865e-06,5.073598806253691e-08,1.409562246395575e-06,1.3704672585812508e-06,2.2715435057773232e-07,2.4875775308945474e-06,2.372312765520238e-07,1.6083013175780353e-06,1.1065573544822493e-07,9.603069764008605e-09,1.524206304463631e-07,9.60306639485434e-09,1.9916979023801531e-07
tabb_c2_sim,14,1.0,ok,10,4,0.3774020239760597,0.2248079140070725,0.9429625443761691,0.0819787843800601,1.0438618098508872,0.12690018829175964,2.393631662533137,1.8136006896182908,0.1582279845231878,0.3407253833782332,0.26336447515626077,1.9181685528817052,0.30127511883773767,0.0380806698557696,0.23581920254995717,0.22233203545200758,1.9149379902551424,1.1670316119168362,0.09237103580710128,0.37929697126763295,0.19806364972057694,1.9555837848578137,0.4899427571318115,0.03923544733418169,0.5537665387084153,0.21547149569944468,3.4274223696736135
tabb_c2_sim_euler,14,1.0,ok,10,4,0.3774063191858289,0.22480823708381337,0.9429625470000993,0.08197900083518911,1.043882432131633,0.12690070504778916,2.393632527711508,1.8136182898327486,0.15822911624125222,0.3407276064682314,0.26336549094874173,1.918170115730557,0.3012504429538877,0.0380795898987962,0.23584086521661674,0.22233177919984565,1.9149399349312095,1.1670384696803449,0.0923717592384476,0.3792902914634294,0.19806421271807556,1.955584647648115,0.48994298553341564,0.03923553796226044,0.5537665135950381,0.21547146546859058,3.427422333107083
tabb_c2_sim_quat,14,1.0,ok,10,4,0.37740245053499466,0.22480827646227708,0.9429714001993623,0.08197920331181963,1.0438805093666443,0.12690057267904473,2.3936320435918943,1.8136157619471607,0.158228645771585,0.3407273124624317,0.2633653091181863,1.91816995792845,0.3012795648492949,0.03808007853229423,0.23582044051709242,0.22233180839975936,1.914938154773996,1.167046805385618,0.09237238253693608,0.37929572847519866,0.1980645793261649,1.9555844700273903,0.4899434686153761,0.039235706406463226,0.5537663206852558,0.21547140900499778,3.4274221649687187
tabb_rp1,14,1.0,ok,10,4,0.4647219867723419,0.23433994913268347,0.9420075488797273,0.08883518101550436,0.7384665641553885,0.08562297095164444,2.4115301816313384,1.246323279140941,0.10636953737727901,0.3478107108328232,0.2826570664609271,1.8922776838346393,0.7306247188884579,0.05855007957642123,0.2714186958078748,0.2322016839745814,1.9184449715867666,0.9730956299225734,0.06914368235228883,0.7178654847538594,0.13896968902035153,1.9580508954768454,0.8179865675669367,0.1212774247560284,0.5217930556948102,0.2835313570748737,3.488094324506247
tabb_rp2,14,1.0,ok,10,4,6.612106897991395,0.5891326698368016,3.0817552946564217,0.4992988387070485,8.13489680258717,0.7507253629370328,5.543959728625409,7.3747190314015025,0.6836451042055526,12.1148385877464,0.6914393599047456,3.867653012935106,0.9153679352473739,0.27415004520214004,3.2065246602987867,0.3963368244787447,2.3833309710077577,3.3205166255215,0.46888414132823647,7.417998745972044,0.5434879209173036,3.9983986124123203,0.716417586455309,0.5705160640922649,3.7090655979483476,0.7252665740464126,9.290627539671885
tabb_c2_sim,14,3.0,ok,10,4,1.1317641463886114,0.6734790729536941,2.8232520394110905,0.24531234254435028,3.1082016507170382,0.37729251980199957,7.18179541214106,5.44327708220556,0.47389535443462116,1.0199257958837662,0.7870179688150987,5.75227242341253,0.9006825860764123,0.11246137508853467,0.7133760269334655,0.6680379649878849,5.745300719346671,3.477946924820122,0.27624936766767166,1.1353161631615387,0.5939842059248563,5.868272538895734,1.4711015645422676,0.11864327298657353,1.6584385995756754,0.6448761520869366,10.284891851048611
tabb_c2_sim_euler,14,3.0,ok,10,4,1.1317628607046333,0.6734793748808857,2.8232786429886176,0.24531282179746247,3.1082360808142426,0.37729297782223065,7.181796054539484,5.443287212673407,0.47389715900950885,1.019930164813056,0.7870193914134419,5.7522737406362845,0.9007724671291466,0.11246107371282527,0.7133642394270011,0.6680376466663175,5.7453024747920844,3.4779536461851324,0.2762498291556803,1.135318544090755,0.5939842942752904,5.868272649064535,1.471101245966784,0.11864322531183548,1.658438494487721,0.6448761671684932,10.28489186516664
tabb_c2_sim_quat,14,3.0,ok,10,4,1.1317647331752747,0.6734792421586194,2.8232725380566,0.24531302759527163,3.108232948283801,0.37729319447720117,7.181796044755951,5.443294006178383,0.473897136031647,1.0199323748598248,0.787019708042759,5.7522742504842865,0.9007509909128042,0.11246210377613337,0.7133724502837039,0.6680370535120619,5.745302164870328,3.4779431760120225,0.2762494269767065,1.1353156454135418,0.593984103818787,5.868272656388349,1.4711019791231907,0.11864344359659962,1.658438462144028,0.64487610326087,10.284891721633509
tabb_rp1,14,3.0,ok,10,4,1.4019271788675294,0.7028360764665942,2.8289353515054643,0.2671054998728239,2.2249158498198875,0.2573858281297207,7.2387869293124005,3.739565465822365,0.319386565036515,1.0488029045901706,0.8458016741590749,5.676609379699021,2.200553964515162,0.17645215436250936,0.8215073389684195,0.6978923010192359,5.755574274468187,2.914776830170675,0.20624147403467735,2.1633943207576167,0.41699633628139465,5.8758223808167465,2.4608451455136557,0.36634180605759387,1.5740041511539111,0.8506539944066711,10.474938038118525
tabb_rp2,14,3.0,ok,10,4,22.832955034008798,2.0290392610506425,9.779569444913903,1.7702794955193601,25.46755284990428,2.739595493120328,21.878962391985187,23.093357610264484,1.9260927087235873,35.754673258878924,1.9554753335216528,11.536177473069385,2.8486345008311815,0.8027181551791988,9.494936061878926,1.1744922493493533,7.134108956700224,9.889984248268934,1.9622169090631472,29.567891258675,2.1935586090014247,15.412684830111822,3.2863014202910112,2.3900902091115075,16.514319556602352,2.7926308523301384,38.64228547111346
tabb_c2_sim,14,5.0,ok,10,4,1.8857623153535592,1.120959827867741,4.697307051732592,0.4080255866726922,5.1422476159479755,0.6232827199775887,11.937393501232824,9.07714517250368,0.7885545994734429,1.6965670430776187,1.3067289422725712,9.583718007065466,1.498398256938088,0.18467316694207797,1.199041800574643,1.1151275859817225,9.576628922468906,5.759672686984247,0.45908160911855617,1.8882206385979443,0.9896964162575774,9.783238296799125,2.454012090504349,0.1997929711566917,2.75921977916403,1.0722863669590919,17.069108110380654
tabb_c2_sim_euler,14,5.0,ok,10,4,1.8857679189720833,1.1209594988977223,4.697289043072177,0.4080256199997492,5.142222122329337,0.6232817829660148,11.937393054557958,9.077140348340157,0.7885539369406703,1.6965660689482909,1.306728354130045,9.583717746667492,1.4983420445681508,0.18467366573519697,1.1990634702884324,1.11512742278819,9.576628288291785,5.759659666959696,0.4590811375267487,1.8882226975014436,0.9896960456621563,9.78323783883788,2.454014112420706,0.1997937397963806,2.7592194391501663,1.0722861730104973,17.06910762461056
tabb_c2_sim_quat,14,5.0,ok,10,4,1.8857686907095443,1.120959769402896,4.697288637460161,0.40802584171083334,5.142225369296506,0.6232824764534651,11.937393209564135,9.077132140620128,0.7885545880197796,1.6965633324601688,1.306728814689495,9.583717224921259,1.4983458457092176,0.1846744766708261,1.1990701220495825,1.1151277225287028,9.576629068843282,5.759663676595881,0.459081020423085,1.8882216729181687,0.9896962529359301,9.783237821137982,2.454012886915419,0.19979328172964259,2.759219635410257,1.072286287457456,17.069107924184138
tabb_rp1,14,5.0,ok,10,4,2.3496537103566326,1.171114909286244,4.719780201998292,0.4461939852976631,3.723794124592865,0.4298289908290845,12.050682353696375,6.233101154953316,0.5327362762187577,1.7571254846711977,1.4061330503138705,9.460914369776207,3.6824596946246664,0.29545228798031936,1.381531639270424,1.1652781450203171,9.593322183315617,4.850972717623579,0.34177403844876075,3.621969532576831,0.6951453452188687,9.796069955656206,4.112587240791605,0.6148133385428145,2.6379881849080773,1.4179030965919202,17.436564784490624
tabb_rp2,14,5.0,ok,10,4,40.2035175997678,3.557838733327986,16.926780738846617,3.1379969104661676,43.10019552556403,4.885140537336929,40.533105915047905,39.45173556731364,2.962115126846055,57.74008444093873,3.038169574747866,18.917553619861454,4.98017555990463,1.3433628165951563,16.082538218728903,1.9645916524678242,11.962580838152833,16.501704079515914,3.662466626528393,54.336865999715535,4.04538781419662,28.091901286813474,6.773507748652275,4.584043071895067,32.65458173968803,5.183205891899634,72.7792769334343
tabb_c2_sim,15,0.0,ok,10,4,9.310017681540561e-07,4.6968283961434397e-08,9.685979016765968e-07,3.7971497917341763e-08,1.5657078319161157e-06,6.621763081202342e-08,7.602777960586683e-07,1.7419783746226574e-06,3.824860556069498e-08,1.378169208637326e-06,6.149265408656492e-08,8.416678586578747e-07,1.0601611240570092e-06,4.7084591536998116e-08,9.317937585443826e-07,6.50043000970741e-08,8.809269624816484e-07,1.071203366609402e-06,6.646647745897109e-08,1.4129251704930222e-06,6.12898579343822e-08,9.097532317939173e-07,1.0487414173190979e-09,8.631711270286737e-11,1.1189349414934145e-09,8.632372771635707e-11,1.1262481750022366e-09
tabb_c2_sim_euler,15,0.0,ok,10,4,1.4632590623289943e-06,1.0854909994196225e-07,1.6507799193121385e-06,1.112683282715444e-07,3.05654827126183e-06,1.836505562825223e-07,1.2704171999878805e-06,2.770952957857697e-07,8.921545397203386e-08,1.1045272841316442e-06,9.88373390802399e-08,8.088410180604794e-07,4.682587951557835e-06,2.714897241255e-07,3.6025462029835204e-06,2.566298519852933e-07,2.1174032572664254e-06,1.641246744333825e-06,8.417201141015087e-08,1.1436538971158048e-06,7.853307634979309e-08,1.1481349172486825e-06,2.189685571124751e-09,1.9612357849288756e-10,2.308865085008523e-09,1.9613235252269728e-10,2.3051062803243202e-09
tabb_c2_sim_quat,15,0.0,ok,10,4,7.188370442532568e-07,8.974299138592979e-08,6.934117413185445e-07,8.289717085602703e-08,1.6726936848541076e-06,1.5530750568165144e-07,8.203722253349953e-07,1.1871034030674297e-06,2.155468988609046e-07,1.4526184954557276e-06,2.0930143795714202e-07,1.0231468108700127e-06,8.220367360881566e-07,7.540757740762074e-09,7.862102793414141e-07,4.706048907799592e-08,8.38048391615995e-07,7.631557303792089e-07,1.0841123335281629e-07,6.351151484165736e-07,1.025202336538023e-07,9.710227762317992e-07,1.351095739382611e-09,8.979346962517663e-11,1.4042537993120802e-09,8.980485477895713e-11,1.6177638346347138e-09
tabb_rp1,15,0.0,ok,10,4,6.373812905787162e-07,5.4045058942106e-08,8.950576256606601e-07,3.822353562285905e-08,1.2608451907880222e-06,6.15401576755879e-08,7.29702934709755e-07,1.044742784664371e-06,5.6487934467619787e-08,8.361272374518465e-07,5.876808803868659e-08,7.755137754762458e-07,1.1238359212551612e-06,4.592849757316373e-08,7.50415233758949e-07,7.489630968232786e-08,7.582781156998164e-07,1.362087127246958e-06,4.4219407087452765e-08,9.442367682548788e-07,7.625752951296079e-08,9.76290364938488e-07,4.956466947615027e-08,6.258303363199937e-09,1.8745922849190588e-08,6.258308534448761e-09,1.775664162236313e-08
tabb_rp2,15,0.0,ok,10,4,2.4479602952968094e-06,1.1733135158295132e-07,1.9902807616477433e-06,1.1427789641333029e-07,3.930189112190277e-06,1.8919265910508688e-07,1.477854849231141e-06,4.633666391718777e-06,1.70976780720823e-07,5.056587735289239e-06,1.717550753223903e-07,2.030530069133071e-06,1.8463336608427213e-06,4.9377384590757156e-08,2.0952552845570865e-06,5.073598806253691e-08,1.409562246395575e-06,1.3704672585812508e-06,2.2715435057773232e-07,2.4875775308945474e-06,2.372312765520238e-07,1.6083013175780353e-06,1.1065573544822493e-07,9.603069764008605e-09,1.524206304463631e-07,9.60306639485434e-09,1.9916979023801531e-07
tabb_c2_sim,15,1.0,ok,10,4,0.4626927910528804,0.2815450238441937,0.8809943851894746,0.14283650264829204,1.1559929990863804,0.20344646341842668,2.4616292546290373,1.5304076653943077,0.15449567239584683,0.6236203530493367,0.3199554627944945,1.893033751041525,0.705519689980266,0.1747334343993534,0.5302821973656888,0.23018479679698317,2.013786138670367,0.9163158106035222,0.11378996233477467,0.28182029505757583,0.23878315065862127,1.8664987356960097,0.37173437477980253,0.12832694146319323,0.4150483187389205,0.33725668512667606,3.621566708448704
tabb_c2_sim_euler,15,1.0,ok,10,4,0.4626823900832745,0.28154531235708885,0.880949245063379,0.14283707419409203,1.155951808560486,0.2034467415452413,2.4616296449766475,1.5304206375656502,0.1544958857633191,0.6236217643953808,0.31995636698301166,1.89303477497095,0.7055059527604579,0.17473368516020948,0.5302839672434291,0.2301849663128459,2.0137862093658017,0.916149389121172,0.11378900241631923,0.2817915769986058,0.23878193906956335,1.8665001311863105,0.37172100080623605,0.12832972343652038,0.41503225169568253,0.33725797706293437,3.6215664760034034
tabb_c2_sim_quat,15,1.0,ok,10,4,0.46269575371111793,0.28154501158408995,0.8810278787388368,0.14283878134208675,1.1559903975648598,0.20344600918700992,2.461629267776038,1.530404182585256,0.1544958319593173,0.6236259945202771,0.3199550105902008,1.8930367445787597,0.7055135745204747,0.1747333473740987,0.530276237245864,0.2301847968118778,2.013784908442804,0.9164720545618179,0.11379632090495849,0.2818461639887542,0.23878235334315123,1.8664970788589137,0.37172170328779863,0.12832962512997248,0.4150346190895763,0.33725788559112974,3.621566717416673
tabb_rp1,15,1.0,ok,10,4,0.5467416749810403,0.24561812986065917,0.8427547331551832,0.09430215235427444,1.241375699653392,0.15396008212287252,2.473830873281759,0.35569230006447505,0.04396270787517017,0.3811277377733222,0.267935894065689,1.8504317800302585,1.090053226160801,0.06611920984889616,0.5232694473784796,0.13675540995272237,2.0146704795272434,0.698413279654391,0.032337126311436946,0.636274744955831,0.17009284861090526,1.8569896609452818,1.2268601267410661,0.2347895653815945,0.6462947698165282,0.4076883668133201,3.6807541678202043
tabb_rp2,15,1.0,ok,10,4,5.798085573372675,0.36798319417662895,4.653433374437185,0.3174065230281574,7.908006986521244,0.5065189599811256,3.602373567269331,3.0659789392300807,0.061758829844130045,3.198344713055504,0.2319457533904116,2.1713100923138353,2.8122839795852275,0.1788318299771323,3.69720715102061,0.21105556932919964,2.362754973195719,9.320868948920126,0.5248523907473888,11.603835564236466,0.5014168393566156,4.036550404402713,3.414601630013308,0.5041830415439786,4.6929548651781205,0.5275146146302889,5.031644216855396
tabb_c2_sim,15,3.0,ok,10,4,1.3883049209233798,0.8439544988980905,2.6292568054351624,0.42827150586315327,3.4581648994862557,0.6097587905961621,7.384604888677499,4.592772265136093,0.4639358291945549,1.8745239949895183,0.9621839244738105,5.679842839974094,2.1208782684502543,0.5261093527394048,1.5980577009227208,0.6924936610851278,6.04418858856776,2.6939487065638663,0.3387604447659821,0.8416589846392304,0.7111064108618811,5.60074190638688,1.1094279815904362,0.3842803967526714,1.2389790031420491,1.0100339991715426,10.861326676082557
tabb_c2_sim_euler,15,3.0,ok,10,4,1.388297843244084,0.8439537082581055,2.629282449561252,0.4282719394266362,3.458150019284014,0.6097586934887976,7.384603966457555,4.592762148976721,0.4639352351962513,1.8745210015939078,0.9621835314393059,5.6798418286931645,2.1208707038474017,0.5261096866574014,1.5980585269332712,0.6924939626859496,6.044187937826421,2.694069942666572,0.33876243144320206,0.8416336708146628,0.7111033354243131,5.600738753700187,1.1094270027543132,0.38428040440969,1.2389781736344947,1.0100340034828528,10.86132668469854
tabb_c2_sim_quat,15,3.0,ok,10,4,1.3883010704567411,0.8439545130194683,2.629247454650366,0.42827175117882366,3.4581511922503396,0.6097590547289976,7.384604801226133,4.5927740232144965,0.4639357688250073,1.8745240565063896,0.9621840776835056,5.679843425146807,2.1208722118280385,0.5261098854519131,1.5980571057676412,0.6924940893280451,6.044187662773584,2.6939176149167707,0.33876100578943813,0.8416459968348227,0.7111059100819157,5.600741928828993,1.1094259686421581,0.38428034464893596,1.238977122718111,1.0100339749844067,10.861326635858862
tabb_rp1,15,3.0,ok,10,4,1.6517895225169297,0.7358390714348524,2.531469391547227,0.2820300332879976,3.728251963171745,0.46022959143726666,7.422050257709063,1.067522013297063,0.13137119017077614,1.1487008113999795,0.8057543753636669,5.551256271923122,3.276459667181891,0.19831186890833222,1.5821313385278182,0.410413467349071,6.046943704754234,2.1019497174754127,0.0966281700937131,1.9200686692918418,0.5072768423778722,5.572915662384783,3.6799461682345407,0.701808903979169,1.9562572708480794,1.2199116006487996,11.041193629619508
tabb_rp2,15,3.0,ok,10,4,29.42720856430902,2.0897870716271667,15.661340369659236,2.012066523157073,36.528699706169796,3.2631582181204926,15.3600227231189,6.703479666333044,0.8744839993956495,13.810389080224017,1.2188655585054065,7.094796529479859,12.708982695628885,3.650061662687597,48.109267171090394,3.6219064538139123,21.47267368844291,32.7996211802251,1.7491068355140336,40.31428742421647,1.6754246198623863,13.401841281449995,10.43327793644991,1.7746135950310116,15.474890581705207,1.8429516543269617,15.896540169504517
tabb_c2_sim,15,5.0,ok,10,4,2.3143590307409667,1.4054139732223465,4.359224652733001,0.7133480779833073,5.747521773165947,1.0152014212224898,12.286802073942978,7.6568632962970025,0.7738901194878045,3.1302926490339993,1.6074816533370941,9.467888368862464,3.5422896481120083,0.8800462467516723,2.675497994044359,1.1574364459990303,10.078685343236897,4.39825491911792,0.5603314119839016,1.3968716077704126,1.1764945014469603,9.337004651124122,1.8394907474050743,0.6391245337098508,2.054773872115096,1.6802432921063013,18.06077699187126
tabb_c2_sim_euler,15,5.0,ok,10,4,2.3143513795976887,1.4054140469421268,4.359186724082101,0.713347600367992,5.747494262573491,1.0152015359652127,12.286801995263415,7.656866908573977,0.773890380816693,3.130292385800965,1.6074824599051847,9.467885462012667,3.542321235641652,0.8800465524156135,2.675499439093411,1.1574364377251989,10.078685949350463,4.398068025571599,0.5603294612244152,1.396839259232249,1.1764942421943867,9.3370064974205,1.8394907265411764,0.6391240070152463,2.05477443426413,1.6802430479437367,18.060777009172092
tabb_c2_sim_quat,15,5.0,ok,10,4,2.3143716225973536,1.4054140482647217,4.359289532856063,0.7133482619468055,5.747580784206697,1.0152019820679627,12.28680196946863,7.656854901807719,0.7738899736047135,3.1302949624624796,1.6074811017254083,9.467889042837694,3.5422899371241168,0.8800464598965546,2.6755046541186043,1.1574365901188286,10.078686873339816,4.398521349714873,0.56033220315284,1.39691140034243,1.1764952637691133,9.337001609771521,1.8394919427775434,0.6391244111331137,2.054775473465901,1.680243237445537,18.060777073342074
tabb_rp1,15,5.0,ok,10,4,2.7722482665476464,1.224691847500297,4.224537101687002,0.4685727682690791,6.220154377606536,0.7642534234144157,12.354161264150068,1.7807038760234533,0.21810742809235664,1.9237526343095144,1.3462418713560205,9.2522955811485,5.471190769911946,0.330445419425256,2.657435715852459,0.6843168052088106,10.083426059694517,3.514764346176431,0.16043356130072586,3.2188145273685143,0.8405040253002403,9.291743113266952,6.1314894146361745,1.165304664257978,3.288990188660098,2.027704688136118,18.37539701437834
tabb_rp2,15,5.0,ok,10,4,43.14734960311225,2.948825067430115,25.659293989271656,2.7467299967874563,55.00529098689602,4.39935495710073,21.196055800902453,9.623234865745713,1.7370309554793333,25.295839270727427,2.3425588913966764,12.25440593556333,18.09442686305673,4.29860179650355,57.86862946907852,4.270912202022479,26.313418246742696,58.22448357665178,2.520917551556216,67.35528989977038,2.462069881543634,21.270460029650664,16.695030651632404,2.4303696836107256,22.069639772872655,2.7197592947576714,22.412345109883987
tabb_c2_sim,16,0.0,ok,10,4,9.310017681540561e-07,4.6968283961434397e-08,9.685979016765968e-07,3.7971497917341763e-08,1.5657078319161157e-06,6.621763081202342e-08,7.602777960586683e-07,1.7419783746226574e-06,3.824860556069498e-08,1.378169208637326e-06,6.149265408656492e-08,8.416678586578747e-07,1.0601611240570092e-06,4.7084591536998116e-08,9.317937585443826e-07,6.50043000970741e-08,8.809269624816484e-07,1.071203366609402e-06,6.646647745897109e-08,1.4129251704930222e-06,6.12898579343822e-08,9.097532317939173e-07,1.0487414173190979e-09,8.631711270286737e-11,1.1189349414934145e-09,8.632372771635707e-11,1.1262481750022366e-09
tabb_c2_sim_euler,16,0.0,ok,10,4,1.4632590623289943e-06,1.0854909994196225e-07,1.6507799193121385e-06,1.112683282715444e-07,3.05654827126183e-06,1.836505562825223e-07,1.2704171999878805e-06,2.770952957857697e-07,8.921545397203386e-08,1.1045272841316442e-06,9.88373390802399e-08,8.088410180604794e-07,4.682587951557835e-06,2.714897241255e-07,3.6025462029835204e-06,2.566298519852933e-07,2.1174032572664254e-06,1.641246744333825e-06,8.417201141015087e-08,1.1436538971158048e-06,7.853307634979309e-08,1.1481349172486825e-06,2.189685571124751e-09,1.9612357849288756e-10,2.308865085008523e-09,1.9613235252269728e-10,2.3051062803243202e-09
tabb_c2_sim_quat,16,0.0,ok,10,4,7.188370442532568e-07,8.974299138592979e-08,6.934117413185445e-07,8.289717085602703e-08,1.6726936848541076e-06,1.5530750568165144e-07,8.203722253349953e-07,1.1871034030674297e-06,2.155468988609046e-07,1.4526184954557276e-06,2.0930143795714202e-07,1.0231468108700127e-06,8.220367360881566e-07,7.540757740762074e-09,7.862102793414141e-07,4.706048907799592e-08,8.38048391615995e-07,7.631557303792089e-07,1.0841123335281629e-07,6.351151484165736e-07,1.025202336538023e-07,9.710227762317992e-07,1.351095739382611e-09,8.979346962517663e-11,1.4042537993120802e-09,8.980485477895713e-11,1.6177638346347138e-09
tabb_rp1,16,0.0,ok,10,4,6.373812905787162e-07,5.4045058942106e-08,8.950576256606601e-07,3.822353562285905e-08,1.2608451907880222e-06,6.15401576755879e-08,7.29702934709755e-07,1.044742784664371e-06,5.6487934467619787e-08,8.361272374518465e-07,5.876808803868659e-08,7.755137754762458e-07,1.1238359212551612e-06,4.592849757316373e-08,7.50415233758949e-07,7.489630968232786e-08,7.582781156998164e-07,1.362087127246958e-06,4.4219407087452765e-08,9.442367682548788e-07,7.625752951296079e-08,9.76290364938488e-07,4.956466947615027e-08,6.258303363199937e-09,1.8745922849190588e-08,6.258308534448761e-09,1.775664162236313e-08
tabb_rp2,16,0.0,ok,10,4,2.4479602952968094e-06,1.1733135158295132e-07,1.9902807616477433e-06,1.1427789641333029e-07,3.930189112190277e-06,1.8919265910508688e-07,1.477854849231141e-06,4.633666391718777e-06,1.70976780720823e-07,5.056587735289239e-06,1.717550753223903e-07,2.030530069133071e-06,1.8463336608427213e-06,4.9377384590757156e-08,2.0952552845570865e-06,5.073598806253691e-08,1.409562246395575e-06,1.3704672585812508e-06,2.2715435057773232e-07,2.4875775308945474e-06,2.372312765520238e-07,1.6083013175780353e-06,1.1065573544822493e-07,9.603069764008605e-09,1.524206304463631e-07,9.60306639485434e-09,1.9916979023801531e-07
tabb_c2_sim,16,1.0,ok,10,4,0.46143526686191105,0.300529730779996,1.5949982220282397,0.1885735769755396,2.007758031921844,0.25604558061286736,2.3794033546470468,0.6450746827158288,0.09756176960241068,0.298258414636786,0.30380899570121134,1.7966708378997065,1.129089543673713,0.07900912494965248,0.48217435269262066,0.16483170373690756,2.0775756767100697,3.2273156714700173,0.2385472504952209,0.717247014569674,0.2507547919638592,1.7731827075462034,1.3785129902534001,0.3391761628548743,0.3480612855485636,0.482723431718006,3.4579932894476606
tabb_c2_sim_euler,16,1.0,ok,10,4,0.46144009194214164,0.30052975131502546,1.5950153153931905,0.1885745956284631,2.007774503413819,0.25604713556000497,2.3794037681218168,0.6450843769490521,0.09756125156332662,0.29826748901132816,0.30380663955796894,1.7966712408360412,1.1291571548064694,0.07901368217403308,0.48218668544317916,0.16483410558646794,2.0775771859399526,3.227305906419245,0.23854707130295316,0.7172447698248113,0.250754624731231,1.7731824877857687,1.378513823397996,0.3391763774735395,0.3480614234892479,0.4827236353844341,3.4579934240587527
tabb_c2_sim_quat,16,1.0,ok,10,4,0.4614401913964976,0.3005304398613039,1.595010764736907,0.1885749811746076,2.007784116475546,0.2560480137427514,2.3794038215008757,0.645051228502725,0.09756165493861373,0.29826376107672736,0.3038085311966463,1.7966706987598373,1.1291473202287388,0.07901404856785661,0.4821874299161403,0.1648343643395284,2.0775772529924077,3.227330167848565,0.23854763899897824,0.7172480581867248,0.25075503413209377,1.773183155589777,1.3785143423675992,0.33917658219298186,0.348061516406398,0.48272382977694694,3.457993469902875
tabb_rp1,16,1.0,ok,10,4,0.5257743481113009,0.22162523243414772,0.6225826368643299,0.04399288803615947,0.6153051414190529,0.06349207964199395,2.3538882487914514,0.7510066923136973,0.045196544903396266,0.5482808986324603,0.2698627713412372,1.8197157951361032,0.5934816466353954,0.018999809439710726,0.6480941856756502,0.13697731607854235,2.0731062209032234,0.8877826645942698,0.03184265767412603,0.7044849153133645,0.17024165946125044,1.768429760424399,0.25805954391395725,0.07993254012740485,0.2022373928237283,0.309419182855561,3.3803373730182296
tabb_rp2,16,1.0,ok,10,4,9.481701758370129,0.9225928027076672,2.1730934059842464,0.8795895150742654,5.393214482565056,1.49057529590527,11.685351592482759,2.6031102711554093,0.2905038668391442,4.501200277905391,0.3120917257802005,2.3663395321288174,2.0575913611393553,0.27297911257482677,3.9312419074194453,0.31393715988297966,2.4385583403311815,2.033833929822413,1.483726325809151,19.323033818481797,1.4871072941726604,9.333858918414542,1.997838061819808,1.47114875507394,10.171331029673885,1.5772350309948284,21.154732697209297
tabb_c2_sim,16,3.0,ok,10,4,1.3835792354796856,0.9037342481924981,4.779037098486764,0.567247857214919,6.023885855387882,0.7712191627380466,7.137020446878497,1.9111582855397078,0.2912962254801002,0.8927205596372967,0.9130179386790447,5.391243245867098,3.3873686345973,0.23708334266259012,1.4480063859874337,0.4939499114795873,6.236404703735677,9.656441117832262,0.7140740531283911,2.1437426052699076,0.7492270239288451,5.317928963622091,4.161180355977789,1.0265378075885945,1.0498473910241037,1.4587421186825154,10.368684950833067
tabb_c2_sim_euler,16,3.0,ok,10,4,1.3835740093356472,0.9037337116543358,4.779030936042277,0.5672469922243172,6.023859826803104,0.7712165492528263,7.13702014275928,1.9111907290980172,0.2912980085887022,0.8927109007189455,0.9130189757598819,5.391243541120399,3.387317384799134,0.2370789929451234,1.447997974512212,0.4939475784038668,6.236403540138398,9.65643749867718,0.7140738896589275,2.1437401756702665,0.7492268651153229,5.317928981100787,4.161178131594776,1.0265370777045155,1.049846986441165,1.458741427338272,10.368684650882768
tabb_c2_sim_quat,16,3.0,ok,10,4,1.3835780264155715,0.9037334872315895,4.779025918622866,0.5672462877763031,6.0238799749736875,0.7712168190245209,7.137020206744091,1.911158198037298,0.2912963718062368,0.8927174250059882,0.913018648157506,5.391242912906616,3.387296235751981,0.23707817819950808,1.4479999488406265,0.493947274739353,6.2364034922837694,9.65646980221116,0.7140730638113252,2.1437475086042617,0.7492261657062831,5.317929730745317,4.161179438491023,1.0265375372881427,1.0498472232114104,1.458741860323216,10.36868479799699
tabb_rp1,16,3.0,ok,10,4,1.5794411919027649,0.6654063103975107,1.8663076323335084,0.13174575327255353,1.8459883516103854,0.1894734700370003,7.0588045724200414,2.2570800371877535,0.1353134785552788,1.6538014890001314,0.8117937888366992,5.461599409093284,1.7887662432861482,0.057369730018047925,1.9510031802182892,0.41013767255459754,6.223081413514078,2.6640510793705205,0.09578136744161349,2.1066436125809784,0.5098858935582514,5.304352631486786,0.7553331694896112,0.2385184370752739,0.6063164858116602,0.929807886640495,10.129902306670042
tabb_rp2,16,3.0,ok,10,4,26.9481561808953,2.586905986022513,6.846897854897567,2.4281329260049036,16.95666117553013,4.012817436074929,29.584674202569687,6.442833774601062,1.114571297867492,15.639404623586863,1.228279979667754,7.539260207251929,6.903810022820018,0.9559445021687191,13.673452409805325,1.079392401234364,7.748076900508985,8.346772095824738,3.958203893084547,52.84643650287225,4.004489478695992,25.201579365984387,5.694175526344448,3.683812010898856,25.63333118731675,4.035462084491942,52.43108856413249
tabb_c2_sim,16,5.0,ok,10,4,2.304887044770008,1.5098431804359418,7.955233374491041,0.9479971917817023,10.040927577879566,1.2905886315781683,11.893921254165644,3.1454372075566153,0.48319022680620966,1.4844708656674184,1.5244595662515754,8.987784925151258,5.646086578223958,0.39530621835570356,2.4158651806108233,0.8224029423276841,10.400506551394676,16.05128472153072,1.1874944836170072,3.5595216500611544,1.2437066540328694,8.860847561254708,6.978124990652871,1.7259978383478884,1.7596904827406366,2.448803559131638,17.274143026819008
tabb_c2_sim_euler,16,5.0,ok,10,4,2.3048877376452275,1.509843792386018,7.955217493538878,0.9479972677291095,10.040923033933979,1.2905887350819787,11.893921192712487,3.145387947641065,0.48319059120147123,1.484476406308598,1.524461994861402,8.98778489707436,5.646073667053913,0.39530589752606926,2.415863915274988,0.8224027911304115,10.400506402327036,16.05128426558892,1.187495191580935,3.559520284652941,1.2437072369823297,8.860847447007684,6.978124093871616,1.7259973906079622,1.759690344344381,2.4488031465699285,17.274143020530854
tabb_c2_sim_quat,16,5.0,ok,10,4,2.3048868025092606,1.5098439288917016,7.955212375283703,0.9479970800518773,10.040919052315596,1.2905882185264352,11.893921012536563,3.1453744639789494,0.48319138470838924,1.4844759153881288,1.5244634375614492,8.987784732307368,5.646063124524975,0.39530463397183246,2.415856235810521,0.8224020834134432,10.40050562986475,16.051286502635108,1.187494310525938,3.5595245095876753,1.2437064897349932,8.860847445652212,6.97812540999578,1.7259979910013499,1.7596905492507178,2.448803704856921,17.27414307581039
tabb_rp1,16,5.0,ok,10,4,2.636077154283907,1.1099194067168776,3.1082629296208215,0.21918610706243424,3.0770849297239278,0.3141652400253433,11.76079196360805,3.768637673922667,0.22506804450667675,2.7712362602299954,1.3567414660318535,9.107068393630785,2.9951157315915773,0.0961497586808335,3.2629229844614933,0.6822781095748379,10.378429183803165,4.4412940345830805,0.16006065177277803,3.499717349044498,0.8485058261191043,8.839342092424605,1.2280042783859613,0.39546597328944866,1.0104320233996429,1.5521522251417141,16.866548395231174
tabb_rp2,16,5.0,ok,10,4,45.39764846859126,4.234314793088267,12.647241892111488,3.952897151136789,30.391246418929857,6.460751010778094,45.01727598806361,9.463993480731038,1.9672779423605065,26.982541633800064,2.199528666812815,12.703013803088322,13.131961757735075,1.7742124407684767,25.681672588405377,1.978801407150856,13.543042957481864,19.164974335871506,6.721895233085064,91.60906457501879,6.806721948537795,42.91948841325802,8.828037994108339,5.348202988333108,37.31731507714079,5.952207149851603,77.0431396531567
tabb_c2_sim,17,0.0,ok,10,4,9.310017681540561e-07,4.6968283961434397e-08,9.685979016765968e-07,3.7971497917341763e-08,1.5657078319161157e-06,6.621763081202342e-08,7.602777960586683e-07,1.7419783746226574e-06,3.824860556069498e-08,1.378169208637326e-06,6.149265408656492e-08,8.416678586578747e-07,1.0601611240570092e-06,4.7084591536998116e-08,9.317937585443826e-07,6.50043000970741e-08,8.809269624816484e-07,1.071203366609402e-06,6.646647745897109e-08,1.4129251704930222e-06,6.12898579343822e-08,9.097532317939173e-07,1.0487414173190979e-09,8.631711270286737e-11,1.1189349414934145e-09,8.632372771635707e-11,1.1262481750022366e-09
tabb_c2_sim_euler,17,0.0,ok,10,4,1.4632590623289943e-06,1.0854909994196225e-07,1.6507799193121385e-06,1.112683282715444e-07,3.05654827126183e-06,1.836505562825223e-07,1.2704171999878805e-06,2.770952957857697e-07,8.921545397203386e-08,1.1045272841316442e-06,9.88373390802399e-08,8.088410180604794e-07,4.682587951557835e-06,2.714897241255e-07,3.6025462029835204e-06,2.566298519852933e-07,2.1174032572664254e-06,1.641246744333825e-06,8.417201141015087e-08,1.1436538971158048e-06,7.853307634979309e-08,1.1481349172486825e-06,2.189685571124751e-09,1.9612357849288756e-10,2.308865085008523e-09,1.9613235252269728e-10,2.3051062803243202e-09
tabb_c2_sim_quat,17,0.0,ok,10,4,7.188370442532568e-07,8.974299138592979e-08,6.934117413185445e-07,8.289717085602703e-08,1.6726936848541076e-06,1.5530750568165144e-07,8.203722253349953e-07,1.1871034030674297e-06,2.155468988609046e-07,1.4526184954557276e-06,2.0930143795714202e-07,1.0231468108700127e-06,8.220367360881566e-07,7.540757740762074e-09,7.862102793414141e-07,4.706048907799592e-08,8.38048391615995e-07,7.631557303792089e-07,1.0841123335281629e-07,6.351151484165736e-07,1.025202336538023e-07,9.710227762317992e-07,1.351095739382611e-09,8.979346962517663e-11,1.4042537993120802e-09,8.980485477895713e-11,1.6177638346347138e-09
tabb_rp1,17,0.0,ok,10,4,6.373812905787162e-07,5.4045058942106e-08,8.950576256606601e-07,3.822353562285905e-08,1.2608451907880222e-06,6.15401576755879e-08,7.29702934709755e-07,1.044742784664371e-06,5.6487934467619787e-08,8.361272374518465e-07,5.876808803868659e-08,7.755137754762458e-07,1.1238359212551612e-06,4.592849757316373e-08,7.50415233758949e-07,7.489630968232786e-08,7.582781156998164e-07,1.362087127246958e-06,4.4219407087452765e-08,9.442367682548788e-07,7.625752951296079e-08,9.76290364938488e-07,4.956466947615027e-08,6.258303363199937e-09,1.8745922849190588e-08,6.258308534448761e-09,1.775664162236313e-08
tabb_rp2,17,0.0,ok,10,4,2.4479602952968094e-06,1.1733135158295132e-07,1.9902807616477433e-06,1.1427789641333029e-07,3.930189112190277e-06,1.8919265910508688e-07,1.477854849231141e-06,4.633666391718777e-06,1.70976780720823e-07,5.056587735289239e-06,1.717550753223903e-07,2.030530069133071e-06,1.8463336608427213e-06,4.9377384590757156e-08,2.0952552845570865e-06,5.073598806253691e-08,1.409562246395575e-06,1.3704672585812508e-06,2.2715435057773232e-07,2.4875775308945474e-06,2.372312765520238e-07,1.6083013175780353e-06,1.1065573544822493e-07,9.603069764008605e-09,1.524206304463631e-07,9.60306639485434e-09,1.9916979023801531e-07
tabb_c2_sim,17,1.0,ok,10,4,0.5774069834386768,0.25082358802489413,1.4642772067820538,0.20641613506799233,2.038628082868137,0.2604010710994793,2.401728090680631,1.8166417905097851,0.2036816760309188,0.7436425997319186,0.25758010153021427,1.8932890013561179,2.0136167541811627,0.23357040204509133,0.6619558653441168,0.22663256058775824,2.069579621660757,1.2419801759379538,0.14083770341948412,0.49487810742571686,0.25047848346867485,1.8464867918033623,0.7848701064993133,0.24757475877647506,0.40915136125295487,0.2686032065129292,3.4345268612872872
tabb_c2_sim_euler,17,1.0,ok,10,4,0.5774068256371474,0.25082359019747386,1.464274085118967,0.20641632390300096,2.038617859291853,0.2604005940518949,2.4017279126577815,1.8166682793916944,0.20368298313475644,0.7436486650344677,0.25758088840317694,1.893289811960759,2.0136134776864076,0.23357037799888578,0.6619566577536706,0.22663253031550604,2.0695796069882495,1.24194463113352,0.1408372339294861,0.4948706234761472,0.25047778309525104,1.8464850703494942,0.7848699522642464,0.2475747005488756,0.4091513562843042,0.2686031589759613,3.4345268508192506
tabb_c2_sim_quat,17,1.0,ok,10,4,0.5774101033531851,0.25082360081747845,1.4642939713847112,0.20641641617293816,2.038647077529351,0.26040122375816993,2.401729341429457,1.8167159353233893,0.2036826845448767,0.7436544844347538,0.25758093246207653,1.8932954520119378,2.0136212759202827,0.2335703961782356,0.6619551335609503,0.22663254472023728,2.0695795739112324,1.2419687397734034,0.14083788282913423,0.49487898982124745,0.25047776644792213,1.846486781800584,0.7848699345217697,0.24757470113950614,0.40915180559578884,0.2686031596396779,3.4345268380387903
tabb_rp1,17,1.0,ok,10,4,0.4300184954029269,0.18093964385025957,0.8940256568452878,0.07237879172858003,0.9545925370089172,0.12038174026766034,2.368242151711117,1.2141880116924517,0.07111379347211799,0.35183779955100664,0.17893088786592232,1.7941181138717193,0.4392117725093413,0.02676497237370031,0.24314541865948758,0.11635620562008922,1.9803094808610515,0.8901785636190898,0.053993377783102384,0.40247911757185384,0.23943757759005396,1.847541305930863,1.0325242795602685,0.13764302328539943,0.7226116458293599,0.18903390432497277,3.446794051424266
tabb_rp2,17,1.0,ok,10,4,12.109031681880648,0.8806028699060097,2.763034223196875,0.8589421249641377,11.994944372546906,1.3752493444667513,8.372540161452457,1.3524703306315073,0.8143626993108406,11.539183672096756,0.8881507690339383,4.090917569510653,5.409957009068243,0.25627478291581174,6.217133123332567,0.28392094832671494,2.6589610999966595,3.390673567955988,1.8935832987224053,27.06086638565597,1.80754794591095,13.217930673130612,0.8990359851317606,0.4715477189074931,3.6189435464372917,0.542791816352435,9.048665263397911
tabb_c2_sim,17,3.0,ok,10,4,1.734764789392461,0.7532056728804867,4.396548288312205,0.6200833661992645,6.12062631108197,0.7823206760043403,7.207355072449932,5.4256014479971535,0.6115329543407949,2.230487401821081,0.7739183960245388,5.681461264758454,6.071253546690302,0.700722148984687,1.9882484410508008,0.6806865966852715,6.2095873516622815,3.7422478363583545,0.4243877226226624,1.4888732484705298,0.7520048824097395,5.540701422893542,2.3470903222030097,0.7436906388489136,1.2314500662274317,0.806212816402397,10.307595215323001
tabb_c2_sim_euler,17,3.0,ok,10,4,1.7347641998488281,0.7532056034936025,4.396543993135815,0.6200833801356722,6.120622421805972,0.782320376646497,7.20735512379616,5.425614432641279,0.6115337184712075,2.230493068383616,0.7739186799059417,5.681462869906404,6.071260530229512,0.7007222193590927,1.9882469956951943,0.6806866945742813,6.209587377037173,3.742209370348548,0.42438648100487464,1.488866474623212,0.7520038432728318,5.540699847795474,2.347091639323921,0.7436911017075138,1.2314502606932898,0.8062131962213555,10.30759530557432
tabb_c2_sim_quat,17,3.0,ok,10,4,1.734766781402982,0.753205617155077,4.396563670442169,0.6200833400450148,6.120643208159514,0.7823201688698019,7.207356385960523,5.425667215140337,0.6115329990606748,2.230495615347522,0.7739183662549622,5.681466893875708,6.071253277889438,0.700722070774784,1.9882458380236248,0.68068653039525,6.209587433047356,3.742241448339234,0.42438696299311424,1.4888750952556804,0.7520041767259851,5.540701699040114,2.347092740399665,0.7436913273514861,1.2314505769850999,0.8062133952441104,10.30759558890299
tabb_rp1,17,3.0,ok,10,4,1.3009141282488716,0.5433133934911628,2.693365623744687,0.2179228210006558,2.8752787461221008,0.36276481683563905,7.108601924739828,3.6557873164040005,0.21393439341503456,1.0685765555257272,0.5377758994092542,5.383757131938025,1.3265343748481555,0.08054024754959987,0.7393504817824338,0.35062224382798546,5.942490621703451,2.6729960492509464,0.16243491355612763,1.2018830774435867,0.7177380990734443,5.5437569829224715,3.1181447544756447,0.41478172948186115,2.1938463982437386,0.5671173316539673,10.348797426137518
tabb_rp2,17,3.0,ok,10,4,34.15039797783408,2.4966221921853577,8.594925660840275,2.4300281847865066,34.8075937616351,3.5278885973405294,21.849084546511417,4.016668555491181,2.120428582244792,30.740042104203024,2.3526488917815866,11.2719826492629,15.448040211943313,1.6618477154422853,25.664056251063542,1.7271602368776469,10.33775430153011,12.081913362129542,5.068533961690075,73.21413917691164,4.816342367219109,36.080166878304894,2.8330805137970616,0.8693024797688753,6.983354379158107,1.0903372728630885,19.334548954449343
tabb_c2_sim,17,5.0,ok,10,4,2.8955342953236,1.2566557137647343,7.334253928805305,1.0349140192982553,10.209684341012084,1.305825041378178,12.01681858234055,9.000856669649922,1.019926735243929,3.716317584949039,1.291800593327493,9.471841256862696,10.16987259289593,1.1679533604987893,3.317950270005533,1.1359076738150402,10.351082679161708,6.266411951391249,0.710540027801572,2.4888654227634133,1.2544056308124794,9.236861716400947,3.899874501284121,1.241235953648731,2.0590039035764147,1.344508957103924,17.188234684503797
tabb_c2_sim_euler,17,5.0,ok,10,4,2.8955345872232447,1.2566556175780104,7.334243245981709,1.0349140369692136,10.20967308224318,1.3058251484232193,12.01681826741885,9.00083443661552,1.0199273033704277,3.7163139786373294,1.2918010376527653,9.471839003938035,10.16985801984873,1.167953481047523,3.3179536901100737,1.1359078456815663,10.351082840558986,6.266406230160238,0.710539572999226,2.488866308337561,1.2544047653838195,9.236862228492512,3.899874297302342,1.2412357904596778,2.0590043718080153,1.3445088215938894,17.188234672935366
tabb_c2_sim_quat,17,5.0,ok,10,4,2.8955368811255453,1.256655509511778,7.334263453854158,1.0349140719057839,10.209698254614256,1.3058252119966456,12.016820079456192,9.000916898934443,1.019927519346656,3.7163256854509514,1.2918015015716426,9.471847685103375,10.169872800190184,1.1679539390012252,3.3179537427155705,1.1359081713983927,10.351083042950188,6.266390345131057,0.7105390879270654,2.488864725038231,1.254403584341993,9.23686267894611,3.899873771160946,1.2412357413481885,2.0590033712974276,1.3445087807350837,17.188234592491735
tabb_rp1,17,5.0,ok,10,4,2.1862730482502553,0.9064012209031984,4.5079304305318875,0.364535329821602,4.8103289385786425,0.6072835649021269,11.855111449390137,6.114969135711224,0.35754055432849197,1.8028161722502318,0.8979732204526799,8.975528664322276,2.226414478887791,0.13475778117264536,1.2486879718988768,0.5870999898450754,9.907096944610378,4.459481605971798,0.2715043730457992,1.994181583768242,1.1952785430566677,9.241769632682217,5.230856501556737,0.6943386107394716,3.699406465083669,0.9452531302583708,17.26423121057807
tabb_rp2,17,5.0,ok,10,4,52.42122543524853,3.9375248183444906,13.622864146568757,3.8552849642746594,53.36130712060007,4.879978502739501,32.62564310638338,6.747550280467429,3.360878144214284,49.20861081289373,3.7549374723205244,18.345608514506363,21.546550288223767,2.803697959680676,40.5390498857232,2.9507025694047515,17.1425836451148,21.822133208031445,7.629177625118294,111.01977466266493,7.230128396183049,55.115415778002635,4.375222809552392,1.6273861280853845,8.917466379712245,1.8143308354696381,24.281510872287527
tabb_c2_sim,18,0.0,ok,10,4,9.310017681540561e-07,4.6968283961434397e-08,9.685979016765968e-07,3.7971497917341763e-08,1.5657078319161157e-06,6.621763081202342e-08,7.602777960586683e-07,1.7419783746226574e-06,3.824860556069498e-08,1.378169208637326e-06,6.149265408656492e-08,8.416678586578747e-07,1.0601611240570092e-06,4.7084591536998116e-08,9.317937585443826e-07,6.50043000970741e-08,8.809269624816484e-07,1.071203366609402e-06,6.646647745897109e-08,1.4129251704930222e-06,6.12898579343822e-08,9.097532317939173e-07,1.0487414173190979e-09,8.631711270286737e-11,1.1189349414934145e-09,8.632372771635707e-11,1.1262481750022366e-09
tabb_c2_sim_euler,18,0.0,ok,10,4,1.4632590623289943e-06,1.0854909994196225e-07,1.6507799193121385e-06,1.112683282715444e-07,3.05654827126183e-06,1.836505562825223e-07,1.2704171999878805e-06,2.770952957857697e-07,8.921545397203386e-08,1.1045272841316442e-06,9.88373390802399e-08,8.088410180604794e-07,4.682587951557835e-06,2.714897241255e-07,3.6025462029835204e-06,2.566298519852933e-07,2.1174032572664254e-06,1.641246744333825e-06,8.417201141015087e-08,1.1436538971158048e-06,7.853307634979309e-08,1.1481349172486825e-06,2.189685571124751e-09,1.9612357849288756e-10,2.308865085008523e-09,1.9613235252269728e-10,2.3051062803243202e-09
tabb_c2_sim_quat,18,0.0,ok,10,4,7.188370442532568e-07,8.974299138592979e-08,6.934117413185445e-07,8.289717085602703e-08,1.6726936848541076e-06,1.5530750568165144e-07,8.203722253349953e-07,1.1871034030674297e-06,2.155468988609046e-07,1.4526184954557276e-06,2.0930143795714202e-07,1.0231468108700127e-06,8.220367360881566e-07,7.540757740762074e-09,7.862102793414141e-07,4.706048907799592e-08,8.38048391615995e-07,7.631557303792089e-07,1.0841123335281629e-07,6.351151484165736e-07,1.025202336538023e-07,9.710227762317992e-07,1.351095739382611e-09,8.979346962517663e-11,1.4042537993120802e-09,8.980485477895713e-11,1.6177638346347138e-09
tabb_rp1,18,0.0,ok,10,4,6.373812905787162e-07,5.4045058942106e-08,8.950576256606601e-07,3.822353562285905e-08,1.2608451907880222e-06,6.15401576755879e-08,7.29702934709755e-07,1.044742784664371e-06,5.6487934467619787e-08,8.361272374518465e-07,5.876808803868659e-08,7.755137754762458e-07,1.1238359212551612e-06,4.592849757316373e-08,7.50415233758949e-07,7.489630968232786e-08,7.582781156998164e-07,1.362087127246958e-06,4.4219407087452765e-08,9.442367682548788e-07,7.625752951296079e-08,9.76290364938488e-07,4.956466947615027e-08,6.258303363199937e-09,1.8745922849190588e-08,6.258308534448761e-09,1.775664162236313e-08
tabb_rp2,18,0.0,ok,10,4,2.4479602952968094e-06,1.1733135158295132e-07,1.9902807616477433e-06,1.1427789641333029e-07,3.930189112190277e-06,1.8919265910508688e-07,1.477854849231141e-06,4.633666391718777e-06,1.70976780720823e-07,5.056587735289239e-06,1.717550753223903e-07,2.030530069133071e-06,1.8463336608427213e-06,4.9377384590757156e-08,2.0952552845570865e-06,5.073598806253691e-08,1.409562246395575e-06,1.3704672585812508e-06,2.2715435057773232e-07,2.4875775308945474e-06,2.372312765520238e-07,1.6083013175780353e-06,1.1065573544822493e-07,9.603069764008605e-09,1.524206304463631e-07,9.60306639485434e-09,1.9916979023801531e-07
tabb_c2_sim,18,1.0,ok,10,4,0.34886215765849815,0.24806041525705366,0.8835272032336426,0.1068789037490514,0.8745336510738606,0.17171505460082367,2.4007052600909793,1.7800401287576477,0.16897408699592298,0.5066725126331044,0.23958810439736372,1.9119147981110622,0.3098008274339708,0.12519239888423525,0.4657072703400213,0.2979305270601963,2.0135413453592106,1.2882972424386836,0.1004290717796471,0.28077181923244976,0.23907739053879928,1.875818250302185,0.15597061430426812,0.032920057336400244,0.14229702842841704,0.2156456390318553,3.4387616856130334
tabb_c2_sim_euler,18,1.0,ok,10,4,0.34886049827543175,0.2480601360216554,0.8834912219016559,0.10687887996332433,0.8745431514096009,0.17171491450584944,2.4007043603611424,1.7799290121205515,0.16897436539069038,0.5066644401409494,0.239588123489308,1.9119094179867993,0.30980065115988603,0.12519215264271158,0.46570690102187845,0.2979304449641889,2.013541011978403,1.2882621833427688,0.10042816187743761,0.28077368535566405,0.23907660022362257,1.8758195698536513,0.15597304098341752,0.032920839942457716,0.14229696658323485,0.21564537540950207,3.4387616397878507
tabb_c2_sim_quat,18,1.0,ok,10,4,0.34886259776571776,0.2480602849019526,0.8835352192160051,0.10687799153765935,0.8745352531637577,0.17171382276381889,2.400704993751708,1.7800477173638802,0.16897383518854037,0.5066729237665228,0.2395878637659814,1.911915530865913,0.3098075950566149,0.12519197408509983,0.4657070433070145,0.29793044964491705,2.0135412866303595,1.2883205861258094,0.10042817962337601,0.28077269273144595,0.23907643543758464,1.8758157237728887,0.1559649783177155,0.03291797725362118,0.142297731257888,0.21564639075932723,3.438761947040332
tabb_rp1,18,1.0,ok,10,4,0.307722966517172,0.2297594428571869,0.5954120168200361,0.061515202958996845,0.8432944684702347,0.08722538612708135,2.384205090418183,0.6981956308223811,0.06479379008231259,0.35499613688216025,0.1851417190988723,1.8721811703659645,0.587247126424056,0.05577483999806322,0.31615492491484815,0.28664124953859527,1.9796670338027789,0.716262796438816,0.0542350601334851,0.424079876527726,0.20814396483284298,1.8789160729115308,0.37994251359489106,0.07125712162212647,0.13566092774395344,0.23911083795843718,3.4326762364458796
tabb_rp2,18,1.0,ok,10,4,9.551957112879862,0.7139112108073679,2.6204455309103687,0.6934256635188131,11.043739193083697,1.170578564814526,5.938534584238543,3.227550049694761,0.7657660067960452,10.864017845902032,0.8384798901174697,3.7059219224666697,3.798746355099541,0.3392879218200857,6.0817915069693615,0.30278094944656053,3.2959970088519346,2.1096123682735692,1.3598030627285516,18.90662647152622,1.3677925492986334,8.994359482629791,1.3458733505736025,0.30884566273056985,2.355392627121836,0.3465914543668076,5.963959754411208
tabb_c2_sim,18,3.0,ok,10,4,1.044175462057864,0.7434568886750911,2.6417136984985707,0.31964711184177147,2.6460798460490667,0.5139744003119454,7.206647200607893,5.318754172785853,0.5053177576510928,1.5167882248309503,0.7170252554992239,5.735071398682222,0.8956761756992012,0.3746371158547287,1.393637989343969,0.8906995796038667,6.044896624410091,3.889518203264473,0.3024891633771561,0.8386852408223187,0.7198780490721162,5.626837220113855,0.4629062422447564,0.09614441048410828,0.42759039323421855,0.6462246705251575,10.327145745397047
tabb_c2_sim_euler,18,3.0,ok,10,4,1.0441623530564217,0.7434568794108211,2.6417060247890074,0.31964665989974184,2.646050961720562,0.5139739964963045,7.206647581530405,5.318778878151602,0.5053175300577524,1.5167902832815114,0.7170251196163072,5.735073047271152,0.8956753363968155,0.3746369999378709,1.393638195135962,0.8906992831295039,6.044896707942016,3.8894675271213317,0.30248913205820815,0.8386301241779509,0.7198778971094095,5.626837174852177,0.46290235748627967,0.096142977545136,0.4275908096302626,0.6462252177880636,10.327145868921843
tabb_c2_sim_quat,18,3.0,ok,10,4,1.0441598633189475,0.7434568150315554,2.641686072467417,0.31964717318157404,2.6460468083349937,0.5139744647480474,7.206647366340289,5.3187288801182895,0.5053173672424518,1.5167868945759528,0.7170251556999034,5.735070974517964,0.8956733754519778,0.37463711248247367,1.39363722907535,0.8906995618401643,6.044896254746121,3.8894341379719695,0.3024893122188559,0.8386251124322988,0.7198780428740482,5.626839050023067,0.4629078963274316,0.09614490078251473,0.4275902171921885,0.6462244997121056,10.327145662904687
tabb_rp1,18,3.0,ok,10,4,0.9250534135797789,0.6883912802504701,1.787584270597964,0.184246209469553,2.5312474175860227,0.26119473425531187,7.158236218662998,2.0838831940583558,0.19360824161843623,1.0585705292393177,0.5535499071242689,5.617475673532155,1.7523853503872657,0.16657157721471672,0.9451652969211246,0.8588192290011749,5.9438438195125824,2.1568241569198827,0.16300066654255357,1.2850870077597054,0.6257901421631273,5.636924744176349,1.1572443810263524,0.2138043525025055,0.41139082039896757,0.7154058427133098,10.310244913857474
tabb_rp2,18,3.0,ok,10,4,28.170216557264787,2.0866411990895273,7.812435425567946,2.0012106509669834,33.21449455569184,3.5000139384303544,15.910429902044665,9.612617312628556,2.4641191006307515,34.88620965319414,2.6635895075597595,11.722349883368087,9.767597430795083,1.2119220609526862,19.457390099970656,1.021249260384876,10.562522644690455,7.567360614181689,3.8659525879191676,53.84692590918644,3.9026733031562983,25.472337306118945,4.302166344666452,0.4628488543653287,4.490340566707902,0.7590527252571753,10.711992318290315
tabb_c2_sim,18,5.0,ok,10,4,1.7363172319498832,1.2378987062260347,4.389321467716458,0.5311887820603217,4.449013132428968,0.8547901000581571,12.019354451934547,8.828703205339565,0.8394527571546381,2.5224162728805224,1.1921186195997908,9.557552201383576,1.4410710490635905,0.62296691824427,2.3172779634408727,1.479355311472399,10.08236785191725,6.523282056378563,0.506202584040124,1.3917548544107066,1.2042331619851234,9.377291189060562,0.7642295600841144,0.1561328688022548,0.7138198370674309,1.0758877318468256,17.23151154533391
tabb_c2_sim_euler,18,5.0,ok,10,4,1.7363094883839152,1.237898432596589,4.389272534097156,0.5311881633264341,4.448979677320675,0.8547892329847473,12.019355024184197,8.82863300102649,0.8394517271057091,2.522409788800181,1.1921182911057921,9.557550053488711,1.44106952818799,0.6229668461482398,2.3172790425004908,1.479355186533215,10.082367756134845,6.523159415804195,0.5062015179450905,1.391729989865643,1.2042323876445178,9.377296329013767,0.7642281913699497,0.1561325621066971,0.7138191323693459,1.0758878651028307,17.231511592211024
tabb_c2_sim_quat,18,5.0,ok,10,4,1.736314254714975,1.237898544170202,4.3892951503187065,0.5311884464057194,4.448985554649252,0.8547895400242881,12.019354881480124,8.828690694844557,0.8394524910116316,2.5224139569373656,1.1921185685493465,9.557550820676896,1.4410692301093944,0.6229666690847319,2.317277722943703,1.4793553040265723,10.08236755495581,6.523191013649855,0.5062018253124672,1.3917468577712522,1.2042325246037806,9.377295447795996,0.7642296626710161,0.156132800214047,0.7138184812075798,1.075887779501109,17.23151136579545
tabb_rp1,18,5.0,ok,10,4,1.5457764716430868,1.1458673561316166,2.981522721553583,0.3065553416949452,4.221237636053632,0.4345115046044965,11.94046666850127,3.4544500280758084,0.32131437855024225,1.7538288642553752,0.9195750623094838,9.36422897145754,2.9050965350567464,0.2763654570346656,1.5699280427513798,1.429529978793687,9.914822127466008,3.6082123749505737,0.2721474311758848,2.1632766773491046,1.0452524687516929,9.395397109723286,1.958331948131204,0.35639410001898814,0.6960723022164876,1.1891119146716025,17.205609787153378
tabb_rp2,18,5.0,ok,10,4,46.49514109870261,3.5217663288840897,11.855569060901413,3.443287150346704,52.1349967278401,5.780895976761994,26.674479215489924,15.596319903040706,3.748704306923756,53.54823616856141,4.083655459131124,18.39900625248934,13.141744504097703,2.341513578907706,34.703938587320366,1.941753751383086,18.54341020417797,11.246101428244376,6.287758359858335,86.93011950940185,6.395512554180208,41.48626091536754,7.4381104082228715,1.3951723556970184,10.798270129526848,1.6661435508419409,21.038536732693903
tabb_c2_sim,19,0.0,ok,10,4,9.310017681540561e-07,4.6968283961434397e-08,9.685979016765968e-07,3.7971497917341763e-08,1.5657078319161157e-06,6.621763081202342e-08,7.602777960586683e-07,1.7419783746226574e-06,3.824860556069498e-08,1.378169208637326e-06,6.149265408656492e-08,8.416678586578747e-07,1.0601611240570092e-06,4.7084591536998116e-08,9.317937585443826e-07,6.50043000970741e-08,8.809269624816484e-07,1.071203366609402e-06,6.646647745897109e-08,1.4129251704930222e-06,6.12898579343822e-08,9.097532317939173e-07,1.0487414173190979e-09,8.631711270286737e-11,1.1189349414934145e-09,8.632372771635707e-11,1.1262481750022366e-09
tabb_c2_sim_euler,19,0.0,ok,10,4,1.4632590623289943e-06,1.0854909994196225e-07,1.6507799193121385e-06,1.112683282715444e-07,3.05654827126183e-06,1.836505562825223e-07,1.2704171999878805e-06,2.770952957857697e-07,8.921545397203386e-08,1.1045272841316442e-06,9.88373390802399e-08,8.088410180604794e-07,4.682587951557835e-06,2.714897241255e-07,3.6025462029835204e-06,2.566298519852933e-07,2.1174032572664254e-06,1.641246744333825e-06,8.417201141015087e-08,1.1436538971158048e-06,7.853307634979309e-08,1.1481349172486825e-06,2.189685571124751e-09,1.9612357849288756e-10,2.308865085008523e-09,1.9613235252269728e-10,2.3051062803243202e-09
tabb_c2_sim_quat,19,0.0,ok,10,4,7.188370442532568e-07,8.974299138592979e-08,6.934117413185445e-07,8.289717085602703e-08,1.6726936848541076e-06,1.5530750568165144e-07,8.203722253349953e-07,1.1871034030674297e-06,2.155468988609046e-07,1.4526184954557276e-06,2.0930143795714202e-07,1.0231468108700127e-06,8.220367360881566e-07,7.540757740762074e-09,7.862102793414141e-07,4.706048907799592e-08,8.38048391615995e-07,7.631557303792089e-07,1.0841123335281629e-07,6.351151484165736e-07,1.025202336538023e-07,9.710227762317992e-07,1.351095739382611e-09,8.979346962517663e-11,1.4042537993120802e-09,8.980485477895713e-11,1.6177638346347138e-09
tabb_rp1,19,0.0,ok,10,4,6.373812905787162e-07,5.4045058942106e-08,8.950576256606601e-07,3.822353562285905e-08,1.2608451907880222e-06,6.15401576755879e-08,7.29702934709755e-07,1.044742784664371e-06,5.6487934467619787e-08,8.361272374518465e-07,5.876808803868659e-08,7.755137754762458e-07,1.1238359212551612e-06,4.592849757316373e-08,7.50415233758949e-07,7.489630968232786e-08,7.582781156998164e-07,1.362087127246958e-06,4.4219407087452765e-08,9.442367682548788e-07,7.625752951296079e-08,9.76290364938488e-07,4.956466947615027e-08,6.258303363199937e-09,1.8745922849190588e-08,6.258308534448761e-09,1.775664162236313e-08
tabb_rp2,19,0.0,ok,10,4,2.4479602952968094e-06,1.1733135158295132e-07,1.9902807616477433e-06,1.1427789641333029e-07,3.930189112190277e-06,1.8919265910508688e-07,1.477854849231141e-06,4.633666391718777e-06,1.70976780720823e-07,5.056587735289239e-06,1.717550753223903e-07,2.030530069133071e-06,1.8463336608427213e-06,4.9377384590757156e-08,2.0952552845570865e-06,5.073598806253691e-08,1.409562246395575e-06,1.3704672585812508e-06,2.2715435057773232e-07,2.4875775308945474e-06,2.372312765520238e-07,1.6083013175780353e-06,1.1065573544822493e-07,9.603069764008605e-09,1.524206304463631e-07,9.60306639485434e-09,1.9916979023801531e-07
tabb_c2_sim,19,1.0,ok,10,4,0.6135262090394971,0.2904147772282232,1.823560096453933,0.18346871965513337,1.7689804705518313,0.27180053052802117,2.3535245437759094,3.3812193111887887,0.29174005290460325,1.0386477740480209,0.34064355346987724,1.9168112118124838,1.5621355430430148,0.15130287126222958,0.7331649956489101,0.26711846498123715,2.074945530941178,1.1916579303621178,0.08905009159896299,0.4059041582255844,0.2834646868687394,1.8429963076696374,1.1592276012218101,0.20178186285473768,0.27638790823547255,0.2704324035930388,3.2833080185135963
tabb_c2_sim_euler,19,1.0,ok,10,4,0.6135259646513858,0.2904148264281442,1.8235594191192832,0.18346878945174347,1.7689752518154187,0.271800458497111,2.353524733596281,3.3812099590893863,0.29173983896662387,1.0386473115807646,0.340643581181202,1.916811881447322,1.5621378231344947,0.15130296011473837,0.7331662537510988,0.2671184911066399,2.0749456973114193,1.1916616342838051,0.08905031524140071,0.40590242991669967,0.2834646613226329,1.8429964537050247,1.1592282599694461,0.2017820434842109,0.27638786335697973,0.27043257210210203,3.2833079847281588
tabb_c2_sim_quat,19,1.0,ok,10,4,0.6135260665797199,0.29041479412563426,1.8235559313734722,0.18346881726364117,1.7689735004661076,0.2718004808620515,2.353524677782398,3.3812012732695114,0.2917400667506748,1.038646379851755,0.3406438627254705,1.9168124868235847,1.5621276441784835,0.15130243270016727,0.7331637312210859,0.2671181364931394,2.074945043168686,1.1916665213055189,0.08905071253593275,0.4059062695690543,0.2834645933793828,1.8429962543893825,1.1592282867403754,0.2017820570677898,0.27638788567698425,0.27043258390454433,3.2833079965511236
tabb_rp1,19,1.0,ok,10,4,0.43037044735234903,0.2226121020684944,0.9360980857192052,0.07457836876786071,1.2515442655661309,0.11776196910164889,2.3301254649139707,0.932707006475034,0.06827446256769502,0.385722619330901,0.1871604763079403,1.8092590696238127,1.2640271800418452,0.08334744843784125,0.48471161689246334,0.27946709764154837,2.017533845257167,0.7626481651919027,0.03313013346178856,0.5060984121750317,0.27077005564327944,1.822074212574293,0.7850099911680382,0.11356143060411801,0.34494914101099994,0.15305077868120961,3.3247741419620924
tabb_rp2,19,1.0,ok,10,4,10.103465805901862,0.8825038360349374,2.8467818997124628,0.8767934692086072,8.697579461947816,1.3483671058284503,11.519234813591563,1.3087246353407418,0.4004794748574096,5.789972957581853,0.3598998279999224,2.41804261798994,4.5912904769766625,0.951022375595237,12.426461979706877,0.9934541386220863,6.257285943660051,2.1406053602531063,0.8592636496614823,12.9295495440149,0.9168417667194186,6.397939758160052,3.3465071262793407,1.2964083767202998,9.267878742303823,1.2598196107983224,21.09115672812786
tabb_c2_sim,19,3.0,ok,10,4,1.8443110333462875,0.8698372906323251,5.459747110402359,0.5478812255993397,5.293548388706384,0.8103843017322871,7.0593708998697595,10.149215860301732,0.876931766378581,3.117423242590413,1.0226636413278398,5.752683432903964,4.736515709214502,0.4586462407428014,2.2143385697038616,0.8035183307484157,6.227833955012349,3.540783595003095,0.2648935726589505,1.215255427952052,0.8535608857642633,5.528201124459473,3.4124732770901067,0.5910533226170258,0.8302268931388241,0.7996063046887811,9.843707628979258
tabb_c2_sim_euler,19,3.0,ok,10,4,1.8443109608613655,0.8698373207696326,5.459753443348532,0.547881310920412,5.293546557258305,0.8103842132867819,7.0593709848846995,10.14922316765382,0.876932001687375,3.1174229843303305,1.0226638600859972,5.752683450870834,4.736527099923138,0.45864616500735106,2.214338214651149,0.8035183202858811,6.227834217155419,3.5407908041428144,0.2648939198278187,1.2152557253899008,0.8535609520798628,5.528201202956927,3.4124727016743552,0.5910531571591034,0.8302269190740814,0.7996061506267893,9.843707652417281
tabb_c2_sim_quat,19,3.0,ok,10,4,1.8443119834816637,0.8698375090388137,5.459753393359152,0.5478815533258734,5.293550599268342,0.8103849120554361,7.059370903472573,10.149225251811162,0.8769321174511161,3.1174258559718755,1.0226639421313215,5.7526836304983675,4.736527398966765,0.4586462591505683,2.2143379888490315,0.8035183310753772,6.227834149024188,3.540784576247881,0.26489372063977684,1.215257248863215,0.853560731549276,5.528200825996872,3.4124763464108026,0.5910541160620322,0.8302268402425328,0.7996070313992809,9.843707568709691
tabb_rp1,19,3.0,ok,10,4,1.282168384616627,0.6680924932698855,2.7990682144896444,0.22326050243293233,3.740419289920634,0.3523013132887889,6.98720655269436,2.794737720096943,0.20461023002407472,1.1517068701011564,0.5596501664779405,5.4299609182906075,3.7763089213217356,0.2492320162051921,1.4402835065646364,0.8377480453831657,6.051896841728921,2.2905558888927553,0.09994346384409346,1.5092319110752042,0.8152929021395784,5.465453591514757,2.3346703276471437,0.33925629965836906,1.0274512507255107,0.4596788590788577,9.965094466284132
tabb_rp2,19,3.0,ok,10,4,32.17483604229915,2.682862995615841,9.192200422359427,2.6857831043249707,30.55813715123732,4.146613142890115,31.062010803171297,4.135319491634757,1.606401571542888,23.102365641683914,1.4643434044778427,8.486088160179762,14.347998755025223,2.8699228683909808,37.439941744977865,2.9980546250865325,18.834631472035518,7.862355111432356,3.0023335500037285,43.97993535767155,3.111259266758596,21.73053026999393,10.423128331345378,3.2644744273622863,24.177101424863256,3.157794686140392,54.64138991635508
tabb_c2_sim,19,5.0,ok,10,4,3.080252874502658,1.4475548087730385,9.082217429236726,0.909052836748027,8.801787301926742,1.342466946657847,11.764344513571501,16.924902849412614,1.4643574304324105,5.198132383608957,1.705625931953787,9.591778784963799,7.9791427159774955,0.7724275864922856,3.71568149695638,1.342956054741052,10.385080828467817,5.844579068804938,0.4377684619958582,2.021506874085139,1.427989508890048,9.212680164538757,5.580245082751858,0.9616578680715535,1.3856907433601566,1.3136477395072679,16.39736586920053
tabb_c2_sim_euler,19,5.0,ok,10,4,3.0802524368908264,1.4475549018277816,9.082223910671889,0.9090529195293529,8.801789104048144,1.34246685840996,11.764344445564012,16.92491947816023,1.4643574802529409,5.198131554164231,1.705626158400117,9.591777769399492,7.979148761510173,0.7724278300733194,3.7156794953910093,1.3429562155454355,10.385081197624263,5.84458329647389,0.4377687368957408,2.021507832792698,1.4279897139199154,9.212680362488621,5.580244106543266,0.9616576308954102,1.3856908652153659,1.3136475194456585,16.39736592307779
tabb_c2_sim_quat,19,5.0,ok,10,4,3.0802502998384504,1.4475549807337162,9.08222209921202,0.9090528604747674,8.801788546360571,1.342466945092336,11.764344579437628,16.92490257407045,1.4643574581099035,5.1981251641776645,1.7056260940540806,9.591777825153734,7.979161818406844,0.7724280828515278,3.7156785449813055,1.3429565455564232,10.385081709520446,5.844579089017336,0.437768145314759,2.021506662959412,1.427989650968887,9.212680344396578,5.580244915353449,0.9616577556228794,1.385690827235421,1.3136476323554738,16.397365960617453
tabb_rp1,19,5.0,ok,10,4,2.1223488448336036,1.1139620242003154,4.6498660742767814,0.37131663503478174,6.210421323696866,0.5855389805423558,11.640800658988386,4.652269093779244,0.3406565305093733,1.9106939712562685,0.9297099863171936,9.053864258813558,6.267638536708193,0.41404127087053083,2.377553233950082,1.3952037135002566,10.085572654330743,3.8222565390368093,0.16751553645310982,2.5002968504386063,1.3638875692267964,9.108127219854467,3.857300127582881,0.563053202306113,1.7008513236894593,0.7670468277570154,16.59469025602341
tabb_rp2,19,5.0,ok,10,4,48.97631011342371,3.9996903738701866,16.250004463954753,4.002276792427018,48.714450312362224,6.1791523620611075,45.93904562713291,6.597652564121918,2.4253772615628004,35.06409492989418,2.1843329505212847,13.38652413496487,24.439313487743636,4.666066815871193,60.87591873879225,4.882334756496199,30.747172671192875,16.376697682562085,4.312312834986831,64.3765193419638,4.49392919443895,32.10875163537969,17.586354121391366,4.605350257287247,35.58870744304462,4.438164594024311,79.8427655923154
tabb_c2_sim,20,0.0,ok,10,4,9.310017681540561e-07,4.6968283961434397e-08,9.685979016765968e-07,3.7971497917341763e-08,1.5657078319161157e-06,6.621763081202342e-08,7.602777960586683e-07,1.7419783746226574e-06,3.824860556069498e-08,1.378169208637326e-06,6.149265408656492e-08,8.416678586578747e-07,1.0601611240570092e-06,4.7084591536998116e-08,9.317937585443826e-07,6.50043000970741e-08,8.809269624816484e-07,1.071203366609402e-06,6.646647745897109e-08,1.4129251704930222e-06,6.12898579343822e-08,9.097532317939173e-07,1.0487414173190979e-09,8.631711270286737e-11,1.1189349414934145e-09,8.632372771635707e-11,1.1262481750022366e-09
tabb_c2_sim_euler,20,0.0,ok,10,4,1.4632590623289943e-06,1.0854909994196225e-07,1.6507799193121385e-06,1.112683282715444e-07,3.05654827126183e-06,1.836505562825223e-07,1.2704171999878805e-06,2.770952957857697e-07,8.921545397203386e-08,1.1045272841316442e-06,9.88373390802399e-08,8.088410180604794e-07,4.682587951557835e-06,2.714897241255e-07,3.6025462029835204e-06,2.566298519852933e-07,2.1174032572664254e-06,1.641246744333825e-06,8.417201141015087e-08,1.1436538971158048e-06,7.853307634979309e-08,1.1481349172486825e-06,2.189685571124751e-09,1.9612357849288756e-10,2.308865085008523e-09,1.9613235252269728e-10,2.3051062803243202e-09
tabb_c2_sim_quat,20,0.0,ok,10,4,7.188370442532568e-07,8.974299138592979e-08,6.934117413185445e-07,8.289717085602703e-08,1.6726936848541076e-06,1.5530750568165144e-07,8.203722253349953e-07,1.1871034030674297e-06,2.155468988609046e-07,1.4526184954557276e-06,2.0930143795714202e-07,1.0231468108700127e-06,8.220367360881566e-07,7.540757740762074e-09,7.862102793414141e-07,4.706048907799592e-08,8.38048391615995e-07,7.631557303792089e-07,1.0841123335281629e-07,6.351151484165736e-07,1.025202336538023e-07,9.710227762317992e-07,1.351095739382611e-09,8.979346962517663e-11,1.4042537993120802e-09,8.980485477895713e-11,1.6177638346347138e-09
tabb_rp1,20,0.0,ok,10,4,6.373812905787162e-07,5.4045058942106e-08,8.950576256606601e-07,3.822353562285905e-08,1.2608451907880222e-06,6.15401576755879e-08,7.29702934709755e-07,1.044742784664371e-06,5.6487934467619787e-08,8.361272374518465e-07,5.876808803868659e-08,7.755137754762458e-07,1.1238359212551612e-06,4.592849757316373e-08,7.50415233758949e-07,7.489630968232786e-08,7.582781156998164e-07,1.362087127246958e-06,4.4219407087452765e-08,9.442367682548788e-07,7.625752951296079e-08,9.76290364938488e-07,4.956466947615027e-08,6.258303363199937e-09,1.8745922849190588e-08,6.258308534448761e-09,1.775664162236313e-08
tabb_rp2,20,0.0,ok,10,4,2.4479602952968094e-06,1.1733135158295132e-07,1.9902807616477433e-06,1.1427789641333029e-07,3.930189112190277e-06,1.8919265910508688e-07,1.477854849231141e-06,4.633666391718777e-06,1.70976780720823e-07,5.056587735289239e-06,1.717550753223903e-07,2.030530069133071e-06,1.8463336608427213e-06,4.9377384590757156e-08,2.0952552845570865e-06,5.073598806253691e-08,1.409562246395575e-06,1.3704672585812508e-06,2.2715435057773232e-07,2.4875775308945474e-06,2.372312765520238e-07,1.6083013175780353e-06,1.1065573544822493e-07,9.603069764008605e-09,1.524206304463631e-07,9.60306639485434e-09,1.9916979023801531e-07
tabb_c2_sim,20,1.0,ok,10,4,0.6540861157762755,0.3331890536425508,2.063771565630646,0.2509397535160379,2.5696881105880673,0.38261720130444205,2.423342501055613,2.2400328519049624,0.22856290676599983,0.7257519607744717,0.2573008131398557,1.8532258790041511,1.9661032354286028,0.16718249227318907,0.6621305759436394,0.2924096497836353,1.9025758136432684,2.465655127638051,0.25694652323751654,0.8351135590934309,0.3750548439869929,1.9611831457806463,1.5832950475509668,0.35106709178744633,0.39334836729356004,0.4079909076597192,3.5482214267326624
tabb_c2_sim_euler,20,1.0,ok,10,4,0.6540943624380597,0.3331894978227471,2.0637767572597867,0.25093840992095745,2.569624960416672,0.3826144324869675,2.423341657112665,2.240052074618655,0.228555137824942,0.7257853598794735,0.2573003963573938,1.8532213847123447,1.9660892527353295,0.1671818636559961,0.662126915735426,0.29240918613642386,1.9025751817297265,2.4656603651484,0.25694635746139505,0.8351157276125807,0.37505457685256754,1.9611816753227944,1.583305336536762,0.35107028074149677,0.3933494465247588,0.4079938319446031,3.5482226201126768
tabb_c2_sim_quat,20,1.0,ok,10,4,0.6540856748549888,0.3331891293046282,2.063777092331224,0.25093843185997095,2.569618298969653,0.38261433324382316,2.4233421833839985,2.240079265361049,0.22855569778581755,0.7257548255413772,0.25729942802822986,1.8532232512497504,1.9660925409766685,0.1671819557659897,0.6621252062848588,0.2924093109388187,1.902575116154827,2.4656325506885337,0.2569461743428042,0.8351134229252759,0.375054296291174,1.9611829004649695,1.5833040122986437,0.3510698995452724,0.39334924466844345,0.4079934819602902,3.5482224409431917
tabb_rp1,20,1.0,ok,10,4,0.30712513981813633,0.20642685009280834,0.6414476918722318,0.0625411989382283,0.9369501507204161,0.1025674987362137,2.3507610331768096,0.44170898107261214,0.036447876862731654,0.4587448039031844,0.16776810007438744,1.787840644784116,1.1340187613456438,0.08060125056542347,0.24604854895444195,0.20420500647169637,1.8525803694402383,0.28838647980587473,0.022691052808709786,0.2676627091679454,0.24518326110575975,1.880774397949473,0.7016765452647968,0.1104246155160483,0.2560444972469734,0.20855103271938982,3.4552234671653865
tabb_rp2,20,1.0,ok,10,4,11.567076118112727,0.9351466201283929,1.6329659899578108,0.9335770465513425,15.22109337917563,1.3914739816020292,7.852600618123066,3.0659605001194152,1.4798668474191499,20.487017470746224,1.4910156158095527,6.279572303883244,1.6545306780749383,0.40353588518471006,6.497058257260902,0.4729424967148104,3.4226447752129903,1.3109428069118831,1.0214181650563854,13.830271641084611,0.9583648720978981,6.87684182271355,0.500429974725007,0.8294872885451244,5.453957103359166,0.8182634958913102,12.174352830412573
tabb_c2_sim,20,3.0,ok,10,4,1.956768281425318,0.9982504833406105,6.171211936972714,0.7506269994332735,7.687498731531114,1.1448172832691041,7.269655035788601,6.6765925715516214,0.6804593483394182,2.160318915387086,0.7667463253364827,5.5543953453274035,5.9136747429224865,0.501269513189048,1.9901977252613756,0.8790792357466812,5.707606227249398,7.34080255452799,0.7652013859543572,2.49319355959539,1.1199720846080212,5.882199759197597,4.753777878888759,1.0555777502502706,1.1833629254574207,1.2272042876712574,10.647214981056367
tabb_c2_sim_euler,20,3.0,ok,10,4,1.956769646428757,0.9982504143990795,6.171222943104846,0.7506261967853034,7.687461524941306,1.1448153546732105,7.269654931992712,6.676623731974534,0.6804562141493207,2.1603282783856064,0.7667458339639435,5.554395365827879,5.913680822794893,0.501269687018437,1.9901936485632783,0.8790795727260905,5.707606082795434,7.340810024677088,0.7652013205825539,2.4931938406861214,1.1199721361311572,5.882199541008683,4.753777192972871,1.0555775653909023,1.1833628180800224,1.2272041147751263,10.647214884862965
tabb_c2_sim_quat,20,3.0,ok,10,4,1.9567609876958647,0.9982518855376946,6.171157475100857,0.7506337793023135,7.687784499170321,1.1448322408517007,7.2696562816035435,6.67635514675239,0.6804865439878856,2.160290630663556,0.7667516334650157,5.554401680034478,5.913681287140474,0.5012698567300305,1.9901981299768974,0.8790796211247813,5.707606740251807,7.340816990846278,0.7652013750824033,2.4931925157085573,1.1199723778546185,5.882199828367355,4.75377647566429,1.0555773414089342,1.183362674434448,1.227203909706363,10.647214765620578
tabb_rp1,20,3.0,ok,10,4,0.9224512201285009,0.6203138826720216,1.9295534251965165,0.18811082615357394,2.817135120679739,0.3085658057700271,7.052587873462575,1.3367062466412676,0.10975550302041565,1.3854082985736444,0.5034936824285592,5.361857419179383,3.4109321957684484,0.24252539435462683,0.7399631597499345,0.6146504106843552,5.557857817734797,0.8593854660164307,0.06818799910536226,0.7950915483392179,0.7358008440178023,5.644564781742711,2.11118979235992,0.33197440813389095,0.7693418738512066,0.6273105935573696,10.366077984010662
tabb_rp2,20,3.0,ok,10,4,31.160627320147967,2.5819472574395124,4.76483408486733,2.6191909060641336,41.10877693747437,4.129397414037794,28.175175321463907,8.563479675047878,3.99854287479495,55.20522010319225,4.0429500982812545,17.213909503656406,5.17892021378829,1.3120594819144633,20.962143511881717,1.4534930329245643,10.486203860758813,4.766121914526524,2.0074667661659547,27.480843972649378,1.8204543598773142,14.125685303826906,0.5508145361066287,3.1586945013811674,20.99430169286851,3.0108915386749153,50.69070802887546
tabb_c2_sim,20,5.0,ok,10,4,3.2523212502277072,1.6615577885589654,10.252185672533496,1.247399191825013,12.778101490888785,1.9029775974694714,12.116256222344083,11.05652703072582,1.1256226051963782,3.5727330098049266,1.2695187549329094,9.248931428903099,9.882749195536647,0.835149688094976,3.3238760953904753,1.4683585093131448,9.512948113553566,12.141271933800002,1.2658708948874318,4.134986095642096,1.857890857319755,9.80167746729459,7.928194530071524,1.7629535791212658,1.977689800073331,2.050463032670052,17.75113697263875
tabb_c2_sim_euler,20,5.0,ok,10,4,3.252319304174919,1.661556052297794,10.252185028726254,1.2473920819007442,12.777846095738523,1.9029647237109897,12.116254609241379,11.056506353440957,1.1255939345252415,3.572732566946667,1.2695119428986987,9.248923146039926,9.882750804176512,0.835149492368648,3.323868005602419,1.4683583623367436,9.512947662425976,12.141289758113746,1.2658716573317326,4.13498731236053,1.8578911767376411,9.801678226998982,7.9281931991738,1.7629532433773554,1.9776893317900588,2.0504627272180924,17.751136706386355
tabb_c2_sim_quat,20,5.0,ok,10,4,3.25232184575007,1.6615547791147596,10.252218458884576,1.2473862488317229,12.777613264415983,1.902952480906053,12.116253709242061,11.05665552891051,1.1255715856068786,3.57274858698458,1.2695072741473474,9.248918057580882,9.882749156796638,0.8351492969537707,3.3238673023416543,1.4683583306748988,9.51294745556479,12.141276091781139,1.2658707046814444,4.134981909259995,1.8578906151913441,9.801678573413634,7.928193058050023,1.7629534080847984,1.97768958441405,2.0504628964454477,17.751136819995214
tabb_rp1,20,5.0,ok,10,4,1.539765539447421,1.0356094270658402,3.2249463583182068,0.3143452597006989,4.705942242605555,0.5157433410561247,11.75564667737179,2.246881359441551,0.18358737529373464,2.324309875219869,0.8394836516054895,8.93391478844664,5.699749864060577,0.4054138903799839,1.236530649607246,1.0278760318225875,9.26366498727964,1.4231736052952537,0.11383011036701886,1.3124472745161793,1.2267294305972811,9.411613987030115,3.529980604475446,0.5545496627620582,1.285774358446391,1.0483485942380024,17.27923941984057
tabb_rp2,20,5.0,ok,10,4,50.137346330216744,4.218354351427797,8.244036451599083,4.281221483827087,65.27822528417285,6.816522309659348,50.945611782499505,12.821307567993134,6.172884424321222,85.05459558496702,6.256399730394085,26.889728702658605,9.368484122309498,2.3760429528295344,37.63652954233598,2.557275043382473,18.065359086896844,9.73706616637692,2.7722408570393453,38.75701814814823,2.514983826428953,20.321529870706176,1.0492879497167782,5.803717701118247,39.10124204541577,5.544758805505676,94.44279832070575
tabb_c2_sim,21,0.0,ok,10,4,9.310017681540561e-07,4.6968283961434397e-08,9.685979016765968e-07,3.7971497917341763e-08,1.5657078319161157e-06,6.621763081202342e-08,7.602777960586683e-07,1.7419783746226574e-06,3.824860556069498e-08,1.378169208637326e-06,6.149265408656492e-08,8.416678586578747e-07,1.0601611240570092e-06,4.7084591536998116e-08,9.317937585443826e-07,6.50043000970741e-08,8.809269624816484e-07,1.071203366609402e-06,6.646647745897109e-08,1.4129251704930222e-06,6.12898579343822e-08,9.097532317939173e-07,1.0487414173190979e-09,8.631711270286737e-11,1.1189349414934145e-09,8.632372771635707e-11,1.1262481750022366e-09
tabb_c2_sim_euler,21,0.0,ok,10,4,1.4632590623289943e-06,1.0854909994196225e-07,1.6507799193121385e-06,1.112683282715444e-07,3.05654827126183e-06,1.836505562825223e-07,1.2704171999878805e-06,2.770952957857697e-07,8.921545397203386e-08,1.1045272841316442e-06,9.88373390802399e-08,8.088410180604794e-07,4.682587951557835e-06,2.714897241255e-07,3.6025462029835204e-06,2.566298519852933e-07,2.1174032572664254e-06,1.641246744333825e-06,8.417201141015087e-08,1.1436538971158048e-06,7.853307634979309e-08,1.1481349172486825e-06,2.189685571124751e-09,1.9612357849288756e-10,2.308865085008523e-09,1.9613235252269728e-10,2.3051062803243202e-09
tabb_c2_sim_quat,21,0.0,ok,10,4,7.188370442532568e-07,8.974299138592979e-08,6.934117413185445e-07,8.289717085602703e-08,1.6726936848541076e-06,1.5530750568165144e-07,8.203722253349953e-07,1.1871034030674297e-06,2.155468988609046e-07,1.4526184954557276e-06,2.0930143795714202e-07,1.0231468108700127e-06,8.220367360881566e-07,7.540757740762074e-09,7.862102793414141e-07,4.706048907799592e-08,8.38048391615995e-07,7.631557303792089e-07,1.0841123335281629e-07,6.351151484165736e-07,1.025202336538023e-07,9.710227762317992e-07,1.351095739382611e-09,8.979346962517663e-11,1.4042537993120802e-09,8.980485477895713e-11,1.6177638346347138e-09
tabb_rp1,21,0.0,ok,10,4,6.373812905787162e-07,5.4045058942106e-08,8.950576256606601e-07,3.822353562285905e-08,1.2608451907880222e-06,6.15401576755879e-08,7.29702934709755e-07,1.044742784664371e-06,5.6487934467619787e-08,8.361272374518465e-07,5.876808803868659e-08,7.755137754762458e-07,1.1238359212551612e-06,4.592849757316373e-08,7.50415233758949e-07,7.489630968232786e-08,7.582781156998164e-07,1.362087127246958e-06,4.4219407087452765e-08,9.442367682548788e-07,7.625752951296079e-08,9.76290364938488e-07,4.956466947615027e-08,6.258303363199937e-09,1.8745922849190588e-08,6.258308534448761e-09,1.775664162236313e-08
tabb_rp2,21,0.0,ok,10,4,2.4479602952968094e-06,1.1733135158295132e-07,1.9902807616477433e-06,1.1427789641333029e-07,3.930189112190277e-06,1.8919265910508688e-07,1.477854849231141e-06,4.633666391718777e-06,1.70976780720823e-07,5.056587735289239e-06,1.717550753223903e-07,2.030530069133071e-06,1.8463336608427213e-06,4.9377384590757156e-08,2.0952552845570865e-06,5.073598806253691e-08,1.409562246395575e-06,1.3704672585812508e-06,2.2715435057773232e-07,2.4875775308945474e-06,2.372312765520238e-07,1.6083013175780353e-06,1.1065573544822493e-07,9.603069764008605e-09,1.524206304463631e-07,9.60306639485434e-09,1.9916979023801531e-07
tabb_c2_sim,21,1.0,ok,10,4,0.5735062903717412,0.3606619315221505,1.9047853225332583,0.29205505412336585,2.4042999638280187,0.4132918806219365,2.522312646565044,0.6528187247947775,0.06361987094565924,0.20649564130665937,0.2604219493611415,1.9100471718492915,3.148523873362267,0.2716504840171503,0.8959778755883505,0.28901531656784424,2.0332212746567744,1.8137847765545865,0.1681449471833605,0.6450727585844842,0.23592624233220627,1.78807005948184,2.0040139154214023,0.6648049143472933,0.5464788860074705,0.65728421782741,3.803785070172347
tabb_c2_sim_euler,21,1.0,ok,10,4,0.5735048695445645,0.36066222014619387,1.9047868217658936,0.29205527711603285,2.404300767102669,0.4132922637405116,2.5223127389191276,0.652809609422557,0.06361912150478746,0.2064918279816223,0.2604216924728772,1.910046631919762,3.14853571875189,0.2716505144756324,0.8959745462068639,0.28901530896536237,2.033221146548363,1.8137838508332287,0.16814546749928863,0.6450732105406823,0.23592657150125063,1.7880698894067308,2.004018108055899,0.6648060049844231,0.5464798934490893,0.6572853076452851,3.803785734682276
tabb_c2_sim_quat,21,1.0,ok,10,4,0.5735054042793191,0.36066202226122906,1.9047938185264877,0.292055128916078,2.404306475946457,0.41329185000573226,2.522313047819337,0.6528118873563924,0.06361960420962802,0.20649401936849304,0.26042186662242706,1.9100471750926666,3.148541554278961,0.2716502902870888,0.8959728704725192,0.28901509849126783,2.0332212569500907,1.813806626353017,0.16814530069981062,0.6450757068704364,0.23592650033735832,1.78807178513933,2.0040152061175793,0.6648053204677846,0.5464790204058281,0.6572846235938631,3.80378533111349
tabb_rp1,21,1.0,ok,10,4,0.24750560201727678,0.2181263077788001,0.6339581270290449,0.0573315603445214,0.972665667947639,0.09513986303323574,2.437057305116718,0.4070512073718781,0.039920040554309366,0.15872618267064062,0.24513286853819538,1.89575377272481,0.7748257886860457,0.050036276867275783,0.28595547493110784,0.24990631169283942,1.9551826151161615,0.5526851002911493,0.02539184615475871,0.31557516844074257,0.18905661156806194,1.7956456699599974,0.8012704117671066,0.11397807780174173,0.229765582026616,0.18840943931610377,3.6216057814720988
tabb_rp2,21,1.0,ok,10,4,8.613911730695019,0.72028854482321,2.798148912940582,0.684983132089382,10.643191258942865,0.8966106810817468,6.859140798454268,3.025721061120435,1.02199765239456,14.532275708750962,1.083676249020012,4.774507091584154,1.5041874201127272,0.45254935277310915,6.287083813936592,0.4604116816320286,3.5838945156088435,6.16852982704808,0.5077455098031368,8.869307349134285,0.5539513665858092,4.1735879073767075,0.49415734348108437,0.7576400133867219,4.766980050958241,0.7831148820549902,11.624637460363218
tabb_c2_sim,21,3.0,ok,10,4,1.720946811127312,1.0842636219899937,5.738143942074845,0.8793118014242023,7.249581347367667,1.2433705473104677,7.574035186030302,1.9786001749837403,0.19345163096970228,0.6212575698962017,0.7785230269612189,5.730634483018855,9.484882809955753,0.8182027289837652,2.697136566132798,0.869706907565024,6.101422868312192,5.463550827903796,0.5075582019872722,1.9432796677789042,0.7127695467738451,5.3668316460653305,6.025541955456092,1.9980346437560692,1.6221134407013442,1.9760550066598865,11.42775662515457
tabb_c2_sim_euler,21,3.0,ok,10,4,1.7209447424261812,1.0842635368773583,5.738142699337631,0.8793118234421886,7.249582118723396,1.243370451516478,7.57403477378679,1.9785982401076536,0.19345219793545634,0.6212538236402702,0.7785231820918922,5.730634650478048,9.484893242618691,0.8182029526015105,2.697133518575232,0.8697071125992615,6.101422669151326,5.463539940030397,0.5075582589603511,1.9432784662494273,0.7127696047603527,5.366830357197352,6.025539374593784,1.9980338842714367,1.6221131612397948,1.9760542480579275,11.427756159907235
tabb_c2_sim_quat,21,3.0,ok,10,4,1.7209452927460174,1.0842639365227273,5.738147415497701,0.8793122847824493,7.2495861118467415,1.2433709425707764,7.574035259470918,1.9785992575373241,0.1934526288752966,0.6212533545490073,0.7785233413922961,5.730634717110601,9.484907800139672,0.8182031142757893,2.697137839096118,0.8697073596044486,6.101423523670882,5.463539949519085,0.5075585333575198,1.943276127142889,0.7127698210481883,5.366830863908217,6.025542654794722,1.9980348626211915,1.622113850196055,1.9760552240459763,11.427756719885112
tabb_rp1,21,3.0,ok,10,4,0.7441522919502717,0.6546741330349437,1.9035395211320472,0.17207504286407538,2.9258114550801486,0.28555301087159396,7.311257401824402,1.2135563563668945,0.11900246182950962,0.4774438045675873,0.7318951385287165,5.686892194442682,2.3257218536936546,0.15004323011382256,0.8635909980191435,0.7490904780497215,5.867212278108584,1.668650711962843,0.07688974650902021,0.9483149902544306,0.5715735393922824,5.388364141451528,2.406229162504797,0.3423647330039491,0.6872593749599254,0.5661373761690549,10.863634213026804
tabb_rp2,21,3.0,ok,10,4,21.170266811734336,1.7722078726846036,8.319700070672894,1.6314487062312022,27.0652536301977,2.2044648471060317,17.31967139775976,8.865930070271341,2.4002308768015017,34.83763069627694,2.6345953276754255,12.031425945071925,4.191653657784003,0.9286983740004124,13.849625806348357,1.020853946306918,8.841474543166806,18.524171186668468,1.2638595572425482,24.190201855230544,1.4160929161606488,11.15159574506247,1.6970453679677662,1.9330060168803462,11.803608889081506,2.0172893005954213,29.199299636720706
tabb_c2_sim,21,5.0,ok,10,4,2.8692822215268365,1.8106242791224065,9.602721124325122,1.470429350108342,12.142643707817955,2.077357480831383,12.58941470576396,3.3317577685730795,0.32679273640400686,1.038518315796595,1.2932055155510698,9.552173958495471,15.875359923750405,1.3692047064547899,4.510963907565056,1.4540304279210339,10.172335530018373,9.143579726367973,0.8512178079733422,3.252414736147535,1.196410741607335,8.949415576459208,10.060187078609026,3.334502149601229,2.6752319265981597,3.2988504314101874,18.973681438832728
tabb_c2_sim_euler,21,5.0,ok,10,4,2.8692812552145903,1.810623656888255,9.602720300821822,1.4704287045373188,12.142641339903399,2.077356408393657,12.589414353479647,3.3317621276447134,0.326792774276337,1.038521910007693,1.2932055134104543,9.55217421420737,15.87537055673164,1.3692044383293909,4.510958539834254,1.4540302051860328,10.172335009032407,9.143568288242335,0.851217472487292,3.2524139711708218,1.1964104879951547,8.949416381039661,10.0601802306686,3.3345001330562556,2.6752305998455927,3.298848420961378,18.973680271028616
tabb_c2_sim_quat,21,5.0,ok,10,4,2.8692822933757225,1.8106249241165293,9.602742048214937,1.4704299651468165,12.14267142805304,2.0773584893257846,12.589415071464988,3.3317568127957227,0.32679270479355643,1.0385203088770967,1.293205547835428,9.55217411021216,15.875451721075514,1.3692046609346924,4.510959726463016,1.454030501140708,10.17233561467612,9.143564368439392,0.8512179370707981,3.252415602746656,1.196410811513404,8.949414441691593,10.060195290549117,3.334504557788219,2.6752335354161225,3.298852835976578,18.97368282768165
tabb_rp1,21,5.0,ok,10,4,1.2537952326603146,1.0948818561225186,3.236136959082219,0.2926107549886554,5.02185000127739,0.4875006910189567,12.17837724203195,2.0111628285915097,0.19713179468305886,0.7983048471143547,1.2142180023251403,9.477817267630984,3.878400732064957,0.2499675760171748,1.4491048704616403,1.247424857931529,9.781775340856484,2.7989182489363995,0.12935090598412508,1.5833232946240585,0.9601012825086335,8.983247037815113,4.2560660267360095,0.5939927432702629,1.1844479184412051,0.9577832817247712,18.104928265267056
tabb_rp2,21,5.0,ok,10,4,28.07861600262711,2.481270177019948,13.621921711941097,2.2566010935786736,31.013667359969883,3.4140335803550492,32.48331751244804,15.769616244245437,2.0237384735916506,30.521516911046604,2.28758179923219,15.393604323511557,6.120307817177361,1.1399393532149356,18.70133047895222,1.4415177995691264,13.247140621208933,29.54409001199934,1.9810784753634907,39.315058668514375,2.236652836502415,18.283766847473593,3.053672774342251,3.8816480721446167,23.77655795199525,3.9593282727760606,59.02574055584983
tabb_c2_sim,22,0.0,ok,10,4,9.310017681540561e-07,4.6968283961434397e-08,9.685979016765968e-07,3.7971497917341763e-08,1.5657078319161157e-06,6.621763081202342e-08,7.602777960586683e-07,1.7419783746226574e-06,3.824860556069498e-08,1.378169208637326e-06,6.149265408656492e-08,8.416678586578747e-07,1.0601611240570092e-06,4.7084591536998116e-08,9.317937585443826e-07,6.50043000970741e-08,8.809269624816484e-07,1.071203366609402e-06,6.646647745897109e-08,1.4129251704930222e-06,6.12898579343822e-08,9.097532317939173e-07,1.0487414173190979e-09,8.631711270286737e-11,1.1189349414934145e-09,8.632372771635707e-11,1.1262481750022366e-09
tabb_c2_sim_euler,22,0.0,ok,10,4,1.4632590623289943e-06,1.0854909994196225e-07,1.6507799193121385e-06,1.112683282715444e-07,3.05654827126183e-06,1.836505562825223e-07,1.2704171999878805e-06,2.770952957857697e-07,8.921545397203386e-08,1.1045272841316442e-06,9.88373390802399e-08,8.088410180604794e-07,4.682587951557835e-06,2.714897241255e-07,3.6025462029835204e-06,2.566298519852933e-07,2.1174032572664254e-06,1.641246744333825e-06,8.417201141015087e-08,1.1436538971158048e-06,7.853307634979309e-08,1.1481349172486825e-06,2.189685571124751e-09,1.9612357849288756e-10,2.308865085008523e-09,1.9613235252269728e-10,2.3051062803243202e-09
tabb_c2_sim_quat,22,0.0,ok,10,4,7.188370442532568e-07,8.974299138592979e-08,6.934117413185445e-07,8.289717085602703e-08,1.6726936848541076e-06,1.5530750568165144e-07,8.203722253349953e-07,1.1871034030674297e-06,2.155468988609046e-07,1.4526184954557276e-06,2.0930143795714202e-07,1.0231468108700127e-06,8.220367360881566e-07,7.540757740762074e-09,7.862102793414141e-07,4.706048907799592e-08,8.38048391615995e-07,7.631557303792089e-07,1.0841123335281629e-07,6.351151484165736e-07,1.025202336538023e-07,9.710227762317992e-07,1.351095739382611e-09,8.979346962517663e-11,1.4042537993120802e-09,8.980485477895713e-11,1.6177638346347138e-09
tabb_rp1,22,0.0,ok,10,4,6.373812905787162e-07,5.4045058942106e-08,8.950576256606601e-07,3.822353562285905e-08,1.2608451907880222e-06,6.15401576755879e-08,7.29702934709755e-07,1.044742784664371e-06,5.6487934467619787e-08,8.361272374518465e-07,5.876808803868659e-08,7.755137754762458e-07,1.1238359212551612e-06,4.592849757316373e-08,7.50415233758949e-07,7.489630968232786e-08,7.582781156998164e-07,1.362087127246958e-06,4.4219407087452765e-08,9.442367682548788e-07,7.625752951296079e-08,9.76290364938488e-07,4.956466947615027e-08,6.258303363199937e-09,1.8745922849190588e-08,6.258308534448761e-09,1.775664162236313e-08
tabb_rp2,22,0.0,ok,10,4,2.4479602952968094e-06,1.1733135158295132e-07,1.9902807616477433e-06,1.1427789641333029e-07,3.930189112190277e-06,1.8919265910508688e-07,1.477854849231141e-06,4.633666391718777e-06,1.70976780720823e-07,5.056587735289239e-06,1.717550753223903e-07,2.030530069133071e-06,1.8463336608427213e-06,4.9377384590757156e-08,2.0952552845570865e-06,5.073598806253691e-08,1.409562246395575e-06,1.3704672585812508e-06,2.2715435057773232e-07,2.4875775308945474e-06,2.372312765520238e-07,1.6083013175780353e-06,1.1065573544822493e-07,9.603069764008605e-09,1.524206304463631e-07,9.60306639485434e-09,1.9916979023801531e-07
tabb_c2_sim,22,1.0,ok,10,4,0.5676529831618065,0.2618667203204297,2.080219775651365,0.17320864599117317,2.461493394045661,0.26905351763472135,2.3858322724725496,2.0943024362771174,0.17198783510672,0.5938348662894464,0.21928885409165944,1.8939340713502386,2.778762738526957,0.21547613034892427,0.7823728361703017,0.2680564162716447,1.8976782958866514,3.0775901248047193,0.2275624606802922,0.7266284224020227,0.34241159761568596,1.8150416434271908,0.3702238029966666,0.07780815782875614,0.16777580778545498,0.2177100133027286,3.5051729173909085
tabb_c2_sim_euler,22,1.0,ok,10,4,0.5676572662997994,0.26186685327312165,2.080205482821758,0.17320880145546652,2.4615036115427262,0.269053887546489,2.3858322437098307,2.0943062054355948,0.1719879130612838,0.5938329708312955,0.21928881998767424,1.893933843460092,2.7786905442073664,0.21547662830501632,0.7823840378408375,0.26805678661701743,1.8976788918652325,3.07760199639608,0.22756291818849628,0.7266364972536942,0.34241191233209745,1.815041286333594,0.37022318524798986,0.07780774626706967,0.16777555927337034,0.2177098941556974,3.5051728244655855
tabb_c2_sim_quat,22,1.0,ok,10,4,0.567656001543981,0.2618665949844375,2.0802274661254367,0.17320875773375477,2.4615013326436475,0.26905353627874834,2.3858320062798977,2.094311504970079,0.1719883146692237,0.5938347826626931,0.21928905421620504,1.893934339281761,2.778747444287394,0.21547625481049923,0.7823725213521149,0.2680564941348257,1.897678128757392,3.0776281717387777,0.2275626513488735,0.7266408877664344,0.3424109425184665,1.8150400740831865,0.37022274350549716,0.07780781010642261,0.16777581439468173,0.21770988906825278,3.5051729509905143
tabb_rp1,22,1.0,ok,10,4,0.2687017879962784,0.21492624144718347,0.6987828629392,0.061424823662995974,0.6476787659231281,0.07719566148181972,2.3615959913714644,0.3264650176412163,0.01723397628892732,0.3741323689079132,0.21839936064861631,1.8484701901612668,0.5946034850339095,0.050539256601323045,0.21077979195508514,0.18103099511082943,1.8448143580765977,1.2440209591979128,0.0905349778357708,0.3035955814829959,0.25317292654359164,1.7890610306076709,0.6300419898837614,0.08739108392596273,0.1862994096391195,0.20710168348569646,3.5053703192284402
tabb_rp2,22,1.0,ok,10,4,7.256473680625896,0.6119393645003495,2.823796991369204,0.5440913798230811,10.824511533150384,0.8173536640882455,3.8507727952714927,3.861568270313752,0.7337781653748529,10.554565244248117,0.8327167204214324,3.665441636365472,1.821942327777139,0.7044008369443826,8.643456307917127,0.7359186839738638,3.9982238054856922,3.0963115408335073,0.370645998132372,6.327086853413248,0.5402421356368057,3.454879744102381,2.515365826552417,0.3675405188407169,3.500786316925092,0.3388799179692963,4.237493887741795
tabb_c2_sim,22,3.0,ok,10,4,1.6977094222583582,0.7825925607720005,6.225805375454949,0.5185703872712112,7.375199878255394,0.8058189242242687,7.157589096569774,6.300166847396008,0.5158036553716654,1.7846639499904602,0.6566604776003979,5.684616898291085,8.300668544342502,0.6438364878668984,2.335490211530128,0.800544469785634,5.692495100338586,9.184457085930521,0.6791793945590681,2.167405295757505,1.0208216119304665,5.445372026872255,1.1179290241507653,0.23546201128721306,0.5032782317553387,0.6523436837715033,10.514412986114815
tabb_c2_sim_euler,22,3.0,ok,10,4,1.6977100148198143,0.7825925628140926,6.2258227644188,0.5185707190280624,7.375206708200271,0.8058198208485375,7.15758861351598,6.3001961707522804,0.5158029975961,1.7846586808441067,0.6566593451030734,5.684614531035199,8.300673500363303,0.6438373636091218,2.3354966138242146,0.8005451425381095,5.692495868221368,9.184489927540001,0.6791796682992118,2.16740659549466,1.0208217708952474,5.445371286884328,1.1179314590196203,0.23546284660781586,0.5032781691162765,0.6523439927199405,10.514412918139382
tabb_c2_sim_quat,22,3.0,ok,10,4,1.6977077701387633,0.7825919622574926,6.225817007623626,0.5185702768911188,7.3751995230189165,0.8058194236032298,7.157587862821997,6.300223054872617,0.5158018655501745,1.7846520210697157,0.6566580385852276,5.684612003100466,8.300622082999768,0.6438367776247337,2.3354942609843388,0.8005446815730216,5.6924952235911315,9.184489759338826,0.679179033461884,2.1674066157582237,1.0208209174503216,5.445370733495426,1.1179331332832994,0.235463430927683,0.5032781827427748,0.6523442114213995,10.514412876354859
tabb_rp1,22,3.0,ok,10,4,0.8118157673581868,0.6421871424147741,2.0974989597718627,0.183884067682063,1.937130275282118,0.23136423621772426,7.085310476504935,0.9872845989326768,0.05150816694766577,1.1268710076583106,0.6538823330790864,5.547989334924942,1.7906226127673142,0.15191088635486372,0.6361495523380836,0.541443552045133,5.534546084537016,3.734896084808875,0.2713095730730227,0.9247099689092797,0.753660899344887,5.36780170338116,1.8771925425785851,0.2608076443526998,0.5595325405270734,0.6197617851899903,10.515788940671822
tabb_rp2,22,3.0,ok,10,4,22.017239024021986,1.924900840956713,9.080329113210622,1.7297334657972456,32.132274746967425,2.5618667791238727,12.811331177243636,12.437467388501101,2.0759559794769404,30.580707144383627,2.37124658867244,10.889035026717233,5.288920481687027,2.1182841007504476,25.943230213154234,2.208323241944303,12.088621477309715,10.13022301744115,0.9088485194027777,16.36306451663709,1.4243439965958873,8.9893304304224,8.464705565213212,1.8158452635588165,15.181954221913003,1.6956895366142222,17.6353880453477
tabb_c2_sim,22,5.0,ok,10,4,2.8204370136526826,1.2993215488901966,10.350682605726014,0.8624876434915474,12.275841672818927,1.3407204051956112,11.93020993253511,10.528735713628919,0.859410151325522,2.979647627095514,1.0924106138869163,9.479273578060981,13.771652888274621,1.0684614514642619,3.8719657681699013,1.3281435640524764,9.48664033308018,15.226602026254051,1.1261290414169478,3.591404927737944,1.6907514330665285,9.076292505417635,1.8757397947464673,0.3959499297594578,0.8387297316073712,1.0859805845548656,17.523914463286694
tabb_c2_sim_euler,22,5.0,ok,10,4,2.8204377539688625,1.2993220071568297,10.350694257088872,0.8624880015137417,12.27586423546027,1.3407203445856792,11.930209894361262,10.52870235395981,0.8594108606160374,2.9796498197777437,1.0924118134415035,9.479275675029768,13.77165136602335,1.0684611778592805,3.8719625886845686,1.3281433893123626,9.486639980737323,15.226682217117558,1.1261296169345238,3.591408907980541,1.6907520688423245,9.076290580297647,1.8757410912547663,0.3959503506451254,0.8387296994325975,1.0859807570311284,17.523914412845283
tabb_c2_sim_quat,22,5.0,ok,10,4,2.820435887550952,1.299321440792069,10.35070096918998,0.8624877120284851,12.275845234608681,1.3407203438809379,11.930209377201114,10.528737485378352,0.8594098405374516,2.979644862282643,1.0924103914720225,9.479273121673133,13.77168629603459,1.0684609696207468,3.8719578745338272,1.3281432434237381,9.48663967813767,15.22663620895394,1.1261288379499845,3.591411182256479,1.6907510679856332,9.07629108191881,1.8757438863930405,0.39595120000575723,0.8387296311308583,1.0859810602868825,17.523914289724768
tabb_rp1,22,5.0,ok,10,4,1.3627909751606957,1.0660398696453446,3.497865521885581,0.30585741402316696,3.2190395517967474,0.38529337197020275,11.81054842041692,1.6587872483218453,0.08554296836247928,1.8857212858219468,1.0875886590705792,9.251190069564391,2.9962267929611968,0.2536932851288947,1.0668448875003602,0.8997933258079894,9.224664961893161,6.229686542741543,0.4517155047637423,1.5644384583389632,1.2464053041072847,8.947598168795604,3.106761503517739,0.4324778978375517,0.9341592689815129,1.030372189595525,17.52762795164907
tabb_rp2,22,5.0,ok,10,4,40.00652968124402,3.4696637723456196,15.625681603008157,3.1694290111187295,58.090693917088934,4.945198878653423,23.685694815818046,21.6886320050569,3.230897942833037,48.7420484917521,3.722902857428576,17.864986264825063,9.215981197147698,5.1129129140852,62.91346288703125,5.187213524472196,28.743434820535224,16.612643384752257,1.0741362232987994,20.97523868721532,1.9210132826587816,12.175105158215006,14.985469825075779,3.2597689642578813,27.395368658977397,3.047525424822924,30.829735491793322
tabb_c2_sim,23,0.0,ok,10,4,9.310017681540561e-07,4.6968283961434397e-08,9.685979016765968e-07,3.7971497917341763e-08,1.5657078319161157e-06,6.621763081202342e-08,7.602777960586683e-07,1.7419783746226574e-06,3.824860556069498e-08,1.378169208637326e-06,6.149265408656492e-08,8.416678586578747e-07,1.0601611240570092e-06,4.7084591536998116e-08,9.317937585443826e-07,6.50043000970741e-08,8.809269624816484e-07,1.071203366609402e-06,6.646647745897109e-08,1.4129251704930222e-06,6.12898579343822e-08,9.097532317939173e-07,1.0487414173190979e-09,8.631711270286737e-11,1.1189349414934145e-09,8.632372771635707e-11,1.1262481750022366e-09
tabb_c2_sim_euler,23,0.0,ok,10,4,1.4632590623289943e-06,1.0854909994196225e-07,1.6507799193121385e-06,1.112683282715444e-07,3.05654827126183e-06,1.836505562825223e-07,1.2704171999878805e-06,2.770952957857697e-07,8.921545397203386e-08,1.1045272841316442e-06,9.88373390802399e-08,8.088410180604794e-07,4.682587951557835e-06,2.714897241255e-07,3.6025462029835204e-06,2.566298519852933e-07,2.1174032572664254e-06,1.641246744333825e-06,8.417201141015087e-08,1.1436538971158048e-06,7.853307634979309e-08,1.1481349172486825e-06,2.189685571124751e-09,1.9612357849288756e-10,2.308865085008523e-09,1.9613235252269728e-10,2.3051062803243202e-09
tabb_c2_sim_quat,23,0.0,ok,10,4,7.188370442532568e-07,8.974299138592979e-08,6.934117413185445e-07,8.289717085602703e-08,1.6726936848541076e-06,1.5530750568165144e-07,8.203722253349953e-07,1.1871034030674297e-06,2.155468988609046e-07,1.4526184954557276e-06,2.0930143795714202e-07,1.0231468108700127e-06,8.220367360881566e-07,7.540757740762074e-09,7.862102793414141e-07,4.706048907799592e-08,8.38048391615995e-07,7.631557303792089e-07,1.0841123335281629e-07,6.351151484165736e-07,1.025202336538023e-07,9.710227762317992e-07,1.351095739382611e-09,8.979346962517663e-11,1.4042537993120802e-09,8.980485477895713e-11,1.6177638346347138e-09
tabb_rp1,23,0.0,ok,10,4,6.373812905787162e-07,5.4045058942106e-08,8.950576256606601e-07,3.822353562285905e-08,1.2608451907880222e-06,6.15401576755879e-08,7.29702934709755e-07,1.044742784664371e-06,5.6487934467619787e-08,8.361272374518465e-07,5.876808803868659e-08,7.755137754762458e-07,1.1238359212551612e-06,4.592849757316373e-08,7.50415233758949e-07,7.489630968232786e-08,7.582781156998164e-07,1.362087127246958e-06,4.4219407087452765e-08,9.442367682548788e-07,7.625752951296079e-08,9.76290364938488e-07,4.956466947615027e-08,6.258303363199937e-09,1.8745922849190588e-08,6.258308534448761e-09,1.775664162236313e-08
tabb_rp2,23,0.0,ok,10,4,2.4479602952968094e-06,1.1733135158295132e-07,1.9902807616477433e-06,1.1427789641333029e-07,3.930189112190277e-06,1.8919265910508688e-07,1.477854849231141e-06,4.633666391718777e-06,1.70976780720823e-07,5.056587735289239e-06,1.717550753223903e-07,2.030530069133071e-06,1.8463336608427213e-06,4.9377384590757156e-08,2.0952552845570865e-06,5.073598806253691e-08,1.409562246395575e-06,1.3704672585812508e-06,2.2715435057773232e-07,2.4875775308945474e-06,2.372312765520238e-07,1.6083013175780353e-06,1.1065573544822493e-07,9.603069764008605e-09,1.524206304463631e-07,9.60306639485434e-09,1.9916979023801531e-07
tabb_c2_sim,23,1.0,ok,10,4,0.6508102616693723,0.2914608895362728,1.9997620073161606,0.20212195852941842,2.736425195365974,0.30091844171926657,2.4901187231584268,0.6618102049552385,0.05793384764315087,0.3046930794867341,0.16952665831215286,1.9091257619320976,3.7538245285853145,0.3023193866094954,1.183185988193776,0.414845114201103,2.2752816689489146,2.8713078344803913,0.18872167443772986,0.7444564933130122,0.3063422879245647,1.8112263166508409,0.7121054612436987,0.25951292542729754,0.3709054856839666,0.2751294977072706,3.563784000699294
tabb_c2_sim_euler,23,1.0,ok,10,4,0.6508103924286842,0.29146064883317835,1.9997567577866746,0.20212180368244506,2.7364308492593103,0.30091813693516617,2.490118750309463,0.6617786553504988,0.05793386504185121,0.30469226593337034,0.16952645763532054,1.9091244930427222,3.7538374745622214,0.3023193347349065,1.1831887002970882,0.41484490491231946,2.2752829010895486,2.8713063591817645,0.18872147801146974,0.74445516587257,0.30634209085685676,1.8112263550230556,0.7121045420522135,0.25951253694155274,0.37090543761170813,0.2751291419282167,3.563783950173584
tabb_c2_sim_quat,23,1.0,ok,10,4,0.6508097573062119,0.291460935800561,1.9997835298288271,0.202121985539458,2.7364442558898947,0.30091793717825377,2.490119779646425,0.6618364217435488,0.057933769451729636,0.30468590222896386,0.16952661079279013,1.9091283843506002,3.7538959096774693,0.30231938744886444,1.1831867198556163,0.41484514652923854,2.27528433790342,2.871296244908889,0.18872180695013752,0.7444609145534331,0.30634243954139273,1.8112259855519761,0.7121055429854019,0.2595129783071005,0.3709054925868345,0.27512954633882253,3.563784012950978
tabb_rp1,23,1.0,ok,10,4,0.39403765550458636,0.18235956269660442,0.5747851354722031,0.05916101257219272,0.3157364642613328,0.07388849373788646,2.422480727289343,0.7451445773324961,0.04977144401088729,0.3602434985533043,0.16472735898255253,1.9098980719855867,0.5515505040166616,0.030694014282282918,0.5148190119914229,0.16457231697644056,2.0405514122914963,0.5378695515521837,0.030051129034716118,0.3783818676423554,0.24008667033047046,1.7795235678014052,0.46457590898747103,0.1261274629608846,0.3227062438312629,0.1600519044969541,3.534881420417592
tabb_rp2,23,1.0,ok,10,4,5.727919978660946,0.493473871571859,2.474157125304347,0.4346295883048059,6.740238674741306,0.703749201844648,5.332396176265856,2.3605347114800344,0.33133870273509064,4.6949008978637305,0.2704592376116125,2.3578369408428173,3.046217200046559,0.11602338896513156,3.5728627382511124,0.26691215738915786,2.341829962861435,3.6813937489591724,0.7075088211162828,9.917307860055482,0.8340008181432897,4.842186050038715,0.8084828407316225,0.5836474404027188,4.726608418473461,0.6025232731433761,8.902104670518693
tabb_c2_sim,23,3.0,ok,10,4,1.9554402195030345,0.8753584639701886,6.014985822851169,0.6091642475531944,8.224400591367194,0.9058320762643923,7.470387717401095,1.9850840104525773,0.17422925035282136,0.9143481033323442,0.505249281380234,5.726776370695282,11.261941046517016,0.9071900239299948,3.5537703720469542,1.2439822881060587,6.835176709342123,8.651567791462318,0.5688632052220495,2.239502658049175,0.9191845047017155,5.431996275478389,2.1613504429727644,0.7863745107079121,1.1141397445836645,0.8330177816927461,10.68665423827732
tabb_c2_sim_euler,23,3.0,ok,10,4,1.9554418211674058,0.8753588279115782,6.014977962259273,0.6091643281913225,8.224384312404899,0.9058322972511025,7.47038714241738,1.9851048982650892,0.17422887683248062,0.9143464064748319,0.5052498893247951,5.726777187007277,11.261888015567013,0.9071898980745289,3.5537717843379264,1.243982362753373,6.8351735976683345,8.651567601877913,0.5688637179078087,2.239509288381309,0.9191849939641755,5.431996043365361,2.161351333327075,0.786374819950472,1.1141398054755565,0.8330180656039687,10.686654301293428
tabb_c2_sim_quat,23,3.0,ok,10,4,1.955443513242983,0.8753586565767133,6.014970595552684,0.6091644626144999,8.224396619556817,0.90583243846251,7.47038654476719,1.9850472148519485,0.174229800092584,0.9143581556650688,0.5052496033681831,5.726772393236294,11.261909687859449,0.9071897923979292,3.553773382017862,1.2439822394851026,6.8351748544954285,8.65157429629934,0.5688635650296088,2.2395027132181085,0.9191848338625108,5.431996257322647,2.161351183200002,0.7863746929378774,1.1141398020708926,0.8330179495910568,10.686654286441922
tabb_rp1,23,3.0,ok,10,4,1.1822056855269905,0.5456361269462812,1.7219781433521963,0.1775726048813522,0.9510728581730898,0.2220405440689677,7.265478773282436,2.230492955222505,0.1490834551597298,1.0865159298360871,0.491009587771509,5.728193053328644,1.6445408001111097,0.09194748658077422,1.5313236247149418,0.4918782966210197,6.125001021588733,1.6129440995551982,0.09014434952596899,1.133409184408767,0.7185496431519145,5.336523511947426,1.3999347185199724,0.37911512825893584,0.9775740031481663,0.48110698024068155,10.599170290916046
tabb_rp2,23,3.0,ok,10,4,16.946073868381053,1.5435159413188426,7.785937778667135,1.3280584720944546,16.853931779815742,2.2667597695276176,19.213831293440926,6.4413243032871055,0.8043859197303286,10.750976127891649,0.8215149915945512,6.204439746343926,8.910992223515676,0.07662726372237928,9.060752079199997,0.5134536722503322,6.891393047867985,12.886080437941633,1.9211959874951843,28.21973244298811,2.2857599265592725,13.67720219443185,2.9053541499241273,2.5100247174299257,19.752834823444445,2.553335174871215,34.79432862667499
tabb_c2_sim,23,5.0,ok,10,4,3.263879982979341,1.46062773669344,10.050634534831543,1.019963535680851,13.731324252556204,1.5148665810701012,12.451405301406766,3.308105213725303,0.2911283011507344,1.5244127813450952,0.8366216914072492,9.543898484161959,18.768239851322345,1.5122161453592087,5.929311917008895,2.0723285785884746,11.407540319389897,14.480498150631076,0.9525169364557867,3.7423908771920003,1.532201118968601,9.050877779470564,3.645694923647445,1.3239927597576746,1.8594043563713742,1.4013595578094349,17.804876099714733
tabb_c2_sim_euler,23,5.0,ok,10,4,3.263886894446274,1.4606275071082366,10.050631998872207,1.0199636284184925,13.731307084548158,1.5148668847345677,12.451404972886802,3.308130550784588,0.2911287498695509,1.5244320753806697,0.8366208247624929,9.543897393695623,18.768236725827222,1.512216167284973,5.929307679380694,2.0723286473571596,11.40754016766539,14.480464639112283,0.9525163257868163,3.742403385608015,1.5322005287558462,9.050877110275461,3.6456960797647326,1.3239932707326298,1.8594044374157168,1.4013600275574467,17.804876202650863
tabb_c2_sim_quat,23,5.0,ok,10,4,3.263883511975821,1.4606273862667287,10.05064275308851,1.0199634960828061,13.731330678889483,1.5148669866746696,12.451405819368116,3.3081267717519838,0.29112860880336333,1.5244189009454217,0.836620861050364,9.543898667809682,18.7682643880558,1.512216131259625,5.929312226940392,2.072328610441553,11.407542332694396,14.480484281676482,0.9525162512997611,3.7423985223125387,1.5322003011832157,9.050877799732408,3.6456955708697785,1.3239929929684753,1.8594043977049322,1.4013597723917814,17.804876149949866
tabb_rp1,23,5.0,ok,10,4,1.9706587436788632,0.907057341646614,2.8661811188513227,0.2960938291857237,1.5921402845786108,0.3706857225063385,12.106627388511505,3.70941643534116,0.24809607503195724,1.8206669351724512,0.8131954797758076,9.544758840397728,2.7241028349593583,0.15300998075635264,2.5302927311780756,0.8168739535409391,10.21425537423719,2.6872312451087312,0.15023857962956186,1.886233568499117,1.1947705124585724,8.891149747791154,2.3439739599960427,0.633030681325023,1.6454417398658088,0.8033894208111373,17.657738498683717
tabb_rp2,23,5.0,ok,10,4,33.81942559770587,3.0839335793321934,11.491424239304658,2.9853247011929014,32.97584270657224,4.642538141100251,34.14232351214072,9.310319405321195,1.5171431779355575,19.069372275870602,1.738806088238884,10.334940797413699,8.74333160923492,3.525768553097852,42.703658603435386,2.98419859908832,24.61264973502569,22.625733009921856,2.3901959228849177,38.15990039315286,3.038304632216895,18.34728657025171,5.286312932740663,4.5081911508532775,35.34477111836466,4.574424997784675,60.45714208746783
tabb_c2_sim,24,0.0,ok,10,4,9.310017681540561e-07,4.6968283961434397e-08,9.685979016765968e-07,3.7971497917341763e-08,1.5657078319161157e-06,6.621763081202342e-08,7.602777960586683e-07,1.7419783746226574e-06,3.824860556069498e-08,1.378169208637326e-06,6.149265408656492e-08,8.416678586578747e-07,1.0601611240570092e-06,4.7084591536998116e-08,9.317937585443826e-07,6.50043000970741e-08,8.809269624816484e-07,1.071203366609402e-06,6.646647745897109e-08,1.4129251704930222e-06,6.12898579343822e-08,9.097532317939173e-07,1.0487414173190979e-09,8.631711270286737e-11,1.1189349414934145e-09,8.632372771635707e-11,1.1262481750022366e-09
tabb_c2_sim_euler,24,0.0,ok,10,4,1.4632590623289943e-06,1.0854909994196225e-07,1.6507799193121385e-06,1.112683282715444e-07,3.05654827126183e-06,1.836505562825223e-07,1.2704171999878805e-06,2.770952957857697e-07,8.921545397203386e-08,1.1045272841316442e-06,9.88373390802399e-08,8.088410180604794e-07,4.682587951557835e-06,2.714897241255e-07,3.6025462029835204e-06,2.566298519852933e-07,2.1174032572664254e-06,1.641246744333825e-06,8.417201141015087e-08,1.1436538971158048e-06,7.853307634979309e-08,1.1481349172486825e-06,2.189685571124751e-09,1.9612357849288756e-10,2.308865085008523e-09,1.9613235252269728e-10,2.3051062803243202e-09
tabb_c2_sim_quat,24,0.0,ok,10,4,7.188370442532568e-07,8.974299138592979e-08,6.934117413185445e-07,8.289717085602703e-08,1.6726936848541076e-06,1.5530750568165144e-07,8.203722253349953e-07,1.1871034030674297e-06,2.155468988609046e-07,1.4526184954557276e-06,2.0930143795714202e-07,1.0231468108700127e-06,8.220367360881566e-07,7.540757740762074e-09,7.862102793414141e-07,4.706048907799592e-08,8.38048391615995e-07,7.631557303792089e-07,1.0841123335281629e-07,6.351151484165736e-07,1.025202336538023e-07,9.710227762317992e-07,1.351095739382611e-09,8.979346962517663e-11,1.4042537993120802e-09,8.980485477895713e-11,1.6177638346347138e-09
tabb_rp1,24,0.0,ok,10,4,6.373812905787162e-07,5.4045058942106e-08,8.950576256606601e-07,3.822353562285905e-08,1.2608451907880222e-06,6.15401576755879e-08,7.29702934709755e-07,1.044742784664371e-06,5.6487934467619787e-08,8.361272374518465e-07,5.876808803868659e-08,7.755137754762458e-07,1.1238359212551612e-06,4.592849757316373e-08,7.50415233758949e-07,7.489630968232786e-08,7.582781156998164e-07,1.362087127246958e-06,4.4219407087452765e-08,9.442367682548788e-07,7.625752951296079e-08,9.76290364938488e-07,4.956466947615027e-08,6.258303363199937e-09,1.8745922849190588e-08,6.258308534448761e-09,1.775664162236313e-08
tabb_rp2,24,0.0,ok,10,4,2.4479602952968094e-06,1.1733135158295132e-07,1.9902807616477433e-06,1.1427789641333029e-07,3.930189112190277e-06,1.8919265910508688e-07,1.477854849231141e-06,4.633666391718777e-06,1.70976780720823e-07,5.056587735289239e-06,1.717550753223903e-07,2.030530069133071e-06,1.8463336608427213e-06,4.9377384590757156e-08,2.0952552845570865e-06,5.073598806253691e-08,1.409562246395575e-06,1.3704672585812508e-06,2.2715435057773232e-07,2.4875775308945474e-06,2.372312765520238e-07,1.6083013175780353e-06,1.1065573544822493e-07,9.603069764008605e-09,1.524206304463631e-07,9.60306639485434e-09,1.9916979023801531e-07
tabb_c2_sim,24,1.0,ok,10,4,0.550096782024894,0.3043514694557934,1.6203306385719813,0.22149181053234734,1.7929347087694678,0.3044034326235435,2.40459619262885,1.2439089990208547,0.17030914371850148,0.6150254462445828,0.24030497186598748,1.8561688171677313,1.0932142222610846,0.09904561992786212,0.4448537388570738,0.20633698145458917,2.0146382973872003,3.083827859916119,0.2767385684962586,0.7482745601137888,0.3133873615311308,1.9161959667972746,1.0603714730898666,0.3398739099867672,0.3922333828841306,0.45737656297146617,3.4572234912029396
tabb_c2_sim_euler,24,1.0,ok,10,4,0.5500984472342845,0.3043523010149688,1.6203387481375944,0.22149293143891496,1.7929427669754296,0.3044053033409131,2.4045969980352147,1.2439038978328658,0.17030901686155167,0.6150246335273936,0.24030485415961955,1.8561681673341635,1.0932229836107037,0.0990458024659164,0.4448527010114609,0.20633709123275074,2.014638295822543,3.0838399625160218,0.27673861518531456,0.7482774767788808,0.3133873549834335,1.9161969474431322,1.0603881485907865,0.33987829124287733,0.39223897761940263,0.4573799036840715,3.45722553820691
tabb_c2_sim_quat,24,1.0,ok,10,4,0.5500968113979724,0.3043511619413638,1.620330589053912,0.22149142717476683,1.792932465395977,0.30440248216650617,2.404595919782497,1.2438935083386127,0.17030914933796942,0.6150259425476233,0.24030495199677698,1.8561671344415893,1.093226463841036,0.09904612403686731,0.4448503534603486,0.20633734754609506,2.014638175451958,3.083837318922191,0.27673865088145155,0.7482798650631992,0.31338737327749194,1.9161981533443881,1.0603650651138086,0.339871784442779,0.39223108452071864,0.45737497494509116,3.457222494704179
tabb_rp1,24,1.0,ok,10,4,0.36445473869304285,0.2139562124397264,0.3865892484512596,0.05054014118603883,0.5133583182803537,0.07324388422108102,2.3353507236770397,0.3750839082517454,0.026038180968871467,0.3865345347011887,0.16505944070356332,1.7467926602265598,0.27763743450282785,0.024943187137800006,0.3570863919447124,0.15325967768495724,2.005937161117336,0.501319785090977,0.033166080256725475,0.4117492586595042,0.17733276196035802,1.7758135500981893,0.39231586595948814,0.11801311638075836,0.30244876946676613,0.36017296941002697,3.403949140840724
tabb_rp2,24,1.0,ok,10,4,6.551736692912469,0.5352293489937506,1.9656325865653645,0.4927462243447509,8.015489455000198,0.6149370819130254,4.442767196671391,4.025112850845945,0.6641357501506238,10.024725093406108,0.6768017050426669,3.2517338214360243,1.238123732242854,0.3048943423491854,4.170894372905383,0.30727602200944276,2.637868232962659,2.128819846481329,0.6906929491763495,9.693021271064183,0.7560548542164021,4.818892724222036,0.47047391669133126,0.31126185570284515,2.318306034274205,0.4007848147064908,6.180523659672613
tabb_c2_sim,24,3.0,ok,10,4,1.6432718978413121,0.9137840796145673,4.848896495206892,0.6669520756261409,5.378481445112354,0.9188529742279471,7.216610428141059,3.695819339779098,0.5085913648125958,1.8359189371078473,0.7191020354168186,5.568070390571955,3.236838593726087,0.29357631311502863,1.3256662173495188,0.6157014147962607,6.043527737021324,9.241472451346338,0.8302202047867138,2.2465111863874254,0.9409946518149674,5.750018134350994,3.221455595976045,1.0354204197902253,1.1649912505204574,1.3793382164302224,10.37918688329397
tabb_c2_sim_euler,24,3.0,ok,10,4,1.6432723652606929,0.9137848916375146,4.848901710177996,0.6669531958451687,5.378489389592283,0.9188550162038589,7.216611311688932,3.6958245268623737,0.5085911187882414,1.835914488393442,0.719101842932937,5.56807055532661,3.2368380177487617,0.29357637655906027,1.3256683258752593,0.6157014146975508,6.043527905836015,9.241471988502202,0.8302201522812181,2.246511944947458,0.9409944927535124,5.750018730344753,3.221472307598644,1.0354251357521551,1.1649947018266125,1.3793418161660584,10.379188823745203
tabb_c2_sim_quat,24,3.0,ok,10,4,1.6432711983082204,0.913784355912281,4.848898514465312,0.6669524277186927,5.378482982094719,0.9188537212213982,7.21661058598283,3.6958226700986856,0.5085913302663689,1.83591821683956,0.719102022722304,5.568070609347361,3.236841067296249,0.2935764688236774,1.3256648107277567,0.6157015364814802,6.043527680945598,9.241469521252379,0.8302201065569625,2.246509832695552,0.9409945900175387,5.7500175551237795,3.2214607992139364,1.035421805227762,1.1649919329700122,1.379339274427801,10.379187558456227
tabb_rp1,24,3.0,ok,10,4,1.1004579116246762,0.6406711835467512,1.1647087433404018,0.15164714022202463,1.5493824681222648,0.21972345079905917,7.0079808301796565,1.1206036848433343,0.0784332046249846,1.149631163429802,0.4949176411536633,5.242683309716027,0.8363735210154954,0.07456654618668923,1.082421873154038,0.45888179699927484,6.018020132188063,1.5101437103734854,0.0993847617966995,1.2426073918067457,0.5325273904561185,5.3265934591575155,1.1917140571292912,0.3542040482797252,0.9271712181081199,1.0763579055779484,10.21627568089892
tabb_rp2,24,3.0,ok,10,4,23.99334239380252,2.0069952116332392,6.382702179964746,1.9407253847724353,25.947104939701273,2.4174878499190675,21.39368862594797,12.207109661490714,2.1389237122528284,32.034259992469146,2.17832693330473,10.211692459324405,3.2739508155677477,0.8948996691459381,12.183063252892735,0.9126586482449813,7.892351769094106,8.595151502974907,2.6066574192846437,36.05036409304924,2.785931592516618,17.46452541633799,1.4545967398256145,2.122420738406331,15.705682236798966,2.1510636724666274,36.86708728320154
tabb_c2_sim,24,5.0,ok,10,4,2.7270553115033396,1.5243837255002197,8.062272010738962,1.1159570169890152,8.965380013201722,1.5412592364355036,12.033405080590274,6.100665317479953,0.8438484327107639,3.0448316122029957,1.195538615444609,9.279734841381577,5.323436103117858,0.4833556311751543,2.194742925681945,1.0206711707526048,10.07217856249622,15.38553013821358,1.3836478297048171,3.746831385087314,1.569652517394124,9.585861719483786,5.439456484144457,1.7529761743653252,1.9218153230411033,2.311672598409541,17.3135884988664
tabb_c2_sim_euler,24,5.0,ok,10,4,2.7270525291115204,1.5243824829291397,8.062268067245135,1.1159553785160483,8.965377068330913,1.5412564001158657,12.033404171199136,6.100668918758113,0.8438483465817896,3.044830993950714,1.1955385581065383,9.279735143386905,5.323441695977329,0.48335556927603596,2.1947398178115582,1.0206711965979354,10.072178379148337,15.38552782101721,1.3836481321231153,3.746830995951073,1.5696527064840784,9.585861783950753,5.439433833227884,1.752969466083252,1.9218083087327371,2.311667470528006,17.31358587976305
tabb_c2_sim_quat,24,5.0,ok,10,4,2.727055050168496,1.524382926307804,8.0622669902487,1.1159559702773325,8.96537603724511,1.5412573849595341,12.033404535916915,6.100662526460154,0.8438483356055351,3.0448338385610847,1.1955385345669198,9.279734639995887,5.323433499858427,0.48335556112880085,2.1947447463568404,1.020671167159625,10.072178654580057,15.38553066140513,1.3836480743575943,3.7468329240403992,1.5696526621998037,9.585862640466976,5.439441273271088,1.7529719100173997,1.9218086917156612,2.311669341304867,17.313586529072623
tabb_rp1,24,5.0,ok,10,4,1.8459211471101797,1.0657810868992361,1.9496776702247212,0.25279065200049344,2.5981610404716053,0.36618360108748593,11.684136300999448,1.8600313721963995,0.13127459285339946,1.8994174160844408,0.8244232957232802,8.741954038976449,1.400130485577327,0.12384847756069745,1.8227950034112608,0.7633135106945592,10.030662972991342,2.5272591409552083,0.16544671168530484,2.0831605817550494,0.8884538867446495,8.87646288753397,2.0112896821699495,0.5905928259025721,1.578311587189968,1.7869336544344554,17.03668426984101
tabb_rp2,24,5.0,ok,10,4,39.82787138895797,3.334179526517845,11.054441625583111,3.212279654642671,45.252772100428764,3.9960649111712976,35.70085686587249,21.45080810136178,4.016957252400385,59.708099129981605,4.070407912077332,18.506955539482842,4.905952258859486,1.4350633692603325,19.684426227956354,1.5101323004460698,13.17163105200241,15.510231156826238,3.8575605683729153,53.7164235719556,4.151197741279048,25.972684646088812,2.3507749852849433,3.539537428537051,26.202536625938347,3.604980152268931,62.510999897573335
tabb_c2_sim,25,0.0,ok,10,4,9.310017681540561e-07,4.6968283961434397e-08,9.685979016765968e-07,3.7971497917341763e-08,1.5657078319161157e-06,6.621763081202342e-08,7.602777960586683e-07,1.7419783746226574e-06,3.824860556069498e-08,1.378169208637326e-06,6.149265408656492e-08,8.416678586578747e-07,1.0601611240570092e-06,4.7084591536998116e-08,9.317937585443826e-07,6.50043000970741e-08,8.809269624816484e-07,1.071203366609402e-06,6.646647745897109e-08,1.4129251704930222e-06,6.12898579343822e-08,9.097532317939173e-07,1.0487414173190979e-09,8.631711270286737e-11,1.1189349414934145e-09,8.632372771635707e-11,1.1262481750022366e-09
tabb_c2_sim_euler,25,0.0,ok,10,4,1.4632590623289943e-06,1.0854909994196225e-07,1.6507799193121385e-06,1.112683282715444e-07,3.05654827126183e-06,1.836505562825223e-07,1.2704171999878805e-06,2.770952957857697e-07,8.921545397203386e-08,1.1045272841316442e-06,9.88373390802399e-08,8.088410180604794e-07,4.682587951557835e-06,2.714897241255e-07,3.6025462029835204e-06,2.566298519852933e-07,2.1174032572664254e-06,1.641246744333825e-06,8.417201141015087e-08,1.1436538971158048e-06,7.853307634979309e-08,1.1481349172486825e-06,2.189685571124751e-09,1.9612357849288756e-10,2.308865085008523e-09,1.9613235252269728e-10,2.3051062803243202e-09
tabb_c2_sim_quat,25,0.0,ok,10,4,7.188370442532568e-07,8.974299138592979e-08,6.934117413185445e-07,8.289717085602703e-08,1.6726936848541076e-06,1.5530750568165144e-07,8.203722253349953e-07,1.1871034030674297e-06,2.155468988609046e-07,1.4526184954557276e-06,2.0930143795714202e-07,1.0231468108700127e-06,8.220367360881566e-07,7.540757740762074e-09,7.862102793414141e-07,4.706048907799592e-08,8.38048391615995e-07,7.631557303792089e-07,1.0841123335281629e-07,6.351151484165736e-07,1.025202336538023e-07,9.710227762317992e-07,1.351095739382611e-09,8.979346962517663e-11,1.4042537993120802e-09,8.980485477895713e-11,1.6177638346347138e-09
tabb_rp1,25,0.0,ok,10,4,6.373812905787162e-07,5.4045058942106e-08,8.950576256606601e-07,3.822353562285905e-08,1.2608451907880222e-06,6.15401576755879e-08,7.29702934709755e-07,1.044742784664371e-06,5.6487934467619787e-08,8.361272374518465e-07,5.876808803868659e-08,7.755137754762458e-07,1.1238359212551612e-06,4.592849757316373e-08,7.50415233758949e-07,7.489630968232786e-08,7.582781156998164e-07,1.362087127246958e-06,4.4219407087452765e-08,9.442367682548788e-07,7.625752951296079e-08,9.76290364938488e-07,4.956466947615027e-08,6.258303363199937e-09,1.8745922849190588e-08,6.258308534448761e-09,1.775664162236313e-08
tabb_rp2,25,0.0,ok,10,4,2.4479602952968094e-06,1.1733135158295132e-07,1.9902807616477433e-06,1.1427789641333029e-07,3.930189112190277e-06,1.8919265910508688e-07,1.477854849231141e-06,4.633666391718777e-06,1.70976780720823e-07,5.056587735289239e-06,1.717550753223903e-07,2.030530069133071e-06,1.8463336608427213e-06,4.9377384590757156e-08,2.0952552845570865e-06,5.073598806253691e-08,1.409562246395575e-06,1.3704672585812508e-06,2.2715435057773232e-07,2.4875775308945474e-06,2.372312765520238e-07,1.6083013175780353e-06,1.1065573544822493e-07,9.603069764008605e-09,1.524206304463631e-07,9.60306639485434e-09,1.9916979023801531e-07
tabb_c2_sim,25,1.0,ok,10,4,0.52869164903228,0.30692456150352687,1.6216249742541105,0.25968969895319227,2.127300966168282,0.40369033735074117,2.5183209190385525,2.0829775100405663,0.16447637562560335,0.429839383196737,0.22685656899197743,1.7658306744139822,1.3595413163727028,0.2701970892919696,0.7901376848672503,0.31512235375532655,2.198787681318206,1.5768352317532002,0.16632481593512083,0.529362170293451,0.22038040105956394,1.9088705928953202,1.4671458388499734,0.4377605149600752,0.3654273577716821,0.46533892220723966,3.710949855014233
tabb_c2_sim_euler,25,1.0,ok,10,4,0.5286922273471375,0.30692449161897145,1.6216285560859718,0.2596896599158995,2.127306103796155,0.4036904080922548,2.5183209594356186,2.0829818311761983,0.1644762561202166,0.42983743514608275,0.2268563855408251,1.7658308476802043,1.3595436938022054,0.2701972167954771,0.7901375472339565,0.31512249617225196,2.198787580889113,1.5768440424272656,0.16632493474814702,0.5293669921675905,0.2203804284362511,1.9088710515781036,1.467144656938218,0.4377602319997573,0.36542693484092037,0.46533865632655763,3.71094970578784
tabb_c2_sim_quat,25,1.0,ok,10,4,0.5286908377600369,0.3069244774181979,1.6216248217300957,0.25968968935669257,2.127302043418261,0.4036903574248211,2.5183209552223356,2.0829810207845956,0.16447627284199623,0.429835639426376,0.2268564153743134,1.7658306551562442,1.3595406166798447,0.2701969844821069,0.7901366523364892,0.3151222419614933,2.198787369987245,1.5768320125051467,0.16632509273521756,0.5293636442931836,0.22038043048762943,1.908871150421607,1.4671456369507958,0.4377604073674497,0.3654274149840987,0.46533882184935554,3.7109498600804187
tabb_rp1,25,1.0,ok,10,4,0.42605545260658306,0.2083206401312691,0.7749226969842408,0.10198884042776885,0.9466915772347061,0.13929513993077472,2.452370187516695,0.9648448990378097,0.06581340804714111,0.6186084454960272,0.1658144865695378,1.7264877411020372,0.5753988206626254,0.050798941308271055,0.2304734000943163,0.15232132202821874,1.9944735672879657,0.8021471538451989,0.07166292130395063,0.5466356389374156,0.23749268200207851,1.875290247194618,0.7572999143913289,0.21968009105171257,0.308504325898573,0.2776540699252413,3.685251674509279
tabb_rp2,25,1.0,ok,10,4,8.477304753324177,0.6931567949628725,3.9735380601429213,0.6448451696942095,7.372581561235933,1.0594248254147616,9.265541297588076,4.908111764860583,0.25566234331315674,5.559648672671798,0.3005897786861369,2.781526611458706,4.32503591046069,0.30269339586201577,5.6083439482143085,0.39040438073859446,2.6342824694210343,3.163392354283728,1.1448488782890043,15.425020150655921,1.1498006590623948,7.524318173925321,3.4976122109666847,0.8761760613126611,7.316206241754682,0.9318323613643642,16.495736532444543
tabb_c2_sim,25,3.0,ok,10,4,1.5935374036570462,0.9226034371544585,4.881803290273792,0.7814601227863456,6.3961061995095285,1.2146015916811566,7.555851300155063,6.2829226472534145,0.49654126538712823,1.3013597917499946,0.6822220312356821,5.298851125069294,4.091147052326563,0.815765972272224,2.386203637835946,0.9498792908586364,6.605350050469854,4.745861810011037,0.497715925035815,1.5890276444301847,0.6593115635444,5.7246040530502,4.407281651504156,1.315817328450215,1.0975585406120603,1.3990008629791153,11.130318566021858
tabb_c2_sim_euler,25,3.0,ok,10,4,1.5935338664728684,0.9226035558165633,4.88179983409511,0.7814601649599973,6.396099957566832,1.2146014649189443,7.555851006327316,6.282935211703185,0.49654126829783585,1.3013561317118634,0.6822220946413873,5.298851905048126,4.091137405258085,0.8157659902032233,2.386203114805964,0.9498793293355378,6.605348063115811,4.745844750597748,0.49771545274267626,1.5890233994897005,0.659311360527048,5.7246039416907895,4.407281968821423,1.3158179485962533,1.0975528198839462,1.3990014387622798,11.130318633512177
tabb_c2_sim_quat,25,3.0,ok,10,4,1.5935371694499525,0.9226036067787013,4.881802321944624,0.7814602601319482,6.396101396354503,1.2146017220001715,7.555851082803075,6.282924952051487,0.49654145534172195,1.3013610076796833,0.6822223201207526,5.298851414704753,4.09114211858445,0.8157662158600418,2.386203591130044,0.9498794920846856,6.6053490729008235,4.745859744834488,0.497715815469179,1.5890253149023195,0.6593115386294881,5.724603562238774,4.407282472308074,1.31581755385685,1.0975587640877629,1.3990010762798795,11.130318670514265
tabb_rp1,25,3.0,ok,10,4,1.2751365158962722,0.6242263277449343,2.3163703763797754,0.3058814254399498,2.8279432522403547,0.4183471378977746,7.356965634950566,2.890755944614323,0.19740762589213776,1.8497696832138277,0.4947943303441369,5.178916082800222,1.723392654594393,0.15134661320803802,0.6974219928029108,0.45690733917017934,5.984075032358163,2.394348021512679,0.21509778675711289,1.6284809356949932,0.7119938528904317,5.625214671339091,2.2569848847977068,0.6596736759025104,0.9248734518733573,0.8332097885749892,11.055605253949086
tabb_rp2,25,3.0,ok,10,4,23.25260419218945,2.002151365819466,11.15585961356804,1.842647789044828,22.0901361630909,2.7776566593758076,26.402293011131306,15.064601438977721,1.7082932442599716,26.50371197812372,1.805235751037491,10.28843869445075,13.083132512200466,1.2452644978324416,20.00592343428229,1.53626143589183,8.888624829106536,5.887549847420776,1.7429282650064695,23.64240497309367,1.8784467148698998,12.363825184391018,10.588154655673195,2.6741051490804293,22.85837638325812,2.788661561478643,49.503540375111264
tabb_c2_sim,25,5.0,ok,10,4,2.668392718685886,1.540727010153522,8.164671522307302,1.3063827668348817,10.68293278200592,2.030153942276009,12.59521840504058,10.529297061332295,0.8328959595406885,2.1891697018646274,1.1399469860206102,8.833937037069058,6.839355267092858,1.368205192699775,4.003208915402908,1.590612320880954,11.024142980324696,7.9358833882735,0.8274455911571816,2.6499619856376437,1.0959186929212756,9.538001588164832,7.354150372530557,2.196984323941882,1.831230271838363,2.336430040791248,18.54762681211034
tabb_c2_sim_euler,25,5.0,ok,10,4,2.6683932468442935,1.5407271162472753,8.164674535314285,1.306382973194717,10.68293587412631,2.030154179134645,12.59521876145686,10.52929950447038,0.8328957889555004,2.189169010753597,1.1399468973467695,8.833937350185126,6.839358638480128,1.368205417599075,4.003209540977895,1.5906125022576045,11.024143567759387,7.9358888980590665,0.8274461861185138,2.649963976137508,1.0959188617240287,9.538002311322519,7.354151100247565,2.1969845001057786,1.8312304595081754,2.336430203660699,18.54762691007826
tabb_c2_sim_quat,25,5.0,ok,10,4,2.6683928773367636,1.5407270168006248,8.164671441517612,1.3063827890195594,10.682932030607668,2.030153845208465,12.595218490661669,10.529293432194955,0.8328957156993753,2.1891682648924657,1.1399467954428935,8.833936646430748,6.83935678095937,1.368205186892397,4.0032092967828055,1.5906123373601033,11.024143215853549,7.935884694267833,0.8274457734024602,2.6499636608972974,1.0959187469244633,9.538002114882472,7.354150858648286,2.196984480084005,1.8312302867744852,2.3364301874750395,18.547626819885018
tabb_rp1,25,5.0,ok,10,4,2.1206373035483495,1.0392091860250292,3.8468784406775525,0.509655582979434,4.693243477027203,0.6979903485997324,12.262112007620413,4.811638330557765,0.3289589810746883,3.0729176570814047,0.8202582529558216,8.630832147688054,2.8685584903683385,0.2505379748181735,1.1729284818143773,0.761447637742933,9.974851377198071,3.9702997331440733,0.35868754550697474,2.6951058010945914,1.1859700474643142,9.37462453969041,3.737017208640034,1.1004378305178995,1.5415972742030242,1.3891608059370475,18.42729103071836
tabb_rp2,25,5.0,ok,10,4,36.07916304717468,3.0976802829782355,18.938731656566524,2.7873263342319623,37.33343419172252,4.096802245840389,40.6556447516057,27.671222885048287,2.9202886577144587,47.098556491944905,3.0874270215095256,17.901109285143253,20.590636166496807,2.354366214909817,35.475435920683694,2.8742821183861245,16.11158815051232,7.647763500567694,1.728158744203655,23.744324859086262,2.1412223372990096,14.308604364052753,19.84530407415332,4.146491720099919,37.998334916983865,4.287789654718281,76.33319497739956
tabb_c2_sim,26,0.0,ok,10,4,9.310017681540561e-07,4.6968283961434397e-08,9.685979016765968e-07,3.7971497917341763e-08,1.5657078319161157e-06,6.621763081202342e-08,7.602777960586683e-07,1.7419783746226574e-06,3.824860556069498e-08,1.378169208637326e-06,6.149265408656492e-08,8.416678586578747e-07,1.0601611240570092e-06,4.7084591536998116e-08,9.317937585443826e-07,6.50043000970741e-08,8.809269624816484e-07,1.071203366609402e-06,6.646647745897109e-08,1.4129251704930222e-06,6.12898579343822e-08,9.097532317939173e-07,1.0487414173190979e-09,8.631711270286737e-11,1.1189349414934145e-09,8.632372771635707e-11,1.1262481750022366e-09
tabb_c2_sim_euler,26,0.0,ok,10,4,1.4632590623289943e-06,1.0854909994196225e-07,1.6507799193121385e-06,1.112683282715444e-07,3.05654827126183e-06,1.836505562825223e-07,1.2704171999878805e-06,2.770952957857697e-07,8.921545397203386e-08,1.1045272841316442e-06,9.88373390802399e-08,8.088410180604794e-07,4.682587951557835e-06,2.714897241255e-07,3.6025462029835204e-06,2.566298519852933e-07,2.1174032572664254e-06,1.641246744333825e-06,8.417201141015087e-08,1.1436538971158048e-06,7.853307634979309e-08,1.1481349172486825e-06,2.189685571124751e-09,1.9612357849288756e-10,2.308865085008523e-09,1.9613235252269728e-10,2.3051062803243202e-09
tabb_c2_sim_quat,26,0.0,ok,10,4,7.188370442532568e-07,8.974299138592979e-08,6.934117413185445e-07,8.289717085602703e-08,1.6726936848541076e-06,1.5530750568165144e-07,8.203722253349953e-07,1.1871034030674297e-06,2.155468988609046e-07,1.4526184954557276e-06,2.0930143795714202e-07,1.0231468108700127e-06,8.220367360881566e-07,7.540757740762074e-09,7.862102793414141e-07,4.706048907799592e-08,8.38048391615995e-07,7.631557303792089e-07,1.0841123335281629e-07,6.351151484165736e-07,1.025202336538023e-07,9.710227762317992e-07,1.351095739382611e-09,8.979346962517663e-11,1.4042537993120802e-09,8.980485477895713e-11,1.6177638346347138e-09
tabb_rp1,26,0.0,ok,10,4,6.373812905787162e-07,5.4045058942106e-08,8.950576256606601e-07,3.822353562285905e-08,1.2608451907880222e-06,6.15401576755879e-08,7.29702934709755e-07,1.044742784664371e-06,5.6487934467619787e-08,8.361272374518465e-07,5.876808803868659e-08,7.755137754762458e-07,1.1238359212551612e-06,4.592849757316373e-08,7.50415233758949e-07,7.489630968232786e-08,7.582781156998164e-07,1.362087127246958e-06,4.4219407087452765e-08,9.442367682548788e-07,7.625752951296079e-08,9.76290364938488e-07,4.956466947615027e-08,6.258303363199937e-09,1.8745922849190588e-08,6.258308534448761e-09,1.775664162236313e-08
tabb_rp2,26,0.0,ok,10,4,2.4479602952968094e-06,1.1733135158295132e-07,1.9902807616477433e-06,1.1427789641333029e-07,3.930189112190277e-06,1.8919265910508688e-07,1.477854849231141e-06,4.633666391718777e-06,1.70976780720823e-07,5.056587735289239e-06,1.717550753223903e-07,2.030530069133071e-06,1.8463336608427213e-06,4.9377384590757156e-08,2.0952552845570865e-06,5.073598806253691e-08,1.409562246395575e-06,1.3704672585812508e-06,2.2715435057773232e-07,2.4875775308945474e-06,2.372312765520238e-07,1.6083013175780353e-06,1.1065573544822493e-07,9.603069764008605e-09,1.524206304463631e-07,9.60306639485434e-09,1.9916979023801531e-07
tabb_c2_sim,26,1.0,ok,10,4,0.6474339599241643,0.2357556902572951,1.7028730972169224,0.19514994843940142,1.992371839674818,0.2585202220394454,2.4132983817515994,2.9187721421132546,0.3279513105136206,1.0424744064903206,0.32398520722645635,1.9045172395819816,2.1584504015421944,0.1723034779189929,0.6065846905794787,0.2664135595248016,1.958991904581726,1.3237495345077184,0.15081453385782093,0.5929764212569901,0.2176647217132877,2.059059922584221,0.4105203107045226,0.12953047146717123,0.34770032136986795,0.13495927256463475,3.404625288425336
tabb_c2_sim_euler,26,1.0,ok,10,4,0.6474316153110524,0.23575459877158203,1.702881968998105,0.19515030486826612,1.9923544580131,0.25852159073251707,2.413297122052492,2.9187721381086194,0.32795108596054245,1.0424751749212942,0.32398499498568495,1.904515266651022,2.1584783097034395,0.17230575905883153,0.6065820083833414,0.26640992411136544,1.9589853401299369,1.3237565661667423,0.1508143014406867,0.5929695246796913,0.21766460153438105,2.059062091181514,0.4105208620136186,0.12953007301300384,0.347699753259883,0.13495887445489663,3.4046252860095714
tabb_c2_sim_quat,26,1.0,ok,10,4,0.6474342937428444,0.23575683941267678,1.7028884414813292,0.19515118707068052,1.9923615589998098,0.25851892987024877,2.4132983595880355,2.9187698223249625,0.32795106357368103,1.0424736794383365,0.3239849872553886,1.9045166171902073,2.1584665713985265,0.17230423396412567,0.6065822218833056,0.2664135595351779,1.9589914298847169,1.3238042749223815,0.15081649549251133,0.5929812182214509,0.21766704083857819,2.0590611112661565,0.4105130972794463,0.12953295525240408,0.34770005542828475,0.13496177002156232,3.4046251279865145
tabb_rp1,26,1.0,ok,10,4,0.3428102243920478,0.1900789103913539,0.6539182955375358,0.05976515355730037,1.0480277477014321,0.09416819453598031,2.3821253503957167,0.4687156795317147,0.04351465044601713,0.38443672223019015,0.20530462152032686,1.7086130422729757,0.7120521615938039,0.05382124107090164,0.31308964141203505,0.215813298375154,1.938036444900806,0.5844915832303935,0.04046494716704936,0.2590235242575323,0.2197596845593255,2.000874086130423,0.850413757794231,0.10125977554523333,0.4146910096684336,0.11943803711060932,3.4668781117100633
tabb_rp2,26,1.0,ok,10,4,8.448776454874572,0.7482732208344614,1.9489286424079941,0.7044222606080413,9.112309432731426,1.1438767053103698,7.029345876834483,1.380878169873873,0.440562583518548,6.373021110616215,0.46583894906886747,2.426905415094682,3.3656948675478224,0.9423598590029876,12.247964116158531,1.0060969957796568,5.427398934627747,0.9589559962300948,0.7607870881155346,9.921612357806724,0.8306997310177342,5.366602512849296,2.0901855359801864,0.6739795117950951,5.25250823491682,0.6904572074715865,11.554214045288633
tabb_c2_sim,26,3.0,ok,10,4,1.9382925603107852,0.7049452316408042,5.096099077420973,0.5832789927098234,5.971822227716264,0.7741478551634696,7.240633441471059,8.749042821407297,0.9829994223024074,3.12491414915389,0.9704323984190136,5.71306920091713,6.447808820802782,0.5145960266152991,1.8134521902740879,0.7967338319431603,5.876225033146886,3.949235133606943,0.4497446980096798,1.7728671378133471,0.6509725690663238,6.175879680861903,1.238309533866873,0.38577582391190735,1.0419367640018151,0.40164212713471903,10.21745664869018
tabb_c2_sim_euler,26,3.0,ok,10,4,1.9383189334970736,0.7049534200013101,5.096306472364654,0.5832943286520323,5.972040188340344,0.774168882753515,7.240637875412667,8.749035859681895,0.9829994292399236,3.124913461177925,0.9704324786256427,5.713070576323537,6.448668763136467,0.5146564294053054,1.8135704716143906,0.7967652513570284,5.876243003361439,3.9492197251959844,0.44974301149365986,1.7728558262169383,0.6509711924503979,6.175882252296711,1.2383015414442717,0.3857784444692404,1.0419359749790404,0.4016447575721716,10.21745655888002
tabb_c2_sim_quat,26,3.0,ok,10,4,1.9382974641269817,0.7049456064302153,5.096136341077349,0.5832798606205049,5.971782057483449,0.774145057748599,7.240632306775336,8.749055164436685,0.9829994502716314,3.124913707586485,0.9704322805993972,5.713068401217945,6.447781499855997,0.5145956725009274,1.8134524307224187,0.7967305920823733,5.876218333657805,3.9493956195916033,0.44974967162652146,1.77288705269815,0.650978627936261,6.175881535649896,1.2383130804251112,0.3857746480829392,1.0419366655008735,0.40164092510282967,10.217456611284558
tabb_rp1,26,3.0,ok,10,4,1.0280120394091175,0.5686000818211956,1.9578095279565975,0.17861394092663657,3.138748912478905,0.2810598022286199,7.148785176057464,1.4043430262892476,0.13066001108822872,1.150055142587576,0.6131076450157719,5.125841150267635,2.135452726009113,0.16134413019243674,0.9331457954413013,0.6465319594406107,5.815667069513474,1.7544384598885896,0.12167730442001772,0.7746288349595467,0.6577357794306375,6.003614755117985,2.5370038996394397,0.3007743180058631,1.2542183846480457,0.3570249433977621,10.405810726925845
tabb_rp2,26,3.0,ok,10,4,26.88572256180223,2.3745740312585903,6.091221187292341,2.2428050431346485,26.812126617156455,3.674787143363087,22.456998239412453,3.094974688911032,1.232280600481703,17.07581872883963,1.3466192746928556,6.981801954158732,11.299367141012416,2.879756032883897,37.771507189420234,3.0960139010049943,16.26087861708072,3.803096265933127,2.749635319959093,36.03595266688308,2.8843620978152362,18.441002716051315,6.167446653312789,2.1095482192139015,16.659611662065977,2.1713008515212744,37.03051832719086
tabb_c2_sim,26,5.0,ok,10,4,3.223731839267943,1.1710473900145013,8.472547686580675,0.9684856276535996,9.943710387575335,1.28787531208707,12.069631697521286,14.569907541118756,1.6369534318390275,5.2040833644847915,1.6149223300435716,9.521201715957599,10.699357600330856,0.8537196331928657,3.01158629379368,1.3236590256300031,9.792640433337471,6.5457246770971524,0.7450874860236474,2.9447276334052592,1.0816366146658951,10.291266320056218,2.075200927775935,0.6381819595588575,1.7345300653880418,0.6639715897185352,17.036572014707918
tabb_c2_sim_euler,26,5.0,ok,10,4,3.2237331661089645,1.1710475983881363,8.472547531531166,0.9684863559106051,9.943665871628882,1.28787504950976,12.06963057370168,14.569921906497305,1.6369534549916291,5.204079564644014,1.6149224062925962,9.521203701419214,10.6993716315564,0.8537197567567019,3.011576893268177,1.323657113930929,9.79263868407598,6.545699066908952,0.7450890972962798,2.9447443337244703,1.0816380451482255,10.291261126276655,2.075197521162011,0.6381831145978095,1.734531872799197,0.6639728281807946,17.036571863275313
tabb_c2_sim_quat,26,5.0,ok,10,4,3.2237355375838064,1.1710477957752192,8.472570001432263,0.9684867089552031,9.943675513955965,1.28787310874009,12.06963170169934,14.569895272691397,1.6369539640306832,5.204086327577857,1.6149221310338215,9.521204282506483,10.699336109429035,0.8537194459510226,3.0115787485320893,1.3236567065361449,9.792636217253401,6.545845112242337,0.7450923625232045,2.9447469053889423,1.0816416514041296,10.291267996818846,2.075203511366283,0.6381810633159023,1.7345301688363368,0.6639706941267809,17.036572002713232
tabb_rp1,26,5.0,ok,10,4,1.6884839648962764,0.9444701365837453,3.204457129265699,0.293152268957787,5.17223385614162,0.4646962006166839,11.905445459894556,2.3375201129323844,0.217969149984227,1.9114295244691244,1.017199064798767,8.543344681157736,3.5579655353069968,0.26869998618209157,1.5455857141884555,1.076037125604277,9.695584135638446,2.9290185002956592,0.203257849872345,1.2880048723524002,1.0936176853655444,10.007909720807769,3.993324368527755,0.4826820897924844,2.008915748575126,0.5910266705663932,17.314940928052483
tabb_rp2,26,5.0,ok,10,4,47.784579148359306,4.202565529552505,10.478439618391679,3.992462229548956,45.83158596074262,6.563139382360023,36.4036874454838,4.583180360796177,2.021556240184013,27.62524079475927,2.22654535739126,11.51210936498501,20.096401533915586,4.6564130543119076,61.88558808681741,5.025736232957163,26.232279467120073,8.848759700781656,5.658750976224619,75.1689050183074,5.863383216650376,37.28340676373976,8.385416878073297,3.6331286474752855,26.458582693553158,3.6945973112112176,55.857990001314334
tabb_c2_sim,27,0.0,ok,10,4,9.310017681540561e-07,4.6968283961434397e-08,9.685979016765968e-07,3.7971497917341763e-08,1.5657078319161157e-06,6.621763081202342e-08,7.602777960586683e-07,1.7419783746226574e-06,3.824860556069498e-08,1.378169208637326e-06,6.149265408656492e-08,8.416678586578747e-07,1.0601611240570092e-06,4.7084591536998116e-08,9.317937585443826e-07,6.50043000970741e-08,8.809269624816484e-07,1.071203366609402e-06,6.646647745897109e-08,1.4129251704930222e-06,6.12898579343822e-08,9.097532317939173e-07,1.0487414173190979e-09,8.631711270286737e-11,1.1189349414934145e-09,8.632372771635707e-11,1.1262481750022366e-09
tabb_c2_sim_euler,27,0.0,ok,10,4,1.4632590623289943e-06,1.0854909994196225e-07,1.6507799193121385e-06,1.112683282715444e-07,3.05654827126183e-06,1.836505562825223e-07,1.2704171999878805e-06,2.770952957857697e-07,8.921545397203386e-08,1.1045272841316442e-06,9.88373390802399e-08,8.088410180604794e-07,4.682587951557835e-06,2.714897241255e-07,3.6025462029835204e-06,2.566298519852933e-07,2.1174032572664254e-06,1.641246744333825e-06,8.417201141015087e-08,1.1436538971158048e-06,7.853307634979309e-08,1.1481349172486825e-06,2.189685571124751e-09,1.9612357849288756e-10,2.308865085008523e-09,1.9613235252269728e-10,2.3051062803243202e-09
tabb_c2_sim_quat,27,0.0,ok,10,4,7.188370442532568e-07,8.974299138592979e-08,6.934117413185445e-07,8.289717085602703e-08,1.6726936848541076e-06,1.5530750568165144e-07,8.203722253349953e-07,1.1871034030674297e-06,2.155468988609046e-07,1.4526184954557276e-06,2.0930143795714202e-07,1.0231468108700127e-06,8.220367360881566e-07,7.540757740762074e-09,7.862102793414141e-07,4.706048907799592e-08,8.38048391615995e-07,7.631557303792089e-07,1.0841123335281629e-07,6.351151484165736e-07,1.025202336538023e-07,9.710227762317992e-07,1.351095739382611e-09,8.979346962517663e-11,1.4042537993120802e-09,8.980485477895713e-11,1.6177638346347138e-09
tabb_rp1,27,0.0,ok,10,4,6.373812905787162e-07,5.4045058942106e-08,8.950576256606601e-07,3.822353562285905e-08,1.2608451907880222e-06,6.15401576755879e-08,7.29702934709755e-07,1.044742784664371e-06,5.6487934467619787e-08,8.361272374518465e-07,5.876808803868659e-08,7.755137754762458e-07,1.1238359212551612e-06,4.592849757316373e-08,7.50415233758949e-07,7.489630968232786e-08,7.582781156998164e-07,1.362087127246958e-06,4.4219407087452765e-08,9.442367682548788e-07,7.625752951296079e-08,9.76290364938488e-07,4.956466947615027e-08,6.258303363199937e-09,1.8745922849190588e-08,6.258308534448761e-09,1.775664162236313e-08
tabb_rp2,27,0.0,ok,10,4,2.4479602952968094e-06,1.1733135158295132e-07,1.9902807616477433e-06,1.1427789641333029e-07,3.930189112190277e-06,1.8919265910508688e-07,1.477854849231141e-06,4.633666391718777e-06,1.70976780720823e-07,5.056587735289239e-06,1.717550753223903e-07,2.030530069133071e-06,1.8463336608427213e-06,4.9377384590757156e-08,2.0952552845570865e-06,5.073598806253691e-08,1.409562246395575e-06,1.3704672585812508e-06,2.2715435057773232e-07,2.4875775308945474e-06,2.372312765520238e-07,1.6083013175780353e-06,1.1065573544822493e-07,9.603069764008605e-09,1.524206304463631e-07,9.60306639485434e-09,1.9916979023801531e-07
tabb_c2_sim,27,1.0,ok,10,4,0.5578363247922173,0.32901556697796286,1.8022173766572271,0.20512968033565798,2.0196714319994413,0.30782207764566083,2.342756395988717,1.8166512885265211,0.12864092404290953,0.6294575548934833,0.21734911820388206,1.8174872845842367,2.463518634880583,0.19189242558196004,0.7746959860552172,0.3742346925907229,2.0410893426092858,1.8133795068770682,0.1489724946677666,0.3905730599466197,0.27609016803486836,1.725745120405167,1.1153200763447364,0.35101287704999573,0.436618698273549,0.44838828908237804,3.392127381016717
tabb_c2_sim_euler,27,1.0,ok,10,4,0.5578350335864214,0.3290155021560538,1.8022176538734545,0.2051297363617566,2.0196737808709204,0.3078222152430676,2.342756395014353,1.8166485539163995,0.12864123596340876,0.6294583605424849,0.21734920875067892,1.8174879960552286,2.463516797878076,0.1918923142401979,0.7746924777165566,0.3742343118034846,2.0410887800266866,1.8133852525212175,0.148972547306539,0.39057071076476585,0.2760902258130076,1.7257450271622152,1.115320011178125,0.3510128479368808,0.436618585321878,0.44838826225704415,3.3921273830727223
tabb_c2_sim_quat,27,1.0,ok,10,4,0.5578359429790648,0.3290155668108433,1.8022154231218523,0.20512983658697598,2.0196702090592855,0.3078224458248709,2.342756321276662,1.8166516679318094,0.12864158667149692,0.629458137766533,0.21734945756608537,1.8174873637148545,2.46350973309626,0.19189216181236135,0.774694080505177,0.3742344097312993,2.0410886494951517,1.8133805183070415,0.14897281791942213,0.3905727566582393,0.27609020046006255,1.725745533181855,1.115319773152299,0.35101277994462343,0.43661879698631,0.44838819948592623,3.3921273392767546
tabb_rp1,27,1.0,ok,10,4,0.3829899231651811,0.24052474852591332,0.6852272469584016,0.07651827248994883,0.877970897330068,0.0955854775925789,2.2978868683470295,1.2908854860070476,0.08268192959068232,0.5862768086361022,0.20259595337008157,1.8189160301301939,0.7934177119866854,0.07445145810107351,0.41366221015781107,0.2969466436159315,1.9369667702848075,0.30652127342720503,0.020834669978863473,0.29267399808932243,0.18812147007788332,1.7127855010510655,0.3500845164126689,0.12810503228917602,0.23934667577748858,0.2744349270397569,3.3357467338549527
tabb_rp2,27,1.0,ok,10,4,7.664513995956358,0.726358945151649,2.652898487200572,0.6310483235101613,7.181406204272766,0.8932754345337742,8.501441525792456,0.9508440581528095,0.21295101986347237,2.9310063473768153,0.3101749902841891,2.0577154106023587,1.0947162868887224,0.30788338738602633,3.6975947620175167,0.48330131154077965,2.4396886625327854,5.192402055932817,1.219422348807925,17.527778422124463,1.2888816290702056,8.0309323356024,3.37363154782794,0.7839365379832214,6.501676452306639,0.8230778497114213,14.642946575253486
tabb_c2_sim,27,3.0,ok,10,4,1.6701058718133737,0.9871852797316661,5.402601766078345,0.6155963610546786,6.055617913396637,0.9247446686010793,7.026444224867917,5.458571077139868,0.3860736657161959,1.8870688846067807,0.6518872812064377,5.453249454143416,7.41050751855673,0.5779286790473213,2.3311043478265967,1.122733029951028,6.130103526367954,5.389039923818302,0.4429902709925044,1.1551823373166468,0.8265931503458218,5.1744208684913815,3.35228854479848,1.0553928284626932,1.3070679175034705,1.3475276574233768,10.168232078554043
tabb_c2_sim_euler,27,3.0,ok,10,4,1.6701071876885951,0.9871854547814716,5.402600182532865,0.6155965942574415,6.055615156643384,0.9247448287789309,7.026444333613879,5.458574710068455,0.3860742127425786,1.8870734363427983,0.6518876268218038,5.453250536753048,7.410495169755668,0.577928652996759,2.3311040453032588,1.1227331478336278,6.130102826068313,5.389041945397579,0.442990628803152,1.1551833712360229,0.8265933383174398,5.174421042963669,3.3522889049097575,1.0553928824872763,1.3070678978723,1.3475277061530155,10.16823213193252
tabb_c2_sim_quat,27,3.0,ok,10,4,1.6701064183179075,0.9871853466307607,5.402601222940849,0.6155964326550019,6.0556153329513895,0.9247448967391033,7.026444301194157,5.458575083497615,0.3860738246506425,1.887072673646968,0.651887391768142,5.4532499803861905,7.4105094167055,0.5779286187283326,2.331106581000789,1.1227331524757957,6.130103326731878,5.389031702198834,0.44299041604767503,1.1551785293961518,0.8265931444449376,5.174420907115574,3.3522886893614454,1.0553928711933571,1.3070678892277212,1.3475276978341677,10.16823210799938
tabb_rp1,27,3.0,ok,10,4,1.14972280074244,0.7209679936648234,2.0508454695192615,0.22921879974186754,2.63714524656841,0.2865569010075298,6.8897683410847925,3.870682190788832,0.24799203718235324,1.7538039318990806,0.6072107903873086,5.456564796636078,2.3842811508757715,0.22322438419710477,1.2460042377922786,0.88917828172697,5.813543073757094,0.9077243420538793,0.06253163313544675,0.8747606074255665,0.5651534424135393,5.136748092899119,1.0406941943585633,0.38312714445256535,0.7243224258528345,0.8223294601314759,9.99590254829634
tabb_rp2,27,3.0,ok,10,4,23.45005385429114,2.332544445445471,9.083218766140972,2.077914353640029,22.09132161378457,2.7805267139794894,35.02127939417867,2.8470697720387057,0.6929819042235132,9.340235717435311,0.9724779834059918,6.258989941924701,3.2585089428330214,0.6618741361704861,7.912057345119173,1.2525550858395218,6.480540717911205,19.091036244924293,3.1309001882775322,47.48739458278329,3.358240806673469,20.764336795318734,11.136260104767864,3.825901185888584,29.060527771826784,3.7469039058629026,66.28446270417713
tabb_c2_sim,27,5.0,ok,10,4,2.7777781640406416,1.6455853717751636,8.99782720184992,1.0263863548647867,10.088220414336888,1.5434851907850196,11.708436564961485,9.112288269833034,0.6437481024450677,3.143045706438034,1.086238505771773,9.090324300220802,12.384554952920361,0.967021159422437,3.896784843330386,1.8713168262164124,10.22848462863475,8.896562317156754,0.7317833184486235,1.8976774562510546,1.374854968590204,8.619642819033812,5.597903267489534,1.762992839143018,2.173604650143092,2.2499311865222653,16.935046831165984
tabb_c2_sim_euler,27,5.0,ok,10,4,2.777777899557731,1.6455856978978736,8.997822920503076,1.0263867326590255,10.08821439191721,1.5434861775091668,11.708436354940257,9.112283486967552,0.6437478237624489,3.1430402603808574,1.086238338272104,9.090322036901856,12.384552770666083,0.9670208325693513,3.8967846192300053,1.8713166102786414,10.228484296659742,8.89654721096292,0.7317838764744192,1.897681741123471,1.3748552266978435,8.619643335919294,5.597908213415751,1.7629943978298819,2.173604977496589,2.2499326163429054,16.93504740267031
tabb_c2_sim_quat,27,5.0,ok,10,4,2.7777798334380064,1.645585580103137,8.997821814462053,1.026386554655844,10.088211559078422,1.5434856817853324,11.708436639436405,9.11228470084563,0.6437481315820041,3.1430442764744315,1.086238537877689,9.090323906291818,12.384558854440105,0.9670208985319154,3.8967861722557755,1.8713168156215392,10.228484503019502,8.896538204471478,0.7317836562319142,1.8976837330349714,1.3748551425119813,8.61964330583727,5.597905498091002,1.7629935322775419,2.173605151986847,2.249931824401338,16.93504707667243
tabb_rp1,27,5.0,ok,10,4,1.9178197810821582,1.2006365818856202,3.410241614016531,0.3814881063330817,4.400803319251424,0.47728984425148785,11.477257013300108,6.4477919555513665,0.41322482991549286,2.9146182943939425,1.0110808408290202,9.094216699336506,3.98035803771805,0.37180549378882893,2.085246614544189,1.4791972691729924,9.694001285191174,1.4936258107351217,0.10427269889210364,1.45286929446035,0.9432244502025479,8.558815734894868,1.7191906520615872,0.6366494027359013,1.218544920930151,1.36904376733792,16.64265450947423
tabb_rp2,27,5.0,ok,10,4,31.828085956020615,3.236601732726066,14.633807611758854,2.7258080703944065,34.76146409973407,3.6368378664762413,48.60634659733394,4.745265359158831,1.2155220315122175,16.11346453261949,1.6666459504448654,10.51720877796054,4.6409485990900805,0.20955682202755055,3.5589647617491735,1.5111231464557429,9.887312604300483,31.26348354501112,4.220383009211957,66.78760528551459,4.625453675955644,28.462193469583866,17.88553294377539,5.2577704188259,40.852309244199205,5.143184158048011,91.82505447886341
tabb_c2_sim,28,0.0,ok,10,4,9.310017681540561e-07,4.6968283961434397e-08,9.685979016765968e-07,3.7971497917341763e-08,1.5657078319161157e-06,6.621763081202342e-08,7.602777960586683e-07,1.7419783746226574e-06,3.824860556069498e-08,1.378169208637326e-06,6.149265408656492e-08,8.416678586578747e-07,1.0601611240570092e-06,4.7084591536998116e-08,9.317937585443826e-07,6.50043000970741e-08,8.809269624816484e-07,1.071203366609402e-06,6.646647745897109e-08,1.4129251704930222e-06,6.12898579343822e-08,9.097532317939173e-07,1.0487414173190979e-09,8.631711270286737e-11,1.1189349414934145e-09,8.632372771635707e-11,1.1262481750022366e-09
tabb_c2_sim_euler,28,0.0,ok,10,4,1.4632590623289943e-06,1.0854909994196225e-07,1.6507799193121385e-06,1.112683282715444e-07,3.05654827126183e-06,1.836505562825223e-07,1.2704171999878805e-06,2.770952957857697e-07,8.921545397203386e-08,1.1045272841316442e-06,9.88373390802399e-08,8.088410180604794e-07,4.682587951557835e-06,2.714897241255e-07,3.6025462029835204e-06,2.566298519852933e-07,2.1174032572664254e-06,1.641246744333825e-06,8.417201141015087e-08,1.1436538971158048e-06,7.853307634979309e-08,1.1481349172486825e-06,2.189685571124751e-09,1.9612357849288756e-10,2.308865085008523e-09,1.9613235252269728e-10,2.3051062803243202e-09
tabb_c2_sim_quat,28,0.0,ok,10,4,7.188370442532568e-07,8.974299138592979e-08,6.934117413185445e-07,8.289717085602703e-08,1.6726936848541076e-06,1.5530750568165144e-07,8.203722253349953e-07,1.1871034030674297e-06,2.155468988609046e-07,1.4526184954557276e-06,2.0930143795714202e-07,1.0231468108700127e-06,8.220367360881566e-07,7.540757740762074e-09,7.862102793414141e-07,4.706048907799592e-08,8.38048391615995e-07,7.631557303792089e-07,1.0841123335281629e-07,6.351151484165736e-07,1.025202336538023e-07,9.710227762317992e-07,1.351095739382611e-09,8.979346962517663e-11,1.4042537993120802e-09,8.980485477895713e-11,1.6177638346347138e-09
tabb_rp1,28,0.0,ok,10,4,6.373812905787162e-07,5.4045058942106e-08,8.950576256606601e-07,3.822353562285905e-08,1.2608451907880222e-06,6.15401576755879e-08,7.29702934709755e-07,1.044742784664371e-06,5.6487934467619787e-08,8.361272374518465e-07,5.876808803868659e-08,7.755137754762458e-07,1.1238359212551612e-06,4.592849757316373e-08,7.50415233758949e-07,7.489630968232786e-08,7.582781156998164e-07,1.362087127246958e-06,4.4219407087452765e-08,9.442367682548788e-07,7.625752951296079e-08,9.76290364938488e-07,4.956466947615027e-08,6.258303363199937e-09,1.8745922849190588e-08,6.258308534448761e-09,1.775664162236313e-08
tabb_rp2,28,0.0,ok,10,4,2.4479602952968094e-06,1.1733135158295132e-07,1.9902807616477433e-06,1.1427789641333029e-07,3.930189112190277e-06,1.8919265910508688e-07,1.477854849231141e-06,4.633666391718777e-06,1.70976780720823e-07,5.056587735289239e-06,1.717550753223903e-07,2.030530069133071e-06,1.8463336608427213e-06,4.9377384590757156e-08,2.0952552845570865e-06,5.073598806253691e-08,1.409562246395575e-06,1.3704672585812508e-06,2.2715435057773232e-07,2.4875775308945474e-06,2.372312765520238e-07,1.6083013175780353e-06,1.1065573544822493e-07,9.603069764008605e-09,1.524206304463631e-07,9.60306639485434e-09,1.9916979023801531e-07
tabb_c2_sim,28,1.0,ok,10,4,0.6495542028196398,0.2625857285650786,2.024408463445581,0.19966813297456223,2.16985341879773,0.25827034789437137,2.420368263571588,2.0113263011061817,0.15727919978305024,0.5970875311346706,0.2285162070895137,1.8218421077030176,1.2666745625978761,0.12024798721481057,0.4720821090663114,0.13376185092265364,1.958806973095175,4.04468682380758,0.29492857826748975,1.2213198769302023,0.3391938678386883,1.87332697527428,0.774946166270685,0.22621676663289833,0.3077272941473751,0.34887098840945874,3.573141859160064
tabb_c2_sim_euler,28,1.0,ok,10,4,0.6495554070763818,0.26258577448356285,2.0244084037023113,0.19966827986401914,2.1698374970379533,0.25826998775135734,2.4203682283696333,2.0113432776904916,0.1572788165632587,0.597087969299972,0.2285158879700468,1.8218433094308075,1.2666775427603352,0.12024878434364417,0.47208107465960847,0.13376218196876244,1.958807162818498,4.044666937193042,0.29492885179566236,1.2213253392958927,0.339194124236695,1.8733254320412127,0.7749458571653771,0.22621666675351124,0.30772724505005433,0.3488709037587473,3.573141856132413
tabb_c2_sim_quat,28,1.0,ok,10,4,0.6495549545245116,0.26258573110947214,2.0244086908021863,0.1996681708513748,2.1698475306154577,0.2582701754290914,2.4203680265412175,2.0113459215431893,0.1572791994905105,0.5970890515387601,0.22851615390704536,1.821842247889844,1.2666754621438967,0.12024811675751325,0.47208081247172057,0.13376193172985562,1.9588069759905131,4.044667090856928,0.29492854463154633,1.2213227261824369,0.33919380227462087,1.873325612846896,0.7749462886647319,0.2262168225259292,0.30772722790512885,0.3488710365263667,3.573141858152079
tabb_rp1,28,1.0,ok,10,4,0.44858949308371243,0.1730879899952219,0.7752284802790068,0.056726644707722984,1.007165590325969,0.07889345710067265,2.411382800246046,1.02934257141317,0.08048596113822964,0.38004500831754906,0.18237836254993292,1.7878265669036655,0.769453118020765,0.052768933017182496,0.3796838482663083,0.12047299234752401,1.9482635734129863,0.3675450457681829,0.026485147137490356,0.40208325430577274,0.12579946022684635,1.7961127508416996,0.9345731859139095,0.06716653753798942,0.6325458614452197,0.2637011448565843,3.6112314019928475
tabb_rp2,28,1.0,ok,10,4,7.864534174569747,0.6892792938392391,2.2556199455259653,0.7013636901683669,7.613022464684708,1.096199730326134,7.9881399773187205,1.3418040965941809,0.4732960793360619,5.1940324246754255,0.514479926271995,2.5716180781273223,2.9518981501667123,0.563680971063735,7.016078830160204,0.5621964829874686,3.289090326787791,2.8762517040712696,0.8254840687672643,11.88177064868425,0.8783227816418968,5.803564110106689,1.852525831271699,0.9429936415064063,7.366254794759113,0.8021179844555959,14.287366100555813
tabb_c2_sim,28,3.0,ok,10,4,1.9460115518976229,0.7847450945920942,6.0562182738548715,0.5964261591976551,6.497771596126559,0.7742098417456219,7.263145735677075,6.025769382174734,0.47105132584637294,1.7887969209558805,0.6834522020912338,5.467697326438325,3.809534749320479,0.3651909522386507,1.4177542026913175,0.4031031229094761,5.878358551239416,12.096132075501163,0.8819366734529164,3.657246507380977,1.0145468993778501,5.619938085929986,2.2934368884231087,0.6675256852526803,0.920248576562317,1.0378781539898163,10.722808704373104
tabb_c2_sim_euler,28,3.0,ok,10,4,1.9460119867081884,0.784745029384587,6.0562143716850185,0.5964261082517506,6.4977577579166415,0.7742092307249996,7.263145624946415,6.025774356380035,0.4710510097621129,1.7887973877373453,0.6834519914140585,5.467697602973665,3.8095276561428424,0.36519121437711105,1.417757268254586,0.403103233313328,5.878358471961333,12.096119083075317,0.881936646228257,3.657244882551046,1.014546842725429,5.619937319926048,2.2934363911418774,0.6675255626395211,0.9202484082897768,1.0378780500855325,10.722808708280304
tabb_c2_sim_quat,28,3.0,ok,10,4,1.946010819054764,0.7847447922924259,6.056214135088474,0.5964257992082065,6.497758010801686,0.7742088682716091,7.263145778293289,6.0257604190730225,0.4710504885687848,1.7887947845184522,0.6834516026506848,5.467697819362455,3.809532942906375,0.36519110984205866,1.4177547839635727,0.4031031802065175,5.878358510163632,12.096128419060758,0.8819366333516313,3.6572452597804976,1.014546835750804,5.619937924716053,2.293434759313739,0.6675249650703512,0.9202484479565347,1.0378775505616973,10.722808675502081
tabb_rp1,28,3.0,ok,10,4,1.3489249135500154,0.5192336394534989,2.3283929941822508,0.17045774133424382,3.0295220196034456,0.23684153505940944,7.237310880842181,3.0821640642678427,0.24113725101856187,1.134138634339513,0.5459276248514436,5.3659040969029626,2.3126906714846807,0.1583412200878803,1.146048019268461,0.3613707453093081,5.845324679087934,1.0930702234033691,0.07958117901112793,1.1975054693056002,0.37741143444458414,5.390439392476516,2.8256470175731114,0.20277131521940514,1.918007531286488,0.7922247532086596,10.839607507596828
tabb_rp2,28,3.0,ok,10,4,30.10550349201167,2.7401147442944866,4.748364779421829,2.754037174723816,27.764963435936853,4.043552483768511,33.58087122981531,3.67400707793542,1.5682973641310305,17.60024889207693,1.6827935415898396,8.056253725833523,9.017817237027892,2.420794243503325,29.469888181129498,2.436555883859181,13.232969149951362,2.826493133886385,3.3729555891832668,46.76748669575023,3.528847992578803,23.032735973485632,3.4751416688376184,3.6541015020776424,26.58439019909003,3.312261559150124,61.15699491612452
tabb_c2_sim,28,5.0,ok,10,4,3.2391916019536433,1.3031029409121815,10.066494565671121,0.9899217774584682,10.813609833432196,1.2897985764867663,12.10982189225399,10.028033923757633,0.7836176778164282,2.9768126087355804,1.1354661086758677,9.116589666005732,6.36995923507552,0.6167823278839134,2.36672381003802,0.6756248654760963,9.801233208182877,20.097380591478604,1.4651954332305848,6.08423489211187,1.6859440397168295,9.366819056856874,3.7706045123727248,1.0940916709029467,1.5289950969291015,1.7153767497799324,17.879526455279784
tabb_c2_sim_euler,28,5.0,ok,10,4,3.2391908294878737,1.3031027855626913,10.066488146429585,0.9899215297125779,10.813611588620496,1.2897982393845848,12.109821799693892,10.028010101414612,0.7836173045393269,2.976807685785005,1.1354657865918616,9.116589247674527,6.369955007231793,0.616781928231905,2.3667223133205617,0.6756247180099609,9.80123317367312,20.097385650233637,1.4651959067125846,6.0842388056430865,1.6859444612148289,9.366819031821098,3.770601826838302,1.094090979366495,1.5289945132028409,1.715376176434113,17.879526449851923
tabb_c2_sim_quat,28,5.0,ok,10,4,3.2391886010583066,1.3031027601219916,10.066477212130927,0.9899211965051117,10.813620087586608,1.2898029379723004,12.109821795324736,10.02803079742738,0.7836178143998415,2.97681221289859,1.1354661548686025,9.116589606264164,6.369881940658171,0.6167791282142063,2.3667077670198617,0.6756233911398967,9.801232538695098,20.097391494015714,1.4651961296919498,6.084239257565992,1.6859447051333905,9.366819324263343,3.7706046164224487,1.094091713714449,1.5289951667487842,1.7153767893460763,17.879526450051063
tabb_rp1,28,5.0,ok,10,4,2.253741725310285,0.8653707068335216,3.8854187924547476,0.28452932062290065,5.062892053467864,0.39497440770478737,12.06859722329636,5.127445603545389,0.40136060745949925,1.880444773710729,0.9078987675251211,8.94749067428692,3.8618972862414136,0.2639512722640019,1.921810974637479,0.6022689468651137,9.743404169140684,1.8066053773675474,0.13274275727350787,1.9822343202278714,0.6290699511262511,8.98777082702358,4.745726902664641,0.3400626454945936,3.2304768326650612,1.3222451618176003,18.078512581068466
tabb_rp2,28,5.0,ok,10,4,47.49062939539942,4.427339165080095,7.66560753149448,4.427376318592243,42.21117215102541,6.40461942001679,59.24335892581506,5.809269876834696,2.6382747671526614,29.839568705114438,2.833803268981214,13.559040042786332,14.194803348013908,3.382738945740488,41.17015498695462,3.409314867076798,19.065576779382624,6.013106986331341,5.207978812342164,72.57623369996746,5.470971935875271,35.961333479851845,4.645249914797976,6.480512749133661,46.37656018956114,5.995266588387097,110.44700546773676
tabb_c2_sim,29,0.0,ok,10,4,9.310017681540561e-07,4.6968283961434397e-08,9.685979016765968e-07,3.7971497917341763e-08,1.5657078319161157e-06,6.621763081202342e-08,7.602777960586683e-07,1.7419783746226574e-06,3.824860556069498e-08,1.378169208637326e-06,6.149265408656492e-08,8.416678586578747e-07,1.0601611240570092e-06,4.7084591536998116e-08,9.317937585443826e-07,6.50043000970741e-08,8.809269624816484e-07,1.071203366609402e-06,6.646647745897109e-08,1.4129251704930222e-06,6.12898579343822e-08,9.097532317939173e-07,1.0487414173190979e-09,8.631711270286737e-11,1.1189349414934145e-09,8.632372771635707e-11,1.1262481750022366e-09
tabb_c2_sim_euler,29,0.0,ok,10,4,1.4632590623289943e-06,1.0854909994196225e-07,1.6507799193121385e-06,1.112683282715444e-07,3.05654827126183e-06,1.836505562825223e-07,1.2704171999878805e-06,2.770952957857697e-07,8.921545397203386e-08,1.1045272841316442e-06,9.88373390802399e-08,8.088410180604794e-07,4.682587951557835e-06,2.714897241255e-07,3.6025462029835204e-06,2.566298519852933e-07,2.1174032572664254e-06,1.641246744333825e-06,8.417201141015087e-08,1.1436538971158048e-06,7.853307634979309e-08,1.1481349172486825e-06,2.189685571124751e-09,1.9612357849288756e-10,2.308865085008523e-09,1.9613235252269728e-10,2.3051062803243202e-09
tabb_c2_sim_quat,29,0.0,ok,10,4,7.188370442532568e-07,8.974299138592979e-08,6.934117413185445e-07,8.289717085602703e-08,1.6726936848541076e-06,1.5530750568165144e-07,8.203722253349953e-07,1.1871034030674297e-06,2.155468988609046e-07,1.4526184954557276e-06,2.0930143795714202e-07,1.0231468108700127e-06,8.220367360881566e-07,7.540757740762074e-09,7.862102793414141e-07,4.706048907799592e-08,8.38048391615995e-07,7.631557303792089e-07,1.0841123335281629e-07,6.351151484165736e-07,1.025202336538023e-07,9.710227762317992e-07,1.351095739382611e-09,8.979346962517663e-11,1.4042537993120802e-09,8.980485477895713e-11,1.6177638346347138e-09
tabb_rp1,29,0.0,ok,10,4,6.373812905787162e-07,5.4045058942106e-08,8.950576256606601e-07,3.822353562285905e-08,1.2608451907880222e-06,6.15401576755879e-08,7.29702934709755e-07,1.044742784664371e-06,5.6487934467619787e-08,8.361272374518465e-07,5.876808803868659e-08,7.755137754762458e-07,1.1238359212551612e-06,4.592849757316373e-08,7.50415233758949e-07,7.489630968232786e-08,7.582781156998164e-07,1.362087127246958e-06,4.4219407087452765e-08,9.442367682548788e-07,7.625752951296079e-08,9.76290364938488e-07,4.956466947615027e-08,6.258303363199937e-09,1.8745922849190588e-08,6.258308534448761e-09,1.775664162236313e-08
tabb_rp2,29,0.0,ok,10,4,2.4479602952968094e-06,1.1733135158295132e-07,1.9902807616477433e-06,1.1427789641333029e-07,3.930189112190277e-06,1.8919265910508688e-07,1.477854849231141e-06,4.633666391718777e-06,1.70976780720823e-07,5.056587735289239e-06,1.717550753223903e-07,2.030530069133071e-06,1.8463336608427213e-06,4.9377384590757156e-08,2.0952552845570865e-06,5.073598806253691e-08,1.409562246395575e-06,1.3704672585812508e-06,2.2715435057773232e-07,2.4875775308945474e-06,2.372312765520238e-07,1.6083013175780353e-06,1.1065573544822493e-07,9.603069764008605e-09,1.524206304463631e-07,9.60306639485434e-09,1.9916979023801531e-07
tabb_c2_sim,29,1.0,ok,10,4,0.6681053334215263,0.3230047702681792,1.5117420006349287,0.27502720500912703,2.1465597215002643,0.3292345275835003,2.4584099603069,1.246778366343967,0.20203760749813332,0.6651594820817888,0.30870348097219363,1.892035216766129,0.659181973842759,0.31772278819994343,0.8904985494135327,0.28392778363189763,2.1859184910556464,2.4285229700233475,0.22209363894957426,0.7414230835709901,0.31010730725537217,1.924803625936159,1.7124846923296415,0.35825478538885724,0.3753402186197939,0.3892805092132532,3.4802603670279417
tabb_c2_sim_euler,29,1.0,ok,10,4,0.6681067597150718,0.32300474763926734,1.5117344167428568,0.2750271629274841,2.146562713190385,0.3292344664631098,2.458409275630217,1.2467671620859144,0.20203774240741046,0.6651630915372322,0.308703499665944,1.8920344229035087,0.6591692579649063,0.3177226307043446,0.8904998884734436,0.2839278398078474,2.185916405610067,2.42851650068928,0.22209348923924563,0.7414239395888415,0.31010713813117674,1.9248032655415843,1.7124847462313268,0.3582547893589356,0.3753401192607703,0.3892805129521011,3.480260373192236
tabb_c2_sim_quat,29,1.0,ok,10,4,0.668106544914087,0.32300486324935185,1.511729308935212,0.2750269933689595,2.146551665357045,0.32923380108293543,2.458409953652183,1.2467540913805093,0.20203814187647764,0.6651639261934352,0.30870550704081684,1.892037730104099,0.6591654580109685,0.3177222613305576,0.8904983503459605,0.28392702851065516,2.1859167123357137,2.428515288053611,0.22209343839598372,0.7414238537209361,0.3101069991216775,1.9248033928235713,1.7124823982957589,0.3582541318728191,0.37534004939601623,0.3892799183242579,3.4802602279762547
tabb_rp1,29,1.0,ok,10,4,0.42676294777326823,0.23557182288264145,0.8505276765221991,0.07843370041235365,1.051670690090679,0.10363352505387857,2.3982777658911725,0.46071262584610734,0.02465976591767563,0.21775639754283643,0.2740210678963086,1.802688745522905,0.9462949157346052,0.07537017723215596,0.607799193060304,0.15339303578793734,1.9969730951846592,1.1806698271308873,0.07768317057833124,0.40799991732730095,0.26459457487792964,1.8492587582017233,0.8144333373771963,0.13602168792125172,0.47349628316263154,0.2502786129683902,3.5141995900289564
tabb_rp2,29,1.0,ok,10,4,9.88644636793904,0.8870998815288904,3.3618454401038527,0.8554391075862794,8.19001673801912,1.133990256693511,9.08950118374836,6.632683831960905,0.6978117472102096,10.78508982036788,0.7604699699535499,4.661436671332527,1.9037657436935,0.41316489471365836,4.665145546771978,0.36082370874165504,2.6073107395674873,1.7881675321524095,1.3402861784764486,17.141923073435443,1.433721943522115,8.40662694812911,3.122764652608596,0.970493609944801,6.953627031180862,0.9933839038982418,15.207816717035131
tabb_c2_sim,29,3.0,ok,10,4,2.0048036845645285,0.9691267776952657,4.549227134569401,0.8267872796994495,6.452870768016839,0.9901086470129407,7.378859336758082,3.751851014138639,0.61082393702573,2.007997084111688,0.9258697256169165,5.682784164147939,1.9830782124898547,0.9501699511698082,2.6659205498193543,0.8497285040150011,6.5567242554285565,7.319344938438164,0.6685065688621615,2.2319286266838327,0.9307790056355143,5.776464820744616,5.142634373210948,1.0776486617400982,1.1133684776432393,1.1701298755136307,10.446915611956092
tabb_c2_sim_euler,29,3.0,ok,10,4,2.0048029242273855,0.9691269164947522,4.5492328677866,0.8267873455002859,6.452859917306898,0.990108677079017,7.378859505802557,3.7518765784840697,0.6108240016433774,2.007993681793716,0.9258700776003936,5.682784668112669,1.9830737781389394,0.9501697960288537,2.6659213923532192,0.849728409127545,6.5567241114857,7.319345326099927,0.6685064812513933,2.2319280310517198,0.9307789054256335,5.7764651887092064,5.142635788423463,1.0776491030775193,1.1133685917108866,1.1701302738254364,10.446915702294497
tabb_c2_sim_quat,29,3.0,ok,10,4,2.0048037863825687,0.9691268294548283,4.549223482115538,0.826787230668848,6.452857465326264,0.9901083357502906,7.378859227992775,3.751860667534317,0.6108240238906819,2.0079960713798712,0.9258702735848601,5.682785479162058,1.9830583927939893,0.9501700138065193,2.665923935505758,0.8497284000066834,6.556722649205549,7.319341190972325,0.6685064069786688,2.231926621726225,0.9307789369467172,5.7764648771320575,5.142633677161521,1.0776484779995217,1.1133685169184215,1.1701297072810526,10.446915566262419
tabb_rp1,29,3.0,ok,10,4,1.2888908293062928,0.7055766433223025,2.554754813972252,0.23495695298449526,3.1553137550731756,0.31017750493697865,7.199531836744884,1.3897315598561506,0.07393432624823607,0.6594033838075605,0.819835465241735,5.4120821075645,2.8463965642641247,0.2261494642262713,1.8352977131467232,0.458997200801915,5.994904564097423,3.5370039445686934,0.23287881665722762,1.2277417308212566,0.7929063504494644,5.54877363675025,2.445887187200037,0.40686520480624605,1.433120489449631,0.7505675567960959,10.55057497625898
tabb_rp2,29,3.0,ok,10,4,26.480631877172264,2.38718667379046,9.672068071028404,2.2767135346383007,22.4317096044082,3.00362788440234,23.892970081375132,19.594926695689185,1.5828887935129043,26.892020123816188,1.7927574579718848,12.355458661651644,5.542448908071602,1.3851452878324861,15.695317262711518,1.2329363454132531,8.464404051998152,5.028520611680383,3.5793757015297687,45.227816809741526,3.8824333155482544,22.388276088481508,8.522376068672443,2.5594443556780444,18.107373312419845,2.6406195762284472,39.47097257895492
tabb_c2_sim,29,5.0,ok,10,4,3.3421271893691764,1.6154632317293278,7.60585405697252,1.3808564107913603,10.776893561183549,1.6542530262777682,12.304909142989402,6.272639439587138,1.0260122659376314,3.367748729859702,1.5428569825235476,9.482790405255676,3.3157498053757886,1.5786490257080812,4.433836395883446,1.4128490587036282,10.926480942611729,12.255472312958407,1.1178819038568315,3.7326300841722304,1.5521227236224318,9.631125048909409,8.579554669968745,1.8008824476628977,1.834293547561327,1.9540241620677035,17.423354633993423
tabb_c2_sim_euler,29,5.0,ok,10,4,3.3421258782309593,1.6154631677521138,7.605853812756136,1.3808563567160657,10.776889350312672,1.6542532446401532,12.304909115936317,6.2726424157317755,1.0260113703596945,3.367743973878729,1.5428562076434538,9.482789862314174,3.3157487690005336,1.578649097294694,4.433836982760386,1.4128490485423846,10.92648131377236,12.255467666209622,1.1178819993005096,3.7326289382566777,1.552122789018387,9.631124817381519,8.57955640008261,1.8008829599093648,1.834293618028044,1.95402462580423,17.423354748291253
tabb_c2_sim_quat,29,5.0,ok,10,4,3.3421266375640735,1.615462979930244,7.6058478570250525,1.380856257624339,10.776894123248551,1.654253076323245,12.30490879466648,6.272630928659671,1.0260113171263467,3.367746577774274,1.5428562119611202,9.482789199729753,3.3157410629988484,1.5786492082171406,4.4338369977861705,1.4128488127969046,10.926480544424724,12.255463904036137,1.1178818266780843,3.7326292371089655,1.552122522980968,9.63112481084223,8.579555532405555,1.8008826784757843,1.8342937375868829,1.954024371981983,17.423354687430827
tabb_rp1,29,5.0,ok,10,4,2.1626415972258277,1.1740671813603787,4.263103254932774,0.390985261040084,5.259636162286761,0.5157590326587955,12.007811107098087,2.327788812746561,0.12303174907405202,1.1095608868064826,1.3627985209097082,9.027161853307188,4.757077100264678,0.3770400419185418,3.0785673387865065,0.7629622051535219,9.998397914976119,5.886729993816419,0.3878377826857436,2.052836875993869,1.320057739611907,9.249872924375875,4.0808171129034365,0.6760314704819987,2.4096012873164527,1.2504502597663782,17.59921444911356
tabb_rp2,29,5.0,ok,10,4,42.485242304698176,3.9212204255983405,15.283084508838996,3.6990323792695348,35.02680248891996,4.879893753264633,42.588087906471564,32.61772090840168,2.1322661776641656,40.09678630968684,2.6454924893883596,19.07226194046506,9.148737832297869,2.369270428626062,26.887325915264032,2.123473737544041,14.454179027521276,6.877349719289914,5.6633725740100616,71.09968882852922,6.185546936374369,35.47556491384268,12.488529575366528,4.631220336777851,31.85716816531263,4.730368539086592,73.64638995413003
