method,trial,noise_sigma_mm,status,calibration_pose_count,heldout_pose_count,heldout_translation_error_mm,heldout_rotation_error_deg,camera_pose_translation_error_mm,camera_pose_rotation_error_deg,pairwise_registration_translation_error_mm,pairwise_registration_rotation_error_deg,heldout_reprojection_rmse_px,cam0_camera_pose_translation_error_mm,cam0_camera_pose_rotation_error_deg,cam0_heldout_translation_error_mm,cam0_heldout_rotation_error_deg,cam0_heldout_reprojection_rmse_px,cam1_camera_pose_translation_error_mm,cam1_camera_pose_rotation_error_deg,cam1_heldout_translation_error_mm,cam1_heldout_rotation_error_deg,cam1_heldout_reprojection_rmse_px,cam3_camera_pose_translation_error_mm,cam3_camera_pose_rotation_error_deg,cam3_heldout_translation_error_mm,cam3_heldout_rotation_error_deg,cam3_heldout_reprojection_rmse_px,wrist_camera_pose_translation_error_mm,wrist_camera_pose_rotation_error_deg,wrist_heldout_translation_error_mm,wrist_heldout_rotation_error_deg,wrist_heldout_reprojection_rmse_px
tabb_c1_sep,0,0.0,ok,10,4,7.406512012838077e-07,6.319287924436583e-08,9.481727608082912e-07,5.158444703885254e-08,1.115514907092421e-06,8.904660782938958e-08,6.914243661797068e-07,1.1545407780226353e-06,5.7250536212473905e-08,1.0269410772070912e-06,7.522593661693438e-08,9.318157325557534e-07,1.452740806037539e-06,1.0209191234966541e-07,9.971796323434094e-07,1.2530321668079448e-07,4.924442952987028e-07,1.185402706748546e-06,4.6993908416498535e-08,9.384827345204176e-07,5.224094266819106e-08,8.952589978122789e-07,6.752424444257127e-12,1.4311767723118752e-12,1.3610643121480628e-12,1.4210115433690067e-12,3.6796652310194025e-12
tabb_c1_sim,0,0.0,ok,10,4,1.2722733140093233e-06,8.533840127477502e-08,1.6785133045889222e-06,7.109241012944799e-08,2.2444212388119215e-06,1.1327449618177434e-07,8.38282303481501e-07,2.5998701502397804e-06,1.4331143142288044e-07,1.4076263567888562e-06,1.6812610318560224e-07,1.0896059636167334e-06,2.246160008322648e-06,1.0426574750712776e-07,2.029649445987906e-06,1.250271682030188e-07,6.712067398319777e-07,1.867941098691095e-06,3.6775286766455195e-08,1.6518012705326947e-06,4.818317174118387e-08,1.083101673740935e-06,8.196110216560229e-11,1.7174821328633453e-11,1.6182727836897477e-11,1.716196929517179e-11,4.5995314282419287e-11
tabb_c2_sep,0,0.0,ok,10,4,2.710745366569052e-07,1.073078133866061e-07,6.790562151311396e-07,9.975720259683454e-08,1.5307705207109457e-06,1.7784975640992197e-07,8.011313906730626e-07,1.1302714429901309e-06,2.3032035963367675e-07,5.570495531262715e-07,2.3936458780263657e-07,1.1854863311954933e-06,9.013708206477934e-07,9.5500088262384e-08,3.0409565237581135e-07,1.17974652477486e-07,4.997148538836361e-07,6.840853946628409e-07,7.309443564383212e-08,2.2305181703435992e-07,7.177809679789568e-08,9.550671095090177e-07,4.972022237939021e-10,1.1392684744531525e-10,1.011240911777487e-10,1.1391646840607184e-10,2.4531167250510573e-10
tabb_c2_sim,0,0.0,ok,10,4,9.310017681540561e-07,4.6968283961434397e-08,9.685979016765968e-07,3.7971497917341763e-08,1.5657078319161157e-06,6.621763081202342e-08,7.602777960586683e-07,1.7419783746226574e-06,3.824860556069498e-08,1.378169208637326e-06,6.149265408656492e-08,8.416678586578747e-07,1.0601611240570092e-06,4.7084591536998116e-08,9.317937585443826e-07,6.50043000970741e-08,8.809269624816484e-07,1.071203366609402e-06,6.646647745897109e-08,1.4129251704930222e-06,6.12898579343822e-08,9.097532317939173e-07,1.0487414173190979e-09,8.631711270286737e-11,1.1189349414934145e-09,8.632372771635707e-11,1.1262481750022366e-09
tabb_c2_sim_joint,0,0.0,ok,10,4,1.659459710037769e-06,1.206221108159477e-07,8.812621740867753e-07,1.0935560271597443e-07,1.2817232299396175e-06,7.526055379563277e-08,9.431307271985141e-07,1.918284315919132e-06,1.4781906231762708e-07,2.2170797216700267e-06,1.630278412324395e-07,9.57920238183556e-07,7.994412183592749e-07,1.4600675081151822e-07,2.134076439152365e-06,1.6112492536676386e-07,6.507360009693286e-07,8.062744206513755e-07,1.435102806220496e-07,2.285563744387192e-06,1.5824935293687102e-07,1.4889299782830102e-06,1.0487414173190979e-09,8.631711270286737e-11,1.1189349414934145e-09,8.632372771635707e-11,1.1262481750022366e-09
tabb_rp1,0,0.0,ok,10,4,6.373812905787162e-07,5.4045058942106e-08,8.950576256606601e-07,3.822353562285905e-08,1.2608451907880222e-06,6.15401576755879e-08,7.29702934709755e-07,1.044742784664371e-06,5.6487934467619787e-08,8.361272374518465e-07,5.876808803868659e-08,7.755137754762458e-07,1.1238359212551612e-06,4.592849757316373e-08,7.50415233758949e-07,7.489630968232786e-08,7.582781156998164e-07,1.362087127246958e-06,4.4219407087452765e-08,9.442367682548788e-07,7.625752951296079e-08,9.76290364938488e-07,4.956466947615027e-08,6.258303363199937e-09,1.8745922849190588e-08,6.258308534448761e-09,1.775664162236313e-08
tabb_rp1_joint,0,0.0,ok,10,4,3.367602236725637e-07,5.308641960859657e-08,3.560359922717388e-07,2.9695648386904676e-08,5.477692394259476e-07,4.958007312114297e-08,6.892296569627708e-07,5.745233593948632e-07,3.2092737169265016e-08,3.9613678216320533e-07,6.45246328401151e-08,8.616686418723336e-07,5.291150588448003e-07,9.022413420960157e-09,4.557219594355678e-07,4.6731456738505894e-08,4.5677267095033505e-07,2.7094088137114144e-07,7.14091395941936e-08,4.764362302422912e-07,9.48312803213165e-08,9.740229260716377e-07,4.956466947615027e-08,6.258303363199937e-09,1.8745922849190588e-08,6.258308534448761e-09,1.775664162236313e-08
shah,0,0.0,ok,10,4,7.068492705457837e-07,5.3124399764532664e-08,7.526493668135652e-07,2.7497080699096066e-08,4.2303839455527007e-07,1.833158266722832e-08,6.692624867921886e-07,1.2849946273750438e-06,3.666254442852951e-08,9.424658382641468e-07,7.083232053443221e-08,9.20148101630151e-07,1.0163575507246495e-06,3.666279254690527e-08,9.424652620373567e-07,7.083252700837148e-08,3.996080400863766e-07,7.092442667090806e-07,3.666268322889389e-08,9.424655508793324e-07,7.083244078243159e-08,8.861658932013119e-07,1.0224454869641665e-12,3.02592055598925e-13,4.310022987914442e-13,3.107328953911441e-13,7.300885677522861e-13
tabb_c1_sep,0,1.0,ok,10,4,0.5115581349301516,0.2637489686329239,1.3766801654521186,0.1443209819446592,1.5292744129699853,0.17160225223321848,2.425784363440096,1.6094884303412624,0.1194888383278833,0.5597134106119076,0.26130605107768023,1.8164173546201496,0.6163954465516468,0.08354378137567982,0.36155333386214383,0.1559299905820885,2.1375778456868697,2.386418997223735,0.1899823902535718,0.7653786090294961,0.341370287497499,1.8316617942846674,0.8944177876918308,0.1842689178215019,0.3595871862170588,0.29638954537442785,3.5091484907970454
tabb_c1_sim,0,1.0,ok,10,4,0.4988120224701819,0.25979520693162994,1.3175054659870544,0.13868044982349442,1.4767842028376759,0.16485885489631028,2.424280888588358,1.5425622735610391,0.11474713691772263,0.5448359842417032,0.25873459253488557,1.8147564601028958,0.5796230238943159,0.08079354868925995,0.3562263623470008,0.1549978185401679,2.1377065094405014,2.268031890555654,0.1792222592630704,0.7355955714530139,0.33193037467218434,1.8260741857563,0.8798046759372082,0.17995885442392479,0.3585901718390097,0.29351804197928205,3.5086855437932893
tabb_c2_sep,0,1.0,ok,10,4,0.3888248189690108,0.26374865272129616,1.3732256769794833,0.14432024862878617,1.3779515924606638,0.17160074248518833,2.432771171902632,1.647961127452169,0.11948593837749773,0.4973309802713951,0.26130478821713155,1.8148980451766565,0.5723783622918933,0.08354378892077627,0.3270487012745028,0.1559299831212545,2.1373194212009317,2.4433398009084053,0.18998238299432338,0.5649088828557285,0.3413703157441219,1.8666335266978265,0.8292234172654651,0.18426888422254728,0.16601071147441668,0.2963895238026767,3.5110101614408524
tabb_c2_sim,0,1.0,ok,10,4,0.377765070937996,0.2606823902671822,1.3224652748694583,0.13948495177591555,1.3343474545699952,0.16645986750066483,2.4312868809060566,1.5832579183326103,0.11463704190141652,0.4829908662375283,0.2586874518647906,1.8130086303859665,0.5489098578398028,0.07988665053037454,0.32027099182339885,0.15485253284972916,2.1373743433613814,2.3371514926226773,0.18156411144010504,0.5427529297195127,0.3344202267502743,1.86106990368664,0.8205418306827424,0.1818520032317661,0.16504549597154408,0.2947693496039348,3.51079378846749
tabb_c2_sim_joint,0,1.0,ok,10,4,0.34262891115315275,0.2506110601710057,1.0496489314486934,0.12317905371033197,1.0413798827130631,0.13214215416276257,2.4266250854331357,0.9595144529958695,0.08574928362303968,0.3692868988067961,0.25433228758533566,1.811122502371199,0.3130483779763124,0.07744958604915865,0.32731441744544765,0.15040948781812474,2.1403804819609205,2.105491064139849,0.1476653419373635,0.5088688323888233,0.3029331156766276,1.8349307533847168,0.8205418306827424,0.1818520032317661,0.16504549597154408,0.2947693496039348,3.51079378846749
tabb_rp1,0,1.0,ok,10,4,0.31352087487057434,0.21329999272715347,0.5726715995833687,0.050479870512957326,0.7048308795838995,0.0807821237305573,2.4246983464233733,0.8651293234437868,0.06677027727449147,0.38766705018636743,0.23496876622869275,1.8102841297064296,0.3977530816535105,0.029222557007064404,0.2961916821552465,0.15252605047706483,2.1488796889355335,0.6583141327126478,0.04330606153505615,0.31340993727289085,0.25135392845214044,1.7970279521273418,0.36948986052352956,0.06262058623521728,0.25681482986779275,0.2143512257507158,3.520302014895787
tabb_rp1_joint,0,1.0,ok,10,4,0.2959103517810886,0.21061587552538086,0.45087323672230095,0.043929110051992015,0.5237793139133179,0.06482146070483853,2.4230968769753334,0.6152216020796054,0.04198253290169817,0.3933402951674925,0.22599909901666,1.8052139579787942,0.3640034811850185,0.033076769131058656,0.25894578824016157,0.1537747455209324,2.1499958217531967,0.45477800310105054,0.038036551939993966,0.27454049384890744,0.24833843181321522,1.792146243227225,0.36948986052352956,0.06262058623521728,0.25681482986779275,0.2143512257507158,3.520302014895787
shah,0,1.0,ok,10,4,0.6741212944244479,0.26374857131775004,1.4754816418799872,0.14432022700182695,1.552820021913984,0.17160063064263031,2.4465971765145476,1.6094527365002582,0.11948602640032968,0.5597069258942087,0.2613048458134708,1.816417370205156,0.6163991425300362,0.08354423187285281,0.3615541349863527,0.15593010341577052,2.13757784897557,2.3864150177497443,0.1899821280975839,0.7653779284233602,0.34137005424095385,1.8316616607707277,1.2896596707399102,0.18426852163654145,1.0098461883938699,0.2963892818008049,3.566476610573018
tabb_c1_sep,0,3.0,ok,10,4,1.5887872477251945,0.7908713174659541,4.1540763103378,0.4320897317319462,4.635703815008407,0.5095909135609898,7.277528902598109,4.877675600910988,0.36199034727424434,1.6658582145169314,0.7849951205364928,5.4489974723413495,1.8422881881291813,0.25015139925666624,1.0988065238846751,0.46795578044198494,6.409285903481263,7.159430702453673,0.5688778749713939,2.3358926609560724,1.0261230984459875,5.491893858320459,2.736910749857358,0.5473393054254804,1.2545915915430996,0.8844112704393515,10.531775268937302
tabb_c1_sim,0,3.0,ok,10,4,1.5508023552112353,0.7791288734125646,3.9768494459772565,0.41527598356125683,4.479952635524681,0.48973749483160817,7.273124568022439,4.672998232541081,0.34747913430034233,1.620071635314537,0.7770631001570137,5.443794159946364,1.7310000506793812,0.24189892481769737,1.0835962902274665,0.46516770922606293,6.409733945924277,6.80849293346285,0.5371341867443704,2.247679881635513,0.9983268600585696,5.47586773969397,2.6949065672257126,0.5345916883826172,1.2518616136674252,0.8759578242086123,10.530368099542631
tabb_c2_sep,0,3.0,ok,10,4,1.1710732406248794,0.7908712949254673,4.126019998546085,0.4320897497896478,4.109410302770007,0.5095912552210243,7.299096677208795,4.990659193236861,0.3619905432921419,1.505518489665275,0.7849951380407458,5.445238392663488,1.7031684267775038,0.250151360127933,0.979576243065214,0.4679557858366746,6.4084719798036245,7.343563296425343,0.5688780293904312,1.7037431734023094,1.0261231441140428,5.599930727141361,2.466689077744634,0.547339066348085,0.49545505636671994,0.8844111117104055,10.53702476011684
tabb_c2_sim,0,3.0,ok,10,4,1.1378610306653645,0.781700315446311,3.9734163218042955,0.4176005777810914,3.9793548129419496,0.49428532287737403,7.2946731908643825,4.7942697374134235,0.34728034587322887,1.4618426304367054,0.7769822521013305,5.439418549692867,1.6333163127641315,0.2391897720208098,0.9594085605402117,0.46474945143008684,6.408641036826982,7.025147859016859,0.5437620735596352,1.637560839857738,1.0054427788658744,5.583512824826621,2.4409313780227686,0.5401701196706915,0.4926320918268028,0.8796267793879524,10.53638734497803
tabb_c2_sim_joint,0,3.0,ok,10,4,1.0347317852067999,0.7520445282999046,3.181226860907098,0.3704301170712514,3.1245140787049124,0.39428533476330535,7.281063700347239,2.9354659885458663,0.2608297228130502,1.119998388164367,0.7634999477306963,5.433620247634437,0.9686303346922067,0.2336230009816528,0.9859247082163805,0.45164289272372127,6.417416314027419,6.379879742367551,0.447097624819611,1.5403719526196487,0.9134084933572484,5.507507150026735,2.4409313780227686,0.5401701196706915,0.4926320918268028,0.8796267793879524,10.53638734497803
tabb_rp1,0,3.0,ok,10,4,0.947114264739263,0.6399212938670251,1.719775567698336,0.1510718689688772,2.1143655190547843,0.2417518048496142,7.274475798943357,2.6038335501667227,0.20103059361341527,1.159295511455999,0.7044366084034467,5.428915776471418,1.1912206202028415,0.08722887743096065,0.8997051569507921,0.45807436510314314,6.44363416323623,1.9751153628706077,0.1298616551928836,0.940997053066605,0.7555671222918419,5.393233478894783,1.1089327375531717,0.18616634963824932,0.7884593374836559,0.6416070796696689,10.563686738167386
tabb_rp1_joint,0,3.0,ok,10,4,0.8945394399397683,0.6317999970301937,1.354028968400564,0.13139211174249105,1.5686269270733957,0.19376167765339844,7.269654021022784,1.8493775597750426,0.12649155463136344,1.1730749283561945,0.6773635376018039,5.413821751805248,1.0921206322375683,0.09905958069001652,0.7857587934760506,0.46188008360373445,6.446811377440757,1.3656849440364736,0.11385096201033491,0.8308647004431723,0.7463492872455675,5.378583265390444,1.1089327375531717,0.18616634963824932,0.7884593374836559,0.6416070796696689,10.563686738167386
shah,0,3.0,ok,10,4,2.238124444408477,0.7908677708218297,4.604739394680502,0.4320867695205629,4.918579875163625,0.5095834315921605,7.369265024169978,4.87767652158608,0.3619901737922533,1.6658586253996834,0.7849953102343747,5.448997670663231,1.8424149918716308,0.25016068756915755,1.098820655094534,0.4679582492270371,6.4092854597138365,7.159286600885972,0.5688665556886969,2.335862263419739,1.026112669619148,5.491888094819806,4.539579464378324,0.5473296610321438,3.851956233719953,0.8844048542067584,10.783919390500088
tabb_c1_sep,0,5.0,ok,10,4,2.7367218263983975,1.3176133084155377,6.96872953080409,0.7187971147409628,7.807281152625438,0.840915511970679,12.098245970411591,8.212134052038557,0.6092127453096086,2.7543054156925804,1.310155839795389,9.081459844719074,3.0592654342712193,0.4159713680892434,1.8559051773888358,0.7802054796125766,10.676724894267888,11.937630666371422,0.9468163235127353,3.9584673640866153,1.7138767986794317,9.14888177575053,4.665887970535159,0.9031880220522637,2.378209348425558,1.4662151155747538,17.491935805133544
tabb_c1_sim,0,5.0,ok,10,4,2.673783994565868,1.298235551310352,6.673791094864831,0.6909487200143197,7.550613225638526,0.8084469911928437,12.090942389994378,7.864238610457686,0.5845238001974679,2.6760406348332526,1.2965579382673802,9.07241388327402,2.872307819661515,0.4022161742755403,1.8318425829328073,0.7755751319196468,10.6775787478121,11.35959754547853,0.8947945490785251,3.813324561043098,1.668406656946935,9.123330494920777,4.59902040386159,0.882260356505746,2.3739281994543155,1.4524024781074467,17.489264089772252
tabb_c2_sep,0,5.0,ok,10,4,1.9597901403015259,1.3176134444704506,6.888892436680827,0.7187973715877912,6.811158203249852,0.8409166474214947,12.1291416705532,8.395623071893125,0.6092127793066092,2.531694571941653,1.3101558355518539,9.07653074281204,2.815048001802124,0.41597118083977236,1.6297480326913405,0.7802053828050589,10.675272126811345,12.26840847251838,0.9468172553408075,2.8561373726319292,1.713877281129485,9.333732764245147,4.07649020050968,0.9031882708639758,0.8215805839411818,1.4662152783954048,17.483177742600137
tabb_c2_sim,0,5.0,ok,10,4,1.9043725776409457,1.302370761549495,6.633913858088711,0.6946729460893009,6.595546515319316,0.8155875048485042,12.121731782369755,8.064496217841796,0.5844227961261954,2.457794841216485,1.2965315883042434,9.066576671611513,2.6993603213540545,0.3977216120001356,1.5964691971388563,0.7749074071375097,10.675564491859957,11.737768990330455,0.905173892211073,2.7462330274827877,1.6796779105100597,9.306808245364115,4.034029902828536,0.8913734840197995,0.8169932447256536,1.4583661402461672,17.481977461014015
tabb_c2_sim_joint,0,5.0,ok,10,4,1.7360064339905195,1.253806853439847,5.355850884026278,0.6189011006321994,5.208228768999523,0.6536669278980511,12.099548423551544,4.98679851298344,0.44069206158860397,1.8869186593157299,1.2733538652205914,9.0566853069579,1.663415280940212,0.39148270844135546,1.6498561069546491,0.7534541448635953,10.6897954288921,10.739159839352924,0.7520561484790383,2.5902577249660443,1.5300532634290338,9.183947724524542,4.034029902828536,0.8913734840197995,0.8169932447256536,1.4583661402461672,17.481977461014015
tabb_rp1,0,5.0,ok,10,4,1.5595255889739044,1.0685157386174413,2.880416242633029,0.2578382058004074,3.569718316260864,0.4131299473937142,12.085410425228027,4.353997638403617,0.33624614193599595,1.9261430698196884,1.1733033585800776,9.04520627559469,1.9824552887031064,0.14463709127029928,1.5184615584203365,0.7643046360740416,10.734690584448655,3.2920297478640332,0.2163406661132478,1.569698439340295,1.2617852782615673,8.992570916032667,1.893182295561359,0.3341289238820867,1.2237992883152982,1.0746696815540786,17.520942800188525
tabb_rp1_joint,0,5.0,ok,10,4,1.4723748036041293,1.0548662105461841,2.2703587232472775,0.22500346756343148,2.657050209592709,0.33333245294117425,12.0773159322073,3.089000059700389,0.21175428199529023,1.943861249821886,1.1279120022525635,9.020255241080914,1.820728810169453,0.16481240497255364,1.3248720784102164,0.7707522036204265,10.739705615696447,2.2785237275579076,0.18931825940379532,1.3969665978691168,1.2461309547576684,8.968158323973228,1.893182295561359,0.3341289238820867,1.2237992883152982,1.0746696815540786,17.520942800188525
shah,0,5.0,ok,10,4,4.0762518176503,1.3175962747750454,7.978768612315951,0.7187824736528035,8.66614619077211,0.8408789889777563,12.274676661228206,8.212123215820355,0.6092107948732761,2.7543048967388235,1.3101561698059754,9.081460806369957,3.059832232946943,0.41601357360824404,1.855965215654176,0.7802162943388162,10.676722672876688,11.936937855418785,0.9467612141101145,3.958319124106713,1.71382647510105,9.148854665083917,8.706181145077721,0.9031443120195793,7.73641803410149,1.4661861598543402,17.978399519956174
tabb_c1_sep,1,0.0,ok,10,4,7.406512012838077e-07,6.319287924436583e-08,9.481727608082912e-07,5.158444703885254e-08,1.115514907092421e-06,8.904660782938958e-08,6.914243661797068e-07,1.1545407780226353e-06,5.7250536212473905e-08,1.0269410772070912e-06,7.522593661693438e-08,9.318157325557534e-07,1.452740806037539e-06,1.0209191234966541e-07,9.971796323434094e-07,1.2530321668079448e-07,4.924442952987028e-07,1.185402706748546e-06,4.6993908416498535e-08,9.384827345204176e-07,5.224094266819106e-08,8.952589978122789e-07,6.752424444257127e-12,1.4311767723118752e-12,1.3610643121480628e-12,1.4210115433690067e-12,3.6796652310194025e-12
tabb_c1_sim,1,0.0,ok,10,4,1.2722733140093233e-06,8.533840127477502e-08,1.6785133045889222e-06,7.109241012944799e-08,2.2444212388119215e-06,1.1327449618177434e-07,8.38282303481501e-07,2.5998701502397804e-06,1.4331143142288044e-07,1.4076263567888562e-06,1.6812610318560224e-07,1.0896059636167334e-06,2.246160008322648e-06,1.0426574750712776e-07,2.029649445987906e-06,1.250271682030188e-07,6.712067398319777e-07,1.867941098691095e-06,3.6775286766455195e-08,1.6518012705326947e-06,4.818317174118387e-08,1.083101673740935e-06,8.196110216560229e-11,1.7174821328633453e-11,1.6182727836897477e-11,1.716196929517179e-11,4.5995314282419287e-11
tabb_c2_sep,1,0.0,ok,10,4,2.710745366569052e-07,1.073078133866061e-07,6.790562151311396e-07,9.975720259683454e-08,1.5307705207109457e-06,1.7784975640992197e-07,8.011313906730626e-07,1.1302714429901309e-06,2.3032035963367675e-07,5.570495531262715e-07,2.3936458780263657e-07,1.1854863311954933e-06,9.013708206477934e-07,9.5500088262384e-08,3.0409565237581135e-07,1.17974652477486e-07,4.997148538836361e-07,6.840853946628409e-07,7.309443564383212e-08,2.2305181703435992e-07,7.177809679789568e-08,9.550671095090177e-07,4.972022237939021e-10,1.1392684744531525e-10,1.011240911777487e-10,1.1391646840607184e-10,2.4531167250510573e-10
tabb_c2_sim,1,0.0,ok,10,4,9.310017681540561e-07,4.6968283961434397e-08,9.685979016765968e-07,3.7971497917341763e-08,1.5657078319161157e-06,6.621763081202342e-08,7.602777960586683e-07,1.7419783746226574e-06,3.824860556069498e-08,1.378169208637326e-06,6.149265408656492e-08,8.416678586578747e-07,1.0601611240570092e-06,4.7084591536998116e-08,9.317937585443826e-07,6.50043000970741e-08,8.809269624816484e-07,1.071203366609402e-06,6.646647745897109e-08,1.4129251704930222e-06,6.12898579343822e-08,9.097532317939173e-07,1.0487414173190979e-09,8.631711270286737e-11,1.1189349414934145e-09,8.632372771635707e-11,1.1262481750022366e-09
tabb_c2_sim_joint,1,0.0,ok,10,4,1.659459710037769e-06,1.206221108159477e-07,8.812621740867753e-07,1.0935560271597443e-07,1.2817232299396175e-06,7.526055379563277e-08,9.431307271985141e-07,1.918284315919132e-06,1.4781906231762708e-07,2.2170797216700267e-06,1.630278412324395e-07,9.57920238183556e-07,7.994412183592749e-07,1.4600675081151822e-07,2.134076439152365e-06,1.6112492536676386e-07,6.507360009693286e-07,8.062744206513755e-07,1.435102806220496e-07,2.285563744387192e-06,1.5824935293687102e-07,1.4889299782830102e-06,1.0487414173190979e-09,8.631711270286737e-11,1.1189349414934145e-09,8.632372771635707e-11,1.1262481750022366e-09
tabb_rp1,1,0.0,ok,10,4,6.373812905787162e-07,5.4045058942106e-08,8.950576256606601e-07,3.822353562285905e-08,1.2608451907880222e-06,6.15401576755879e-08,7.29702934709755e-07,1.044742784664371e-06,5.6487934467619787e-08,8.361272374518465e-07,5.876808803868659e-08,7.755137754762458e-07,1.1238359212551612e-06,4.592849757316373e-08,7.50415233758949e-07,7.489630968232786e-08,7.582781156998164e-07,1.362087127246958e-06,4.4219407087452765e-08,9.442367682548788e-07,7.625752951296079e-08,9.76290364938488e-07,4.956466947615027e-08,6.258303363199937e-09,1.8745922849190588e-08,6.258308534448761e-09,1.775664162236313e-08
tabb_rp1_joint,1,0.0,ok,10,4,3.367602236725637e-07,5.308641960859657e-08,3.560359922717388e-07,2.9695648386904676e-08,5.477692394259476e-07,4.958007312114297e-08,6.892296569627708e-07,5.745233593948632e-07,3.2092737169265016e-08,3.9613678216320533e-07,6.45246328401151e-08,8.616686418723336e-07,5.291150588448003e-07,9.022413420960157e-09,4.557219594355678e-07,4.6731456738505894e-08,4.5677267095033505e-07,2.7094088137114144e-07,7.14091395941936e-08,4.764362302422912e-07,9.48312803213165e-08,9.740229260716377e-07,4.956466947615027e-08,6.258303363199937e-09,1.8745922849190588e-08,6.258308534448761e-09,1.775664162236313e-08
shah,1,0.0,ok,10,4,7.068492705457837e-07,5.3124399764532664e-08,7.526493668135652e-07,2.7497080699096066e-08,4.2303839455527007e-07,1.833158266722832e-08,6.692624867921886e-07,1.2849946273750438e-06,3.666254442852951e-08,9.424658382641468e-07,7.083232053443221e-08,9.20148101630151e-07,1.0163575507246495e-06,3.666279254690527e-08,9.424652620373567e-07,7.083252700837148e-08,3.996080400863766e-07,7.092442667090806e-07,3.666268322889389e-08,9.424655508793324e-07,7.083244078243159e-08,8.861658932013119e-07,1.0224454869641665e-12,3.02592055598925e-13,4.310022987914442e-13,3.107328953911441e-13,7.300885677522861e-13
tabb_c1_sep,1,1.0,ok,10,4,0.676410607432528,0.2785716663909479,1.967126138741032,0.23637862280478575,2.5988614286261416,0.3433198962580948,2.4614452328224106,3.1749790763922405,0.23544911982249325,0.9824460099595456,0.2883679352543168,1.8944457234314067,0.49549018105811393,0.17924855470640938,0.47974750542215794,0.22733146206572835,2.075616631913773,3.1275296176258887,0.3151415227960293,0.8747367133919814,0.30825167868035575,1.88964938569064,1.0705056798878843,0.21567529389421117,0.36871220095642787,0.29033558956339045,3.5730892424050995
tabb_c1_sim,1,1.0,ok,10,4,0.6565437013930356,0.272724623051947,1.8978798510841106,0.22831535857699944,2.513364190826931,0.3323565216297839,2.4560662562363107,3.060270204546735,0.22727323258112442,0.9522625606961753,0.2828289354212923,1.8852829521847438,0.4800042106744235,0.17163912588579427,0.4667725036744631,0.22256219167762473,2.0703053136759872,2.9899423129487577,0.3013504488992638,0.8391918538847364,0.2968851533710271,1.8774236503222805,1.0613026761665256,0.21299862694181526,0.36794788731676775,0.28862221173784397,3.572655924612347
tabb_c2_sep,1,1.0,ok,10,4,0.660199292402928,0.2785714084234032,2.022950750011013,0.2363789178653345,2.6522242794219726,0.34332090695746403,2.460461152141228,3.28213824915908,0.2354492385971934,1.0620392638985956,0.2883680358710783,1.9031731158828666,0.5388049480461125,0.17924885093186987,0.46943520601231625,0.22733143199778488,2.0586953379416997,3.094579375937912,0.3151422053326387,0.7641787055089276,0.3082505210889488,1.9100692713901337,1.1762804269009495,0.215675376599636,0.34514399419187225,0.290335644735801,3.5646622981417937
tabb_c2_sim,1,1.0,ok,10,4,0.6403270173198683,0.27325095696562696,1.9609165106427804,0.2289077289327254,2.5753860854028585,0.3335517980575166,2.4552021455090505,3.1754025551421408,0.22728801792642145,1.0332018655771598,0.2832000161534216,1.8937208907225365,0.5229357805109184,0.17100326890419226,0.451679468863711,0.22228117833901606,2.053462892271747,2.9729759142804513,0.3029284720910684,0.7316265837701648,0.29800140891805926,1.8984217976332973,1.1723517926376108,0.21441115680921954,0.34480015106843787,0.28952122445201106,3.5644321171294213
tabb_c2_sim_joint,1,1.0,ok,10,4,0.5221658699281022,0.25916610967665443,1.7258830119323663,0.19782919670004206,1.6270131980411193,0.2500427274580718,2.419594582523044,2.395644718785306,0.18092428311039496,0.6119773190089276,0.25686146546351385,1.8002333069239287,1.1321546503337485,0.1522965202912162,0.5750108555073847,0.22241619303161503,2.0214371540833818,2.2033808859728,0.2436848265893375,0.556875154127659,0.2678655557594779,1.8399802526681472,1.1723517926376108,0.21441115680921954,0.34480015106843787,0.28952122445201106,3.5644321171294213
tabb_rp1,1,1.0,ok,10,4,0.4957479786253375,0.2285453585180477,0.8175609343978477,0.0764998374418155,0.9751969043200758,0.10119525355666109,2.394129688472614,0.8971514255818496,0.028963968471694638,0.6434540158655939,0.21721196345975927,1.7596973323918326,1.0772395180609955,0.09635914496862384,0.4113901518704158,0.19807750002611976,2.030060423584399,0.7170969437609248,0.051137887090098776,0.6370015871091476,0.21224843309165736,1.7732464845900267,0.578755850187621,0.12953834923684474,0.29114615965619267,0.2866435374946543,3.5447630020584477
tabb_rp1_joint,1,1.0,ok,10,4,0.40853546896646553,0.22865934251655412,0.6902368586356269,0.07426035271274467,0.6799482965571855,0.08921886279130349,2.3927160020026026,0.4829040697810583,0.031053191263393683,0.37252785621098294,0.2291250967947555,1.757905194852078,0.8812489267729919,0.07615311000756259,0.33293866449613396,0.1871924335750148,2.025875142806036,0.8180385878008363,0.060296760343177644,0.6375291955025524,0.21167630220179184,1.772177743869829,0.578755850187621,0.12953834923684474,0.29114615965619267,0.2866435374946543,3.5447630020584477
shah,1,1.0,ok,10,4,1.2627371950776718,0.2785712919175467,2.49117920505762,0.2363785680537054,3.430798941991533,0.3433203489322278,2.523417402754986,3.1749796291071672,0.23544911034015267,0.9824461076513293,0.2883677813537815,1.8944456927697926,0.4954822222003735,0.179248104578029,0.4797464168410237,0.2273310376387856,2.0756165922081644,3.1275510146312815,0.3151421057972488,0.874737809765625,0.3082510131963865,1.8896503869352004,3.166703954291657,0.21567495149939117,2.7140184460527097,0.2903353354812333,3.7420120588473074
tabb_c1_sep,1,3.0,ok,10,4,2.018241324313963,0.8373218580395885,5.900200073778044,0.7122364418622651,7.830346434588377,1.0341030303381935,7.382255880327903,9.541408635892273,0.708875409504139,2.9755932795370432,0.8678113897155482,5.687331854702385,1.4624785451579314,0.5401000812197427,1.432459934589871,0.6828039134725753,6.22994583685966,9.33112867756933,0.9402955302421961,2.6422883373456987,0.9200085578754629,5.658379965019329,3.26578443649264,0.6596747464829823,1.022623745783239,0.8786635710947677,10.715202982038837
tabb_c1_sim,1,3.0,ok,10,4,1.958638653763281,0.8198249609113432,5.693774108733438,0.688122654573686,7.575151485192664,1.00137209919797,7.36626058242164,9.199158591519774,0.6844487182313971,2.8856380355107794,0.8512737291008747,5.659721459973872,1.4146187148148222,0.5172529629147204,1.391840044935841,0.6684333548846441,6.213981412728863,8.924189384767622,0.8994653145128709,2.53709080351086,0.886424627322977,5.622806344834392,3.2371297438315314,0.6513236226357555,1.019985731095644,0.8731681323368768,10.713786290514516
tabb_c2_sep,1,3.0,ok,10,4,1.9819578336338652,0.8373220963840327,6.072075899537919,0.7122366980250644,7.974203560857551,1.0341029278191227,7.38227413760474,9.883486145440974,0.7088752342220203,3.1985068343405274,0.8678113801917048,5.713258814597763,1.6080245651289862,0.5401016201159493,1.4121613111845015,0.6828053141684849,6.181197666557933,9.226647796993896,0.940295627749796,2.2793807122603598,0.920008430358617,5.724044321727761,3.570145090587817,0.659674310012492,1.037782476750072,0.8786632608173239,10.69479646829462
tabb_c2_sim,1,3.0,ok,10,4,1.9224428652690455,0.8213612653289286,5.886629886254708,0.6898156273231774,7.744598844788437,1.0049036886417009,7.366516192355369,9.563125470028757,0.6844098221886692,3.111960775132032,0.8523265080258029,5.684717597718325,1.5601065624196986,0.5151678764892099,1.3583119620677437,0.6674869093560954,6.165270883526178,8.86568547299056,0.9040441570731879,2.1827909666724814,0.8896381735499288,5.689745047810782,3.557602039579818,0.6556406535416425,1.0367077572039252,0.8759934703838876,10.694038774325819
tabb_c2_sim_joint,1,3.0,ok,10,4,1.5679417961357407,0.779600118706596,5.184334151748212,0.5964470026732075,4.900510779859748,0.7555196618509393,7.259340113287797,7.185429837035337,0.5430823711251628,1.837771594644641,0.7723166665284167,5.400113246139216,3.3977470399147753,0.45664185824982734,1.7264825140978561,0.6667789761442706,6.067258982178295,6.596557690462915,0.7304231277761971,1.6708053185965404,0.8033113617698088,5.5187639546207805,3.557602039579818,0.6556406535416425,1.0367077572039252,0.8759934703838876,10.694038774325819
tabb_rp1,1,3.0,ok,10,4,1.4881546850368053,0.6856046740812376,2.4486283973293412,0.2299533468873044,2.9135434728392244,0.30379538045414056,7.1825946166549235,2.698640226941192,0.0871325730030983,1.937410680002594,0.6524654553904146,5.278676738952078,3.2114744037072254,0.28793914685044336,1.22660816220804,0.594061150269461,6.092923464198054,2.1454911176313507,0.15353170108043035,1.9019190729714026,0.6363037404328798,5.319238470524874,1.7389078410375984,0.39120996661524554,0.8866808249651845,0.8595883502321952,10.633730264942791
tabb_rp1_joint,1,3.0,ok,10,4,1.2279057695017395,0.6859068564875632,2.0670197390033462,0.2230303638580271,2.0234169202941836,0.2678337364953756,7.17837193938261,1.4565485793683342,0.09319431747195024,1.1263047997311042,0.6882029841581043,5.273426088164317,2.6235598739372774,0.22693670984921885,0.9944338642972415,0.5612131425679179,6.08035936264471,2.4490626616701756,0.18078046149569377,1.9042035890134281,0.6346229489920352,5.316021328650698,1.7389078410375984,0.39120996661524554,0.8866808249651845,0.8595883502321952,10.633730264942791
shah,1,3.0,ok,10,4,3.586088048009605,0.837318273661728,7.263715283261147,0.712233133518507,9.941444488272262,1.0341011438402312,7.525388279634663,9.541408949386838,0.7088739006105546,2.9755922145812783,0.8678056783789043,5.68732957707917,1.4624303719013902,0.5400873095168837,1.4324355970628635,0.6827952371761689,6.2299375276072215,9.331161510864563,0.9402979056967317,2.642294330257469,0.9200102119650616,5.6583821883537455,8.719860300891794,0.6596734182498587,7.29403005013681,0.8786619671267768,11.106338133307654
tabb_c1_sep,1,5.0,ok,10,4,3.349871169464929,1.3983504203777555,9.835585578681767,1.192262465291055,13.109181493118216,1.730527158211558,12.301175465928175,15.928280525880131,1.1855870017000316,5.004552508886368,1.450779195315085,9.485554864198045,2.400815864932416,0.903978915509008,2.3785627574374004,1.1393135022832168,10.388481362195998,15.464912559011502,1.5585435487814565,4.432529660003634,1.525414400221872,9.413662576941547,5.548333364903023,1.1209403951737238,1.5838397515323157,1.4778945836908481,17.853916437781887
tabb_c1_sim,1,5.0,ok,10,4,3.2505650895534575,1.3692561091779734,9.49374879398844,1.1521941712931862,12.686184756414107,1.676230494198154,12.274743671512006,15.360917543311446,1.1450380512534546,4.855661324009016,1.4233449996493037,9.439342480562951,2.3186691654860083,0.8658762831048565,2.308162861669669,1.1152647686411223,10.361841695395015,14.796556931506457,1.4914059671597233,4.259603670917751,1.4703004791726082,9.356171029630465,5.498851535649849,1.1064563836547103,1.5788325016173925,1.4681141892488592,17.851342881806197
tabb_c2_sep,1,5.0,ok,10,4,3.3052968068284767,1.3983507141604385,10.12545370967667,1.1922629945171912,13.31955519856306,1.7305282282786514,12.306017956191992,16.532537049126553,1.1855876238361442,5.35112118662704,1.4507797226313057,9.528483923015544,2.6666668262748505,0.9039786050395872,2.359887160115563,1.139313554150023,10.310680321465554,15.282242491005373,1.5585438509437703,3.7768234363477333,1.5254139506726827,9.530062354639538,6.020368472299911,1.1209418982492636,1.7333554442235701,1.4778956291877425,17.827733695187916
tabb_c2_sim,1,5.0,ok,10,4,3.2062846154016214,1.3717459472584275,9.817510701670622,1.1548759009099956,12.938311436623957,1.6820263584624453,12.27978066584613,15.998315679496889,1.144834171803644,5.206796430806105,1.4249975082586706,9.48060233328791,2.5864293127997646,0.8621005575687829,2.26920243088282,1.113512851111501,10.283758388376274,14.687174791895126,1.4987752041533298,3.6176480150751162,1.475429811102819,9.473954730622873,5.998123022490711,1.1137936701142261,1.7314915848424444,1.4730436185607192,17.82634924416154
tabb_c2_sim_joint,1,5.0,ok,10,4,2.615436014176014,1.3029601441827374,8.65152804821479,0.9990347057950788,8.200284016258284,1.2683177921382454,12.100576064327832,11.972527193921431,0.9055808899864767,3.065826254936754,1.2900215927692216,8.999408459780499,5.664890441216316,0.7605519347515645,2.879720342106981,1.1104677932606002,10.117222286727896,10.9705715352307,1.216212328328048,2.784705874817877,1.3383075721404092,9.196167547108047,5.998123022490711,1.1137936701142261,1.7314915848424444,1.4730436185607192,17.82634924416154
tabb_rp1,1,5.0,ok,10,4,2.456635912526551,1.1539118709008949,4.096000848056903,0.4041001819067198,4.872704405791185,0.5384430082268267,11.97230310615972,4.509593308562211,0.1456104456542208,3.240747840414397,1.0888035638172937,8.79733177002505,5.318549030825886,0.4779775002554213,2.0319961820143724,0.9898171432093658,10.15968349884562,3.56586752742829,0.25607804188524524,3.1545778068836277,1.0597882188327739,8.864816334397023,2.989993525411224,0.7367347398319918,1.399221820793807,1.4772385577441451,17.724192025360328
tabb_rp1_joint,1,5.0,ok,10,4,2.025197888813741,1.1543392124383671,3.4610498248945283,0.39225257092912297,3.395890946170154,0.4804449003999154,11.965298393852612,2.4409094401728706,0.15539915468314475,1.8915616840909295,1.1483424791287642,8.788783289254061,4.339823440789856,0.37573390347764807,1.6504241398238229,0.9347600811034111,10.138743186606778,4.073472893204162,0.3011424857237073,3.1595839105464067,1.0570157317771471,8.859438726829387,2.989993525411224,0.7367347398319918,1.399221820793807,1.4772385577441451,17.724192025360328
shah,1,5.0,ok,10,4,5.612605211180767,1.3983331271674233,11.73688485710381,1.1922466995450571,15.965760166651465,1.7305181126149167,12.472247418412435,15.928286919720584,1.185580012119165,5.0045493446076454,1.4507522971045232,9.485543997790765,2.4005237534057975,0.9039187943670344,2.378442767209764,1.1392721652498397,10.38844501959955,15.465086209758507,1.5585547745787878,4.432557749472361,1.5254216327632353,9.41367302115409,13.153642545530355,1.1209332171152413,10.634870983433295,1.4778864135520946,18.322533887427003
tabb_c1_sep,2,0.0,ok,10,4,7.406512012838077e-07,6.319287924436583e-08,9.481727608082912e-07,5.158444703885254e-08,1.115514907092421e-06,8.904660782938958e-08,6.914243661797068e-07,1.1545407780226353e-06,5.7250536212473905e-08,1.0269410772070912e-06,7.522593661693438e-08,9.318157325557534e-07,1.452740806037539e-06,1.0209191234966541e-07,9.971796323434094e-07,1.2530321668079448e-07,4.924442952987028e-07,1.185402706748546e-06,4.6993908416498535e-08,9.384827345204176e-07,5.224094266819106e-08,8.952589978122789e-07,6.752424444257127e-12,1.4311767723118752e-12,1.3610643121480628e-12,1.4210115433690067e-12,3.6796652310194025e-12
tabb_c1_sim,2,0.0,ok,10,4,1.2722733140093233e-06,8.533840127477502e-08,1.6785133045889222e-06,7.109241012944799e-08,2.2444212388119215e-06,1.1327449618177434e-07,8.38282303481501e-07,2.5998701502397804e-06,1.4331143142288044e-07,1.4076263567888562e-06,1.6812610318560224e-07,1.0896059636167334e-06,2.246160008322648e-06,1.0426574750712776e-07,2.029649445987906e-06,1.250271682030188e-07,6.712067398319777e-07,1.867941098691095e-06,3.6775286766455195e-08,1.6518012705326947e-06,4.818317174118387e-08,1.083101673740935e-06,8.196110216560229e-11,1.7174821328633453e-11,1.6182727836897477e-11,1.716196929517179e-11,4.5995314282419287e-11
tabb_c2_sep,2,0.0,ok,10,4,2.710745366569052e-07,1.073078133866061e-07,6.790562151311396e-07,9.975720259683454e-08,1.5307705207109457e-06,1.7784975640992197e-07,8.011313906730626e-07,1.1302714429901309e-06,2.3032035963367675e-07,5.570495531262715e-07,2.3936458780263657e-07,1.1854863311954933e-06,9.013708206477934e-07,9.5500088262384e-08,3.0409565237581135e-07,1.17974652477486e-07,4.997148538836361e-07,6.840853946628409e-07,7.309443564383212e-08,2.2305181703435992e-07,7.177809679789568e-08,9.550671095090177e-07,4.972022237939021e-10,1.1392684744531525e-10,1.011240911777487e-10,1.1391646840607184e-10,2.4531167250510573e-10
tabb_c2_sim,2,0.0,ok,10,4,9.310017681540561e-07,4.6968283961434397e-08,9.685979016765968e-07,3.7971497917341763e-08,1.5657078319161157e-06,6.621763081202342e-08,7.602777960586683e-07,1.7419783746226574e-06,3.824860556069498e-08,1.378169208637326e-06,6.149265408656492e-08,8.416678586578747e-07,1.0601611240570092e-06,4.7084591536998116e-08,9.317937585443826e-07,6.50043000970741e-08,8.809269624816484e-07,1.071203366609402e-06,6.646647745897109e-08,1.4129251704930222e-06,6.12898579343822e-08,9.097532317939173e-07,1.0487414173190979e-09,8.631711270286737e-11,1.1189349414934145e-09,8.632372771635707e-11,1.1262481750022366e-09
tabb_c2_sim_joint,2,0.0,ok,10,4,1.659459710037769e-06,1.206221108159477e-07,8.812621740867753e-07,1.0935560271597443e-07,1.2817232299396175e-06,7.526055379563277e-08,9.431307271985141e-07,1.918284315919132e-06,1.4781906231762708e-07,2.2170797216700267e-06,1.630278412324395e-07,9.57920238183556e-07,7.994412183592749e-07,1.4600675081151822e-07,2.134076439152365e-06,1.6112492536676386e-07,6.507360009693286e-07,8.062744206513755e-07,1.435102806220496e-07,2.285563744387192e-06,1.5824935293687102e-07,1.4889299782830102e-06,1.0487414173190979e-09,8.631711270286737e-11,1.1189349414934145e-09,8.632372771635707e-11,1.1262481750022366e-09
tabb_rp1,2,0.0,ok,10,4,6.373812905787162e-07,5.4045058942106e-08,8.950576256606601e-07,3.822353562285905e-08,1.2608451907880222e-06,6.15401576755879e-08,7.29702934709755e-07,1.044742784664371e-06,5.6487934467619787e-08,8.361272374518465e-07,5.876808803868659e-08,7.755137754762458e-07,1.1238359212551612e-06,4.592849757316373e-08,7.50415233758949e-07,7.489630968232786e-08,7.582781156998164e-07,1.362087127246958e-06,4.4219407087452765e-08,9.442367682548788e-07,7.625752951296079e-08,9.76290364938488e-07,4.956466947615027e-08,6.258303363199937e-09,1.8745922849190588e-08,6.258308534448761e-09,1.775664162236313e-08
tabb_rp1_joint,2,0.0,ok,10,4,3.367602236725637e-07,5.308641960859657e-08,3.560359922717388e-07,2.9695648386904676e-08,5.477692394259476e-07,4.958007312114297e-08,6.892296569627708e-07,5.745233593948632e-07,3.2092737169265016e-08,3.9613678216320533e-07,6.45246328401151e-08,8.616686418723336e-07,5.291150588448003e-07,9.022413420960157e-09,4.557219594355678e-07,4.6731456738505894e-08,4.5677267095033505e-07,2.7094088137114144e-07,7.14091395941936e-08,4.764362302422912e-07,9.48312803213165e-08,9.740229260716377e-07,4.956466947615027e-08,6.258303363199937e-09,1.8745922849190588e-08,6.258308534448761e-09,1.775664162236313e-08
shah,2,0.0,ok,10,4,7.068492705457837e-07,5.3124399764532664e-08,7.526493668135652e-07,2.7497080699096066e-08,4.2303839455527007e-07,1.833158266722832e-08,6.692624867921886e-07,1.2849946273750438e-06,3.666254442852951e-08,9.424658382641468e-07,7.083232053443221e-08,9.20148101630151e-07,1.0163575507246495e-06,3.666279254690527e-08,9.424652620373567e-07,7.083252700837148e-08,3.996080400863766e-07,7.092442667090806e-07,3.666268322889389e-08,9.424655508793324e-07,7.083244078243159e-08,8.861658932013119e-07,1.0224454869641665e-12,3.02592055598925e-13,4.310022987914442e-13,3.107328953911441e-13,7.300885677522861e-13
tabb_c1_sep,2,1.0,ok,10,4,0.49687843520823594,0.3078567686270062,1.1768746244086974,0.18925949685380478,1.7932754183089934,0.29035827417674837,2.37769821901185,0.8169437832013665,0.13830776574949435,0.677113650682577,0.27610596674593135,1.70425210289105,1.1589209155478797,0.1375021737143692,0.3545314752366573,0.2626438459011614,2.0455790418678754,1.2008917783109305,0.08373856888513173,0.4319100776343875,0.27232936535909025,1.8155592030851864,1.530742020574613,0.3974894790662238,0.523958537279322,0.420347896501842,3.4969517034302195
tabb_c1_sim,2,1.0,ok,10,4,0.4891445862795487,0.3053148156064568,1.1463602602341563,0.1844995677659809,1.7474037411382664,0.28393288543141804,2.376237282104111,0.8130369112134217,0.13457520667085987,0.6696901472844013,0.2744199095023996,1.7036818030514962,1.1008082646578725,0.13224405885739043,0.3426466890079397,0.2606492751122001,2.04434035512886,1.1664966106055312,0.08133346134306006,0.4235848020873395,0.2717593737433773,1.8150956264198683,1.5050992544597994,0.3898455441926132,0.5206567067385144,0.4144307040678501,3.4942213977852634
tabb_c2_sep,2,1.0,ok,10,4,0.4258954299581802,0.3078566167489457,1.1386185334064685,0.18925965865217875,1.7120898485748477,0.2903584355129812,2.3749406119343566,0.6640409911165258,0.13830772446748343,0.46914139556601664,0.2761057773791437,1.6939606263297193,1.1992215520744636,0.13750230082369858,0.3188337265949129,0.26264384211039493,2.04644169828244,1.1891798123208894,0.08373933660850214,0.4812306773854389,0.27232911078636846,1.8117628843983604,1.5020317781139954,0.3974892727090308,0.43437592028635236,0.42034773671987596,3.4959205745486526
tabb_c2_sim,2,1.0,ok,10,4,0.41823200491660234,0.3056083928762041,1.1117161180817128,0.18500175788482903,1.6703718459825463,0.2848346335041143,2.3737432330076254,0.6701849506736905,0.1350631537089419,0.46346950659901437,0.27479508884742926,1.6935150119483138,1.1400179329164257,0.1316999998367551,0.30470561452182077,0.2604304894216927,2.0449873358781616,1.154158484299889,0.08133862058204373,0.47308145897259657,0.2712167549729193,1.8114657825135823,1.4825031044368457,0.39190525741157534,0.4316714395729775,0.4159912382627752,3.493887972471937
tabb_c2_sim_joint,2,1.0,ok,10,4,0.31073018436873945,0.2840666724759717,0.7164287390632195,0.14361542746041664,0.8433628046714995,0.20788249361616518,2.3663127998373517,0.47971845029132576,0.06681834611250725,0.2744650138769365,0.23013565559447605,1.668910084856238,0.24547103573984358,0.05981307153089996,0.24334703891556592,0.2585438182032372,2.033377606816819,0.6580223657848626,0.05592503478668401,0.293437245109478,0.23159597784339847,1.8084818327186303,1.4825031044368457,0.39190525741157534,0.4316714395729775,0.4159912382627752,3.493887972471937
tabb_rp1,2,1.0,ok,10,4,0.39944143708194635,0.26321440361263226,0.770444636518352,0.06016229976208866,0.9929092063609458,0.0900798342198675,2.351534613280818,0.6229211467919081,0.05362170545134327,0.3466323593136025,0.2350295618874205,1.6880694797622442,1.2001880030887913,0.08353624572775452,0.4703007280571978,0.2647570165685223,2.038851004754666,0.7810293153430793,0.026287675662711767,0.5871380360037496,0.24098034092160894,1.8069664137981032,0.4776400808496294,0.0772035722065451,0.19369462495323556,0.3120906950729771,3.4419820657787876
tabb_rp1_joint,2,1.0,ok,10,4,0.31269123366108276,0.25707470882285377,0.5882946647441307,0.04941197408323579,0.7065520756067248,0.0745390572085655,2.3473002704651478,0.21961481104093497,0.019584987235524456,0.23838149552757448,0.22447509658619574,1.6703644862112226,0.9139946356557392,0.06869652879235505,0.33427375645225066,0.25106809304147,2.0362235455661755,0.7419291314302192,0.03216280809851854,0.48441505771127047,0.24066495059077234,1.8043585711954386,0.4776400808496294,0.0772035722065451,0.19369462495323556,0.3120906950729771,3.4419820657787876
shah,2,1.0,ok,10,4,0.5937404004918425,0.3078567059009346,1.2246686118580086,0.18925954023275293,1.8394874396463627,0.2903582550772645,2.3921417807080685,0.8169463264884074,0.13830745968646377,0.6771128041442107,0.2761059450492251,1.704252139126697,1.1589263654678514,0.13750234516648643,0.3545318433285351,0.26264378654290377,2.0455790580179114,1.2008945994147384,0.08373893645576354,0.43191061082007626,0.27232921241286095,1.815559357792888,1.7219071560610366,0.39748941962229806,0.9114063436745482,0.42034787959874864,3.536134100687923
tabb_c1_sep,2,3.0,ok,10,4,1.538587761622332,0.9225500677436247,3.5431438090839835,0.5682952813917975,5.410504577710234,0.8710848393509689,7.132603220264378,2.4242386852843216,0.4141461507465334,2.04913450463788,0.8283011306844182,5.111604721379015,3.519453857254073,0.4151063717513657,1.091257086283031,0.7881585672107975,6.134951520533257,3.5957064839750967,0.25293375244771343,1.3031832019743799,0.8146636812743626,5.447218827254831,4.633176209822443,1.1909948506215775,1.7107762535940376,1.2590768918049204,10.490843095384946
tabb_c1_sim,2,3.0,ok,10,4,1.5154397772783852,0.9148862002431948,3.4510292569854073,0.5539781815691436,5.271991445984336,0.8517085724404972,7.1282505709903665,2.412576915887521,0.40300467760453274,2.0272572146213923,0.8232942433328395,5.109926714005628,3.3441027803457373,0.39930895220388596,1.0551769123524917,0.7821332006594357,6.131238447622721,3.4905027895583647,0.24557305175016436,1.2777245406282325,0.8128510307087472,5.445843167578915,4.556934542150006,1.168026044717991,1.7016004415114243,1.2412663262717567,10.4827086710123
tabb_c2_sep,2,3.0,ok,10,4,1.2760017591016861,0.9225499361216222,3.419477162993563,0.5682952101454452,5.137667883970934,0.871084514797035,7.123691149019927,1.9607420754211518,0.41414578969706733,1.406135590651097,0.8283012684777434,5.0801035813912225,3.6290770447962037,0.41510646845653476,0.9662189336523122,0.7881585890026689,6.1377659247401635,3.5934361305646125,0.2529341136454675,1.4491205947109078,0.8146632909741032,5.437140660577637,4.494653401192283,1.190994468782711,1.2825319173924272,1.259076596031973,10.485503366030043
tabb_c2_sim,2,3.0,ok,10,4,1.2528894199346725,0.9157646838545264,3.3382639228374718,0.5554687559976683,5.012120647283006,0.8544478847595219,7.1200792329776545,1.9792922630759284,0.40437704442745287,1.3890332779627341,0.8243705239998067,5.078728527492034,3.450319053848706,0.39760864808828744,0.9233197566301012,0.7814350257561895,6.133355925933388,3.48742744814843,0.245666320512752,1.424456195348414,0.8112815519214596,5.436236390438413,4.436016926276824,1.1742230109621812,1.2747484497974402,1.2459716337406501,10.479404022779548
tabb_c2_sim_joint,2,3.0,ok,10,4,0.9288755510309396,0.8509822459157046,2.1481983782084333,0.4313046777519909,2.511837197000328,0.6227012398101858,7.097762216063511,1.4228895493139115,0.2009764966674263,0.824326240304498,0.6912379428194082,5.0051705790976975,0.7391051305427375,0.18059607809048817,0.7319394708678479,0.775138256863948,6.098256696251834,1.9947819067002606,0.1694231252878677,0.8844880431539722,0.6915811502388125,5.427203512972552,4.436016926276824,1.1742230109621812,1.2747484497974402,1.2459716337406501,10.479404022779548
tabb_rp1,2,3.0,ok,10,4,1.2032796349738937,0.7881481826472339,2.3107877415905076,0.18033512176754685,2.9778676910199935,0.26944251404197556,7.054209948884261,1.8713966822652959,0.16094953554388763,1.0445145439079606,0.7064794300895559,5.0634617435756315,3.5900063925947174,0.2499850562998165,1.4044761907876744,0.7927840475695176,6.114672017068856,2.356456184008045,0.0793477058029776,1.7742060307359484,0.719581301421267,5.422667368714982,1.4252917074939728,0.2310581894235057,0.5899217744639914,0.9337479515085949,10.325421633766126
tabb_rp1_joint,2,3.0,ok,10,4,0.9418977034795968,0.7697924245630048,1.7635664772039679,0.14799794181712334,2.1164718933606723,0.2228164979849527,7.041518541869497,0.6583361185517144,0.058802490553194635,0.7147116839552271,0.674778128330921,5.010417231055385,2.7381228815738607,0.20581039077021476,0.9974196364944702,0.7519080615597373,6.106770056476783,2.232515201196323,0.09632069652157832,1.465537719004698,0.7187355568527656,5.414857360539053,1.4252917074939728,0.2310581894235057,0.5899217744639914,0.9337479515085949,10.325421633766126
shah,2,3.0,ok,10,4,1.995051993419646,0.9225516050663657,3.7931701825381925,0.568294840970288,5.751633159761188,0.871087073887395,7.198533344524291,2.4242091615081574,0.41413850186929674,2.0491210522866017,0.8282968310292831,5.111602779688171,3.519496537451232,0.41511138244121176,1.091269719945736,0.7881611005609191,6.134952807516527,3.5956687930605464,0.2529319149355243,1.3031704730378066,0.8146687137165035,5.44721861937365,5.633306238132833,1.1909975646351194,3.5366467284084404,1.259079774958757,10.669452171217161
tabb_c1_sep,2,5.0,ok,10,4,2.6446135050071424,1.5358325448769374,5.928166068960442,0.9479627433507811,9.069724364527776,1.4517251580529296,11.888105129885101,3.997836775753513,0.6889717723237643,3.4434893287840005,1.3804309463362165,8.517631838954676,5.938789019349921,0.6962343233638082,1.866478692132722,1.3140428990461082,10.222306384990913,5.980307810685918,0.42430400731217727,2.185622214916911,1.3538340380265257,9.08003382390908,7.795730670052418,1.9823408704033747,3.082863784194937,2.0950222960988993,17.4875830262752
tabb_c1_sim,2,5.0,ok,10,4,2.606131728208629,1.5229985116394826,5.7737453333847135,0.9240419720024402,8.837621299781324,1.419268627280389,11.880896017798369,3.978361215726699,0.6704946109070952,3.407668666291298,1.3721736140770444,8.514885992025414,5.644965583630979,0.6698659532378474,1.8056867758867625,1.3039292969552436,10.216120525799257,5.801725903926155,0.4118026081780028,2.1424661986065994,1.350644159526843,9.07776571021718,7.66992863025502,1.9440047156868154,3.068705272049856,2.0652469759987993,17.474110231954764
tabb_c2_sep,2,5.0,ok,10,4,2.1239721864609105,1.5358321141856102,5.704937057061751,0.9479623883357053,8.564455887299129,1.451724640038244,11.871687557485878,3.2165230551821176,0.6889714927142657,2.3414693848526507,1.38043046847757,8.464171235613165,6.101326575983588,0.6962338148945054,1.6267960997931081,1.3140427444080347,10.227344036191525,6.030530716269544,0.4243034331093704,2.423837984509205,1.3538329891544993,9.065330060404731,7.471367880811754,1.9823408126246795,2.103785276688678,2.0950222547023367,17.47360558115522
tabb_c2_sim,2,5.0,ok,10,4,2.085198373144844,1.5244612095144765,5.568573668268911,0.9265014042067057,8.35443327120233,1.4238972800951426,11.865639581056039,3.247757129215934,0.6726303928493784,2.3128312534684183,1.3738832026397951,8.46181769182868,5.800557026402511,0.6669162452366042,1.5542121372169637,1.302695827859142,10.219920192649655,5.852376385417484,0.4120878442239631,2.382402178024795,1.3481309301657525,9.063800189230676,7.373604132039714,1.954371134516877,2.0913479238691997,2.0731348773932163,17.46344780980903
tabb_c2_sim_joint,2,5.0,ok,10,4,1.5427713530057119,1.4162329220715038,3.5783327182872684,0.7195657038992982,4.1556367658273325,1.0362027410626762,11.828396627183336,2.3447087081755633,0.33587925287532844,1.3755317688759467,1.1534280246910262,8.339629706798599,1.2363496828386156,0.30291044577612053,1.2231189375825078,1.291093297675464,10.16095477318932,3.3586683500951806,0.285101982428867,1.481086781695193,1.1472754885263088,9.048614928518527,7.373604132039714,1.954371134516877,2.0913479238691997,2.0731348773932163,17.46344780980903
tabb_rp1,2,5.0,ok,10,4,2.0131930277914845,1.3111958324312472,3.8495543314520044,0.3003163166710617,4.960793673608253,0.4478578470021004,11.7572323332517,3.123061755657711,0.2683696923093432,1.748745023049393,1.179750672965428,8.438129267809474,5.966049876149779,0.415632026606139,2.3301653918716645,1.3188635485652127,10.188308920846218,3.9445825439859297,0.13274328138166497,2.974249587756483,1.1939209114374274,9.041099260010187,2.364523150014597,0.3845202663870994,0.9996121084883971,1.55224819675692,17.210023489699914
tabb_rp1_joint,2,5.0,ok,10,4,1.5767299467133356,1.2806506299998028,2.937641638808856,0.24635753719994546,3.523515277818212,0.37024870348240696,11.736095160910667,1.096557995284865,0.09808180901088047,1.1907436401118914,1.126851811775582,8.349833326850272,4.557445470284013,0.34257953215573955,1.6534746940269782,1.2510549389305925,10.175102654025167,3.73203993965195,0.1602485412460624,2.4630893442260757,1.1924475725361163,9.028088356991793,2.364523150014597,0.3845202663870994,0.9996121084883971,1.55224819675692,17.210023489699914
shah,2,5.0,ok,10,4,3.675016879024835,1.5358397557981431,6.545481103565368,0.947960122795307,10.031525189871047,1.4517353704848315,12.041367105809211,3.997687906792696,0.6889361526229717,3.443428185553959,1.3804104554995147,8.517622420360016,5.938981109868539,0.6962576641137779,1.8665378599840996,1.314054989565546,10.222312409216178,5.980110955387221,0.4242937088918631,2.185554086886045,1.3538582656146965,9.080032950046597,10.26514444221302,1.9823529655526155,7.204547383675235,2.095035312512815,17.902109541785563
tabb_c1_sep,3,0.0,ok,10,4,7.406512012838077e-07,6.319287924436583e-08,9.481727608082912e-07,5.158444703885254e-08,1.115514907092421e-06,8.904660782938958e-08,6.914243661797068e-07,1.1545407780226353e-06,5.7250536212473905e-08,1.0269410772070912e-06,7.522593661693438e-08,9.318157325557534e-07,1.452740806037539e-06,1.0209191234966541e-07,9.971796323434094e-07,1.2530321668079448e-07,4.924442952987028e-07,1.185402706748546e-06,4.6993908416498535e-08,9.384827345204176e-07,5.224094266819106e-08,8.952589978122789e-07,6.752424444257127e-12,1.4311767723118752e-12,1.3610643121480628e-12,1.4210115433690067e-12,3.6796652310194025e-12
tabb_c1_sim,3,0.0,ok,10,4,1.2722733140093233e-06,8.533840127477502e-08,1.6785133045889222e-06,7.109241012944799e-08,2.2444212388119215e-06,1.1327449618177434e-07,8.38282303481501e-07,2.5998701502397804e-06,1.4331143142288044e-07,1.4076263567888562e-06,1.6812610318560224e-07,1.0896059636167334e-06,2.246160008322648e-06,1.0426574750712776e-07,2.029649445987906e-06,1.250271682030188e-07,6.712067398319777e-07,1.867941098691095e-06,3.6775286766455195e-08,1.6518012705326947e-06,4.818317174118387e-08,1.083101673740935e-06,8.196110216560229e-11,1.7174821328633453e-11,1.6182727836897477e-11,1.716196929517179e-11,4.5995314282419287e-11
tabb_c2_sep,3,0.0,ok,10,4,2.710745366569052e-07,1.073078133866061e-07,6.790562151311396e-07,9.975720259683454e-08,1.5307705207109457e-06,1.7784975640992197e-07,8.011313906730626e-07,1.1302714429901309e-06,2.3032035963367675e-07,5.570495531262715e-07,2.3936458780263657e-07,1.1854863311954933e-06,9.013708206477934e-07,9.5500088262384e-08,3.0409565237581135e-07,1.17974652477486e-07,4.997148538836361e-07,6.840853946628409e-07,7.309443564383212e-08,2.2305181703435992e-07,7.177809679789568e-08,9.550671095090177e-07,4.972022237939021e-10,1.1392684744531525e-10,1.011240911777487e-10,1.1391646840607184e-10,2.4531167250510573e-10
tabb_c2_sim,3,0.0,ok,10,4,9.310017681540561e-07,4.6968283961434397e-08,9.685979016765968e-07,3.7971497917341763e-08,1.5657078319161157e-06,6.621763081202342e-08,7.602777960586683e-07,1.7419783746226574e-06,3.824860556069498e-08,1.378169208637326e-06,6.149265408656492e-08,8.416678586578747e-07,1.0601611240570092e-06,4.7084591536998116e-08,9.317937585443826e-07,6.50043000970741e-08,8.809269624816484e-07,1.071203366609402e-06,6.646647745897109e-08,1.4129251704930222e-06,6.12898579343822e-08,9.097532317939173e-07,1.0487414173190979e-09,8.631711270286737e-11,1.1189349414934145e-09,8.632372771635707e-11,1.1262481750022366e-09
tabb_c2_sim_joint,3,0.0,ok,10,4,1.659459710037769e-06,1.206221108159477e-07,8.812621740867753e-07,1.0935560271597443e-07,1.2817232299396175e-06,7.526055379563277e-08,9.431307271985141e-07,1.918284315919132e-06,1.4781906231762708e-07,2.2170797216700267e-06,1.630278412324395e-07,9.57920238183556e-07,7.994412183592749e-07,1.4600675081151822e-07,2.134076439152365e-06,1.6112492536676386e-07,6.507360009693286e-07,8.062744206513755e-07,1.435102806220496e-07,2.285563744387192e-06,1.5824935293687102e-07,1.4889299782830102e-06,1.0487414173190979e-09,8.631711270286737e-11,1.1189349414934145e-09,8.632372771635707e-11,1.1262481750022366e-09
tabb_rp1,3,0.0,ok,10,4,6.373812905787162e-07,5.4045058942106e-08,8.950576256606601e-07,3.822353562285905e-08,1.2608451907880222e-06,6.15401576755879e-08,7.29702934709755e-07,1.044742784664371e-06,5.6487934467619787e-08,8.361272374518465e-07,5.876808803868659e-08,7.755137754762458e-07,1.1238359212551612e-06,4.592849757316373e-08,7.50415233758949e-07,7.489630968232786e-08,7.582781156998164e-07,1.362087127246958e-06,4.4219407087452765e-08,9.442367682548788e-07,7.625752951296079e-08,9.76290364938488e-07,4.956466947615027e-08,6.258303363199937e-09,1.8745922849190588e-08,6.258308534448761e-09,1.775664162236313e-08
tabb_rp1_joint,3,0.0,ok,10,4,3.367602236725637e-07,5.308641960859657e-08,3.560359922717388e-07,2.9695648386904676e-08,5.477692394259476e-07,4.958007312114297e-08,6.892296569627708e-07,5.745233593948632e-07,3.2092737169265016e-08,3.9613678216320533e-07,6.45246328401151e-08,8.616686418723336e-07,5.291150588448003e-07,9.022413420960157e-09,4.557219594355678e-07,4.6731456738505894e-08,4.5677267095033505e-07,2.7094088137114144e-07,7.14091395941936e-08,4.764362302422912e-07,9.48312803213165e-08,9.740229260716377e-07,4.956466947615027e-08,6.258303363199937e-09,1.8745922849190588e-08,6.258308534448761e-09,1.775664162236313e-08
shah,3,0.0,ok,10,4,7.068492705457837e-07,5.3124399764532664e-08,7.526493668135652e-07,2.7497080699096066e-08,4.2303839455527007e-07,1.833158266722832e-08,6.692624867921886e-07,1.2849946273750438e-06,3.666254442852951e-08,9.424658382641468e-07,7.083232053443221e-08,9.20148101630151e-07,1.0163575507246495e-06,3.666279254690527e-08,9.424652620373567e-07,7.083252700837148e-08,3.996080400863766e-07,7.092442667090806e-07,3.666268322889389e-08,9.424655508793324e-07,7.083244078243159e-08,8.861658932013119e-07,1.0224454869641665e-12,3.02592055598925e-13,4.310022987914442e-13,3.107328953911441e-13,7.300885677522861e-13
tabb_c1_sep,3,1.0,ok,10,4,0.5182395958827994,0.37768265167606774,1.6678694975160036,0.2835267997375554,1.8789265010298335,0.36782133031788583,2.4396892009976523,0.22780379280980015,0.196801040571067,0.5494052209470092,0.33955029519214164,1.9410002569890996,2.1662385948769978,0.17019388974719205,0.6011459080484427,0.22173892937970008,2.020344504699754,2.7100637114213977,0.20058877160202934,0.4722564593668318,0.3566535329716527,1.7951394974968775,1.5673718909558192,0.5665234970299332,0.45015079516891454,0.5927878491607766,3.568828079227503
tabb_c1_sim,3,1.0,ok,10,4,0.5062191034335641,0.373078684805071,1.632707064905467,0.27766456125019917,1.8326659061814325,0.36126012085601705,2.4360477134425107,0.24298715728199827,0.1902665777143969,0.5323814117478951,0.33483664717862593,1.937120469339034,2.0977322007127843,0.16547688412692405,0.5831379924485661,0.21789260391209198,2.0169626987240252,2.6501190501577434,0.1962373880626461,0.4634764683543746,0.3539120632523433,1.792833607282768,1.5399898514693415,0.5586773950968297,0.4458805411834205,0.5856734248772226,3.564054890780305
tabb_c2_sep,3,1.0,ok,10,4,0.5445811758079797,0.37768232641526095,1.7143323376328776,0.28352640923072747,1.96236876227722,0.36782149201186326,2.4425872739320127,0.26011426500473855,0.19680034224155218,0.5998016562844515,0.339549389854182,1.9450689558910894,2.244261415056134,0.17019290962474928,0.6634839499391334,0.2217385002811671,2.026862006776954,2.7644251832189224,0.20058852509869785,0.4791337752810634,0.35665323858592235,1.8012172076588207,1.5885284872517154,0.5665238599579105,0.4359053217272708,0.5927881769397723,3.567784199786345
tabb_c2_sim,3,1.0,ok,10,4,0.5315681021509899,0.3732745229514396,1.6789260541119662,0.2775463993541929,1.9142065572929392,0.3617283099231712,2.439044377103903,0.28083010769357464,0.19007308864226688,0.5821171540952598,0.33465485398598854,1.941142828022227,2.1744373761364733,0.16474885229347894,0.6435720188181656,0.21778697613958914,2.0230274101211814,2.6940483161287343,0.1952803129144499,0.4682369222776492,0.35370001889875136,1.7982744838005296,1.566388416489082,0.5600833435665759,0.43234631341288504,0.5869562427814294,3.5638859962065093
tabb_c2_sim_joint,3,1.0,ok,10,4,0.4398036853507155,0.3686266494248928,1.5180187433855257,0.24386976070929103,1.331010082539114,0.31488395279723647,2.425733158690682,0.6077904366608432,0.09709143220981742,0.32668582535510615,0.289357355004318,1.898421776026413,1.595456654160451,0.14709217429985463,0.5396103684045865,0.2538952497059779,2.0113376390110687,2.3024394662317262,0.17121209276091626,0.46057223423028415,0.3442977502078462,1.7849251236214743,1.566388416489082,0.5600833435665759,0.43234631341288504,0.5869562427814294,3.5638859962065093
tabb_rp1,3,1.0,ok,10,4,0.2882024074771916,0.2646543571416236,0.7059861713425702,0.07650259275879848,0.9062572886958989,0.12221486530480573,2.3442873700317213,0.7888881862237516,0.061193018129631856,0.2757982547126877,0.2741387987450156,1.9006529985076301,0.7420112442599485,0.06105043199607863,0.23541058812397309,0.17593657906212465,1.9630143344319442,0.655876164204505,0.043563401266226785,0.33453019761693714,0.2657463127538058,1.7475714157822027,0.6371690906820757,0.1402035196432566,0.30707058945516846,0.34279573800554836,3.385678682624894
tabb_rp1_joint,3,1.0,ok,10,4,0.28163895656923227,0.2637370044447028,0.7150227093319453,0.07757294576554362,0.8497722152767594,0.12355897236601514,2.3448003475585666,0.7174805152541069,0.05394792336300133,0.24463460681053675,0.26865477643638835,1.898256484095097,0.9440573174318948,0.07555053888626295,0.26349040673109303,0.1786992913303681,1.9672995075027655,0.5613839139597039,0.04058980116965359,0.31136022328013085,0.26479821200650644,1.7481102671264066,0.6371690906820757,0.1402035196432566,0.30707058945516846,0.34279573800554836,3.385678682624894
shah,3,1.0,ok,10,4,0.5930676467580573,0.37768247388153064,1.7122839733477435,0.2835266823842285,2.0409557077204585,0.36782204644001465,2.433357216185538,0.22777124868620705,0.19680078230501755,0.5494047192966315,0.3395494573013861,1.9410008577776416,2.166236383251683,0.1701937891477629,0.6011460395411632,0.22173919992123692,2.02034446350087,2.7100607682650066,0.20058857381604886,0.4722562281831422,0.3566533140229287,1.795139410286154,1.7450674931880772,0.5665235842680846,0.7494636000112926,0.5927879242805707,3.551493739652971
tabb_c1_sep,3,3.0,ok,10,4,1.5458587668547223,1.1322901097973628,5.007909017834416,0.8487012359412089,5.576166967575524,1.0967860959604014,7.319762303255176,0.7661871567388501,0.5897451129321699,1.6203993786774697,1.0202065996245198,5.823078786755439,6.46860415470728,0.509131223465079,1.7849022883957366,0.6669788464580919,6.061488787150838,8.122194047444745,0.6015095406413847,1.413007176490122,1.0683415080586611,5.3880513963957535,4.674650712446791,1.6944190667262025,1.3651262238555613,1.7736334850481787,10.70675907924071
tabb_c1_sim,3,3.0,ok,10,4,1.5101484527527278,1.118482415429745,4.903885582951979,0.831162282991505,5.4407340851052375,1.077364754489644,7.308903869629885,0.8180194729654573,0.5702882229646924,1.5701422426724767,1.0060936627874044,5.81168087361878,6.262628832160098,0.49493948253403947,1.7313179196106239,0.655332357101523,6.051337012477893,7.9419876355108325,0.5884348617321559,1.3866777268176038,1.0600964705553504,5.381099305227183,4.592906391171527,1.670986564735132,1.3524559219102072,1.752407171274702,10.69250948813585
tabb_c2_sep,3,3.0,ok,10,4,1.6321117825845661,1.132289837123316,5.147804217429158,0.8487009990158725,5.844985908139449,1.096786173297267,7.326278850417683,0.8484707129297028,0.589745152611845,1.7950837913313276,1.0202065433966097,5.834304702136664,6.711491122891005,0.5091303688051253,1.9896836812739829,0.6669781053747144,6.0833682414383405,8.287151238231075,0.6015095553115293,1.437621895887852,1.0683413469972864,5.405739186783423,4.74410379566485,1.6944189193349906,1.3060577618451021,1.7736333527246537,10.69714683934316
tabb_c2_sim,3,3.0,ok,10,4,1.5933778989410088,1.1191357185300803,5.0421990368211835,0.8308811797759647,5.702627770451085,1.0787816927876943,7.315759540628685,0.9111898496298891,0.5698119490167796,1.7427485444551287,1.005644669023516,5.822858657499221,6.503287972452148,0.4928985096661942,1.9303575844256569,0.6551582319092486,6.07185206103819,8.076231402680426,0.5856067425746826,1.4049779448532858,1.0594858529996636,5.396895771976325,4.6780869225222705,1.6752075178462023,1.2954275220299634,1.7562541201878932,10.685588250315247
tabb_c2_sim_joint,3,3.0,ok,10,4,1.321190670259309,1.1053476333596495,4.562137148194346,0.7308070477846913,3.985291835089533,0.9409309610503956,7.276271077520039,1.858597375040902,0.2916622182335719,0.9834985961705979,0.8694510041620324,5.697083519820434,4.812296645191877,0.4427855715658998,1.6234035640817723,0.7641849295795011,6.036673141008259,6.899567650022332,0.5135728834930914,1.3824329987549024,1.0315004795091713,5.356911766658392,4.6780869225222705,1.6752075178462023,1.2954275220299634,1.7562541201878932,10.685588250315247
tabb_rp1,3,3.0,ok,10,4,0.86300597224718,0.7945768689808655,2.120483217572232,0.23006360725487154,2.7160216572556473,0.36750403404917864,7.033907210321483,2.372801048458989,0.18403138799630386,0.8186225560662717,0.823342532332223,5.703256965293173,2.2273546097057872,0.18340852362997676,0.704168910160756,0.5287903047407982,5.891048772206079,1.9834955302373858,0.13153896668343554,1.0097530801667536,0.7958021611140411,5.244358619724894,1.898281681886765,0.42127555070976996,0.9194793425949392,1.0303724777363996,10.157190044135808
tabb_rp1_joint,3,3.0,ok,10,4,0.8416809335979262,0.791804725937325,2.1424270245667474,0.23299459868947017,2.5425029333947706,0.37112978708060235,7.035401032567222,2.154969153579483,0.16201191404622442,0.7270064357729692,0.8068107474048528,5.695946584401524,2.8261723633603,0.2263140549544304,0.7901646163283653,0.5371260245640987,5.903902286523648,1.6902848994404422,0.12237687504745581,0.9300733396954312,0.7929096540439488,5.245864224541612,1.898281681886765,0.42127555070976996,0.9194793425949392,1.0303724777363996,10.157190044135808
shah,3,3.0,ok,10,4,1.951020037437801,1.1322913296807726,5.2422928368798045,0.8487031879445619,6.353547378653843,1.09678114543637,7.297062880872835,0.7661775025600762,0.5897371843872248,1.6203778196774141,1.0202000109736522,5.823074668246895,6.468887405901078,0.5091507192864368,1.7849775517004653,0.6669959929188051,6.06150307028827,8.122145469090318,0.6015069008532735,1.4130048644538729,1.0683369554728999,5.388049848723423,5.611960969967746,1.6944179472513126,2.985719913919452,1.773632359357733,10.644595225476042
tabb_c1_sep,3,5.0,ok,10,4,2.5634701409982186,1.8856666306173762,8.359474557377494,1.4111657026640905,9.19421939760204,1.816359063430996,12.086207115681693,1.4370316041544562,0.9820474865157652,2.656302225272925,1.7030249850410804,9.705808866897215,10.732432392822716,0.846208370136521,2.944931577112877,1.1146654834445013,10.103600994010256,13.524220774766283,1.0021145928255226,2.3488298088225514,1.7778638209248134,8.984770584822627,7.744213457766521,2.814292361178553,2.3038169527845205,2.94711223305911,17.54903356998542
tabb_c1_sim,3,5.0,ok,10,4,2.5045241883211946,1.8626672874459431,8.187193271875636,1.3820196875717494,8.974497200859515,1.7844547033920908,12.068592468838718,1.5281820877886312,0.9498549274815424,2.573812593487151,1.6795370302385888,9.68720524433026,10.388407904586263,0.8224872047000102,2.8563504752902613,1.0950802924426768,10.086668948848422,13.22335005163086,0.9802836611914566,2.3049247354026536,1.7640842356005293,8.973104006574019,7.608833043496788,2.775452956913988,2.2830089491047123,2.911967591501978,17.526474026602763
tabb_c2_sep,3,5.0,ok,10,4,2.717810437772694,1.8856667473625783,8.590145207539742,1.4111656468575675,9.67105650342242,1.8163581666281934,12.092953056833808,1.5393751897485173,0.9820473600063159,2.985226713898897,1.7030251223030706,9.722803327669773,11.151336576549953,0.8462080288811714,3.315098836077781,1.114665722726802,10.143889450985203,13.802162970868258,1.0021147483782755,2.396497303037598,1.777863830932044,9.013283606350498,7.8677060929922344,2.814292450164508,2.1744188980765,2.9471123134883963,17.52018926135727
tabb_c2_sim,3,5.0,ok,10,4,2.6537345701580857,1.863865044729669,8.414700131805459,1.381673044676349,9.43759712430361,1.7868318910302978,12.075867163576396,1.6425617789659996,0.9492265798913554,2.899170503597899,1.678947052760959,9.70426516416404,10.806802194889952,0.8193252246995133,3.2168479000479047,1.0950249577389342,10.124673068982048,13.450959286800117,0.9756453017247562,2.3421602744953693,1.7631104286992818,8.998518516116217,7.758477266565768,2.782495072389771,2.156759602491171,2.9183777397195017,17.501996759590728
tabb_c2_sim_joint,3,5.0,ok,10,4,2.205213242838231,1.8411436944277986,7.616833836263343,1.216468780011274,6.627776328930385,1.5614962866869802,12.010091655584912,3.1575574094919365,0.4868979720960414,1.6452880566572339,1.4514036099099776,9.498511541834244,8.06384342684144,0.7405395625965415,2.713460059132867,1.2779216152890163,10.06590441464001,11.487457242154223,0.8559425129627416,2.3053452530716525,1.7168718127926992,8.931992264995404,7.758477266565768,2.782495072389771,2.156759602491171,2.9183777397195017,17.501996759590728
tabb_rp1,3,5.0,ok,10,4,1.436222157876232,1.325318527044251,3.5381696163489282,0.3843464991630181,4.522375640367431,0.6138980630772167,11.648739133320811,3.964821795509086,0.30747251755332417,1.3503616751252578,1.3737617044616306,9.507889525811514,3.711866861324466,0.30588329974953826,1.1702606715372301,0.8830362443484349,9.821983634167289,3.333918798715803,0.22073208747428952,1.6938121777702109,1.323922122867844,8.743567933734477,3.142071009846359,0.7032980918749207,1.5304541070722286,1.7205540364990939,16.73477474615731
tabb_rp1_joint,3,5.0,ok,10,4,1.3978772368503745,1.320654776949586,3.5664820239289767,0.3887936460839746,4.226538227226825,0.6193267723995269,11.651179420602366,3.59587705696012,0.27027923464528475,1.2007503833604631,1.3460613922402345,9.495505684392374,4.699864301996834,0.3765949027795469,1.3166604793882897,0.8969936301625587,9.843437244111474,2.8281157269125945,0.20500235503614606,1.543643977580516,1.319010048896457,8.745891495145917,3.142071009846359,0.7032980918749207,1.5304541070722286,1.7205540364990939,16.73477474615731
shah,3,5.0,ok,10,4,3.543947159627821,1.8856730643440258,8.948688839442001,1.4111754922639381,11.006293225040446,1.8163348793267835,12.055863606749018,1.437025108100401,0.9820100504743803,2.656200832659814,1.7029942932277256,9.705788993648614,10.733809572915098,0.8463024491188976,2.9452903110901594,1.1147481356229232,10.103670179218117,13.524003843610364,1.0021027668402325,2.348819961699062,1.7778432492155258,8.984763733366657,10.099916833142139,2.8142867026222422,6.225477533062247,2.947106579309929,17.465058561528597
tabb_c1_sep,4,0.0,ok,10,4,7.406512012838077e-07,6.319287924436583e-08,9.481727608082912e-07,5.158444703885254e-08,1.115514907092421e-06,8.904660782938958e-08,6.914243661797068e-07,1.1545407780226353e-06,5.7250536212473905e-08,1.0269410772070912e-06,7.522593661693438e-08,9.318157325557534e-07,1.452740806037539e-06,1.0209191234966541e-07,9.971796323434094e-07,1.2530321668079448e-07,4.924442952987028e-07,1.185402706748546e-06,4.6993908416498535e-08,9.384827345204176e-07,5.224094266819106e-08,8.952589978122789e-07,6.752424444257127e-12,1.4311767723118752e-12,1.3610643121480628e-12,1.4210115433690067e-12,3.6796652310194025e-12
tabb_c1_sim,4,0.0,ok,10,4,1.2722733140093233e-06,8.533840127477502e-08,1.6785133045889222e-06,7.109241012944799e-08,2.2444212388119215e-06,1.1327449618177434e-07,8.38282303481501e-07,2.5998701502397804e-06,1.4331143142288044e-07,1.4076263567888562e-06,1.6812610318560224e-07,1.0896059636167334e-06,2.246160008322648e-06,1.0426574750712776e-07,2.029649445987906e-06,1.250271682030188e-07,6.712067398319777e-07,1.867941098691095e-06,3.6775286766455195e-08,1.6518012705326947e-06,4.818317174118387e-08,1.083101673740935e-06,8.196110216560229e-11,1.7174821328633453e-11,1.6182727836897477e-11,1.716196929517179e-11,4.5995314282419287e-11
tabb_c2_sep,4,0.0,ok,10,4,2.710745366569052e-07,1.073078133866061e-07,6.790562151311396e-07,9.975720259683454e-08,1.5307705207109457e-06,1.7784975640992197e-07,8.011313906730626e-07,1.1302714429901309e-06,2.3032035963367675e-07,5.570495531262715e-07,2.3936458780263657e-07,1.1854863311954933e-06,9.013708206477934e-07,9.5500088262384e-08,3.0409565237581135e-07,1.17974652477486e-07,4.997148538836361e-07,6.840853946628409e-07,7.309443564383212e-08,2.2305181703435992e-07,7.177809679789568e-08,9.550671095090177e-07,4.972022237939021e-10,1.1392684744531525e-10,1.011240911777487e-10,1.1391646840607184e-10,2.4531167250510573e-10
tabb_c2_sim,4,0.0,ok,10,4,9.310017681540561e-07,4.6968283961434397e-08,9.685979016765968e-07,3.7971497917341763e-08,1.5657078319161157e-06,6.621763081202342e-08,7.602777960586683e-07,1.7419783746226574e-06,3.824860556069498e-08,1.378169208637326e-06,6.149265408656492e-08,8.416678586578747e-07,1.0601611240570092e-06,4.7084591536998116e-08,9.317937585443826e-07,6.50043000970741e-08,8.809269624816484e-07,1.071203366609402e-06,6.646647745897109e-08,1.4129251704930222e-06,6.12898579343822e-08,9.097532317939173e-07,1.0487414173190979e-09,8.631711270286737e-11,1.1189349414934145e-09,8.632372771635707e-11,1.1262481750022366e-09
tabb_c2_sim_joint,4,0.0,ok,10,4,1.659459710037769e-06,1.206221108159477e-07,8.812621740867753e-07,1.0935560271597443e-07,1.2817232299396175e-06,7.526055379563277e-08,9.431307271985141e-07,1.918284315919132e-06,1.4781906231762708e-07,2.2170797216700267e-06,1.630278412324395e-07,9.57920238183556e-07,7.994412183592749e-07,1.4600675081151822e-07,2.134076439152365e-06,1.6112492536676386e-07,6.507360009693286e-07,8.062744206513755e-07,1.435102806220496e-07,2.285563744387192e-06,1.5824935293687102e-07,1.4889299782830102e-06,1.0487414173190979e-09,8.631711270286737e-11,1.1189349414934145e-09,8.632372771635707e-11,1.1262481750022366e-09
tabb_rp1,4,0.0,ok,10,4,6.373812905787162e-07,5.4045058942106e-08,8.950576256606601e-07,3.822353562285905e-08,1.2608451907880222e-06,6.15401576755879e-08,7.29702934709755e-07,1.044742784664371e-06,5.6487934467619787e-08,8.361272374518465e-07,5.876808803868659e-08,7.755137754762458e-07,1.1238359212551612e-06,4.592849757316373e-08,7.50415233758949e-07,7.489630968232786e-08,7.582781156998164e-07,1.362087127246958e-06,4.4219407087452765e-08,9.442367682548788e-07,7.625752951296079e-08,9.76290364938488e-07,4.956466947615027e-08,6.258303363199937e-09,1.8745922849190588e-08,6.258308534448761e-09,1.775664162236313e-08
tabb_rp1_joint,4,0.0,ok,10,4,3.367602236725637e-07,5.308641960859657e-08,3.560359922717388e-07,2.9695648386904676e-08,5.477692394259476e-07,4.958007312114297e-08,6.892296569627708e-07,5.745233593948632e-07,3.2092737169265016e-08,3.9613678216320533e-07,6.45246328401151e-08,8.616686418723336e-07,5.291150588448003e-07,9.022413420960157e-09,4.557219594355678e-07,4.6731456738505894e-08,4.5677267095033505e-07,2.7094088137114144e-07,7.14091395941936e-08,4.764362302422912e-07,9.48312803213165e-08,9.740229260716377e-07,4.956466947615027e-08,6.258303363199937e-09,1.8745922849190588e-08,6.258308534448761e-09,1.775664162236313e-08
shah,4,0.0,ok,10,4,7.068492705457837e-07,5.3124399764532664e-08,7.526493668135652e-07,2.7497080699096066e-08,4.2303839455527007e-07,1.833158266722832e-08,6.692624867921886e-07,1.2849946273750438e-06,3.666254442852951e-08,9.424658382641468e-07,7.083232053443221e-08,9.20148101630151e-07,1.0163575507246495e-06,3.666279254690527e-08,9.424652620373567e-07,7.083252700837148e-08,3.996080400863766e-07,7.092442667090806e-07,3.666268322889389e-08,9.424655508793324e-07,7.083244078243159e-08,8.861658932013119e-07,1.0224454869641665e-12,3.02592055598925e-13,4.310022987914442e-13,3.107328953911441e-13,7.300885677522861e-13
tabb_c1_sep,4,1.0,ok,10,4,0.5549643164731827,0.27802019470819755,1.6714080744128152,0.17609100081640494,2.1708627200595054,0.25778644123174216,2.4441704080690245,3.176411153041412,0.2787414005231731,1.0635893266690257,0.30527351222743837,1.8941257316094993,1.0261001745161826,0.1321633089829468,0.29591932048743763,0.2087491432919486,1.979932219896922,1.6401527398893796,0.1334495726555006,0.6274927290926529,0.18693965360962506,1.8763761412873188,0.8429682302042864,0.16000972110399928,0.23285588964361448,0.4111184697037782,3.5870941761539727
tabb_c1_sim,4,1.0,ok,10,4,0.5393661173621538,0.2744636412455869,1.6198756769254068,0.17072766878399726,2.1137525938809487,0.2503688873894688,2.4420496682345747,3.0450917990306947,0.26823606607778516,1.0309665786917905,0.2969628054690178,1.8878036203197712,1.0019347945990533,0.12654452809447425,0.28101064628617645,0.20602796677247318,1.9781319582678247,1.590116371018119,0.12799275824519046,0.6127634082635394,0.1837242660733982,1.8736675576802277,0.8423597430537608,0.16013732271853923,0.2327238362071088,0.41113952666745845,3.5870583572869386
tabb_c2_sep,4,1.0,ok,10,4,0.5067741699714859,0.27802026393934853,1.6408258799945772,0.17609111074566428,2.074188306442304,0.2577867190303566,2.4467234146382135,3.1952520527399138,0.2787417919697235,0.9941374171226949,0.30527382461088665,1.898478821323869,1.0389110570827242,0.13216380441545164,0.30467305652585985,0.2087494084697514,1.9790393101068748,1.57291407124115,0.13344935301971234,0.45994766956014477,0.18693948761398527,1.8903028732378162,0.7562263389145216,0.1600094935777697,0.2683385366772444,0.41111833506277073,3.5849349355909954
tabb_c2_sim,4,1.0,ok,10,4,0.492751730739599,0.2747407902659957,1.593135971275871,0.1711148890366498,2.017238859205126,0.2505139594691736,2.444697963701548,3.076321650534263,0.26869657598995883,0.9633491334155923,0.2973630577677723,1.8920883257845942,1.0121698784500217,0.127057516973004,0.2909020336587709,0.20621763212488514,1.9774888894005864,1.528425658029292,0.12913934151870754,0.44840621725799756,0.18453357941768989,1.8879627888690247,0.7556266980899068,0.15956612166492876,0.2683495386260354,0.41084889175363554,3.5848749632977106
tabb_c2_sim_joint,4,1.0,ok,10,4,0.267592502101813,0.2293723256137876,0.7867355986991289,0.10030829823151431,1.2049230046762813,0.14506184874013203,2.4257035146990913,1.1980733159589512,0.1283760490011944,0.2859976552037882,0.20318085061150865,1.8177278144034177,0.8029547037290072,0.08491127303424548,0.23476800509461213,0.16139531613559988,1.978250206539923,0.39028767701865025,0.028379749225688606,0.28125480948281634,0.14206424395440637,1.8620454815831604,0.7556266980899068,0.15956612166492876,0.2683495386260354,0.41084889175363554,3.5848749632977106
tabb_rp1,4,1.0,ok,10,4,0.3069906284682946,0.2193110531015828,0.7488944957876047,0.06563493750263984,1.0174647143804907,0.0859423848806487,2.4136587829712948,0.4976068978505743,0.04695301313851232,0.32576078058960034,0.16775370712012502,1.8153973787418454,1.2651608576813587,0.11017200062816433,0.22471947713453141,0.21823702318868482,1.9796104069386595,1.0274280444041728,0.05413706231562264,0.4832185822165539,0.1489501271605309,1.8577704643277135,0.20538218321431304,0.05127767392826007,0.19426367393249291,0.3423033549369905,3.5548781664533693
tabb_rp1_joint,4,1.0,ok,10,4,0.23860834144733356,0.21846251464607436,0.6086228427945312,0.06294413966973579,0.7634525395623722,0.07951709417688609,2.4125637660236885,0.5783998046084914,0.06214457972251065,0.30926884186413894,0.1753610091998904,1.8143901571396437,1.1775010810586521,0.10427539429361211,0.2030250201719533,0.2103984869979792,1.9766808745189897,0.4732083022966676,0.03407891073456034,0.247875829820749,0.14578720744943735,1.8561837194039725,0.20538218321431304,0.05127767392826007,0.19426367393249291,0.3423033549369905,3.5548781664533693
shah,4,1.0,ok,10,4,0.7623868290267297,0.2780202318226439,1.7056628774112668,0.17609102592709344,2.312601779763772,0.2577864404796858,2.455415868459264,3.1764176241374944,0.27874173946406366,1.0635907724606746,0.3052737331442771,1.8941260996440095,1.02610092293372,0.1321634217572713,0.29591962142539374,0.20874920310680667,1.9799322534367945,1.6401492768493686,0.1334492989421988,0.6274918756950385,0.18693958225650276,1.8763760795722262,0.9799836857244844,0.16000964354484,1.0625450465258117,0.4111184087829892,3.6176837543908498
tabb_c1_sep,4,3.0,ok,10,4,1.6901154313194633,0.834003357752243,5.058373787711548,0.5291518388569197,6.555890177137048,0.7740430005719586,7.334699207611583,9.605116313892303,0.8413666713903051,3.24811827777743,0.9193172212060823,5.687390654874838,3.0999953193327356,0.3979479555079172,0.8851775709911737,0.6265923998018939,5.941256482515787,4.895435869819061,0.4008122675994964,1.8612501131654553,0.562351849655136,5.631101827924462,2.6329476478020912,0.4764804609299606,0.7659157633437945,1.2277519603458595,10.762759916299544
tabb_c1_sim,4,3.0,ok,10,4,1.6431039435779482,0.8232631336163855,4.902661304353449,0.5129660159563629,6.3849973361301435,0.7517373951959206,7.328236038861377,9.211103358340553,0.8099414120352357,3.1501551141652593,0.894414364999842,5.668315946691869,3.0263437718478907,0.3809681848421597,0.8405370442544672,0.6183129870937063,5.9357437130575645,4.742117086083313,0.3840543178505577,1.8161909011868165,0.55248833660451,5.6226790490575125,2.6310810011420385,0.4769001490974986,0.7655327147052498,1.2278368457674838,10.762657431031274
tabb_c2_sep,4,3.0,ok,10,4,1.5268861280859802,0.834003388465268,4.947142588089156,0.5291517492242759,6.25091314434552,0.7740429627310056,7.341709494917708,9.662788910207555,0.8413666754341251,3.0017876853599748,0.9193171960810242,5.700072869199814,3.1451550151361047,0.3979473270346341,0.9196442813429251,0.6265921147308554,5.9376063776812105,4.7044933731879475,0.4008118463485587,1.3830467495856507,0.5623518794002068,5.671489508126627,2.2761330538250175,0.4764811480797854,0.8030657960553717,1.227752363648985,10.755975073409221
tabb_c2_sim,4,3.0,ok,10,4,1.4845173518029415,0.8240919453239105,4.802967300794993,0.5141539471643464,6.078641288083194,0.7521325115545728,7.335543402783252,9.303393797186503,0.8110815167743396,2.908775945413854,0.895431213984049,5.680583092994003,3.0639933748438146,0.3825947480509882,0.8781212217763203,0.6189269538388154,5.932939425896461,4.570095382924063,0.3877220423431413,1.348069143996281,0.5550251060845987,5.664337313613488,2.274386648225589,0.4752174814889161,0.8031030960253107,1.226984507388179,10.75580198526858
tabb_c2_sim_joint,4,3.0,ok,10,4,0.8053881534053824,0.6870190686515971,2.357813370229308,0.2998466500692168,3.610327359658964,0.432558618748402,7.2775087097107996,3.6169851106109605,0.38664932009811753,0.8650834538350853,0.6105933640173091,5.453596028274292,2.3939784020845787,0.2539747354782542,0.7070910177821265,0.483641920084801,5.934914613249596,1.1459033199961028,0.08354506321157923,0.8462750459790073,0.42685648311609947,5.585367904371735,2.274386648225589,0.4752174814889161,0.8031030960253107,1.226984507388179,10.75580198526858
tabb_rp1,4,3.0,ok,10,4,0.9148669694922622,0.6569464057566725,2.2429183524942027,0.19640678739569814,3.045715586359775,0.2571849883500325,7.240451706555265,1.484852681472557,0.14080490761517575,0.969443475897334,0.5037182434660328,5.446214750898523,3.8056799805770796,0.331201001107803,0.6791863535039712,0.6539506477546437,5.939083492986375,3.063589836594066,0.16145824281374,1.439460615386439,0.4479422322899685,5.572777592308568,0.6175509113331082,0.1521629980460738,0.5713774331813045,1.0221744995160447,10.66333651897622
tabb_rp1_joint,4,3.0,ok,10,4,0.7130693308057837,0.6544633449638995,1.8285807753691876,0.18859329499108832,2.2941348781811595,0.23878427564550475,7.237188168423556,1.7280368485970024,0.1861006160829999,0.9198404975263409,0.5264015415510325,5.442982776584691,3.546257340646241,0.31392302554132173,0.6117124134315101,0.6305882731310191,5.930430408126172,1.4224780009003988,0.10218654029395778,0.7493469790839794,0.43868906565750143,5.568191653663033,0.6175509113331082,0.1521629980460738,0.5713774331813045,1.0221744995160447,10.66333651897622
shah,4,3.0,ok,10,4,2.4313050184889833,0.8340029306404295,5.236136262086197,0.5291507780170794,7.147954743786687,0.7740385359781938,7.383527648144535,9.605174583006143,0.8413679170917856,3.248129559229504,0.9193172164145418,5.687394753299434,3.099978159409273,0.39794542343435524,0.8851709812200133,0.6265910401087902,5.941255725814047,4.895327567802477,0.40080775433939464,1.8612405307970645,0.5623509921888755,5.631102064939811,3.344064738126897,0.47648201720278255,3.7306790027093504,1.2277524738495107,10.895486816958368
tabb_c1_sep,4,5.0,ok,10,4,2.8728009114838953,1.3899812427233544,8.506684022860806,0.8834852742026627,11.00352984447747,1.2913284388275739,12.229384643544357,16.13530557387835,1.4107708978225189,5.505984993564416,1.5379605061888677,9.487860212484575,5.2035146953680265,0.6657118347775001,1.4724821167185276,1.044914875555579,9.904927467265157,8.11692589523874,0.6688601206696126,3.065191586851963,0.9398717579809204,9.389039248871189,4.570989926958113,0.7885982435410192,1.4475449488006735,2.0371778311680515,17.942972370227814
tabb_c1_sim,4,5.0,ok,10,4,2.794107113526624,1.371956636712842,8.245257876997355,0.8563392499087408,10.719393097883161,1.25405045329341,12.218434816930028,15.478542571107702,1.3585395429529614,5.342583837826206,1.4965009348371119,9.45586874353815,5.078740703979985,0.6372031223433224,1.3982830245498274,1.030918214194244,9.895548178707154,7.85593703622489,0.6402716764067631,2.988642717302197,0.9230609706038586,9.374484390936962,4.567811196676844,0.7893426579319167,1.4469188744282657,2.0373464272161526,17.942806705034045
tabb_c2_sep,4,5.0,ok,10,4,2.5557962216775527,1.3899810977917517,8.286318962714983,0.8834850514255279,10.465508139448326,1.2913280376348268,12.23952948650653,16.232659839829278,1.4107705633727798,5.0350751258824635,1.5379602330084645,9.508159398516334,5.289724267736684,0.6657115952258836,1.5423116909511219,1.0449147424510166,9.897180128487367,7.816906596596852,0.6688597280688743,2.3105710510073423,0.9398715374151043,9.453845151424034,3.805985146697117,0.788598319034574,1.335227018869284,2.0371778782924217,17.930138605538666
tabb_c2_sim,4,5.0,ok,10,4,2.4846809918996393,1.373337382493593,8.044179307551618,0.8583689042594004,10.175988180315352,1.254651747677366,12.229101240188406,15.629366365564554,1.3600467402481902,4.879004193066538,1.497895695821124,9.475146957294308,5.152866459417282,0.6400621704161998,1.4727408376031161,1.032018884697865,9.889372494105228,7.591332842829454,0.6467703101802825,2.2516803353938393,0.9274739004976151,9.441698180668984,3.8031515623951786,0.7865963961929291,1.3352986015350634,2.0359610489577675,17.929860731382547
tabb_c2_sim_joint,4,5.0,ok,10,4,1.346707461930761,1.1432785769950455,3.9260793059572,0.49808536338395215,6.0095119401633665,0.7167209068224,12.130612475753455,6.066344313799808,0.6468985180762731,1.4536023330208698,1.0193815448376373,9.090291755941617,3.9651035906174563,0.42208369227035625,1.1832167085243763,0.805194741402926,9.892135588159938,1.8697177570163568,0.13676284699625008,1.4147122046427343,0.7125769727818517,9.308027696465404,3.8031515623951786,0.7865963961929291,1.3352986015350634,2.0359610489577675,17.929860731382547
tabb_rp1,4,5.0,ok,10,4,1.5157943280937842,1.0932789524185518,3.732054664481899,0.3265167491309049,5.066132339701221,0.4276175123976171,12.067396764327484,2.4594037257931594,0.23456262203762857,1.6034025767547344,0.8403376115336679,9.07738315588299,6.359489425636738,0.5531139905578906,1.140790516042501,1.0886146620757875,9.89922492507442,5.07542240904876,0.26752692801190375,2.3827544690557945,0.7484260184608589,9.287430246170556,1.0339030974489405,0.2508634559161967,0.9362297505221066,1.6957375176038925,17.771841745227167
tabb_rp1_joint,4,5.0,ok,10,4,1.1848996661870204,1.089230380678973,3.0527647628780548,0.3139211725785319,3.8305964571084807,0.3983788590886868,12.061991879920319,2.867763039918922,0.3095680834504005,1.520072502308906,0.8778700103570635,9.07162468773422,5.93309752452036,0.5250329217754461,1.0242008793923725,1.0499497924732537,9.885035133464518,2.3762953896239973,0.17022022917208443,1.2590955325246973,0.7333642022816816,9.280082939431036,1.0339030974489405,0.2508634559161967,0.9362297505221066,1.6957375176038925,17.771841745227167
shah,4,5.0,ok,10,4,4.281296220247235,1.3899788425393247,8.931133694625412,0.8834803795764015,12.275609910952332,1.2913077158638717,12.337905047695996,16.13555149063425,1.4107752952312689,5.506031935847559,1.537959499909058,9.487878779807225,5.203418144157444,0.6657001077152024,1.4724509432740018,1.0449084113853797,9.904924130551667,8.116441147098811,0.66884078398434,3.0651532221908173,0.9398673267856583,9.389040270078581,6.26912399661114,0.7886053313747947,7.081548779676563,2.0371801320772027,18.237712600498753
tabb_c1_sep,5,0.0,ok,10,4,7.406512012838077e-07,6.319287924436583e-08,9.481727608082912e-07,5.158444703885254e-08,1.115514907092421e-06,8.904660782938958e-08,6.914243661797068e-07,1.1545407780226353e-06,5.7250536212473905e-08,1.0269410772070912e-06,7.522593661693438e-08,9.318157325557534e-07,1.452740806037539e-06,1.0209191234966541e-07,9.971796323434094e-07,1.2530321668079448e-07,4.924442952987028e-07,1.185402706748546e-06,4.6993908416498535e-08,9.384827345204176e-07,5.224094266819106e-08,8.952589978122789e-07,6.752424444257127e-12,1.4311767723118752e-12,1.3610643121480628e-12,1.4210115433690067e-12,3.6796652310194025e-12
tabb_c1_sim,5,0.0,ok,10,4,1.2722733140093233e-06,8.533840127477502e-08,1.6785133045889222e-06,7.109241012944799e-08,2.2444212388119215e-06,1.1327449618177434e-07,8.38282303481501e-07,2.5998701502397804e-06,1.4331143142288044e-07,1.4076263567888562e-06,1.6812610318560224e-07,1.0896059636167334e-06,2.246160008322648e-06,1.0426574750712776e-07,2.029649445987906e-06,1.250271682030188e-07,6.712067398319777e-07,1.867941098691095e-06,3.6775286766455195e-08,1.6518012705326947e-06,4.818317174118387e-08,1.083101673740935e-06,8.196110216560229e-11,1.7174821328633453e-11,1.6182727836897477e-11,1.716196929517179e-11,4.5995314282419287e-11
tabb_c2_sep,5,0.0,ok,10,4,2.710745366569052e-07,1.073078133866061e-07,6.790562151311396e-07,9.975720259683454e-08,1.5307705207109457e-06,1.7784975640992197e-07,8.011313906730626e-07,1.1302714429901309e-06,2.3032035963367675e-07,5.570495531262715e-07,2.3936458780263657e-07,1.1854863311954933e-06,9.013708206477934e-07,9.5500088262384e-08,3.0409565237581135e-07,1.17974652477486e-07,4.997148538836361e-07,6.840853946628409e-07,7.309443564383212e-08,2.2305181703435992e-07,7.177809679789568e-08,9.550671095090177e-07,4.972022237939021e-10,1.1392684744531525e-10,1.011240911777487e-10,1.1391646840607184e-10,2.4531167250510573e-10
tabb_c2_sim,5,0.0,ok,10,4,9.310017681540561e-07,4.6968283961434397e-08,9.685979016765968e-07,3.7971497917341763e-08,1.5657078319161157e-06,6.621763081202342e-08,7.602777960586683e-07,1.7419783746226574e-06,3.824860556069498e-08,1.378169208637326e-06,6.149265408656492e-08,8.416678586578747e-07,1.0601611240570092e-06,4.7084591536998116e-08,9.317937585443826e-07,6.50043000970741e-08,8.809269624816484e-07,1.071203366609402e-06,6.646647745897109e-08,1.4129251704930222e-06,6.12898579343822e-08,9.097532317939173e-07,1.0487414173190979e-09,8.631711270286737e-11,1.1189349414934145e-09,8.632372771635707e-11,1.1262481750022366e-09
tabb_c2_sim_joint,5,0.0,ok,10,4,1.659459710037769e-06,1.206221108159477e-07,8.812621740867753e-07,1.0935560271597443e-07,1.2817232299396175e-06,7.526055379563277e-08,9.431307271985141e-07,1.918284315919132e-06,1.4781906231762708e-07,2.2170797216700267e-06,1.630278412324395e-07,9.57920238183556e-07,7.994412183592749e-07,1.4600675081151822e-07,2.134076439152365e-06,1.6112492536676386e-07,6.507360009693286e-07,8.062744206513755e-07,1.435102806220496e-07,2.285563744387192e-06,1.5824935293687102e-07,1.4889299782830102e-06,1.0487414173190979e-09,8.631711270286737e-11,1.1189349414934145e-09,8.632372771635707e-11,1.1262481750022366e-09
tabb_rp1,5,0.0,ok,10,4,6.373812905787162e-07,5.4045058942106e-08,8.950576256606601e-07,3.822353562285905e-08,1.2608451907880222e-06,6.15401576755879e-08,7.29702934709755e-07,1.044742784664371e-06,5.6487934467619787e-08,8.361272374518465e-07,5.876808803868659e-08,7.755137754762458e-07,1.1238359212551612e-06,4.592849757316373e-08,7.50415233758949e-07,7.489630968232786e-08,7.582781156998164e-07,1.362087127246958e-06,4.4219407087452765e-08,9.442367682548788e-07,7.625752951296079e-08,9.76290364938488e-07,4.956466947615027e-08,6.258303363199937e-09,1.8745922849190588e-08,6.258308534448761e-09,1.775664162236313e-08
tabb_rp1_joint,5,0.0,ok,10,4,3.367602236725637e-07,5.308641960859657e-08,3.560359922717388e-07,2.9695648386904676e-08,5.477692394259476e-07,4.958007312114297e-08,6.892296569627708e-07,5.745233593948632e-07,3.2092737169265016e-08,3.9613678216320533e-07,6.45246328401151e-08,8.616686418723336e-07,5.291150588448003e-07,9.022413420960157e-09,4.557219594355678e-07,4.6731456738505894e-08,4.5677267095033505e-07,2.7094088137114144e-07,7.14091395941936e-08,4.764362302422912e-07,9.48312803213165e-08,9.740229260716377e-07,4.956466947615027e-08,6.258303363199937e-09,1.8745922849190588e-08,6.258308534448761e-09,1.775664162236313e-08
shah,5,0.0,ok,10,4,7.068492705457837e-07,5.3124399764532664e-08,7.526493668135652e-07,2.7497080699096066e-08,4.2303839455527007e-07,1.833158266722832e-08,6.692624867921886e-07,1.2849946273750438e-06,3.666254442852951e-08,9.424658382641468e-07,7.083232053443221e-08,9.20148101630151e-07,1.0163575507246495e-06,3.666279254690527e-08,9.424652620373567e-07,7.083252700837148e-08,3.996080400863766e-07,7.092442667090806e-07,3.666268322889389e-08,9.424655508793324e-07,7.083244078243159e-08,8.861658932013119e-07,1.0224454869641665e-12,3.02592055598925e-13,4.310022987914442e-13,3.107328953911441e-13,7.300885677522861e-13
tabb_c1_sep,5,1.0,ok,10,4,0.4171471984446651,0.16781356784382406,0.8234135284751465,0.0876641461927498,1.283438950783175,0.13068964672577402,2.3511864943074947,0.2581138400587444,0.07657683035953762,0.5209600868323776,0.1653133958206705,1.7416680362894064,0.9822084223877394,0.0939963902517469,0.46764800295962755,0.12834200849643906,1.894015385469112,1.3746853929067298,0.10782051624965866,0.3235281713971581,0.16826499670623443,1.7048396938211976,0.6786464585473719,0.07226284791005604,0.35645253258949705,0.20933387035195222,3.5475528908532996
tabb_c1_sim,5,1.0,ok,10,4,0.4090540193312482,0.16623742587815876,0.7912264776778535,0.08490864759253308,1.2423023689216628,0.12680153757079118,2.3503595643973565,0.2542177223939407,0.07391573285998851,0.5148161451993192,0.16364471270050465,1.7411931012802233,0.9108500371054679,0.08934771851066921,0.4498854965605262,0.12444723143604874,1.891525061968364,1.3209232192466644,0.10401691494975675,0.31509406853957755,0.1674815449406328,1.7035381556372777,0.6789149319653409,0.07235422404971786,0.35642036702556973,0.2093762144354489,3.547548111598235
tabb_c2_sep,5,1.0,ok,10,4,0.4643255948153887,0.16781344603457005,0.8713696754369304,0.08766396939521513,1.3268996499199845,0.13068945529017434,2.3555979444404445,0.26142683618789364,0.07657675936833198,0.37251623040993354,0.1653134393268157,1.7436870842801335,0.9811240578861604,0.09399699965321784,0.5432108372229884,0.12834190233295073,1.8962875796433225,1.32581387837194,0.10782037922551924,0.339886611724525,0.1682650963166781,1.7034961475502248,0.9171139293017275,0.07226173933379147,0.6016886999041079,0.20933334616183574,3.557684126801427
tabb_c2_sim,5,1.0,ok,10,4,0.4577179390619831,0.16662408683952423,0.8445246143494096,0.08494344020414953,1.288805316683488,0.12625038834114918,2.3548075641432247,0.2552370530776183,0.07490717838508296,0.3682842713517951,0.16416888426587234,1.743314335419543,0.9343658008416956,0.0889978942706097,0.5291988141323241,0.12588060484392807,1.8937750534480242,1.271227348357061,0.10352344574577974,0.33172683818615906,0.16706332805218765,1.7023107176984298,0.9172682551212635,0.07234524241512569,0.6016618325776543,0.20938353019610886,3.5576795881377934
tabb_c2_sim_joint,5,1.0,ok,10,4,0.40262508014725207,0.17711782175712673,0.5340739507206234,0.05677966104464025,1.0642354113180779,0.09004789838796197,2.3504264235330403,0.8350589500179876,0.11123273031504487,0.37502125019463683,0.1917183030582908,1.7509335193136304,0.28979283358419683,0.031218734433496192,0.28792431058177737,0.1468385373216412,1.872560052394594,0.09417576415904526,0.012321937014894249,0.3458929272349398,0.1605309164524661,1.693719014192413,0.9172682551212635,0.07234524241512569,0.6016618325776543,0.20938353019610886,3.5576795881377934
tabb_rp1,5,1.0,ok,10,4,0.46461944006083833,0.161941722395747,0.6523776915942371,0.04912360042192267,0.7464603387550137,0.05861871700366154,2.3517640148933325,1.2053478397776891,0.07669559878259495,0.46286908248206005,0.13064318860714208,1.7435059364524537,0.32402719021667964,0.034861376065241076,0.3888004706142689,0.12529680916371957,1.8824477313446795,0.42667596128280627,0.026070511506769246,0.4775925532493072,0.16934107163660783,1.695192485742794,0.6534597750997735,0.05886691533308537,0.5292156538977173,0.22248582017551846,3.558943094737582
tabb_rp1_joint,5,1.0,ok,10,4,0.42616122059810646,0.16736881665901182,0.5763578572573917,0.04675715887799514,0.7067553162582686,0.06002464387966949,2.3508277736327177,0.8818929623977968,0.06935256759128866,0.40389254077074677,0.13823371446307234,1.7419735440937107,0.24632929611793491,0.02874377066528813,0.3344919051503358,0.13422183609280008,1.8818219067187207,0.5237493954140618,0.030065381922318425,0.43704478257362583,0.17453389590465634,1.6922657641820442,0.6534597750997735,0.05886691533308537,0.5292156538977173,0.22248582017551846,3.558943094737582
shah,5,1.0,ok,10,4,0.7245043282391501,0.1678135217048928,1.1162372146246085,0.08766411616056692,1.7870185056789947,0.13068974049275342,2.3835307431426997,0.25811546712444766,0.07657663755568321,0.5209600029808618,0.16531337130758195,1.7416680090094376,0.9822070398446802,0.09399663843572081,0.4676475990190765,0.12834171049839507,1.8940155505433984,1.37467922321504,0.10782029419533408,0.3235276283644963,0.1682651038948048,1.7048396721389312,1.849947128314266,0.07226289445552958,1.5858820825921653,0.20933390111878936,3.6328631335380184
tabb_c1_sep,5,3.0,ok,10,4,1.2614032299827995,0.503668264061335,2.4977116726539714,0.26386591636815127,3.881983939324771,0.3941870122065927,7.056657630696473,0.7621161514693371,0.2288491707910703,1.5385196846753428,0.4954130164407299,5.2267697212264705,2.9448151478919784,0.28303043533913286,1.3954147041297678,0.38586434696365063,5.680566840888188,4.168024909381235,0.325370666547085,0.9741375324245108,0.5051248622843147,5.116712429364771,2.115890481873336,0.218213392795317,1.1375409987015768,0.6282708305566447,10.649739913731361
tabb_c1_sim,5,3.0,ok,10,4,1.2370176158763737,0.49892119437244287,2.401430964994657,0.2555764230353009,3.758359062926664,0.3824279666158071,7.054157537991031,0.7539490518565192,0.22091313131622814,1.520293895288349,0.4904390375761911,5.225341608957589,2.728858789863221,0.2689854675064884,1.3418669620918362,0.374108766005263,5.673070574256705,4.006333242520181,0.31393551942391484,0.9484618376851028,0.5027461957512278,5.112730576490187,2.1165827757387063,0.21847157389457245,1.137447768440206,0.6283907781570897,10.649723736539094
tabb_c2_sep,5,3.0,ok,10,4,1.3927934912724922,0.5036683564222623,2.623492990725267,0.2638662004595727,3.9935468484398733,0.3941874660506488,7.06857102309469,0.7885411903577959,0.22884950294394957,1.1102792775702803,0.49541326315859435,5.232709221613979,2.9459380931364048,0.28303144353020276,1.630954671390077,0.38586464381023344,5.688442130794692,4.0020454643290435,0.325370647543401,1.0235407565816435,0.5051247845602842,5.112075542549716,2.757447215077823,0.21821320782073755,1.8063992595479679,0.6282707341599372,10.676415559916943
tabb_c2_sim,5,3.0,ok,10,4,1.3728708819906479,0.5001027555300597,2.5431513592720147,0.2556803741364329,3.878483330938968,0.38077895814319235,7.066183204662887,0.7724071486351576,0.22392176023147034,1.0978223364889241,0.4920300731905709,5.231612123900312,2.805148208719034,0.2679362432153315,1.5887169775570689,0.37848022335684994,5.6808233171372775,3.8371546990160597,0.3124032856783099,0.9986093712757789,0.5014814541564109,5.108489689290166,2.7578953807178066,0.2184602074206199,1.8063348426408194,0.6284192714164072,10.676403628862305
tabb_c2_sim_joint,5,3.0,ok,10,4,1.2058999897451634,0.5319455244816049,1.6001498363390305,0.17103433527748113,3.199174758684876,0.27150287549325636,7.052913290546533,2.512924091085606,0.33455878644186554,1.122733152298538,0.5759509075418883,5.254811648848132,0.8518564079328079,0.0930429870800725,0.8606411893672747,0.4420026482713516,5.616457322045926,0.27792346561990233,0.03807536016736652,1.0338907746740216,0.48140927069677286,5.082431580872898,2.7578953807178066,0.2184602074206199,1.8063348426408194,0.6284192714164072,10.676403628862305
tabb_rp1,5,3.0,ok,10,4,1.3986094440713117,0.486372743248901,1.9612778822807257,0.14749494432878232,2.240383809163848,0.17579772071485777,7.057796086259362,3.610902284285589,0.22976401453581435,1.3781810422607879,0.3920641698036927,5.232066632789838,0.9763682229107742,0.10356756384832955,1.1762001908052662,0.37758986165495,5.646438960911959,1.2906131289907603,0.07868509691087948,1.4413233460858113,0.5076346275989272,5.0869436609755665,1.9672278929357803,0.1779631020201059,1.598733197133381,0.6682023139380344,10.682516200861812
tabb_rp1_joint,5,3.0,ok,10,4,1.2820990275755852,0.502617068280248,1.7340631078433315,0.14054359814572465,2.123803207709772,0.18033259244032898,7.054999869521709,2.6381096308067176,0.2077560642279954,1.1974811107454313,0.41477198618587086,5.2273616614423535,0.7487209787113738,0.0859946689529451,1.0108667114623069,0.4043099079274104,5.644591522391886,1.5821939289194538,0.09046055738185216,1.3213150909612217,0.5231840650696764,5.07830846443523,1.9672278929357803,0.1779631020201059,1.598733197133381,0.6682023139380344,10.682516200861812
shah,5,3.0,ok,10,4,2.037426435443268,0.5036691306303991,3.231530397518039,0.26386596922763583,5.127278040660804,0.39418865574656664,7.13068016841957,0.7621607901277777,0.22885192856071912,1.5385223397295622,0.49541646167825,5.226770194925137,2.9448213869923414,0.28303157065238865,1.3954153034885857,0.38586383882288455,5.680567567935313,4.167957772355703,0.3253678471033723,0.9741311350809747,0.5051255142810862,5.116712225045493,5.051181640596335,0.21821253059406331,4.24163696347395,0.6282707077393757,10.845168514080468
tabb_c1_sep,5,5.0,ok,10,4,2.1218060787664053,0.8398851879011354,4.211109128079004,0.44128911945275123,6.524480847614087,0.66056391515617,11.767368892377005,1.2545133678681095,0.37994916034080684,2.522966240332354,0.8247944915945922,8.714477042290973,4.90632545151279,0.4735055501334943,2.3138252038436793,0.6446049020073785,9.46540382207828,7.020855828126534,0.5455513763266461,1.6310843297817414,0.8424918471839701,8.531829087861425,3.662741864808582,0.36615039101005764,2.0193485411078473,1.047649510818601,17.763890209552052
tabb_c1_sim,5,5.0,ok,10,4,2.080987906774791,0.8319427470771954,4.051124838339501,0.42743402724021856,6.318075436561725,0.6408032571588576,11.76316970042445,1.246912923498336,0.36680540234539827,2.4929146514161777,0.8165578770005946,8.712089929995521,4.543266202679141,0.44992615642867856,2.224143828320563,0.6248937584931304,9.452868024071481,6.750578823231572,0.5264473333934466,1.587687328110563,0.83848003933439,8.525061908651631,3.6637414039489524,0.36655721679335085,2.019205819251861,1.0478393134806665,17.763860510281823
tabb_c2_sep,5,5.0,ok,10,4,2.321130607485274,0.8398852348089096,4.390096769576181,0.4412895001008426,6.677925138412429,0.6605638548887817,11.784944326821618,1.3271562842145854,0.37995076925254934,1.8382296181095328,0.824795172813191,8.724168420338392,4.915247096802803,0.47350540644039685,2.7206710920490647,0.6446043415632622,9.480333587384765,6.711952571486439,0.5455513402477149,1.7126885656351647,0.842491869838407,8.523064326950314,4.606031125800897,0.3661504844627095,3.012933154147334,1.0476495550207783,17.801943322830848
tabb_c2_sim,5,5.0,ok,10,4,2.287759533053382,0.8339452218670164,4.256460794866243,0.4276037410571621,6.484807184868873,0.6380603557811398,11.78093628130825,1.304192323411354,0.37187443882222254,1.8179188060540963,0.8192412488285007,8.722376301717041,4.679727026364681,0.4481796738590599,2.649927838600499,0.6322933879671008,9.467499494604272,6.435194157389097,0.5238070699595793,1.670360987340599,0.8363534024077438,8.517036339296515,4.60672967229984,0.3665537815877869,3.0128305002183335,1.0478928482647203,17.8019250538529
tabb_c2_sim_joint,5,5.0,ok,10,4,2.0066838150773547,0.8875898379574224,2.6652520934471475,0.28620382237126923,5.343077731199717,0.45478006409502875,11.758595908758686,4.202714083890123,0.559013824843489,1.8671841801939295,0.9612245082011744,8.761606979776277,1.3921438955186594,0.15397644163582747,1.4298945454740337,0.7391446340482288,9.358978220428343,0.459420722079967,0.06527124141797364,1.7168260344231214,0.8020973613155661,8.473107172719704,4.60672967229984,0.3665537815877869,3.0128305002183335,1.0478928482647203,17.8019250538529
tabb_rp1,5,5.0,ok,10,4,2.3260936629698703,0.8151732881675547,3.373067709139847,0.26294554971870543,3.8957258068800225,0.31450832287084624,11.761632552741409,6.0098409229069505,0.3824168021891212,2.2798249121673555,0.653681251012669,8.722962705945434,1.6352258892549227,0.17094901289053377,1.9766850984754394,0.6321941673199039,9.409505877627511,2.169198571341227,0.13192423937986,2.4167976586844846,0.8454254343739815,8.48078691812214,3.678005453056289,0.36649214441530686,2.631066982552203,1.1293922999636643,17.798634083597893
tabb_rp1_joint,5,5.0,ok,10,4,2.1299621936003614,0.8421797963512619,2.9954230031625464,0.2515889728841168,3.6950786085608325,0.32643955859577,11.756987666566292,4.384328651701223,0.3457521241824702,1.9722398123166438,0.691404974097515,8.714935901039068,1.264109786651868,0.14291674407419822,1.697248589440263,0.6766348317947012,9.40647227065973,2.655248121240806,0.1511948788644919,2.219293390092337,0.8712870795491674,8.466630521491123,3.678005453056289,0.36649214441530686,2.631066982552203,1.1293922999636643,17.798634083597893
shah,5,5.0,ok,10,4,3.1642252206440964,0.8398886546307998,5.188921885363722,0.4412884159787373,8.153960327868132,0.6605700517662,11.855350357561168,1.2547247952918072,0.3799590579140875,2.5229649344291616,0.8248077483443874,8.714478502679981,4.906350796913151,0.4735098238520074,2.3138265937610027,0.6446025966513,9.465406600603126,7.020534290591322,0.5455381890124432,1.6310519407020012,0.8424952628666517,8.531828066946485,7.574077658658606,0.3661465931364109,6.189057413684221,1.0476490106608596,17.996365759501394
tabb_c1_sep,6,0.0,ok,10,4,7.406512012838077e-07,6.319287924436583e-08,9.481727608082912e-07,5.158444703885254e-08,1.115514907092421e-06,8.904660782938958e-08,6.914243661797068e-07,1.1545407780226353e-06,5.7250536212473905e-08,1.0269410772070912e-06,7.522593661693438e-08,9.318157325557534e-07,1.452740806037539e-06,1.0209191234966541e-07,9.971796323434094e-07,1.2530321668079448e-07,4.924442952987028e-07,1.185402706748546e-06,4.6993908416498535e-08,9.384827345204176e-07,5.224094266819106e-08,8.952589978122789e-07,6.752424444257127e-12,1.4311767723118752e-12,1.3610643121480628e-12,1.4210115433690067e-12,3.6796652310194025e-12
tabb_c1_sim,6,0.0,ok,10,4,1.2722733140093233e-06,8.533840127477502e-08,1.6785133045889222e-06,7.109241012944799e-08,2.2444212388119215e-06,1.1327449618177434e-07,8.38282303481501e-07,2.5998701502397804e-06,1.4331143142288044e-07,1.4076263567888562e-06,1.6812610318560224e-07,1.0896059636167334e-06,2.246160008322648e-06,1.0426574750712776e-07,2.029649445987906e-06,1.250271682030188e-07,6.712067398319777e-07,1.867941098691095e-06,3.6775286766455195e-08,1.6518012705326947e-06,4.818317174118387e-08,1.083101673740935e-06,8.196110216560229e-11,1.7174821328633453e-11,1.6182727836897477e-11,1.716196929517179e-11,4.5995314282419287e-11
tabb_c2_sep,6,0.0,ok,10,4,2.710745366569052e-07,1.073078133866061e-07,6.790562151311396e-07,9.975720259683454e-08,1.5307705207109457e-06,1.7784975640992197e-07,8.011313906730626e-07,1.1302714429901309e-06,2.3032035963367675e-07,5.570495531262715e-07,2.3936458780263657e-07,1.1854863311954933e-06,9.013708206477934e-07,9.5500088262384e-08,3.0409565237581135e-07,1.17974652477486e-07,4.997148538836361e-07,6.840853946628409e-07,7.309443564383212e-08,2.2305181703435992e-07,7.177809679789568e-08,9.550671095090177e-07,4.972022237939021e-10,1.1392684744531525e-10,1.011240911777487e-10,1.1391646840607184e-10,2.4531167250510573e-10
tabb_c2_sim,6,0.0,ok,10,4,9.310017681540561e-07,4.6968283961434397e-08,9.685979016765968e-07,3.7971497917341763e-08,1.5657078319161157e-06,6.621763081202342e-08,7.602777960586683e-07,1.7419783746226574e-06,3.824860556069498e-08,1.378169208637326e-06,6.149265408656492e-08,8.416678586578747e-07,1.0601611240570092e-06,4.7084591536998116e-08,9.317937585443826e-07,6.50043000970741e-08,8.809269624816484e-07,1.071203366609402e-06,6.646647745897109e-08,1.4129251704930222e-06,6.12898579343822e-08,9.097532317939173e-07,1.0487414173190979e-09,8.631711270286737e-11,1.1189349414934145e-09,8.632372771635707e-11,1.1262481750022366e-09
tabb_c2_sim_joint,6,0.0,ok,10,4,1.659459710037769e-06,1.206221108159477e-07,8.812621740867753e-07,1.0935560271597443e-07,1.2817232299396175e-06,7.526055379563277e-08,9.431307271985141e-07,1.918284315919132e-06,1.4781906231762708e-07,2.2170797216700267e-06,1.630278412324395e-07,9.57920238183556e-07,7.994412183592749e-07,1.4600675081151822e-07,2.134076439152365e-06,1.6112492536676386e-07,6.507360009693286e-07,8.062744206513755e-07,1.435102806220496e-07,2.285563744387192e-06,1.5824935293687102e-07,1.4889299782830102e-06,1.0487414173190979e-09,8.631711270286737e-11,1.1189349414934145e-09,8.632372771635707e-11,1.1262481750022366e-09
tabb_rp1,6,0.0,ok,10,4,6.373812905787162e-07,5.4045058942106e-08,8.950576256606601e-07,3.822353562285905e-08,1.2608451907880222e-06,6.15401576755879e-08,7.29702934709755e-07,1.044742784664371e-06,5.6487934467619787e-08,8.361272374518465e-07,5.876808803868659e-08,7.755137754762458e-07,1.1238359212551612e-06,4.592849757316373e-08,7.50415233758949e-07,7.489630968232786e-08,7.582781156998164e-07,1.362087127246958e-06,4.4219407087452765e-08,9.442367682548788e-07,7.625752951296079e-08,9.76290364938488e-07,4.956466947615027e-08,6.258303363199937e-09,1.8745922849190588e-08,6.258308534448761e-09,1.775664162236313e-08
tabb_rp1_joint,6,0.0,ok,10,4,3.367602236725637e-07,5.308641960859657e-08,3.560359922717388e-07,2.9695648386904676e-08,5.477692394259476e-07,4.958007312114297e-08,6.892296569627708e-07,5.745233593948632e-07,3.2092737169265016e-08,3.9613678216320533e-07,6.45246328401151e-08,8.616686418723336e-07,5.291150588448003e-07,9.022413420960157e-09,4.557219594355678e-07,4.6731456738505894e-08,4.5677267095033505e-07,2.7094088137114144e-07,7.14091395941936e-08,4.764362302422912e-07,9.48312803213165e-08,9.740229260716377e-07,4.956466947615027e-08,6.258303363199937e-09,1.8745922849190588e-08,6.258308534448761e-09,1.775664162236313e-08
shah,6,0.0,ok,10,4,7.068492705457837e-07,5.3124399764532664e-08,7.526493668135652e-07,2.7497080699096066e-08,4.2303839455527007e-07,1.833158266722832e-08,6.692624867921886e-07,1.2849946273750438e-06,3.666254442852951e-08,9.424658382641468e-07,7.083232053443221e-08,9.20148101630151e-07,1.0163575507246495e-06,3.666279254690527e-08,9.424652620373567e-07,7.083252700837148e-08,3.996080400863766e-07,7.092442667090806e-07,3.666268322889389e-08,9.424655508793324e-07,7.083244078243159e-08,8.861658932013119e-07,1.0224454869641665e-12,3.02592055598925e-13,4.310022987914442e-13,3.107328953911441e-13,7.300885677522861e-13
tabb_c1_sep,6,1.0,ok,10,4,0.5515620001007167,0.2354638856194799,1.4620298459532133,0.12776238817041521,1.9604774606725617,0.20380611660201822,2.374721759283395,1.1775282504778242,0.08553320574389506,0.33768815372349037,0.2749075100667349,1.8619827318455402,3.008698735264046,0.2384577415837876,0.8481925949490381,0.26836251534703315,2.017026651669537,1.1254535793185574,0.10972111135829937,0.4682304953210297,0.25873447464443744,1.8388952865825938,0.5364388187524254,0.07733749399567887,0.552136756409308,0.13985104241971397,3.4117886297079143
tabb_c1_sim,6,1.0,ok,10,4,0.5418175642367957,0.2329965974142595,1.4102210464439402,0.12378095652479787,1.9055650250663037,0.19735270454995177,2.3732173500296296,1.127580174880526,0.08198505123371648,0.3296294088830869,0.27360226073537824,1.8608125702348535,2.9110384645733904,0.23115428202918364,0.8219934134625202,0.2615686492683448,2.0130244529697854,1.0657243823040567,0.10544957260013599,0.46354366413323755,0.257183308996397,1.8371380956987942,0.5365411640177877,0.07653492023615538,0.5521037704683381,0.13963217065691783,3.4115502501737387
tabb_c2_sep,6,1.0,ok,10,4,0.4479290036427427,0.23546423613506018,1.389664021749804,0.127761842342939,1.8800266281984206,0.2038053208770152,2.3696344296070446,1.0951701313130666,0.08553104370950616,0.3031181843020303,0.274907878108972,1.8585675434957745,2.978056064092056,0.2384584909675528,0.8167773064763655,0.26836319594721225,2.0071100729671607,1.2837680462208059,0.10972128090573632,0.3928123208186863,0.2587349468683372,1.8485889473899062,0.20166184537328663,0.07733655378896065,0.27900820297388873,0.13985092361571935,3.4000917729911557
tabb_c2_sim,6,1.0,ok,10,4,0.4369559542995727,0.23290956959787107,1.3421503454851285,0.12400028395112903,1.8163405869932914,0.19722140380893438,2.368225126721566,1.0626478190993398,0.08302579931640768,0.2952675217513491,0.27360790162552295,1.8577692485260817,2.8804852321603334,0.2307937564030585,0.7892359283124339,0.26121678794304304,2.0032566814009436,1.2240593324280153,0.10518378725527733,0.3843569231140124,0.2570280807008857,1.8464405431116566,0.20140899825282535,0.07699779282977257,0.2789634440204953,0.13978550812203266,3.4000403544293927
tabb_c2_sim_joint,6,1.0,ok,10,4,0.30921399833830804,0.198457931091726,0.6453829758881627,0.07045005374167529,0.7515387686358063,0.09088190384587021,2.3525977276521197,0.3159573963082948,0.03293809864727655,0.2448886036409202,0.23508611785266015,1.8476525612104233,1.4569209565168728,0.12386891717871325,0.3866682128751052,0.17014855839655313,1.9603650910261528,0.6072445524746575,0.047995406310938835,0.3263357328167116,0.24881153999565803,1.8225637392985476,0.20140899825282535,0.07699779282977257,0.2789634440204953,0.13978550812203266,3.4000403544293927
tabb_rp1,6,1.0,ok,10,4,0.3571067861410685,0.19604994581257784,0.7795686170696061,0.06600044534927114,1.0176580066541943,0.10109919527180548,2.368011945883689,0.660296078444623,0.05329240893350847,0.32909792311043273,0.25058353298188085,1.852178235582403,0.6603785224744211,0.05121709614032302,0.24371766773574577,0.12019290243988043,1.961832915737078,1.0096628126483744,0.07135788711924004,0.4289758262251095,0.25559139709747886,1.8136408317775048,0.7879370547110056,0.08813438920401302,0.42663572749298617,0.15783195073107129,3.4440204167609436
tabb_rp1_joint,6,1.0,ok,10,4,0.3695664379646909,0.1958239523772472,0.7456440917085374,0.06370660632388497,0.9417414794999388,0.09786318007862994,2.368163831852484,0.7736116694666431,0.056984792713746,0.35192251862801893,0.25618597562631923,1.8546258534708608,0.5627397164231746,0.04993536268524043,0.3316219165715375,0.1206782752911964,1.9563547158776318,0.8582879262333264,0.05977188069254044,0.3680855891662212,0.24859960786040178,1.817845503944589,0.7879370547110056,0.08813438920401302,0.42663572749298617,0.15783195073107129,3.4440204167609436
shah,6,1.0,ok,10,4,0.6418604554114921,0.23546371682267764,1.5446871702160698,0.12776193884356596,2.095198687186692,0.20380545857042223,2.37169023795112,1.177506635209734,0.08553169295556537,0.3376851200313988,0.27490702515778076,1.8619821751862549,3.008691690818041,0.23845721157505043,0.8481896641631733,0.2683620828013871,2.017027242606097,1.1254553187977483,0.10972142008228926,0.4682315860328971,0.2587347461447422,1.8388954679163942,0.867095036038755,0.07733743076135874,0.9133354514184991,0.1398510131868004,3.4033432502644545
tabb_c1_sep,6,3.0,ok,10,4,1.6242056053353375,0.7067241987227262,4.346989202796148,0.38186963627195447,5.827715534148852,0.6109317604003907,7.118552401695864,3.5639927015449517,0.2573422124731001,1.031658168255048,0.8256796627203808,5.58524079507597,9.053184669735263,0.7161660859653026,2.5744534591633337,0.8060661899733281,6.054285233765766,3.3540096224692024,0.32737816925989116,1.4129947719621292,0.7765120267775927,5.515087402836023,1.4167698174351735,0.22659207738952414,1.4777160219608387,0.4186389154196033,10.219084092572299
tabb_c1_sim,6,3.0,ok,10,4,1.595144533914194,0.6993534238581014,4.192335777262308,0.369988712719774,5.66218113391104,0.5916243842059621,7.11406345783481,3.4148286231753686,0.24676536650946787,1.0076604614311453,0.8217163606166349,5.581764583710795,8.761017008366835,0.6943085933297508,2.496123670217023,0.7857243555940896,6.042254302817246,3.1764357612099983,0.3146739293330336,1.3991534016321026,0.7719393689538138,5.509911582905772,1.4170617162970305,0.2242069617068438,1.4776406023765052,0.41803361026786756,10.218392092158211
tabb_c2_sep,6,3.0,ok,10,4,1.3443561420138053,0.706724340792704,4.167724019883469,0.3818698768103253,5.642669287700389,0.6109321605185959,7.105596798579879,3.2965688796749837,0.257343000018113,0.911886137832296,0.8256797017278444,5.573797007553915,8.945242213414508,0.716166618895957,2.454744068943229,0.8060666075753768,6.0213466756884255,3.8244753446127357,0.32737803842167146,1.1740120508673773,0.7765121657920993,5.544850601817341,0.6046096418316457,0.22659184990555997,0.8367823104123191,0.41863888807549515,10.192586835010992
tabb_c2_sim,6,3.0,ok,10,4,1.311448702706544,0.6990634672888513,4.025109525771927,0.37059518256890195,5.451487754516012,0.5911564126604977,7.101384655111889,3.198580219558007,0.24980275802535096,0.8882740511079327,0.8217601826889553,5.571396800339599,8.651812131100973,0.6931232200425017,2.371896180924176,0.7845747331569047,6.009807991558606,3.6460613560319746,0.31382843162495067,1.1489635651165466,0.7714528911093834,5.538457485969133,0.603984396396753,0.22562632058280443,0.8366610136775209,0.41846606220016147,10.192442805986742
tabb_c2_sim_joint,6,3.0,ok,10,4,0.9271782537628538,0.5956881384789334,1.9364625259284853,0.2096661813803267,2.2625208135253883,0.27188288776987907,7.054693427273969,0.954474128339799,0.09834255314808446,0.7342451699433742,0.7064445364448579,5.5410241938779405,4.374749427615693,0.3713966810469893,1.1604601546914393,0.5105952428124104,5.88186733638786,1.8126421513616962,0.14329917074342857,0.9773466767390808,0.7472467124583042,5.467137695172147,0.603984396396753,0.22562632058280443,0.8366610136775209,0.41846606220016147,10.192442805986742
tabb_rp1,6,3.0,ok,10,4,1.0723184922063345,0.5887724098978117,2.344822855838162,0.1983583872567495,3.0555729498969395,0.3041268693972552,7.1010797315965934,1.9932765493400681,0.16069694071431292,1.0004922363183746,0.7525191753943039,5.555103943939903,1.9849499827728407,0.15380191714807945,0.7254578043063591,0.3606302239335953,5.88671350260369,3.0381360271757454,0.21444753288612084,1.2913560204168792,0.7681043674258055,5.440421934710094,2.3629288640639934,0.2644871582784848,1.2719679077837251,0.47383587283754236,10.32427076846495
tabb_rp1_joint,6,3.0,ok,10,4,1.1095023685733225,0.5880583496559011,2.240194173294857,0.19134040525880638,2.8252328781873364,0.2942591006425698,7.10154844270055,2.3316682242208158,0.17160002086071893,1.0689548150812211,0.7693455510160204,5.5624869907352315,1.6854138385750748,0.1497410452072125,0.9868793524381789,0.3619635745615988,5.870091134893345,2.580765766319544,0.17953339668880935,1.1102073989901649,0.747088400208443,5.453270833312655,2.3629288640639934,0.2644871582784848,1.2719679077837251,0.47383587283754236,10.32427076846495
shah,6,3.0,ok,10,4,1.7214527991689508,0.7067252529968202,4.415437683458755,0.38186967922294324,5.9857049913141225,0.6109314107560494,7.10031561157511,3.5638672343029962,0.25733391982910286,1.0316351896698481,0.8256789612678744,5.585237400065282,9.053265765882237,0.7161718357875347,2.5744767872921837,0.8060717336435694,6.054288544536422,3.353972255342817,0.3273783499467793,1.4129974241082572,0.7765116743868301,5.515087817526226,1.6906454783069702,0.2265946113283561,1.8667017956055139,0.4186386426890075,10.168207654512656
tabb_c1_sep,6,5.0,ok,10,4,2.655484618641996,1.1784364728970327,7.176231478963018,0.6340072966312622,9.626764926320316,1.0172874639883271,11.855969544415709,5.99025443028558,0.4300058584418071,1.75031446248479,1.3776360923880613,9.307798550809103,15.130690347701483,1.1947085629672185,4.338708590533596,1.3448781847364806,10.095796762418095,5.554484449502723,0.5427560337952952,2.369257276639042,1.2948662630518502,9.189550730208992,2.0294966883622862,0.3685587313207278,2.1636581449105554,0.6963653514117389,17.007292159508257
tabb_c1_sim,6,5.0,ok,10,4,2.607322931550886,1.1662099233970022,6.919852330337642,0.6143207278436543,9.349010372530469,0.9852069941401121,11.848530755128907,5.743045142139684,0.41251103786743804,1.7104872787890837,1.3709782263770203,9.302062880606739,14.645152708664648,1.1583656622802416,4.208718039048657,1.3110410991827914,10.07570968167889,5.2612974065811144,0.5217646724258875,2.346547874701269,1.2873756654788098,9.181079361280261,2.0299140639651245,0.36464153880105027,2.1635385336645356,0.6954447025493875,17.0061814220176
tabb_c2_sep,6,5.0,ok,10,4,2.2412839039136436,1.1784361731448363,6.943283082312581,0.6340064662793189,9.407639235599747,1.0172864270618531,11.837982828650725,5.510599349881766,0.4300074701969004,1.5234967329088995,1.377637641920828,9.286688973978373,14.924302509515458,1.1947050965252088,4.097773639964186,1.3448749991270916,10.03578885430025,6.33070346528909,0.5427557068108784,1.949578621666475,1.2948668262316356,9.240274586589639,1.0075270045640068,0.3685575915842878,1.394286621115014,0.6963652252997898,16.97672009967281
tabb_c2_sim,6,5.0,ok,10,4,2.1864256440963286,1.1656682915255066,6.705558938797454,0.6152270935484256,9.089050492158728,0.9842996973136883,11.831005996180673,5.347010694250116,0.4174105621342911,1.484015968360505,1.371072936289937,9.282686733113218,14.43386872490937,1.1561963059116926,3.959199666448529,1.3089545260458912,10.016667624742382,6.034654281762086,0.5202741772247464,1.9083773876775685,1.2865326003167765,9.229707064333127,1.0067020542682408,0.3670273289229724,1.3941095538987125,0.6961131034494212,16.97649597954693
tabb_c2_sim_joint,6,5.0,ok,10,4,1.5444811730428127,0.9933738857613867,3.227689182612683,0.3466022897161292,3.7838335336300326,0.4519003054166239,11.753517100535335,1.6015992426301364,0.16313243946746464,1.2230508170656147,1.17934790522161,9.232075806096951,7.296897973568994,0.6185771164985973,1.934656210284992,0.8511987687191354,9.8047006834982,3.0055574599833617,0.23767227397548268,1.6261081109219317,1.2468357656553803,9.111304078134062,1.0067020542682408,0.3670273289229724,1.3941095538987125,0.6961131034494212,16.97649597954693
tabb_rp1,6,5.0,ok,10,4,1.7894309758157128,0.9824274139925149,3.9182969833271244,0.3312291710832458,5.096651563094002,0.5082980237339881,11.831137545632401,3.3423665671060196,0.26915393331265064,1.689674587822444,1.2554246613658469,9.256392944982018,3.314497035275194,0.2565704254610564,1.1998489518818791,0.6011383254075363,9.813533400600038,5.078915833959165,0.358131163196231,2.1609759721035062,1.2827534921930712,9.06705579822775,3.9374084969681182,0.4410611623630452,2.107224391455022,0.7903931770036051,17.19609006402065
tabb_rp1_joint,6,5.0,ok,10,4,1.8507278701529846,0.9811232038227033,3.7393301207895027,0.31929792070240937,4.7092990889286055,0.4915938779196282,11.831905194689442,3.904301597648821,0.2870767830515814,1.8036494839851926,1.2835159794527073,9.268770265052947,2.804458766772176,0.2494667277571896,1.6316278542215576,0.6031684857331089,9.785513792706004,4.311151621768897,0.29958700963782114,1.8604097509501663,1.2474151731013923,9.088675714371004,3.9374084969681182,0.4410611623630452,2.107224391455022,0.7903931770036051,17.19609006402065
shah,6,5.0,ok,10,4,2.5481882274176604,1.1784418605263811,6.989491606547263,0.6340082036627473,9.587762831746664,1.0172851813391075,11.82164793287697,5.989703699915433,0.42997003922028787,1.7502191085705294,1.3776349000046864,9.307783119303298,15.131066153041179,1.1947350512009172,4.3388159873958,1.3449038427480813,10.095812651285636,5.554307579609303,0.5427563117632505,2.3692689816666195,1.2948646786903455,9.189552393168372,1.282888993623134,0.36857141246653397,1.7344488320376914,0.6963640206624108,16.911454890781698
tabb_c1_sep,7,0.0,ok,10,4,7.406512012838077e-07,6.319287924436583e-08,9.481727608082912e-07,5.158444703885254e-08,1.115514907092421e-06,8.904660782938958e-08,6.914243661797068e-07,1.1545407780226353e-06,5.7250536212473905e-08,1.0269410772070912e-06,7.522593661693438e-08,9.318157325557534e-07,1.452740806037539e-06,1.0209191234966541e-07,9.971796323434094e-07,1.2530321668079448e-07,4.924442952987028e-07,1.185402706748546e-06,4.6993908416498535e-08,9.384827345204176e-07,5.224094266819106e-08,8.952589978122789e-07,6.752424444257127e-12,1.4311767723118752e-12,1.3610643121480628e-12,1.4210115433690067e-12,3.6796652310194025e-12
tabb_c1_sim,7,0.0,ok,10,4,1.2722733140093233e-06,8.533840127477502e-08,1.6785133045889222e-06,7.109241012944799e-08,2.2444212388119215e-06,1.1327449618177434e-07,8.38282303481501e-07,2.5998701502397804e-06,1.4331143142288044e-07,1.4076263567888562e-06,1.6812610318560224e-07,1.0896059636167334e-06,2.246160008322648e-06,1.0426574750712776e-07,2.029649445987906e-06,1.250271682030188e-07,6.712067398319777e-07,1.867941098691095e-06,3.6775286766455195e-08,1.6518012705326947e-06,4.818317174118387e-08,1.083101673740935e-06,8.196110216560229e-11,1.7174821328633453e-11,1.6182727836897477e-11,1.716196929517179e-11,4.5995314282419287e-11
tabb_c2_sep,7,0.0,ok,10,4,2.710745366569052e-07,1.073078133866061e-07,6.790562151311396e-07,9.975720259683454e-08,1.5307705207109457e-06,1.7784975640992197e-07,8.011313906730626e-07,1.1302714429901309e-06,2.3032035963367675e-07,5.570495531262715e-07,2.3936458780263657e-07,1.1854863311954933e-06,9.013708206477934e-07,9.5500088262384e-08,3.0409565237581135e-07,1.17974652477486e-07,4.997148538836361e-07,6.840853946628409e-07,7.309443564383212e-08,2.2305181703435992e-07,7.177809679789568e-08,9.550671095090177e-07,4.972022237939021e-10,1.1392684744531525e-10,1.011240911777487e-10,1.1391646840607184e-10,2.4531167250510573e-10
tabb_c2_sim,7,0.0,ok,10,4,9.310017681540561e-07,4.6968283961434397e-08,9.685979016765968e-07,3.7971497917341763e-08,1.5657078319161157e-06,6.621763081202342e-08,7.602777960586683e-07,1.7419783746226574e-06,3.824860556069498e-08,1.378169208637326e-06,6.149265408656492e-08,8.416678586578747e-07,1.0601611240570092e-06,4.7084591536998116e-08,9.317937585443826e-07,6.50043000970741e-08,8.809269624816484e-07,1.071203366609402e-06,6.646647745897109e-08,1.4129251704930222e-06,6.12898579343822e-08,9.097532317939173e-07,1.0487414173190979e-09,8.631711270286737e-11,1.1189349414934145e-09,8.632372771635707e-11,1.1262481750022366e-09
tabb_c2_sim_joint,7,0.0,ok,10,4,1.659459710037769e-06,1.206221108159477e-07,8.812621740867753e-07,1.0935560271597443e-07,1.2817232299396175e-06,7.526055379563277e-08,9.431307271985141e-07,1.918284315919132e-06,1.4781906231762708e-07,2.2170797216700267e-06,1.630278412324395e-07,9.57920238183556e-07,7.994412183592749e-07,1.4600675081151822e-07,2.134076439152365e-06,1.6112492536676386e-07,6.507360009693286e-07,8.062744206513755e-07,1.435102806220496e-07,2.285563744387192e-06,1.5824935293687102e-07,1.4889299782830102e-06,1.0487414173190979e-09,8.631711270286737e-11,1.1189349414934145e-09,8.632372771635707e-11,1.1262481750022366e-09
tabb_rp1,7,0.0,ok,10,4,6.373812905787162e-07,5.4045058942106e-08,8.950576256606601e-07,3.822353562285905e-08,1.2608451907880222e-06,6.15401576755879e-08,7.29702934709755e-07,1.044742784664371e-06,5.6487934467619787e-08,8.361272374518465e-07,5.876808803868659e-08,7.755137754762458e-07,1.1238359212551612e-06,4.592849757316373e-08,7.50415233758949e-07,7.489630968232786e-08,7.582781156998164e-07,1.362087127246958e-06,4.4219407087452765e-08,9.442367682548788e-07,7.625752951296079e-08,9.76290364938488e-07,4.956466947615027e-08,6.258303363199937e-09,1.8745922849190588e-08,6.258308534448761e-09,1.775664162236313e-08
tabb_rp1_joint,7,0.0,ok,10,4,3.367602236725637e-07,5.308641960859657e-08,3.560359922717388e-07,2.9695648386904676e-08,5.477692394259476e-07,4.958007312114297e-08,6.892296569627708e-07,5.745233593948632e-07,3.2092737169265016e-08,3.9613678216320533e-07,6.45246328401151e-08,8.616686418723336e-07,5.291150588448003e-07,9.022413420960157e-09,4.557219594355678e-07,4.6731456738505894e-08,4.5677267095033505e-07,2.7094088137114144e-07,7.14091395941936e-08,4.764362302422912e-07,9.48312803213165e-08,9.740229260716377e-07,4.956466947615027e-08,6.258303363199937e-09,1.8745922849190588e-08,6.258308534448761e-09,1.775664162236313e-08
shah,7,0.0,ok,10,4,7.068492705457837e-07,5.3124399764532664e-08,7.526493668135652e-07,2.7497080699096066e-08,4.2303839455527007e-07,1.833158266722832e-08,6.692624867921886e-07,1.2849946273750438e-06,3.666254442852951e-08,9.424658382641468e-07,7.083232053443221e-08,9.20148101630151e-07,1.0163575507246495e-06,3.666279254690527e-08,9.424652620373567e-07,7.083252700837148e-08,3.996080400863766e-07,7.092442667090806e-07,3.666268322889389e-08,9.424655508793324e-07,7.083244078243159e-08,8.861658932013119e-07,1.0224454869641665e-12,3.02592055598925e-13,4.310022987914442e-13,3.107328953911441e-13,7.300885677522861e-13
tabb_c1_sep,7,1.0,ok,10,4,0.7056451752573547,0.353966415178055,2.3283938793717924,0.2407801412213381,3.1337363548707007,0.32107308332674284,2.3802942497211994,0.6173306898330424,0.06964005779669606,0.3487770318761675,0.3031347144735937,1.807709865981024,1.2100921465535615,0.13626398592530986,0.4473538662609188,0.24757436198542712,1.9436581506622246,6.225108081282337,0.4235895301387832,1.4279687115222792,0.49041347833420484,1.9989789451446596,1.2610445998182294,0.33362699102456317,0.5984810913700533,0.3747431059189943,3.40905618488325
tabb_c1_sim,7,1.0,ok,10,4,0.688874865582032,0.3484900607237739,2.2557536393043693,0.23355686058272515,3.03787608699035,0.3122285223446381,2.3760807321075217,0.6170996592843783,0.06801811776617718,0.34588000613601577,0.30349188210152217,1.8078109558699231,1.159842469259002,0.1315960186548693,0.4387279426607148,0.24638385086989084,1.9402157527396715,6.007780531826344,0.4081317315637175,1.3742810871712026,0.4752091338789102,1.9855968563024171,1.2382918968477523,0.32648157434613656,0.5966104263601949,0.3688753760447725,3.4070259885815264
tabb_c2_sep,7,1.0,ok,10,4,0.6855834130671097,0.3539666696063172,2.296838163473584,0.24078012582076808,3.059748745243613,0.321073952572481,2.375726394013509,0.6466121852006517,0.06963958545458704,0.40936886703034936,0.30313503439782896,1.8086472223596126,1.1777660544704336,0.13626356503645817,0.4367265800367838,0.24757432812139807,1.951717845953247,6.195927131667818,0.4235897655777145,1.4947417174774245,0.4904137134843982,1.9828884572727667,1.1670472825554326,0.3336275872143127,0.4014964877238815,0.3747436024216435,3.4005954828092433
tabb_c2_sim,7,1.0,ok,10,4,0.6704922106663028,0.3490148279207661,2.2272370004354056,0.2346765414413311,2.968221223033973,0.3125885788781398,2.372220867105508,0.6327728332736097,0.06814396062285334,0.4089279724999869,0.30304472477105904,1.8088363120697621,1.1462873754244363,0.1334233508086083,0.4288418579779926,0.24691758812516146,1.9492993686654108,5.976735581907807,0.4077372016826892,1.444194877786917,0.4748480870633376,1.970227893282552,1.153152211135769,0.3294016526511736,0.40000413440031485,0.37124891172350616,3.3994518065878085
tabb_c2_sim_joint,7,1.0,ok,10,4,0.6334956576530849,0.3066749836504594,1.8321544256338895,0.21336268985692952,1.1516354408272111,0.1622430007642037,2.3707680924627157,1.479809427393263,0.14476583761841677,0.770774510870884,0.29470911733785987,1.8643080313725104,1.8428280310613827,0.18027754950420896,0.6390612453470842,0.28128504813714933,2.009437353188955,2.852828032945144,0.19900571965391878,0.7241427399940564,0.2794568574033223,1.8472709317836995,1.153152211135769,0.3294016526511736,0.40000413440031485,0.37124891172350616,3.3994518065878085
tabb_rp1,7,1.0,ok,10,4,0.4016871827027521,0.24842512564276215,0.6861997313417324,0.07334258373440719,0.9276551919893815,0.1031060272783819,2.3361233110499255,0.45890884341898563,0.039931042831223715,0.4219342282686814,0.2950116913344023,1.838639179008151,0.5899277968348283,0.05986990660560814,0.4097055765154739,0.2693746947221983,1.900146721150409,0.6489833019578269,0.053051804268712366,0.22719315890568684,0.16012327685271288,1.811619196657949,1.0469789831552885,0.14051758123208452,0.5479157671211664,0.26919083966173507,3.3995253773933576
tabb_rp1_joint,7,1.0,ok,10,4,0.411438581434425,0.24695762063750595,0.6556885495601603,0.06940872289044785,0.8189526449177075,0.09419965391568112,2.3336695825399043,0.3486465056453806,0.03275512333442649,0.37319408175903085,0.29544771327565394,1.833255353434406,0.45232550807527677,0.05135208058125735,0.3965729504740771,0.26021084933362537,1.895238976518686,0.7748032013646956,0.05301010641402304,0.328071526383426,0.16298108027900954,1.8095651746579688,1.0469789831552885,0.14051758123208452,0.5479157671211664,0.26919083966173507,3.3995253773933576
shah,7,1.0,ok,10,4,0.6819398558534113,0.3539662473319195,2.2867042884342372,0.24077985176859035,2.8565416228410054,0.3210734419464389,2.3734126913204188,0.6173240610283666,0.0696399555942845,0.34877694897876044,0.3031351282319363,1.8077098400684646,1.210094764176783,0.13626421102778807,0.44735428631302493,0.24757441232257893,1.9436583173637503,6.225101004063027,0.42358906980462746,1.4279667798953983,0.49041303728203284,1.9989786188285528,1.0942973244687724,0.3336261706476613,0.5036614082264617,0.3747424114911301,3.389810197372706
tabb_c1_sep,7,3.0,ok,10,4,2.1586641728657288,1.060768764503783,7.012684611619724,0.7210948540636319,9.466453174014317,0.9626868063465132,7.138211831648046,1.8834616676153237,0.20817873554613334,1.05355153090551,0.9102699704329623,5.418944881017327,3.6577136280607134,0.41001654976062085,1.363895291695143,0.7421379134873474,5.829208868869102,18.65625274134041,1.271413257024343,4.273530230569399,1.471242961223274,5.989014787316582,3.853310409462448,0.9947708739234302,1.943679638292863,1.1194242128715488,10.22757717305608
tabb_c1_sim,7,3.0,ok,10,4,2.1083776625872663,1.0443468444997595,6.793934149033455,0.6994895698405608,9.177808984756759,0.936127190739147,7.125663473419593,1.880540291879194,0.2035102664621101,1.0454407603475104,0.9113104219066456,5.419318906940801,3.5068616635684524,0.3960283240687862,1.3382427979059994,0.7385774146069198,5.818983694420408,18.001228246296783,1.224843472576525,4.111720321562546,1.425450376861344,5.949099306991263,3.7871063943893906,0.9735762162548216,1.9381067705330086,1.1020491646241286,10.221494437224145
tabb_c2_sep,7,3.0,ok,10,4,2.050746343465555,1.0607689495889192,6.901059132535704,0.7210948923068277,9.18031410317201,0.9626879094762787,7.123656413316679,1.9758418250306664,0.2081785815691664,1.2206489569271688,0.9102705911770921,5.422113468715348,3.54747231289336,0.4100167560903048,1.315189646573341,0.742137934562392,5.856176752666744,18.599843543581905,1.271413319769748,4.477463812511012,1.4712430280205295,5.947655594815684,3.4810788486368858,0.9947709117980914,1.1896829578506978,1.1194242445956635,10.1939783734963
tabb_c2_sim,7,3.0,ok,10,4,2.0055320978374374,1.0458563930759515,6.691215340275459,0.7027471144892125,8.904433852170737,0.9370857797717745,7.113135901571757,1.9329892747500925,0.20372421672286947,1.2196804643578978,0.9099498319394885,5.422686413008967,3.4528361620017933,0.4014780463656562,1.2914241654705467,0.7401419709489698,5.848880681214267,17.939467454447403,1.2236438267322747,4.3255613875427805,1.4243357409029602,5.909630362350253,3.4395684699025475,0.9821423681360495,1.185462373978523,1.108998028512387,10.190591015264554
tabb_c2_sim_joint,7,3.0,ok,10,4,1.8917303876210223,0.9177840982566362,5.4771441811767385,0.6374204078214467,3.4490340061789957,0.4851386089295497,7.1078068246307815,4.414229977090718,0.43219060983495095,2.303918246783963,0.8829759766382856,5.586817981765192,5.50672831809099,0.5392969060317501,1.9111937891431212,0.8424516191149085,6.027208059977005,8.5480499596227,0.5960517472830366,2.166347140578482,0.8367107687609636,5.540374899323536,3.4395684699025475,0.9821423681360495,1.185462373978523,1.108998028512387,10.190591015264554
tabb_rp1,7,3.0,ok,10,4,1.2134084882450373,0.7449560559120226,2.0613687126743887,0.21989499680858898,2.7855167244401033,0.30903504279649613,7.005450022492089,1.375804731327792,0.11973531619145626,1.2698930983703558,0.8844736609463171,5.511434877241135,1.769586188386074,0.1796666358257249,1.2383557198411734,0.8070582453345431,5.700214777577035,1.9469299873464077,0.15913372503279366,0.6777011700726222,0.4802541635642323,5.433924017062145,3.1531539436372826,0.42104431018438104,1.6676839646959978,0.8080381538029979,10.19359734984442
tabb_rp1_joint,7,3.0,ok,10,4,1.2433277340151618,0.7404938580579397,1.9672703911932505,0.20797554419068337,2.4591320847084237,0.2821402031582943,6.998108697466714,1.042380906710258,0.09820736514088503,1.1238071769316842,0.8858199252738838,5.49529567307041,1.3558493864590684,0.1540287762009556,1.200412673523346,0.779596651440708,5.685420183748042,2.3176973279663935,0.15862172523651175,0.9814071209096195,0.4885207017141687,5.427927526712738,3.1531539436372826,0.42104431018438104,1.6676839646959978,0.8080381538029979,10.19359734984442
shah,7,3.0,ok,10,4,2.2341884044592404,1.060763502971077,6.952678133026579,0.7210911525277831,8.514994374707678,0.9626785201253781,7.123752367193371,1.8833907271549184,0.20817849716658282,1.0535570776648555,0.9102686835870388,5.418945071502876,3.6577952842227917,0.41002153679865366,1.3638922246275351,0.7421372159576958,5.829209933343287,18.65598341280139,1.271395270583365,4.273460340427992,1.4712255736834314,5.989000766700121,3.6135431079272142,0.994769305562531,2.24584397511658,1.1194225386561407,10.187178551389223
tabb_c1_sep,7,5.0,ok,10,4,3.664126621749685,1.7661188814925477,11.73254124406544,1.19984219121546,15.877915423016661,1.6036627831076895,11.893353145735885,3.192441283958392,0.3459244384136327,1.7689331324625983,1.5186323558373476,9.02504458335728,6.143456432956493,0.6853824521542273,2.3123629973329187,1.2358595703845676,9.712713713075935,31.054034834580868,2.119788707137235,7.100148242326625,2.451820894853602,9.96877469754006,6.540232424766001,1.6482731671567448,3.475062114876599,1.8581627048946736,17.04824594562936
tabb_c1_sim,7,5.0,ok,10,4,3.580416463450632,1.7387582362084428,11.366559847335012,1.1639375949438433,15.395173766475095,1.5593483368865737,11.87258735970076,3.1836744472982983,0.33845401854142715,1.756371328189095,1.5203057082262537,9.025772535530662,5.892002351201159,0.6621068530102201,2.2700572478258056,1.229949887116282,9.695851969550068,29.957421637389217,2.041844804643635,6.829491397940288,2.37520165348468,9.902620077324034,6.43314095345137,1.6133447035800912,3.46574587984734,1.8295756960065557,17.038113826962086
tabb_c2_sep,7,5.0,ok,10,4,3.4076980434733164,1.7661190392657666,11.518637845675512,1.1998419848588249,15.30117381816311,1.6036638048760201,11.867633965199916,3.3538661127732756,0.3459236978617691,2.0223056614756763,1.5186330594722453,9.03081327400149,5.936028932361901,0.6853823107154907,2.2002553524118738,1.235859467908784,9.762234361068053,31.01468265987766,2.119788686564321,7.449537492999976,2.4518208670871386,9.911331542089096,5.76997367768921,1.6482732442937185,1.958693667005739,1.8581627625948989,16.978564211391888
tabb_c2_sim,7,5.0,ok,10,4,3.332448014813706,1.7411729831274403,11.167218214508466,1.1692011213250573,14.839400829177679,1.5607650840505845,11.850091560668666,3.2800077514503987,0.3385420629962246,2.0211922139758136,1.5180159461584646,9.031769983078165,5.778056158315345,0.6711234415380029,2.1604668385264545,1.2324904033512816,9.750013232687492,29.909754837165657,2.039840948916065,7.19604339050155,2.373312653497121,9.847880930608785,5.701054111102467,1.6272980318499368,1.952089616251007,1.8408729295028943,16.972987188372638
tabb_c2_sim_joint,7,5.0,ok,10,4,3.1383430670117156,1.526019394258501,9.096653602877725,1.0580263250822486,5.739283663402666,0.8061258625935173,11.83958462889395,7.315099795136958,0.7167924578324963,3.825745923883219,1.4697599836156594,9.301475795097636,9.141410534080721,0.8962357372724326,3.17522738910139,1.401677723424523,10.043686978349122,14.22904997119075,0.9917790733741283,3.600309338811246,1.3917669404909272,9.231882936674346,5.701054111102467,1.6272980318499368,1.952089616251007,1.8408729295028943,16.972987188372638
tabb_rp1,7,5.0,ok,10,4,2.0365858802881287,1.2410868297399735,3.440231153519885,0.36626607743256506,4.646736265718401,0.5145893468407771,11.671606792945385,2.291711597104838,0.19946177993572833,2.1237041761087356,1.4732115270702217,9.17854604696913,2.948682388175703,0.2995250617884198,2.0795635357591755,1.3432429448756784,9.500262121802866,3.244774710658488,0.2651843002903551,1.1234069474440869,0.8002887835394619,9.055304271476016,5.275755918140511,0.700893167715757,2.8196688618405146,1.3476040634745323,16.982532118274023
tabb_rp1_joint,7,5.0,ok,10,4,2.087526425597394,1.2335574664310505,3.2793333718268283,0.3462080408723089,4.102765822050737,0.4695033690451699,11.659402858087567,1.731677409368202,0.163585612741979,1.8804463911062974,1.4755214821610745,9.151674063256095,2.258294951252139,0.25667541135932187,2.0186997051479803,1.2975478615207339,9.475477327162219,3.85160520854646,0.26367797167217766,1.6312907442947853,0.813556458567861,9.045578706908351,5.275755918140511,0.700893167715757,2.8196688618405146,1.3476040634745323,16.982532118274023
shah,7,5.0,ok,10,4,4.0388691745738425,1.7660943127120197,11.788223850099246,1.1998245954993516,14.227700110006785,1.6036238439625843,11.88763335747204,3.1920958587317125,0.34592206745448156,1.7689591712991402,1.518625981203153,9.025045228434573,6.143832412330867,0.6854055679171233,2.312348102915663,1.2358564461672297,9.712718726393948,31.05278272486986,2.1197049499206275,7.09982486210684,2.4517399121566217,9.968709726925333,6.764184404464542,1.6482657967051741,4.974344561973728,1.8581549113210751,17.032315970345866
tabb_c1_sep,8,0.0,ok,10,4,7.406512012838077e-07,6.319287924436583e-08,9.481727608082912e-07,5.158444703885254e-08,1.115514907092421e-06,8.904660782938958e-08,6.914243661797068e-07,1.1545407780226353e-06,5.7250536212473905e-08,1.0269410772070912e-06,7.522593661693438e-08,9.318157325557534e-07,1.452740806037539e-06,1.0209191234966541e-07,9.971796323434094e-07,1.2530321668079448e-07,4.924442952987028e-07,1.185402706748546e-06,4.6993908416498535e-08,9.384827345204176e-07,5.224094266819106e-08,8.952589978122789e-07,6.752424444257127e-12,1.4311767723118752e-12,1.3610643121480628e-12,1.4210115433690067e-12,3.6796652310194025e-12
tabb_c1_sim,8,0.0,ok,10,4,1.2722733140093233e-06,8.533840127477502e-08,1.6785133045889222e-06,7.109241012944799e-08,2.2444212388119215e-06,1.1327449618177434e-07,8.38282303481501e-07,2.5998701502397804e-06,1.4331143142288044e-07,1.4076263567888562e-06,1.6812610318560224e-07,1.0896059636167334e-06,2.246160008322648e-06,1.0426574750712776e-07,2.029649445987906e-06,1.250271682030188e-07,6.712067398319777e-07,1.867941098691095e-06,3.6775286766455195e-08,1.6518012705326947e-06,4.818317174118387e-08,1.083101673740935e-06,8.196110216560229e-11,1.7174821328633453e-11,1.6182727836897477e-11,1.716196929517179e-11,4.5995314282419287e-11
tabb_c2_sep,8,0.0,ok,10,4,2.710745366569052e-07,1.073078133866061e-07,6.790562151311396e-07,9.975720259683454e-08,1.5307705207109457e-06,1.7784975640992197e-07,8.011313906730626e-07,1.1302714429901309e-06,2.3032035963367675e-07,5.570495531262715e-07,2.3936458780263657e-07,1.1854863311954933e-06,9.013708206477934e-07,9.5500088262384e-08,3.0409565237581135e-07,1.17974652477486e-07,4.997148538836361e-07,6.840853946628409e-07,7.309443564383212e-08,2.2305181703435992e-07,7.177809679789568e-08,9.550671095090177e-07,4.972022237939021e-10,1.1392684744531525e-10,1.011240911777487e-10,1.1391646840607184e-10,2.4531167250510573e-10
tabb_c2_sim,8,0.0,ok,10,4,9.310017681540561e-07,4.6968283961434397e-08,9.685979016765968e-07,3.7971497917341763e-08,1.5657078319161157e-06,6.621763081202342e-08,7.602777960586683e-07,1.7419783746226574e-06,3.824860556069498e-08,1.378169208637326e-06,6.149265408656492e-08,8.416678586578747e-07,1.0601611240570092e-06,4.7084591536998116e-08,9.317937585443826e-07,6.50043000970741e-08,8.809269624816484e-07,1.071203366609402e-06,6.646647745897109e-08,1.4129251704930222e-06,6.12898579343822e-08,9.097532317939173e-07,1.0487414173190979e-09,8.631711270286737e-11,1.1189349414934145e-09,8.632372771635707e-11,1.1262481750022366e-09
tabb_c2_sim_joint,8,0.0,ok,10,4,1.659459710037769e-06,1.206221108159477e-07,8.812621740867753e-07,1.0935560271597443e-07,1.2817232299396175e-06,7.526055379563277e-08,9.431307271985141e-07,1.918284315919132e-06,1.4781906231762708e-07,2.2170797216700267e-06,1.630278412324395e-07,9.57920238183556e-07,7.994412183592749e-07,1.4600675081151822e-07,2.134076439152365e-06,1.6112492536676386e-07,6.507360009693286e-07,8.062744206513755e-07,1.435102806220496e-07,2.285563744387192e-06,1.5824935293687102e-07,1.4889299782830102e-06,1.0487414173190979e-09,8.631711270286737e-11,1.1189349414934145e-09,8.632372771635707e-11,1.1262481750022366e-09
tabb_rp1,8,0.0,ok,10,4,6.373812905787162e-07,5.4045058942106e-08,8.950576256606601e-07,3.822353562285905e-08,1.2608451907880222e-06,6.15401576755879e-08,7.29702934709755e-07,1.044742784664371e-06,5.6487934467619787e-08,8.361272374518465e-07,5.876808803868659e-08,7.755137754762458e-07,1.1238359212551612e-06,4.592849757316373e-08,7.50415233758949e-07,7.489630968232786e-08,7.582781156998164e-07,1.362087127246958e-06,4.4219407087452765e-08,9.442367682548788e-07,7.625752951296079e-08,9.76290364938488e-07,4.956466947615027e-08,6.258303363199937e-09,1.8745922849190588e-08,6.258308534448761e-09,1.775664162236313e-08
tabb_rp1_joint,8,0.0,ok,10,4,3.367602236725637e-07,5.308641960859657e-08,3.560359922717388e-07,2.9695648386904676e-08,5.477692394259476e-07,4.958007312114297e-08,6.892296569627708e-07,5.745233593948632e-07,3.2092737169265016e-08,3.9613678216320533e-07,6.45246328401151e-08,8.616686418723336e-07,5.291150588448003e-07,9.022413420960157e-09,4.557219594355678e-07,4.6731456738505894e-08,4.5677267095033505e-07,2.7094088137114144e-07,7.14091395941936e-08,4.764362302422912e-07,9.48312803213165e-08,9.740229260716377e-07,4.956466947615027e-08,6.258303363199937e-09,1.8745922849190588e-08,6.258308534448761e-09,1.775664162236313e-08
shah,8,0.0,ok,10,4,7.068492705457837e-07,5.3124399764532664e-08,7.526493668135652e-07,2.7497080699096066e-08,4.2303839455527007e-07,1.833158266722832e-08,6.692624867921886e-07,1.2849946273750438e-06,3.666254442852951e-08,9.424658382641468e-07,7.083232053443221e-08,9.20148101630151e-07,1.0163575507246495e-06,3.666279254690527e-08,9.424652620373567e-07,7.083252700837148e-08,3.996080400863766e-07,7.092442667090806e-07,3.666268322889389e-08,9.424655508793324e-07,7.083244078243159e-08,8.861658932013119e-07,1.0224454869641665e-12,3.02592055598925e-13,4.310022987914442e-13,3.107328953911441e-13,7.300885677522861e-13
tabb_c1_sep,8,1.0,ok,10,4,0.4209400827435173,0.24162635162184998,0.8432502244588154,0.07137902209912038,1.007123970113937,0.11631636622125952,2.322895898990547,0.605392994631048,0.02705985008127849,0.32448289642573236,0.21702813986332825,1.9518701938067349,1.725954011420547,0.1491997558544485,0.4964599498485721,0.3361746445173487,1.9819258149846741,0.6231708310819667,0.053014562728749534,0.3488347205158652,0.1627313699340621,1.766849317543884,0.41848306070169966,0.05624191973200499,0.5139827641838995,0.2505712521726609,3.274721015553739
tabb_c1_sim,8,1.0,ok,10,4,0.41467151151552156,0.24080226119086726,0.8165663066914737,0.06966780349205572,0.97902375027778,0.11334329139925452,2.3225189309274263,0.5847542169648559,0.02620557652479003,0.32442102563673664,0.2166580882616307,1.9523628399346622,1.653152801418177,0.14306474001745356,0.4730036278249788,0.33415108302701335,1.9800790788818752,0.6089371109793226,0.0520578321686167,0.347213230523571,0.16199380712202213,1.7665551444157908,0.41942109740353944,0.057343065257362574,0.5140481620767998,0.2504060663528028,3.27463369591467
tabb_c2_sep,8,1.0,ok,10,4,0.3211400254507152,0.24162657368279583,0.7427918961519571,0.07137863242081688,0.8890760120393804,0.11631798386218138,2.323471192740108,0.38484655473335205,0.027057780880082854,0.20708041935081442,0.21702855614938077,1.9481296997287425,1.7155843756103755,0.14919999392568997,0.5320637930569847,0.3361747972864101,1.9830484100366201,0.631927299910619,0.05301435528573802,0.308571937607474,0.1627317401804066,1.7658308410339665,0.23880935435348163,0.05624239959175664,0.23684395178758763,0.2505712011149858,3.2784485128352814
tabb_c2_sim,8,1.0,ok,10,4,0.316167089235444,0.24105924792946337,0.7221216186770881,0.06979177090632567,0.8629078832393251,0.11376787603226757,2.32306041226796,0.38438648237047635,0.026780045781383523,0.207123375878571,0.2168479549166581,1.9481375949364665,1.6576121272632987,0.14406660447131311,0.5149223455665645,0.3344875292872343,1.9814363751276816,0.6064592848179201,0.05121210461546934,0.3056081123316196,0.1624517498853343,1.7655601432600032,0.24002858025665771,0.05710832875713671,0.237014523165021,0.2504497576286268,3.2783998992243295
tabb_c2_sim_joint,8,1.0,ok,10,4,0.3019456132371859,0.23554810103174856,0.6458156201470606,0.0697682790584202,0.561560616840652,0.10095624203404986,2.3223379092600562,0.9202198778785722,0.07522162151791717,0.304367788139063,0.2226511257389637,1.9633963832583305,0.8380528282173055,0.10099235412677177,0.3970062805554992,0.31868140391454564,1.9690635399713357,0.5849611942357076,0.04575081183185518,0.26939386108916036,0.15041011684485822,1.7586844451677635,0.24002858025665771,0.05710832875713671,0.237014523165021,0.2504497576286268,3.2783998992243295
tabb_rp1,8,1.0,ok,10,4,0.40646422934117526,0.24232562391458137,0.7636386476680306,0.09448776970396981,0.8115630593534887,0.15253289024953923,2.3265731538606635,0.9418869610790811,0.06285751018991859,0.4767397534611807,0.2225499022805798,1.9554221188871828,1.1119792300355544,0.0932420094269136,0.3664012961460127,0.3238580448859834,1.974911890925804,0.4123061569594956,0.0670685736231621,0.4966907707184396,0.1364119204173796,1.7771614655743195,0.5883822425979914,0.15478298557588496,0.286025097039068,0.2864826280743828,3.2816939294189185
tabb_rp1_joint,8,1.0,ok,10,4,0.3542628360283275,0.23869865371924298,0.7951841862182882,0.08895528390691732,0.9983555757302568,0.14510858886462324,2.322269810146428,0.6185145126571507,0.04287548239003253,0.4658522962425034,0.2192022291274448,1.950682039196342,1.003349074660398,0.07953505064557745,0.36386867060162814,0.3185711403814373,1.970007861097702,0.9704909149576132,0.07862761701617435,0.30130528023011033,0.13053861729370708,1.7652597109930284,0.5883822425979914,0.15478298557588496,0.286025097039068,0.2864826280743828,3.2816939294189185
shah,8,1.0,ok,10,4,0.4534093001426883,0.24162644660159233,0.9312743358762715,0.07137873835276622,1.0272431639729251,0.1163175304727288,2.334584147059934,0.6053755214372105,0.02705777881950155,0.3244705644580267,0.21702811795012467,1.9518693658300375,1.7259602325752135,0.14920029461827086,0.4964619953289294,0.3361748205405853,1.9819259759452088,0.6231751379181104,0.05301468944489599,0.34883528382088336,0.16273162311312384,1.7668493138631418,0.7705864515745513,0.05624219052839646,0.6438693569629137,0.25057122480253546,3.3078016061310973
tabb_c1_sep,8,3.0,ok,10,4,1.2607234734453536,0.7267319122229399,2.5282524996439717,0.21610031243222336,3.0123736021491063,0.35192567927612384,6.970444975904875,1.7927966147642156,0.07927015055353243,0.9950460363304883,0.6513378515374162,5.857276548339956,5.175789605150927,0.4477242444993346,1.5155832803505551,1.0130891754247315,5.944821983875382,1.9395752265651596,0.16281563892155684,1.0473470404836476,0.48654882089927715,5.301151073627064,1.2048485520955863,0.1745912157544696,1.4849175366167238,0.7559518010303344,9.828408465227286
tabb_c1_sim,8,3.0,ok,10,4,1.241899983107105,0.7242999048406602,2.4489240215642094,0.2110854000408553,2.9278918411281842,0.343114462606707,6.969339256329854,1.734231522862265,0.07705681124537817,0.995019019238548,0.6502836814790187,5.858753819301045,4.95899483731098,0.4294913417936387,1.4454767895814655,1.0070841624683096,5.939341897276769,1.8943030767638556,0.15989352441136234,1.0419324359571187,0.4843412200915759,5.30029434204128,1.2081666493197383,0.17789992271304203,1.4851716876512873,0.7554905553237363,9.828166669276873
tabb_c2_sep,8,3.0,ok,10,4,0.9678564963147925,0.726731819979971,2.239434352535836,0.21609996370569187,2.666711102942426,0.3519264607049492,6.9718912960913695,1.1267872451106038,0.07926826195987993,0.6296794844994874,0.6513376405245213,5.844925716095693,5.14644890173734,0.44772419091662125,1.5966560722629215,1.013089112868927,5.9471928566137375,1.9558984251100187,0.1628157464845248,0.9331722882971561,0.4865487676130506,5.2984048504548005,0.7286028381853791,0.17459165546174152,0.7119181401996051,0.7559517589133853,9.839904446604205
tabb_c2_sim,8,3.0,ok,10,4,0.9527228784735147,0.7250442671719685,2.177152926593,0.21131136608152953,2.588585288809472,0.34425261640430826,6.970662098838788,1.1264298306120817,0.07845402456491697,0.6295336351937896,0.6508131948804841,5.844927592548639,4.972679552753956,0.432319620312972,1.545220184727966,1.008039072654751,5.9423801719903855,1.876894000159888,0.1572697662308218,0.9236938925753093,0.48570873301960027,5.297584582594905,0.7326083228460741,0.17720205321740737,0.7124438013969935,0.7556160681330382,9.839769169264192
tabb_c2_sim_joint,8,3.0,ok,10,4,0.9099434226664798,0.7090045892071877,1.9548656870542418,0.21173262843607665,1.6919392757523368,0.30623419532165824,6.968659645408735,2.7731202627609446,0.2269881398278739,0.9201454203519648,0.6691315500336803,5.891270643561358,2.529764666116498,0.30294412395155984,1.19330180030517,0.9609601650662443,5.905220438348462,1.78396949649345,0.13979619674746557,0.8138826686117908,0.45031057359578774,5.277225927380253,0.7326083228460741,0.17720205321740737,0.7124438013969935,0.7556160681330382,9.839769169264192
tabb_rp1,8,3.0,ok,10,4,1.217282924854034,0.7302778979343649,2.2858165504893635,0.2839406169248103,2.4278023602495136,0.4586320981319592,6.981715947474924,2.819581937322303,0.18836965109537127,1.4212452577536374,0.6691449092232864,5.865512937998376,3.3259095420303892,0.279172595261047,1.099338544255125,0.9757313398153762,5.923637533167137,1.2316211600517275,0.2005481232385754,1.491108365091963,0.40909750808833245,5.332699141106664,1.7661535625530338,0.4676720981042476,0.8574395323154105,0.8671378346104646,9.851194166453636
tabb_rp1_joint,8,3.0,ok,10,4,1.0601302281294978,0.7193906968046045,2.3802510964109245,0.2673741742036405,2.990253172052801,0.43640613219682106,6.9687515034304655,1.8462274268826528,0.12836329624893186,1.3885004952657196,0.6589773539179015,5.851544101979744,3.005051695357862,0.2381613709294645,1.0934590714938446,0.9599903697671724,5.908637076357964,2.903571700850149,0.2352999315319182,0.9011218134430159,0.3914572289228801,5.296735134359793,1.7661535625530338,0.4676720981042476,0.8574395323154105,0.8671378346104646,9.851194166453636
shah,8,3.0,ok,10,4,1.273820714938645,0.7267329653719465,2.7083000221907,0.21610250779179796,2.937485380423949,0.3519315634498648,6.997389538824497,1.792808802139109,0.07927054349248941,0.9950320021733202,0.6513392733714187,5.857275331836845,5.175902459899885,0.44773463371084976,1.5156189398346145,1.0130922805037867,5.944825048312557,1.9395521006099377,0.16281386468298148,1.047344440778796,0.48654846436310595,5.301150713354003,1.9249367261138686,0.17459098928087122,1.5372874769678488,0.755951843249475,9.90469703618034
tabb_c1_sep,8,5.0,ok,10,4,2.0964016926375635,1.2143544410275051,4.210561433031556,0.36360188045786523,5.003810639361476,0.59170628456638,11.621113276897908,2.9488398061346865,0.1292613612958889,1.6932847511375242,1.0860271441794844,9.765223445565587,8.622004690301384,0.7462817555499747,2.5698841996023103,1.695996259165054,9.906697914017371,3.3500906120416976,0.27777232787694206,1.74795885538607,0.8083178174760137,8.836593526216618,1.921310623648455,0.30109207710865515,2.3744789644243482,1.2670765432894682,16.389431275336488
tabb_c1_sim,8,5.0,ok,10,4,2.065000512013137,1.2103679411971071,4.07953886511647,0.3554274012779718,4.862794856474981,0.5771854836608544,11.619310051794839,2.856630002716827,0.12614173880127663,1.693398692962453,1.0843618893894083,9.767672062009414,8.263432666805977,0.7161882396797438,2.4536215716535574,1.6861016073968425,9.897668733997918,3.270376534615339,0.2728006998899133,1.7379846129892484,0.8046409053942523,8.835203500278553,1.927716256327739,0.30657892674095344,2.37499717044729,1.266367362607926,16.389062802634836
tabb_c2_sep,8,5.0,ok,10,4,1.6205612787344033,1.2143545277998256,3.7517639153260918,0.36360226454179967,4.44442597837562,0.5917065352116454,11.623022513130174,1.834606860197837,0.12926240387455168,1.0636533607147525,1.0860273157934603,9.742735509760546,8.575484259920312,0.7462826919879345,2.6614570022314394,1.6959964143583697,9.908968078376738,3.360605512839342,0.2777722674361066,1.56818712351568,0.8083177794248402,8.832503664728138,1.2363590283468757,0.3010916948686057,1.188947628475741,1.2670766016226316,16.40905069722344
tabb_c2_sim,8,5.0,ok,10,4,1.5949610779298729,1.2115657113844638,3.6474866902997647,0.35556647844834266,4.314992437465428,0.5788795128290135,11.620977160025749,1.835596775282488,0.12791582272456,1.0628682716902067,1.0851847818327498,9.74269349270236,8.286171723856835,0.7206058695416953,2.5757495434706623,1.6876015159760076,9.900988474768745,3.2246070293936286,0.26829117328255797,1.5513807359283258,0.8069114283654624,8.831119754492603,1.2435712326661066,0.30545304824455755,1.1898457606302966,1.2665651193636351,16.40884259254511
tabb_c2_sim_joint,8,5.0,ok,10,4,1.523455362953174,1.1856542701517556,3.2875645269008986,0.35702503186295587,2.8327742800885294,0.5161287792520692,11.617920178084079,4.643248052783811,0.38058195507388176,1.5453504259944402,1.1172184522333497,9.820878955231947,4.241897031010815,0.5048296682322571,1.9926009729722505,1.6097321442994978,9.839023932999217,3.0215417911428624,0.23723545590112716,1.3660242922157089,0.7491013647105396,8.797619361109067,1.2435712326661066,0.30545304824455755,1.1898457606302966,1.2665651193636351,16.40884259254511
tabb_rp1,8,5.0,ok,10,4,2.0228974958866988,1.2365413439146848,3.7507687454647973,0.49127484575020064,3.9534130991746967,0.7949925442592822,11.642543605469234,4.689147661171587,0.31360836850783746,2.353876252731437,1.1177343945640146,9.774874694203902,5.526497077926775,0.4643724956790471,1.8326209814555066,1.6331023551555002,9.871179911099878,2.0441240510371044,0.33314874281165824,2.4872042158978096,0.681679824717752,8.890147094028551,2.743306191723721,0.8539697760022597,1.4178885334620426,1.5136488012214726,16.43691585860487
tabb_rp1_joint,8,5.0,ok,10,4,1.760132728170505,1.2183885786634667,3.9076872348802016,0.4636991623009997,4.87614826060628,0.7587800336013776,11.620856402251725,3.0605784606531348,0.21344132187777307,2.2994285747324295,1.1005764881664746,9.752014625953782,5.001282476514824,0.39625600819396994,1.825594582600956,1.6070723570855618,9.845719907166988,4.825581810629126,0.3911295431299963,1.4976192218865927,0.6522566681803579,8.829780370369493,2.743306191723721,0.8539697760022597,1.4178885334620426,1.5136488012214726,16.43691585860487
shah,8,5.0,ok,10,4,1.9871432644457505,1.2143600159807733,4.374891687841388,0.3636140251495007,4.705859754963968,0.5917333125259824,11.65476130099057,2.948974525976067,0.12927117903757082,1.6932400071486338,1.0860363179554806,9.765218795179745,8.622537381948534,0.7463307066608724,2.570054192402693,1.6960108950333646,9.906712215826033,3.3499788582038654,0.27776406447410495,1.747945429641526,0.8083160849413643,8.83659188654436,2.578075985237085,0.3010901504254545,1.9373334285901493,1.2670767659928837,16.484721493492074
tabb_c1_sep,9,0.0,ok,10,4,7.406512012838077e-07,6.319287924436583e-08,9.481727608082912e-07,5.158444703885254e-08,1.115514907092421e-06,8.904660782938958e-08,6.914243661797068e-07,1.1545407780226353e-06,5.7250536212473905e-08,1.0269410772070912e-06,7.522593661693438e-08,9.318157325557534e-07,1.452740806037539e-06,1.0209191234966541e-07,9.971796323434094e-07,1.2530321668079448e-07,4.924442952987028e-07,1.185402706748546e-06,4.6993908416498535e-08,9.384827345204176e-07,5.224094266819106e-08,8.952589978122789e-07,6.752424444257127e-12,1.4311767723118752e-12,1.3610643121480628e-12,1.4210115433690067e-12,3.6796652310194025e-12
tabb_c1_sim,9,0.0,ok,10,4,1.2722733140093233e-06,8.533840127477502e-08,1.6785133045889222e-06,7.109241012944799e-08,2.2444212388119215e-06,1.1327449618177434e-07,8.38282303481501e-07,2.5998701502397804e-06,1.4331143142288044e-07,1.4076263567888562e-06,1.6812610318560224e-07,1.0896059636167334e-06,2.246160008322648e-06,1.0426574750712776e-07,2.029649445987906e-06,1.250271682030188e-07,6.712067398319777e-07,1.867941098691095e-06,3.6775286766455195e-08,1.6518012705326947e-06,4.818317174118387e-08,1.083101673740935e-06,8.196110216560229e-11,1.7174821328633453e-11,1.6182727836897477e-11,1.716196929517179e-11,4.5995314282419287e-11
tabb_c2_sep,9,0.0,ok,10,4,2.710745366569052e-07,1.073078133866061e-07,6.790562151311396e-07,9.975720259683454e-08,1.5307705207109457e-06,1.7784975640992197e-07,8.011313906730626e-07,1.1302714429901309e-06,2.3032035963367675e-07,5.570495531262715e-07,2.3936458780263657e-07,1.1854863311954933e-06,9.013708206477934e-07,9.5500088262384e-08,3.0409565237581135e-07,1.17974652477486e-07,4.997148538836361e-07,6.840853946628409e-07,7.309443564383212e-08,2.2305181703435992e-07,7.177809679789568e-08,9.550671095090177e-07,4.972022237939021e-10,1.1392684744531525e-10,1.011240911777487e-10,1.1391646840607184e-10,2.4531167250510573e-10
tabb_c2_sim,9,0.0,ok,10,4,9.310017681540561e-07,4.6968283961434397e-08,9.685979016765968e-07,3.7971497917341763e-08,1.5657078319161157e-06,6.621763081202342e-08,7.602777960586683e-07,1.7419783746226574e-06,3.824860556069498e-08,1.378169208637326e-06,6.149265408656492e-08,8.416678586578747e-07,1.0601611240570092e-06,4.7084591536998116e-08,9.317937585443826e-07,6.50043000970741e-08,8.809269624816484e-07,1.071203366609402e-06,6.646647745897109e-08,1.4129251704930222e-06,6.12898579343822e-08,9.097532317939173e-07,1.0487414173190979e-09,8.631711270286737e-11,1.1189349414934145e-09,8.632372771635707e-11,1.1262481750022366e-09
tabb_c2_sim_joint,9,0.0,ok,10,4,1.659459710037769e-06,1.206221108159477e-07,8.812621740867753e-07,1.0935560271597443e-07,1.2817232299396175e-06,7.526055379563277e-08,9.431307271985141e-07,1.918284315919132e-06,1.4781906231762708e-07,2.2170797216700267e-06,1.630278412324395e-07,9.57920238183556e-07,7.994412183592749e-07,1.4600675081151822e-07,2.134076439152365e-06,1.6112492536676386e-07,6.507360009693286e-07,8.062744206513755e-07,1.435102806220496e-07,2.285563744387192e-06,1.5824935293687102e-07,1.4889299782830102e-06,1.0487414173190979e-09,8.631711270286737e-11,1.1189349414934145e-09,8.632372771635707e-11,1.1262481750022366e-09
tabb_rp1,9,0.0,ok,10,4,6.373812905787162e-07,5.4045058942106e-08,8.950576256606601e-07,3.822353562285905e-08,1.2608451907880222e-06,6.15401576755879e-08,7.29702934709755e-07,1.044742784664371e-06,5.6487934467619787e-08,8.361272374518465e-07,5.876808803868659e-08,7.755137754762458e-07,1.1238359212551612e-06,4.592849757316373e-08,7.50415233758949e-07,7.489630968232786e-08,7.582781156998164e-07,1.362087127246958e-06,4.4219407087452765e-08,9.442367682548788e-07,7.625752951296079e-08,9.76290364938488e-07,4.956466947615027e-08,6.258303363199937e-09,1.8745922849190588e-08,6.258308534448761e-09,1.775664162236313e-08
tabb_rp1_joint,9,0.0,ok,10,4,3.367602236725637e-07,5.308641960859657e-08,3.560359922717388e-07,2.9695648386904676e-08,5.477692394259476e-07,4.958007312114297e-08,6.892296569627708e-07,5.745233593948632e-07,3.2092737169265016e-08,3.9613678216320533e-07,6.45246328401151e-08,8.616686418723336e-07,5.291150588448003e-07,9.022413420960157e-09,4.557219594355678e-07,4.6731456738505894e-08,4.5677267095033505e-07,2.7094088137114144e-07,7.14091395941936e-08,4.764362302422912e-07,9.48312803213165e-08,9.740229260716377e-07,4.956466947615027e-08,6.258303363199937e-09,1.8745922849190588e-08,6.258308534448761e-09,1.775664162236313e-08
shah,9,0.0,ok,10,4,7.068492705457837e-07,5.3124399764532664e-08,7.526493668135652e-07,2.7497080699096066e-08,4.2303839455527007e-07,1.833158266722832e-08,6.692624867921886e-07,1.2849946273750438e-06,3.666254442852951e-08,9.424658382641468e-07,7.083232053443221e-08,9.20148101630151e-07,1.0163575507246495e-06,3.666279254690527e-08,9.424652620373567e-07,7.083252700837148e-08,3.996080400863766e-07,7.092442667090806e-07,3.666268322889389e-08,9.424655508793324e-07,7.083244078243159e-08,8.861658932013119e-07,1.0224454869641665e-12,3.02592055598925e-13,4.310022987914442e-13,3.107328953911441e-13,7.300885677522861e-13
tabb_c1_sep,9,1.0,ok,10,4,0.4966604113587879,0.2695710186629701,1.2287144900526175,0.14998749952604545,1.9165299654097543,0.2562947197195882,2.3855424043701055,0.37426124984092995,0.024007211917651466,0.16597104996384504,0.25011620476789953,1.7749268839408752,1.3561629241202604,0.13065650327604258,0.6823156208914689,0.19689298792707283,2.043699314820485,2.529116050199734,0.18449446922605195,0.7076413155315806,0.25293178017518136,1.816581981868094,0.6553177360495456,0.2607918136844359,0.43071365904825715,0.37834310178172686,3.48370604710128
tabb_c1_sim,9,1.0,ok,10,4,0.487489703289432,0.2656481006738082,1.1900778120650202,0.14496974957060432,1.8509116190590014,0.24824506408968905,2.3830865939884425,0.3696414561306311,0.0224490720848721,0.1658555912598147,0.24921554036459026,1.7749001929321366,1.3160121544456687,0.12470010811689555,0.6680292800026639,0.19148772016693313,2.0380615573623877,2.4344886179424368,0.17696547233771717,0.6865836887563739,0.24751685867352163,1.8124002389646805,0.6401690197413439,0.2557643457429325,0.42949025313887546,0.3743722834901877,3.4824770817798023
tabb_c2_sep,9,1.0,ok,10,4,0.41750506771947515,0.2695710277847632,1.1633458462789028,0.1499878195356144,1.8331649063606426,0.2562947861803644,2.37900624691966,0.29471285603171515,0.024008732443888986,0.18056861321209594,0.25011646984605845,1.77556403225174,1.2762168775744447,0.13065588318418775,0.5231531524212795,0.1968925063050373,2.024863783533907,2.4544256597057292,0.18449491029037446,0.6341191444292525,0.252932078612592,1.8138346557720726,0.6280279918037224,0.26079175222400636,0.3321793608152726,0.3783430563753652,3.4779283716830567
tabb_c2_sim,9,1.0,ok,10,4,0.40920636115268605,0.2665944125513678,1.1284723120008653,0.14602035456313928,1.77684055670308,0.2497999413509676,2.3771820956714342,0.2910380401702082,0.023091819618700462,0.1795502462250205,0.24964854448733376,1.775547570235334,1.2383516639492533,0.12617848885991137,0.5111512903889475,0.19322708524762094,2.021189898736699,2.368131641082269,0.1774171205126747,0.6150861479899774,0.24783438398859012,1.8099774704624478,0.6163679028017304,0.2573939892612706,0.3310377600067985,0.37566763648192636,3.477093993468945
tabb_c2_sim_joint,9,1.0,ok,10,4,0.27988366380326524,0.24138076830362745,0.5813393708108812,0.10579286986448223,0.8737069765531992,0.17807068335782486,2.3576649595594747,0.5129317743222509,0.058540227910031536,0.22986724989833532,0.2725854485602866,1.780912140921713,0.35197919985020737,0.02881549802299637,0.23876902331926725,0.12012650431318947,1.9580550978326634,0.8440786062693361,0.07842176426363041,0.3198606219886597,0.19714348385910746,1.771588492537039,0.6163679028017304,0.2573939892612706,0.3310377600067985,0.37566763648192636,3.477093993468945
tabb_rp1,9,1.0,ok,10,4,0.3562184711477971,0.2054795022549235,0.5397671908656714,0.042544243302444835,0.5880652319187666,0.062202693778765854,2.3483217966814873,0.7709337597206053,0.027389920483717037,0.5719906932871802,0.2479938988985405,1.7876004295009582,0.8483067966951395,0.06873700733806505,0.22858148291446734,0.11623076421960743,1.9628158606935668,0.27495737737287484,0.011640760484658147,0.3794360697862854,0.1773730623319257,1.7670524319026024,0.26487082967406594,0.06240928490333911,0.24486563860325533,0.28032028356962035,3.4478725828316703
tabb_rp1_joint,9,1.0,ok,10,4,0.2830870573402514,0.20659865372203995,0.5608037151303182,0.05002684361364348,0.5663641290485025,0.07041427413569464,2.3469152368586785,0.671589998458342,0.037789790237505824,0.4454385315670198,0.2497020876355049,1.7863697289422291,0.7924247812239502,0.06823875122560089,0.1912605481008897,0.12023264028882712,1.9607367047016524,0.5143292511649146,0.031669548088128094,0.2507835110898408,0.17613960339420745,1.7631261823562006,0.26487082967406594,0.06240928490333911,0.24486563860325533,0.28032028356962035,3.4478725828316703
shah,9,1.0,ok,10,4,0.48339405975501804,0.2695710816684966,1.2461933804846566,0.1499877397990544,1.9907077944937797,0.25629491825309136,2.381864347592439,0.3742660676808898,0.024007833863076374,0.16597154590250643,0.25011634287636453,1.7749269096206683,1.3561634290998905,0.130656236642634,0.6823154072310227,0.1968926579758125,2.043699052821268,2.529117409898835,0.18449456265779837,0.7076415320653714,0.25293186822196756,1.816582038712192,0.725226615259011,0.26079232603270885,0.37764775382117166,0.3783434575998418,3.473624825014636
tabb_c1_sep,9,3.0,ok,10,4,1.4320808081650207,0.810809675487465,3.678412675490823,0.4525693003878032,5.755105176654108,0.7740957107888042,7.155123357636319,1.149121105375695,0.07207891180726504,0.4936503157367753,0.7486945440107817,5.325120022902625,4.091576532012173,0.39684026433067615,2.049757048942586,0.5952183352421409,6.134837522426866,7.577308541541505,0.5536449543242474,2.1033523760646355,0.7585358655873968,5.448786535591945,1.8956445230339198,0.7877130710890242,1.0815634919160853,1.1407899571095403,10.445130523676008
tabb_c1_sim,9,3.0,ok,10,4,1.4042832549846802,0.7989387571418931,3.5610719592562443,0.43746266435073633,5.5566794679163,0.7497037397286314,7.147677594704717,1.1357730340527927,0.06771438591420319,0.49409349100515987,0.7460583359820294,5.325050262865022,3.968934974754347,0.3787043284125466,2.005880684094371,0.5787503050376527,6.117670387750717,7.292562192514642,0.530968458053431,2.039918493234261,0.74221133852461,5.4361162543580805,1.847017635703196,0.7724634850227646,1.0772403516049291,1.1287350490232804,10.441444765226617
tabb_c2_sep,9,3.0,ok,10,4,1.2578393803395045,0.8108095294603547,3.510119725967088,0.4525695352597414,5.527635108910577,0.774096026757595,7.139151665929087,0.9049271995779398,0.07207940822529187,0.540970526086524,0.748693672488194,5.326657160808044,3.8591603854315477,0.39684014496603415,1.580738544987863,0.595218282047388,6.079713503891914,7.3662069363649,0.5536454759294067,1.9047782644354858,0.758536171933567,5.440523901820754,1.9101843824939648,0.787713111918233,1.0048701858481452,1.1407899913722697,10.437166900652496
tabb_c2_sim,9,3.0,ok,10,4,1.2327921881947679,0.8018246209974558,3.4050383147647425,0.4406354980702101,5.357943937287484,0.7544804303280713,7.1335951747571995,0.8936275232544493,0.0694791817170852,0.5381456726518117,0.7473521147110235,5.32661932445763,3.7443424749374374,0.38322420230301857,1.54420315778263,0.5840256565721513,6.068410679548262,7.107315309043548,0.5324027119574093,1.847557183827148,0.7432318954807342,5.4289041116343135,1.8748679518235356,0.7774358963033271,1.0012627385174813,1.132688817225914,10.43461733906021
tabb_c2_sim_joint,9,3.0,ok,10,4,0.8404202470327804,0.725366140477933,1.7563918885510783,0.3186142659936994,2.636961548049306,0.5378255055841777,7.074041107418502,1.5584006648486073,0.17574255907331685,0.6860894714285612,0.8167046917479633,5.342737670518601,1.081001712943608,0.08788533998490411,0.7152369474903948,0.3613719035437392,5.874910070277233,2.5112972245885627,0.23339326861324966,0.9590918306946841,0.5906991493941155,5.312963127610409,1.8748679518235356,0.7774358963033271,1.0012627385174813,1.132688817225914,10.43461733906021
tabb_rp1,9,3.0,ok,10,4,1.0656390278191092,0.6169191280990126,1.6102965659091708,0.12733020417486635,1.7588701014282349,0.18581452324574654,7.045719147203473,2.3222520666968385,0.08220712750400516,1.7245096486681428,0.7443059443734708,5.363103984189313,2.5282455887797854,0.20503332116204448,0.6816555341395237,0.34884687339902143,5.889219556537804,0.8126573122939735,0.035515183067647775,1.1300944024182353,0.5315029912670102,5.2997183606059135,0.7780312958660854,0.18656518496576793,0.7262965260505352,0.8430207033565479,10.345812059621053
tabb_rp1_joint,9,3.0,ok,10,4,0.8475289853047444,0.6202152979666427,1.6751108496932796,0.14959295839188602,1.6905052612341909,0.21018703604041789,7.041487490637471,2.020170398114845,0.11327393470877595,1.3435202246766944,0.7492159860391641,5.359331570360121,2.3613107161316145,0.2034868970887491,0.5712813870493063,0.36088939781736296,5.882917263250005,1.5409309886605733,0.09504581680425116,0.7490178034424417,0.5277351046534957,5.288024843257821,0.7780312958660854,0.18656518496576793,0.7262965260505352,0.8430207033565479,10.345812059621053
shah,9,3.0,ok,10,4,1.3562209420298617,0.810811285103969,3.689535342784693,0.4525715151649591,5.838197595870074,0.7740995896602328,7.147895063791059,1.149140825535914,0.07208122535429747,0.4936521539018123,0.7486949019166875,5.325120157743333,4.091580417837896,0.39684303937738447,2.0497607978145997,0.5952214638184965,6.134840378290815,7.5772873153812705,0.5536412308648538,2.1033392064808694,0.7585342099650888,5.44878427336675,1.9401328123836892,0.7877205650633005,0.7781316099221648,1.1407945647156037,10.425315062513636
tabb_c1_sep,9,5.0,ok,10,4,2.301932300644259,1.354817326192689,6.13250993978505,0.7586704488194783,9.615399406724999,1.298745874298249,11.92413146026538,1.9614393678093938,0.12062771796478056,0.8171541954357843,1.2450922113916003,8.876143212825351,6.858283410801031,0.6696817516041015,3.420673600093125,0.9997751434534128,10.231089447426701,12.612602190254638,0.9230816570117264,3.4728482605595943,1.2638852270633356,9.080065434207961,3.0977147902751403,1.321290668697305,1.497053146488533,1.9105167228624067,17.402038570852344
tabb_c1_sim,9,5.0,ok,10,4,2.2549540020181684,1.3348650782104605,5.934751978443779,0.7334016928895966,9.282710274640934,1.2576895925975833,11.911591046500245,1.9396784271300949,0.11385040152351288,0.8192111387608203,1.2408096031699898,8.87603932702697,6.65016093080808,0.6390052949766503,3.345800018762051,0.9719040876090979,10.202059541432991,12.136612018975773,0.8851376239744797,3.3666945960616914,1.2365424133763154,9.05873612087356,3.012556536861164,1.2956134510837436,1.4881102544881109,1.8902042086864383,17.39589640998033
tabb_c2_sep,9,5.0,ok,10,4,2.1055968238782365,1.3548175015351427,5.884205969752084,0.7586709284138444,9.259675188758651,1.2987465189305132,11.902806932595443,1.544997918200386,0.12062856654504715,0.9010303706226537,1.245092039433544,8.878093733535495,6.483849275742673,0.6696815331936561,2.6538098221785296,0.9997750123106917,10.14189850583753,12.282391408676995,0.9230820580608239,3.17879827189629,1.2638855311659993,9.066255051703951,3.225585276388281,1.3212915558558507,1.6887488308154728,1.9105174232303361,17.40205784359624
tabb_c2_sim,9,5.0,ok,10,4,2.063589998251318,1.3397507251514895,5.708263798693337,0.7387239020404818,8.975673912122998,1.2658350668914335,11.89340368195343,1.5255476536008665,0.11652572372904804,0.8966828359231436,1.2429565407985437,8.878046147486845,6.290467569704594,0.6466803438426879,2.5920262870251114,0.9807906906091005,10.122582162832785,11.8508416430951,0.8876565964029512,3.0832200325945958,1.2383557920042882,9.046803211193538,3.166198328372785,1.3040329441872398,1.6824308374624208,1.8968998771940258,17.397735001584124
tabb_c2_sim_joint,9,5.0,ok,10,4,1.4021217379535205,1.210925315550627,2.9479405190163415,0.5330700608898545,4.420806183348259,0.902214334581764,11.792433131175896,2.6303586713147324,0.29318564029182786,1.1376816911503984,1.3594310619174605,8.904926568767939,1.8443407249105341,0.1491570026499491,1.1905101414451025,0.6040491832219627,9.793100417301366,4.150864351467315,0.3859046564304014,1.5978642817561597,0.9833211398690591,8.852242679071614,3.166198328372785,1.3040329441872398,1.6824308374624208,1.8968998771940258,17.397735001584124
tabb_rp1,9,5.0,ok,10,4,1.7971680716369596,1.0308818079405473,2.73203654203279,0.2136342793425522,2.969501076858102,0.3168218564146377,11.743768634585459,3.8861291847474853,0.1371010595485181,2.8882569229244144,1.241056978128336,8.93934822490624,4.186374761736133,0.33979205157698467,1.1296424211216416,0.5817078714223453,9.816954972807746,1.3398560841054123,0.05972463555715869,1.875041485067158,0.8848430492878172,8.830903590997579,1.5157861375421315,0.31791937068754733,1.2957314574346241,1.415919332923691,17.2451441603986
tabb_rp1_joint,9,5.0,ok,10,4,1.4346251521106086,1.036263737152646,2.841501579391696,0.2505365715318984,2.8659830194406637,0.35688109774728044,11.736670281295455,3.376057260551207,0.1886425413506941,2.2512049294404495,1.2488622958669575,8.932936338274068,3.909317744159321,0.3371170955234296,0.9486108406607615,0.6018386345665496,9.806341772270569,2.564845175314126,0.15846727856592255,1.2429533809066,0.878434685253386,8.811414726149819,1.5157861375421315,0.31791937068754733,1.2957314574346241,1.415919332923691,17.2451441603986
shah,9,5.0,ok,10,4,2.5714562474096847,1.3548252183646978,6.299533055117859,0.7586805795044466,9.730184694648814,1.2987640077279623,11.933209310594707,1.9615128427960584,0.12063805183177376,0.8171590951851077,1.2450949146781358,8.87614386131428,6.858303573632981,0.6696952225107198,3.420692456964449,0.9997902323706634,10.23110316005893,12.612474161710896,0.9230627210124658,3.4727817758673556,1.263876798247534,9.08005430502374,3.7658416423315018,1.321326322662827,2.5751916616218264,1.9105389281624572,17.426908787882077
tabb_c1_sep,10,0.0,ok,10,4,7.406512012838077e-07,6.319287924436583e-08,9.481727608082912e-07,5.158444703885254e-08,1.115514907092421e-06,8.904660782938958e-08,6.914243661797068e-07,1.1545407780226353e-06,5.7250536212473905e-08,1.0269410772070912e-06,7.522593661693438e-08,9.318157325557534e-07,1.452740806037539e-06,1.0209191234966541e-07,9.971796323434094e-07,1.2530321668079448e-07,4.924442952987028e-07,1.185402706748546e-06,4.6993908416498535e-08,9.384827345204176e-07,5.224094266819106e-08,8.952589978122789e-07,6.752424444257127e-12,1.4311767723118752e-12,1.3610643121480628e-12,1.4210115433690067e-12,3.6796652310194025e-12
tabb_c1_sim,10,0.0,ok,10,4,1.2722733140093233e-06,8.533840127477502e-08,1.6785133045889222e-06,7.109241012944799e-08,2.2444212388119215e-06,1.1327449618177434e-07,8.38282303481501e-07,2.5998701502397804e-06,1.4331143142288044e-07,1.4076263567888562e-06,1.6812610318560224e-07,1.0896059636167334e-06,2.246160008322648e-06,1.0426574750712776e-07,2.029649445987906e-06,1.250271682030188e-07,6.712067398319777e-07,1.867941098691095e-06,3.6775286766455195e-08,1.6518012705326947e-06,4.818317174118387e-08,1.083101673740935e-06,8.196110216560229e-11,1.7174821328633453e-11,1.6182727836897477e-11,1.716196929517179e-11,4.5995314282419287e-11
tabb_c2_sep,10,0.0,ok,10,4,2.710745366569052e-07,1.073078133866061e-07,6.790562151311396e-07,9.975720259683454e-08,1.5307705207109457e-06,1.7784975640992197e-07,8.011313906730626e-07,1.1302714429901309e-06,2.3032035963367675e-07,5.570495531262715e-07,2.3936458780263657e-07,1.1854863311954933e-06,9.013708206477934e-07,9.5500088262384e-08,3.0409565237581135e-07,1.17974652477486e-07,4.997148538836361e-07,6.840853946628409e-07,7.309443564383212e-08,2.2305181703435992e-07,7.177809679789568e-08,9.550671095090177e-07,4.972022237939021e-10,1.1392684744531525e-10,1.011240911777487e-10,1.1391646840607184e-10,2.4531167250510573e-10
tabb_c2_sim,10,0.0,ok,10,4,9.310017681540561e-07,4.6968283961434397e-08,9.685979016765968e-07,3.7971497917341763e-08,1.5657078319161157e-06,6.621763081202342e-08,7.602777960586683e-07,1.7419783746226574e-06,3.824860556069498e-08,1.378169208637326e-06,6.149265408656492e-08,8.416678586578747e-07,1.0601611240570092e-06,4.7084591536998116e-08,9.317937585443826e-07,6.50043000970741e-08,8.809269624816484e-07,1.071203366609402e-06,6.646647745897109e-08,1.4129251704930222e-06,6.12898579343822e-08,9.097532317939173e-07,1.0487414173190979e-09,8.631711270286737e-11,1.1189349414934145e-09,8.632372771635707e-11,1.1262481750022366e-09
tabb_c2_sim_joint,10,0.0,ok,10,4,1.659459710037769e-06,1.206221108159477e-07,8.812621740867753e-07,1.0935560271597443e-07,1.2817232299396175e-06,7.526055379563277e-08,9.431307271985141e-07,1.918284315919132e-06,1.4781906231762708e-07,2.2170797216700267e-06,1.630278412324395e-07,9.57920238183556e-07,7.994412183592749e-07,1.4600675081151822e-07,2.134076439152365e-06,1.6112492536676386e-07,6.507360009693286e-07,8.062744206513755e-07,1.435102806220496e-07,2.285563744387192e-06,1.5824935293687102e-07,1.4889299782830102e-06,1.0487414173190979e-09,8.631711270286737e-11,1.1189349414934145e-09,8.632372771635707e-11,1.1262481750022366e-09
tabb_rp1,10,0.0,ok,10,4,6.373812905787162e-07,5.4045058942106e-08,8.950576256606601e-07,3.822353562285905e-08,1.2608451907880222e-06,6.15401576755879e-08,7.29702934709755e-07,1.044742784664371e-06,5.6487934467619787e-08,8.361272374518465e-07,5.876808803868659e-08,7.755137754762458e-07,1.1238359212551612e-06,4.592849757316373e-08,7.50415233758949e-07,7.489630968232786e-08,7.582781156998164e-07,1.362087127246958e-06,4.4219407087452765e-08,9.442367682548788e-07,7.625752951296079e-08,9.76290364938488e-07,4.956466947615027e-08,6.258303363199937e-09,1.8745922849190588e-08,6.258308534448761e-09,1.775664162236313e-08
tabb_rp1_joint,10,0.0,ok,10,4,3.367602236725637e-07,5.308641960859657e-08,3.560359922717388e-07,2.9695648386904676e-08,5.477692394259476e-07,4.958007312114297e-08,6.892296569627708e-07,5.745233593948632e-07,3.2092737169265016e-08,3.9613678216320533e-07,6.45246328401151e-08,8.616686418723336e-07,5.291150588448003e-07,9.022413420960157e-09,4.557219594355678e-07,4.6731456738505894e-08,4.5677267095033505e-07,2.7094088137114144e-07,7.14091395941936e-08,4.764362302422912e-07,9.48312803213165e-08,9.740229260716377e-07,4.956466947615027e-08,6.258303363199937e-09,1.8745922849190588e-08,6.258308534448761e-09,1.775664162236313e-08
shah,10,0.0,ok,10,4,7.068492705457837e-07,5.3124399764532664e-08,7.526493668135652e-07,2.7497080699096066e-08,4.2303839455527007e-07,1.833158266722832e-08,6.692624867921886e-07,1.2849946273750438e-06,3.666254442852951e-08,9.424658382641468e-07,7.083232053443221e-08,9.20148101630151e-07,1.0163575507246495e-06,3.666279254690527e-08,9.424652620373567e-07,7.083252700837148e-08,3.996080400863766e-07,7.092442667090806e-07,3.666268322889389e-08,9.424655508793324e-07,7.083244078243159e-08,8.861658932013119e-07,1.0224454869641665e-12,3.02592055598925e-13,4.310022987914442e-13,3.107328953911441e-13,7.300885677522861e-13
tabb_c1_sep,10,1.0,ok,10,4,0.45341956426391944,0.25876991899645113,1.413042988477026,0.19012801873101184,1.7104248993305011,0.27576545242417116,2.2948144344604597,2.468451931025627,0.20326057123611427,0.8404286655725383,0.3004305174888048,1.9105088747401109,1.326465740976861,0.11328426604084949,0.30197899660443667,0.16985228168354358,1.9880146144789155,0.8014970716338302,0.06905419947297725,0.33512121118156835,0.18749349727596223,1.7530791627449778,1.055757210271786,0.37491303817410637,0.33614938369713454,0.3773033795374938,3.2232220425746676
tabb_c1_sim,10,1.0,ok,10,4,0.44208265877968356,0.2551721215939014,1.362024462981426,0.18511298145957106,1.648053033917049,0.26957843456450437,2.292307682948539,2.3690074774259235,0.19522853353372063,0.8159727747110619,0.29441517536137396,1.9033694364826281,1.2623456055090576,0.1085458724833566,0.2890597515323471,0.16652656159082918,1.9866834601769368,0.772460042387695,0.06594489972956097,0.3284655817650656,0.18637572505303746,1.7517935416068713,1.0442847266030273,0.3707326200916461,0.3348325271102599,0.3733710243703649,3.221830389410226
tabb_c2_sep,10,1.0,ok,10,4,0.4239540544291477,0.25876991384972897,1.3477067716644076,0.1901282184861351,1.773930032366281,0.2757655731294746,2.2962907274750783,2.438571459388406,0.20326040281252808,0.7212594984939464,0.30043024452894074,1.904903578897227,1.3707637419807956,0.11328462249705216,0.38411077813840244,0.16985251922369485,1.992019252490882,0.6193380849282599,0.06905493849031358,0.3774350457831125,0.18749363163027347,1.748988917358,0.9621538003601682,0.3749129101446466,0.21301089530112924,0.3773032600160068,3.2304866259003755
tabb_c2_sim,10,1.0,ok,10,4,0.4124748894381193,0.2553453686211142,1.2987362442610464,0.18527252409440773,1.7151145815198419,0.27038554064791764,2.293997358645645,2.353364834003155,0.19626687288574396,0.69790051346051,0.29492532830976437,1.898499744792066,1.3172831692551432,0.10898985325099722,0.37177145756511903,0.16673256239672812,1.990552138750311,0.5725742675402108,0.06445867366996227,0.3688612254511161,0.18573919576125947,1.7477819118573046,0.9517227062456763,0.3713746965709275,0.2113663612757321,0.37398438801670475,3.229296334562412
tabb_c2_sim_joint,10,1.0,ok,10,4,0.29769361511537956,0.24336614982521587,0.9056927945300651,0.15490450195820749,1.0748207960558196,0.221013748825889,2.28251496541884,1.091124496124362,0.10547478015379914,0.3250471677017134,0.26916652080374603,1.8475370834381029,0.8421001504958331,0.07174724579429503,0.2947815498189958,0.1395520413173577,1.9781213094107897,0.737823825254389,0.07102128531380825,0.35957938166507686,0.19076164916305485,1.7563559615298974,0.9517227062456763,0.3713746965709275,0.2113663612757321,0.37398438801670475,3.229296334562412
tabb_rp1,10,1.0,ok,10,4,0.40027390383577627,0.19631747644229008,0.8129416238811267,0.07967822508983546,0.9841339785452622,0.10241717078460061,2.266298732923796,0.718065801328552,0.05663322469819008,0.5138697535662654,0.21690255582917342,1.8269724466185917,1.1227624430207013,0.07808383475045125,0.49101644593306704,0.13012479748763944,1.982902972213409,1.111989821997859,0.09797981463657296,0.4246044669936152,0.22185799175623777,1.758755614083065,0.2989484291773941,0.08601602627412759,0.17160494885015753,0.21638456069610973,3.190844082593667
tabb_rp1_joint,10,1.0,ok,10,4,0.3503018086883337,0.19077285598877447,0.5731959697714606,0.05840708956243171,0.6961373015366702,0.07931556305018735,2.263743193173984,0.35494401907789114,0.022827783045566562,0.4067584689385049,0.21969829787990885,1.8224635404767797,0.44896984830063585,0.03657441264070812,0.3988429643208273,0.11211330700313182,1.977983037040794,1.189921582529921,0.08821013628932454,0.4240008526438452,0.21489525837594747,1.7558065861463472,0.2989484291773941,0.08601602627412759,0.17160494885015753,0.21638456069610973,3.190844082593667
shah,10,1.0,ok,10,4,0.9372672002988132,0.25877009160654546,1.7004527340462792,0.1901282545127268,2.5295951178169456,0.2757657326843573,2.4026444761901895,2.4684493733344506,0.2032604115328707,0.8404282464976375,0.3004304356115486,1.910508783907701,1.3264684347183713,0.11328444610320852,0.30197938084386067,0.16985239110055866,1.9880146569931227,0.8015019258185401,0.06905459458519654,0.3351223251885714,0.18749366484084742,1.753079350938979,2.205391202313755,0.3749135658296315,2.271538848665182,0.3773038748732272,3.52353070305515
tabb_c1_sep,10,3.0,ok,10,4,1.3376435639055066,0.777874350184425,4.235836007319651,0.5723830796030525,5.158953142347692,0.8301244668351636,6.886494566275486,7.441172185673646,0.6110096667006405,2.534698898603197,0.901823730380932,5.734077361158026,3.9910088373147294,0.3404483190108476,0.9150881084879763,0.5095952539127208,5.960911256256545,2.4234538887462427,0.20990564759286498,1.0119131420734924,0.5645027779501016,5.259070022425575,3.087709117543983,1.128168685107857,0.8888741064573614,1.1355756384939453,9.676017050206188
tabb_c1_sim,10,3.0,ok,10,4,1.3034971346518507,0.7670663417542593,4.082950336149088,0.5573370800597244,4.97075909628819,0.8114948847571332,6.879023910354264,7.145123650432145,0.5870515461603942,2.461361687777397,0.8838903934484278,5.7130116198457,3.799382972346895,0.32632633860884463,0.8765594220244552,0.4996542475058274,5.956958962489574,2.3350608181721744,0.20045934873310728,0.9916798706964844,0.5610523001323332,5.255138117637612,3.052233903645138,1.1155110867365512,0.8843875581090659,1.1236684259304486,9.67179101057183
tabb_c2_sep,10,3.0,ok,10,4,1.274865128754929,0.7778721439662755,4.054156365504859,0.5723807394403471,5.329670912947246,0.830119851130238,6.889167014646622,7.327802859520319,0.6110092325067076,2.1676659793634,0.9018234301471163,5.717130543926526,4.118874874847567,0.3404479118999316,1.1551070417156548,0.5095949181245207,5.973927613614264,1.884469197479221,0.20990611820210878,1.137982758691072,0.5645030438729943,5.246633366192501,2.88547853017233,1.1281596951526403,0.6387047352495903,1.1355671837204708,9.69236473491042
tabb_c2_sim,10,3.0,ok,10,4,1.240242252259311,0.7675171915557416,3.9066540369241336,0.5577310630411236,5.152725677997913,0.8138552931741706,6.882293503306851,7.072892819261328,0.5900448839093707,2.097637290426047,0.8853036364455593,5.698032109956254,3.9580405760551858,0.32754042783602255,1.1179508871664494,0.5001908575315247,5.9695679750899435,1.7417535712893744,0.1958912743052483,1.1116765157789459,0.5590557215707684,5.242900650247651,2.853929181090647,1.117447666113853,0.6337043156658022,1.125518550675114,9.688784056782335
tabb_c2_sim_joint,10,3.0,ok,10,4,0.8948609555379969,0.7310493090492431,2.717188750668765,0.46633734034927476,3.2279915920560147,0.665233238556016,6.848147678484534,3.275606460412229,0.31788087870583864,0.9774950282620054,0.8074091796570555,5.545817200544988,2.525978535895673,0.2155825613147117,0.8854265742086775,0.4183926004857745,5.932809875784903,2.213240825276512,0.21443825526269578,1.082817904015503,0.5728769053790286,5.268932393028152,2.853929181090647,1.117447666113853,0.6337043156658022,1.125518550675114,9.688784056782335
tabb_rp1,10,3.0,ok,10,4,1.2060464029089666,0.5890092054449452,2.4415625477838936,0.2394428692101488,2.960250748318811,0.3083226500360425,6.79998513672233,2.1492566502094053,0.16997901829974255,1.5336368980464359,0.6498425738873503,5.483624849815423,3.3703623312921858,0.23395555456448633,1.4880387496184158,0.38954234837599877,5.946927377224742,3.3305968744936845,0.2936600532961242,1.2817156043524072,0.6665767816684716,5.275378693636305,0.916034335140299,0.26017685068024216,0.5207943596186081,0.65007511784796,9.575671483181123
tabb_rp1_joint,10,3.0,ok,10,4,1.0548914570505818,0.5723696578888195,1.7243589111824629,0.17563446339705263,2.095741465719243,0.23891786869080942,6.792347141491245,1.0587147164287616,0.06830144527804093,1.21135136316949,0.6584220785411719,5.469927847109746,1.358166398261308,0.10985047725013718,1.2068752982255984,0.33544673828219435,5.932431104117146,3.5645201948994827,0.2642090803797903,1.28054480718863,0.6455346968839522,5.266553422363216,0.916034335140299,0.26017685068024216,0.5207943596186081,0.65007511784796,9.575671483181123
shah,10,3.0,ok,10,4,2.69139035439332,0.7778721080611327,5.0029207794881385,0.5723792294040909,7.375182263452497,0.8301154180700295,7.173602302211471,7.441122138143891,0.6110064775849212,2.5346937233992164,0.9018225501515517,5.73407603596542,3.9909111237226464,0.3404410636568174,0.9150643269469304,0.509590129963003,5.960908565199827,2.4235941180041447,0.20990948895284775,1.0119199273065007,0.5645084347182596,5.259068774434381,6.156055738081872,1.1281598874217773,6.303883439920631,1.1355673174117171,10.477233254921767
tabb_c1_sep,10,5.0,ok,10,4,2.197034356692707,1.2991324959467148,7.056437578646337,0.9573380015011519,8.650532337167572,1.3883566713294577,11.482083254113068,12.460388291335487,1.020238842672371,4.245512289386516,1.5037506928265079,9.561004420740584,6.672231894642589,0.5684129697808367,1.5425336708941288,0.8494012959147494,9.930046207955986,4.071897485273723,0.35453648655853903,1.6976721192870392,0.9444674528253514,8.765124297191534,5.021232643333546,1.886163706992861,1.3024193472031418,1.8989105422202501,16.14022664793638
tabb_c1_sim,10,5.0,ok,10,4,2.1399346789821623,1.2811042496062175,6.801971328354588,0.9322660443584221,8.335656172143961,1.3572035066255987,11.46971978065905,11.970906406128146,0.9805522325527709,4.123408764041813,1.4740605606803214,9.526511893375904,6.354179034186563,0.5450353079296274,1.4788800846379508,0.8328955120176047,9.923523964442907,3.922401020543218,0.33859075803116373,1.6635157855470497,0.9385682826314911,8.758441044656578,4.960398852560424,1.8648858789201264,1.293934081701835,1.8788926430954533,16.133097691613216
tabb_c2_sep,10,5.0,ok,10,4,2.1298434510161677,1.2991313902374766,6.775318302868877,0.9573367813003524,8.895571524507512,1.388354219208499,11.483124785011812,12.231078329768645,1.0202386827468666,3.618676031097954,1.503750627078009,9.53263328925489,6.875813328485575,0.5684129952679636,1.9298508156795715,0.8494013550441127,9.953321714208531,3.1864103678663835,0.3545368338555909,1.9063492343330888,0.9444678307227358,8.744124135921624,4.807971185354906,1.8861586133309882,1.0644977229540555,1.8989057481050484,16.157017108187315
tabb_c2_sim,10,5.0,ok,10,4,2.071816326048195,1.281743651568818,6.52848813762045,0.9327776604922662,8.599823345659342,1.3610286645602339,11.471681026132002,11.807530210298898,0.9853341999260844,3.5020763208087864,1.4762183113426328,9.501011694698402,6.6070368065433795,0.5468572032844389,1.8676547910323333,0.8336505818252852,9.946121937506403,2.9444725250532255,0.3307919127979065,1.8615104588528857,0.935116127420509,8.73770839395745,4.754913008586299,1.8681273259606352,1.0560237334987752,1.8819895856868456,16.151029362393327
tabb_c2_sim_joint,10,5.0,ok,10,4,1.4945109484527048,1.2200734681772958,4.528908295745507,0.7799832022267257,5.385986679502611,1.1124947654457669,11.415304946814977,5.4625119974680265,0.5321769844120616,1.6329459898383216,1.3454389283659696,9.248605956697503,4.210174123078298,0.35995674267873995,1.477605708670973,0.6969201049960231,9.885762976557446,3.6880340538494036,0.3596717558554656,1.8114683618027505,0.9559452536603443,8.78157029689384,4.754913008586299,1.8681273259606352,1.0560237334987752,1.8819895856868456,16.151029362393327
tabb_rp1,10,5.0,ok,10,4,2.01897714401653,0.9818127446986865,4.073877796861164,0.39974927473496513,4.946715153417024,0.5156361009114384,11.335874139785547,3.5737743213195547,0.2834232365165713,2.54277695823335,1.0815812536405112,9.144169843181137,5.621167260367285,0.38945860485443795,2.5051909595706228,0.6478759140371834,9.90892247289351,5.5418798982893565,0.48894828685702757,2.1495305264471236,1.1127880452327517,8.791063249689785,1.5586897074684598,0.43716697071182375,0.8784101318150226,1.0850057658842998,15.966301710083995
tabb_rp1_joint,10,5.0,ok,10,4,1.765033094364553,0.9540659729245861,2.881900332978624,0.293402042999089,3.5049434847508043,0.3998023969270421,11.323189217761385,1.754541542456715,0.11353588759450413,2.004013686214836,1.0962051454672341,9.121056371617627,2.28248249637139,0.18328110886471605,2.0289960650377794,0.5576019291588274,9.885189668099537,5.931887585617931,0.4396242048253122,2.1487124943905744,1.077451051187983,8.776390023178735,1.5586897074684598,0.43716697071182375,0.8784101318150226,1.0850057658842998,15.966301710083995
shah,10,5.0,ok,10,4,4.273756946443836,1.2991283840310692,8.167621799950027,0.9573267277619626,11.92107228180921,1.3883288103888118,11.898969464798764,12.460169860520327,1.0202251689828103,4.245488958718181,1.5037455183745432,9.560998644457356,6.671776125943034,0.5683792411651566,1.5424233481347,0.8493774480141968,9.930033807703202,4.072502514995645,0.35455047448725846,1.6976963218279721,0.9444912351985985,8.765117524153702,9.466038698341103,1.886152026412625,9.609419157094488,1.8988993345369376,17.305962717606413
tabb_c1_sep,11,0.0,ok,10,4,7.406512012838077e-07,6.319287924436583e-08,9.481727608082912e-07,5.158444703885254e-08,1.115514907092421e-06,8.904660782938958e-08,6.914243661797068e-07,1.1545407780226353e-06,5.7250536212473905e-08,1.0269410772070912e-06,7.522593661693438e-08,9.318157325557534e-07,1.452740806037539e-06,1.0209191234966541e-07,9.971796323434094e-07,1.2530321668079448e-07,4.924442952987028e-07,1.185402706748546e-06,4.6993908416498535e-08,9.384827345204176e-07,5.224094266819106e-08,8.952589978122789e-07,6.752424444257127e-12,1.4311767723118752e-12,1.3610643121480628e-12,1.4210115433690067e-12,3.6796652310194025e-12
tabb_c1_sim,11,0.0,ok,10,4,1.2722733140093233e-06,8.533840127477502e-08,1.6785133045889222e-06,7.109241012944799e-08,2.2444212388119215e-06,1.1327449618177434e-07,8.38282303481501e-07,2.5998701502397804e-06,1.4331143142288044e-07,1.4076263567888562e-06,1.6812610318560224e-07,1.0896059636167334e-06,2.246160008322648e-06,1.0426574750712776e-07,2.029649445987906e-06,1.250271682030188e-07,6.712067398319777e-07,1.867941098691095e-06,3.6775286766455195e-08,1.6518012705326947e-06,4.818317174118387e-08,1.083101673740935e-06,8.196110216560229e-11,1.7174821328633453e-11,1.6182727836897477e-11,1.716196929517179e-11,4.5995314282419287e-11
tabb_c2_sep,11,0.0,ok,10,4,2.710745366569052e-07,1.073078133866061e-07,6.790562151311396e-07,9.975720259683454e-08,1.5307705207109457e-06,1.7784975640992197e-07,8.011313906730626e-07,1.1302714429901309e-06,2.3032035963367675e-07,5.570495531262715e-07,2.3936458780263657e-07,1.1854863311954933e-06,9.013708206477934e-07,9.5500088262384e-08,3.0409565237581135e-07,1.17974652477486e-07,4.997148538836361e-07,6.840853946628409e-07,7.309443564383212e-08,2.2305181703435992e-07,7.177809679789568e-08,9.550671095090177e-07,4.972022237939021e-10,1.1392684744531525e-10,1.011240911777487e-10,1.1391646840607184e-10,2.4531167250510573e-10
tabb_c2_sim,11,0.0,ok,10,4,9.310017681540561e-07,4.6968283961434397e-08,9.685979016765968e-07,3.7971497917341763e-08,1.5657078319161157e-06,6.621763081202342e-08,7.602777960586683e-07,1.7419783746226574e-06,3.824860556069498e-08,1.378169208637326e-06,6.149265408656492e-08,8.416678586578747e-07,1.0601611240570092e-06,4.7084591536998116e-08,9.317937585443826e-07,6.50043000970741e-08,8.809269624816484e-07,1.071203366609402e-06,6.646647745897109e-08,1.4129251704930222e-06,6.12898579343822e-08,9.097532317939173e-07,1.0487414173190979e-09,8.631711270286737e-11,1.1189349414934145e-09,8.632372771635707e-11,1.1262481750022366e-09
tabb_c2_sim_joint,11,0.0,ok,10,4,1.659459710037769e-06,1.206221108159477e-07,8.812621740867753e-07,1.0935560271597443e-07,1.2817232299396175e-06,7.526055379563277e-08,9.431307271985141e-07,1.918284315919132e-06,1.4781906231762708e-07,2.2170797216700267e-06,1.630278412324395e-07,9.57920238183556e-07,7.994412183592749e-07,1.4600675081151822e-07,2.134076439152365e-06,1.6112492536676386e-07,6.507360009693286e-07,8.062744206513755e-07,1.435102806220496e-07,2.285563744387192e-06,1.5824935293687102e-07,1.4889299782830102e-06,1.0487414173190979e-09,8.631711270286737e-11,1.1189349414934145e-09,8.632372771635707e-11,1.1262481750022366e-09
tabb_rp1,11,0.0,ok,10,4,6.373812905787162e-07,5.4045058942106e-08,8.950576256606601e-07,3.822353562285905e-08,1.2608451907880222e-06,6.15401576755879e-08,7.29702934709755e-07,1.044742784664371e-06,5.6487934467619787e-08,8.361272374518465e-07,5.876808803868659e-08,7.755137754762458e-07,1.1238359212551612e-06,4.592849757316373e-08,7.50415233758949e-07,7.489630968232786e-08,7.582781156998164e-07,1.362087127246958e-06,4.4219407087452765e-08,9.442367682548788e-07,7.625752951296079e-08,9.76290364938488e-07,4.956466947615027e-08,6.258303363199937e-09,1.8745922849190588e-08,6.258308534448761e-09,1.775664162236313e-08
tabb_rp1_joint,11,0.0,ok,10,4,3.367602236725637e-07,5.308641960859657e-08,3.560359922717388e-07,2.9695648386904676e-08,5.477692394259476e-07,4.958007312114297e-08,6.892296569627708e-07,5.745233593948632e-07,3.2092737169265016e-08,3.9613678216320533e-07,6.45246328401151e-08,8.616686418723336e-07,5.291150588448003e-07,9.022413420960157e-09,4.557219594355678e-07,4.6731456738505894e-08,4.5677267095033505e-07,2.7094088137114144e-07,7.14091395941936e-08,4.764362302422912e-07,9.48312803213165e-08,9.740229260716377e-07,4.956466947615027e-08,6.258303363199937e-09,1.8745922849190588e-08,6.258308534448761e-09,1.775664162236313e-08
shah,11,0.0,ok,10,4,7.068492705457837e-07,5.3124399764532664e-08,7.526493668135652e-07,2.7497080699096066e-08,4.2303839455527007e-07,1.833158266722832e-08,6.692624867921886e-07,1.2849946273750438e-06,3.666254442852951e-08,9.424658382641468e-07,7.083232053443221e-08,9.20148101630151e-07,1.0163575507246495e-06,3.666279254690527e-08,9.424652620373567e-07,7.083252700837148e-08,3.996080400863766e-07,7.092442667090806e-07,3.666268322889389e-08,9.424655508793324e-07,7.083244078243159e-08,8.861658932013119e-07,1.0224454869641665e-12,3.02592055598925e-13,4.310022987914442e-13,3.107328953911441e-13,7.300885677522861e-13
tabb_c1_sep,11,1.0,ok,10,4,0.4733954316835137,0.34454748412684866,1.5930024382159702,0.25013632301050015,1.6257480601602745,0.33067852443656925,2.32065957520526,1.98939013052504,0.15247447876562645,0.604852569909178,0.2881478974739583,1.9369202991741583,1.1741849503372364,0.17592691138514016,0.46297158450706133,0.320506013295899,2.0208465700079596,1.9727651743571286,0.1834755437064208,0.5829209592077713,0.23237850064538776,1.8825716109598722,1.2356694976444753,0.488668358184813,0.24283661311004426,0.5371575250921493,3.1878341363235223
tabb_c1_sim,11,1.0,ok,10,4,0.45657633386866314,0.33835622962139755,1.5269894398492394,0.24197471784506874,1.564420824962104,0.32237680291864784,2.3168919703730024,1.9132010141032143,0.1469876160959819,0.5859764352711979,0.28548120441397423,1.9333230431816428,1.1307208013170666,0.16973238770561888,0.44687613639627366,0.31632797529375406,2.0157251069525217,1.8593178875541962,0.17138890216328712,0.5552665357045155,0.22323785082401906,1.8784714691046207,1.2047180564224804,0.4797899654153871,0.23818622810266538,0.528377887953843,3.184715505846577
tabb_c2_sep,11,1.0,ok,10,4,0.42386036435197055,0.3445477697441799,1.598021871912246,0.2501370914593112,1.6621995696904637,0.3306765466193982,2.3235482456226486,2.026645203687688,0.15247664357626256,0.5687434976305583,0.2881483020018258,1.9339192445841589,1.1957689645291754,0.17592618591566989,0.4681266822244829,0.32050532040233776,2.022307586669603,1.9155663899184767,0.1834767456982304,0.42278947545275297,0.23237950562829818,1.8962745995228483,1.2541069295136444,0.4886687906470818,0.23578180210008803,0.5371579509442577,3.189024431150444
tabb_c2_sim,11,1.0,ok,10,4,0.4102457319376517,0.3398690059629362,1.5456031740785117,0.243893029972151,1.6120583657981526,0.3241959373329873,2.3203817754381415,1.9716091704751844,0.14823832310136442,0.5555328803691022,0.28601784337852004,1.9312268460806319,1.1424765803326022,0.16856877922800215,0.4494146709012321,0.3154518109320207,2.0163865638070804,1.8334828816199686,0.17578215650334109,0.4032877664890241,0.22645949647595404,1.8932276142495617,1.2348440638862916,0.48298286105589644,0.23274760999124805,0.5315468730652501,3.18699288202225
tabb_c2_sim_joint,11,1.0,ok,10,4,0.2785442960105279,0.32107391562293985,0.9620761190760536,0.21975570123917354,1.058717127611577,0.2817300468635213,2.2982915142196467,0.9897173895545507,0.14466764949130773,0.3084374659890646,0.2784344694574083,1.8918839176244207,0.20508598851380136,0.11693090981618014,0.24656642269883333,0.27377726746985104,1.9717280436022007,1.4186570343495708,0.13444138459330982,0.3264256853629657,0.20053705249924986,1.872088585399306,1.2348440638862916,0.48298286105589644,0.23274760999124805,0.5315468730652501,3.18699288202225
tabb_rp1,11,1.0,ok,10,4,0.3670662108313943,0.20090528519574466,0.6507374560166599,0.05510712746434831,0.4436524384248421,0.06954997253607433,2.2845243949187597,0.7048534716000502,0.03098501263709853,0.4400023077127246,0.23771507895843347,1.8812193276968165,0.6484124210544974,0.035873202487055715,0.4511984348456367,0.23874637761531042,1.9589079360371047,0.6734675199150781,0.054116187566061645,0.33577344531772507,0.16965014640631934,1.8777406394319864,0.5762164114970137,0.09945410716717734,0.2412906554494908,0.15750953780291543,3.1581625154782715
tabb_rp1_joint,11,1.0,ok,10,4,0.34153065563030016,0.19965702028773955,0.5578094993623951,0.05042427399268854,0.39309174321462353,0.06960798304489663,2.283382250399224,0.4864515763651424,0.022696681973329205,0.36274390637944665,0.23517578362133956,1.8811752595927467,0.3828226733792452,0.02404132841234193,0.41798702753857375,0.2353743655433395,1.9537708045429658,0.7857473362081789,0.0555049784179057,0.34410103315368956,0.17056839418336367,1.877580042925614,0.5762164114970137,0.09945410716717734,0.2412906554494908,0.15750953780291543,3.1581625154782715
shah,11,1.0,ok,10,4,0.6064545279852505,0.344547489453091,1.6647108123752943,0.25013647383773585,1.8013047479825135,0.33067795976873676,2.3224920774932416,1.9893957938903892,0.15247510347843582,0.6048527948169352,0.2881479409347148,1.9369197186335747,1.1741819232239163,0.1759268199848665,0.46297097271776444,0.320505920463341,2.020846488090339,1.9727610913035858,0.18347543196983374,0.5829205315269299,0.23237839911148112,1.8825716671311346,1.522504441083286,0.48866853991780745,0.7750738128793726,0.5371576973028271,3.1931682062384334
tabb_c1_sep,11,3.0,ok,10,4,1.4034771436753668,1.0314562960505027,4.745037915724779,0.7477930059475038,4.843701590337299,0.9877041136414572,6.959664767851284,5.9337151822730005,0.45437384864508823,1.795596258335523,0.8636383919145979,5.810619646414694,3.4587403066642803,0.5233157565927815,1.371269470793606,0.9565805112618437,6.059244623223859,5.908710707564398,0.5532674384954226,1.7043014485967123,0.6996126363675077,5.654705583974369,3.6789854663974353,1.4602149800567228,0.7427413969756256,1.6059936446580612,9.554804728652666
tabb_c1_sim,11,3.0,ok,10,4,1.3532965259105314,1.0128075380213573,4.546527078807029,0.7231887701735021,4.660765680440049,0.9628127741550762,6.948291849130652,5.705192351620401,0.43788935044153443,1.7393025035233536,0.8556516099277303,5.799937732485938,3.331683219638486,0.504808092992513,1.3243384328742134,0.9441657210319739,6.044042826897404,5.5629265686492175,0.5163642119247281,1.6205347082446848,0.6716448881505075,5.641675383158472,3.5863061753200105,1.4336934253352331,0.7290104589998732,1.5797679329752174,9.545512346635011
tabb_c2_sep,11,3.0,ok,10,4,1.2668274288180776,1.0314562495780293,4.76975229475118,0.7477929950726437,4.952225853653641,0.9877040149545868,6.966566742383794,6.040194456019915,0.45437409687915675,1.6979585586453372,0.8636385185900923,5.802567461583557,3.5170722315016496,0.5233159645776535,1.3878120235351936,0.9565806423184476,6.0615758364120005,5.7739059479235095,0.5532670603303057,1.2796535000512144,0.699612311232873,5.69253267216505,3.7478365435596466,1.4602148585034591,0.7018856330405653,1.6059935261707048,9.555877234136235
tabb_c2_sim,11,3.0,ok,10,4,1.2260735433732814,1.0174437676120047,4.613038513913828,0.7290966334563146,4.802181205632622,0.9683257964782644,6.957151703525203,5.876206110185552,0.441745714058449,1.6585935133375516,0.8572806221197576,5.794553398412549,3.360201992166412,0.5014295720282864,1.3325057997497838,0.94160103879086,6.044120894573283,5.525415519103816,0.5299632194439601,1.220374496522068,0.6816426793109931,5.683247001717395,3.690330434199534,1.4432480282945628,0.6928203638837225,1.5892507302264078,9.549884624729927
tabb_c2_sim_joint,11,3.0,ok,10,4,0.8344650362648356,0.9614914633969385,2.884349666719937,0.6574881713072542,3.1744756378078107,0.8420437259078356,6.891418550020497,2.9715025334703604,0.43312786967366573,0.9260288914452037,0.8352170328267005,5.6775606832700785,0.6132598355123184,0.3496154809655398,0.7360546702533526,0.8190775318926033,5.912897537424477,4.262305863697534,0.4039613062952486,0.982956219477064,0.6024205586420421,5.6186519362137695,3.690330434199534,1.4432480282945628,0.6928203638837225,1.5892507302264078,9.549884624729927
tabb_rp1,11,3.0,ok,10,4,1.1048220573156082,0.602276534502341,1.95045871532652,0.16495735435851172,1.3161413402647455,0.20850050037950077,6.850843257045362,2.1265923763138592,0.09361093433498295,1.3282990741177931,0.7133291971653046,5.645930669618487,1.9457616572711927,0.1071765444623095,1.3619161745720316,0.7146640751848057,5.875496481437073,2.014463260783502,0.1616150825151495,1.012134333206704,0.5083944425046286,5.635487477099938,1.7150175669375263,0.2974268561216049,0.7169386473659046,0.47271842315462526,9.464644853154676
tabb_rp1_joint,11,3.0,ok,10,4,1.0290000355546196,0.5985583335133279,1.674240970451323,0.1509758220355666,1.1676066988981455,0.2084831787975472,6.847381914160383,1.4716472731934456,0.06858263923586592,1.097323544199364,0.7055967665122947,5.645783303529003,1.1582805652774184,0.0720271938694216,1.2641375536347323,0.7047215609333227,5.859939131541761,2.3520184763969016,0.16586659891537392,1.0376003970184775,0.5111965834530685,5.635006511207796,1.7150175669375263,0.2974268561216049,0.7169386473659046,0.47271842315462526,9.464644853154676
shah,11,3.0,ok,10,4,1.9773215840912257,1.03145351417986,5.082080364552182,0.7477903791331478,5.652763023092469,0.9876991104674823,6.9764984503444385,5.9337518124193,0.454375899485899,1.7956087785285693,0.8636383422652092,5.810620578549979,3.4586614809119305,0.5233116133983278,1.37124986932303,0.9565770059954277,6.0592408545666725,5.908596000713667,0.5532610439140863,1.7042782147485387,0.6996072323137091,5.654705812721979,5.027312164163831,1.4602129597342781,3.0381494737647645,1.6059914761450942,9.60378641165469
tabb_c1_sep,11,5.0,ok,10,4,2.314376483959986,1.7154076676227192,7.853850372761771,1.2419868966612044,8.02063628496917,1.6389185468374186,11.59658042784849,9.835897215739777,0.7524676130798275,2.961979369573857,1.4381052436095054,9.68463376226044,5.660773859042947,0.8650012016643934,2.257999286726551,1.5862045103457612,10.09387150314231,9.831384600460751,0.9268254271832012,2.765869110867845,1.1701750105840902,9.436984223794367,6.087345815803607,2.423653344717396,1.2716581686716901,2.6671459059515197,15.91187186370691
tabb_c1_sim,11,5.0,ok,10,4,2.231134048719766,1.6842020999994545,7.522056094584545,1.2007857703343587,7.717036356629701,1.5974363067831294,11.577480258761272,9.45447520370207,0.7249573520494714,2.868343499895299,1.4248011873094795,9.666942501195496,5.4544764831024555,0.834263469141432,2.182129903280059,1.5656984535999219,10.068785742943614,9.245908122222007,0.8642499094606559,2.624895081004669,1.1226516724980757,9.41399379533907,5.933364569311645,2.3796723506858752,1.2491677106990362,2.6236570865903404,15.896499417501355
tabb_c2_sep,11,5.0,ok,10,4,2.1051168006239296,1.7154079255608479,7.910234560724358,1.2419864656698247,8.198192099641924,1.6389224048913782,11.605023034459567,10.004162895120203,0.7524668721417558,2.816923825928865,1.4381071057498223,9.672800248071132,5.746857965156498,0.8650010548329625,2.2860853313729272,1.586204378957713,10.09430838782211,9.668212783017845,0.926824929530817,2.1515444528058305,1.1701746459251492,9.494041733226819,6.221704599602884,2.4236530061737636,1.1659135923880954,2.6671455716107073,15.909471506670334
tabb_c2_sim,11,5.0,ok,10,4,2.0372623885441845,1.6920922257672546,7.649798220321896,1.2108778861575034,7.948693000931525,1.6067483314601916,11.589467304526918,9.732261941101838,0.7315239829945315,2.7516815184140437,1.4275497425054808,9.659535865126674,5.490306235602376,0.8288239096705945,2.1952430206140705,1.5615315756671484,10.065705379695649,9.250216133259267,0.8876103917103119,2.0514137927080927,1.1398694608487345,9.478326139659139,6.126408571324106,2.395553260254576,1.1507112224405303,2.6394181240476553,15.899663055566482
tabb_c2_sim_joint,11,5.0,ok,10,4,1.3901960099497082,1.5995158643735232,4.804596103260545,1.0928091251364427,5.287935559820192,1.3979976858149132,11.480746780647513,4.957525700281554,0.7205238932969191,1.5447721732729474,1.3918438504143051,9.46616914091845,1.0190183433444477,0.5807589807439966,1.2207604448567557,1.3613348739051756,9.851401071079115,7.115431798092073,0.6744003662502787,1.6445401992285993,1.0054666091269577,9.368694680536441,6.126408571324106,2.395553260254576,1.1507112224405303,2.6394181240476553,15.899663055566482
tabb_rp1,11,5.0,ok,10,4,1.848135240530873,1.0030660470624895,3.2484166681874944,0.27436662794304273,2.169804601194565,0.34734788091280205,11.414345699936538,3.565896191182279,0.157243565575874,2.228007931762755,1.1891525677364068,9.414074149863165,3.2439091520600374,0.17789282757581484,2.283705907895258,1.1884404396318597,9.79080527572115,3.347423581458249,0.2681141933474556,1.6949982313536411,0.846431277689982,9.396535732342144,2.8364377480494136,0.49421592527302655,1.185828891111838,0.7882399031917096,15.759746419763395
tabb_rp1_joint,11,5.0,ok,10,4,1.7230020006549807,0.996900494836477,2.7919976287166737,0.2511440560370055,1.9276743356812631,0.34695988345727685,11.408514000398428,2.4735673630715973,0.11515359929616824,1.8441494757738166,1.1760403591544157,9.413779681212711,1.9466663488059497,0.11985196193374022,2.123787333724017,1.172137164840087,9.764636200047553,3.9113190549397348,0.27535473764508706,1.7382423020102515,0.8511845521596964,9.395732625410874,2.8364377480494136,0.49421592527302655,1.185828891111838,0.7882399031917096,15.759746419763395
shah,11,5.0,ok,10,4,3.5550958656274565,1.715395249792708,8.635960263693411,1.2419749630296066,9.869099325665823,1.6388967535357715,11.650262842742189,9.836077103888874,0.7524770809427235,2.9620445688828223,1.4381050864807396,9.684640273462213,5.660424360437323,0.8649810100297222,2.257909293432755,1.586187847155441,10.093853245203729,9.83086653462721,0.9267950608369705,2.7657625784597677,1.170149529916304,9.436983977819107,9.21647305582024,2.423646700309011,6.234667021734482,2.6671385356183475,16.067971249047794
tabb_c1_sep,12,0.0,ok,10,4,7.406512012838077e-07,6.319287924436583e-08,9.481727608082912e-07,5.158444703885254e-08,1.115514907092421e-06,8.904660782938958e-08,6.914243661797068e-07,1.1545407780226353e-06,5.7250536212473905e-08,1.0269410772070912e-06,7.522593661693438e-08,9.318157325557534e-07,1.452740806037539e-06,1.0209191234966541e-07,9.971796323434094e-07,1.2530321668079448e-07,4.924442952987028e-07,1.185402706748546e-06,4.6993908416498535e-08,9.384827345204176e-07,5.224094266819106e-08,8.952589978122789e-07,6.752424444257127e-12,1.4311767723118752e-12,1.3610643121480628e-12,1.4210115433690067e-12,3.6796652310194025e-12
tabb_c1_sim,12,0.0,ok,10,4,1.2722733140093233e-06,8.533840127477502e-08,1.6785133045889222e-06,7.109241012944799e-08,2.2444212388119215e-06,1.1327449618177434e-07,8.38282303481501e-07,2.5998701502397804e-06,1.4331143142288044e-07,1.4076263567888562e-06,1.6812610318560224e-07,1.0896059636167334e-06,2.246160008322648e-06,1.0426574750712776e-07,2.029649445987906e-06,1.250271682030188e-07,6.712067398319777e-07,1.867941098691095e-06,3.6775286766455195e-08,1.6518012705326947e-06,4.818317174118387e-08,1.083101673740935e-06,8.196110216560229e-11,1.7174821328633453e-11,1.6182727836897477e-11,1.716196929517179e-11,4.5995314282419287e-11
tabb_c2_sep,12,0.0,ok,10,4,2.710745366569052e-07,1.073078133866061e-07,6.790562151311396e-07,9.975720259683454e-08,1.5307705207109457e-06,1.7784975640992197e-07,8.011313906730626e-07,1.1302714429901309e-06,2.3032035963367675e-07,5.570495531262715e-07,2.3936458780263657e-07,1.1854863311954933e-06,9.013708206477934e-07,9.5500088262384e-08,3.0409565237581135e-07,1.17974652477486e-07,4.997148538836361e-07,6.840853946628409e-07,7.309443564383212e-08,2.2305181703435992e-07,7.177809679789568e-08,9.550671095090177e-07,4.972022237939021e-10,1.1392684744531525e-10,1.011240911777487e-10,1.1391646840607184e-10,2.4531167250510573e-10
tabb_c2_sim,12,0.0,ok,10,4,9.310017681540561e-07,4.6968283961434397e-08,9.685979016765968e-07,3.7971497917341763e-08,1.5657078319161157e-06,6.621763081202342e-08,7.602777960586683e-07,1.7419783746226574e-06,3.824860556069498e-08,1.378169208637326e-06,6.149265408656492e-08,8.416678586578747e-07,1.0601611240570092e-06,4.7084591536998116e-08,9.317937585443826e-07,6.50043000970741e-08,8.809269624816484e-07,1.071203366609402e-06,6.646647745897109e-08,1.4129251704930222e-06,6.12898579343822e-08,9.097532317939173e-07,1.0487414173190979e-09,8.631711270286737e-11,1.1189349414934145e-09,8.632372771635707e-11,1.1262481750022366e-09
tabb_c2_sim_joint,12,0.0,ok,10,4,1.659459710037769e-06,1.206221108159477e-07,8.812621740867753e-07,1.0935560271597443e-07,1.2817232299396175e-06,7.526055379563277e-08,9.431307271985141e-07,1.918284315919132e-06,1.4781906231762708e-07,2.2170797216700267e-06,1.630278412324395e-07,9.57920238183556e-07,7.994412183592749e-07,1.4600675081151822e-07,2.134076439152365e-06,1.6112492536676386e-07,6.507360009693286e-07,8.062744206513755e-07,1.435102806220496e-07,2.285563744387192e-06,1.5824935293687102e-07,1.4889299782830102e-06,1.0487414173190979e-09,8.631711270286737e-11,1.1189349414934145e-09,8.632372771635707e-11,1.1262481750022366e-09
tabb_rp1,12,0.0,ok,10,4,6.373812905787162e-07,5.4045058942106e-08,8.950576256606601e-07,3.822353562285905e-08,1.2608451907880222e-06,6.15401576755879e-08,7.29702934709755e-07,1.044742784664371e-06,5.6487934467619787e-08,8.361272374518465e-07,5.876808803868659e-08,7.755137754762458e-07,1.1238359212551612e-06,4.592849757316373e-08,7.50415233758949e-07,7.489630968232786e-08,7.582781156998164e-07,1.362087127246958e-06,4.4219407087452765e-08,9.442367682548788e-07,7.625752951296079e-08,9.76290364938488e-07,4.956466947615027e-08,6.258303363199937e-09,1.8745922849190588e-08,6.258308534448761e-09,1.775664162236313e-08
tabb_rp1_joint,12,0.0,ok,10,4,3.367602236725637e-07,5.308641960859657e-08,3.560359922717388e-07,2.9695648386904676e-08,5.477692394259476e-07,4.958007312114297e-08,6.892296569627708e-07,5.745233593948632e-07,3.2092737169265016e-08,3.9613678216320533e-07,6.45246328401151e-08,8.616686418723336e-07,5.291150588448003e-07,9.022413420960157e-09,4.557219594355678e-07,4.6731456738505894e-08,4.5677267095033505e-07,2.7094088137114144e-07,7.14091395941936e-08,4.764362302422912e-07,9.48312803213165e-08,9.740229260716377e-07,4.956466947615027e-08,6.258303363199937e-09,1.8745922849190588e-08,6.258308534448761e-09,1.775664162236313e-08
shah,12,0.0,ok,10,4,7.068492705457837e-07,5.3124399764532664e-08,7.526493668135652e-07,2.7497080699096066e-08,4.2303839455527007e-07,1.833158266722832e-08,6.692624867921886e-07,1.2849946273750438e-06,3.666254442852951e-08,9.424658382641468e-07,7.083232053443221e-08,9.20148101630151e-07,1.0163575507246495e-06,3.666279254690527e-08,9.424652620373567e-07,7.083252700837148e-08,3.996080400863766e-07,7.092442667090806e-07,3.666268322889389e-08,9.424655508793324e-07,7.083244078243159e-08,8.861658932013119e-07,1.0224454869641665e-12,3.02592055598925e-13,4.310022987914442e-13,3.107328953911441e-13,7.300885677522861e-13
tabb_c1_sep,12,1.0,ok,10,4,0.5269069105091118,0.3020727808171455,1.4812235205393176,0.16598168532588062,1.8829476206079656,0.26337371294179607,2.3569982084355074,0.717953681856908,0.07049161297754923,0.4040698303780142,0.24431684506918724,1.854614356819554,0.7690577539562464,0.0789451682684986,0.3082133711537717,0.21445529043878703,1.9922594440592079,3.38692721033465,0.25733567088468784,1.0285597148876793,0.3675614173372562,1.8071197726076427,1.0509554360094662,0.2571542891727868,0.36678472561698217,0.38195757042335143,3.398144823393929
tabb_c1_sim,12,1.0,ok,10,4,0.5135414655153566,0.29830411148678326,1.4210271700866437,0.16011595701417403,1.819005679947814,0.25604009938872735,2.3546872448876783,0.666668496023162,0.06626785319505356,0.3953798290787706,0.24286547638078596,1.8529121441347618,0.7357403016280526,0.07489106352043949,0.2999307657628538,0.21359667762553328,1.9912989595201886,3.2490923237804257,0.24711205707958947,0.9943170464524889,0.3590909938845832,1.8012396939165543,1.0326075589149346,0.2521928542616136,0.36453822076731324,0.3776632980562305,3.396349318008681
tabb_c2_sep,12,1.0,ok,10,4,0.5120091258287942,0.30207291222374033,1.5575793349037859,0.16598194577665304,1.9467969715901112,0.2633741108204963,2.357571428465456,0.8487617948037607,0.07049265895300909,0.28524876745155225,0.24431738046002682,1.850364557049406,0.783494948493433,0.07894507697784392,0.31624284350121507,0.21445529863300716,1.9917149065190074,3.5514409398896163,0.2573353702388564,1.1202459014443045,0.36756106806277067,1.8207536346988344,1.0466196564283334,0.2571546769369028,0.3262989909181051,0.3819579017391566,3.395092207902892
tabb_c2_sim,12,1.0,ok,10,4,0.49928488057173914,0.2989322414949741,1.5068391312755534,0.16130316867071082,1.8917903821364153,0.25715552401953284,2.355798649615182,0.8086939850523154,0.06720845656823948,0.2740452082068385,0.24299271044524162,1.849202045537577,0.761502011189934,0.07630565482025226,0.30972961279202815,0.21394238616703248,1.9911285345893601,3.4219654951179748,0.24771650285474783,1.0886624996019885,0.359581438441658,1.8153866475400438,1.03519503374199,0.2539820604396037,0.3247022016861014,0.3792124309259644,3.3940211230297104
tabb_c2_sim_joint,12,1.0,ok,10,4,0.41433561803460556,0.2846003751882109,1.1106854148145944,0.14370904560294692,0.7029116397891229,0.1913800925229362,2.3545181900975893,1.183820957119386,0.10434699549133444,0.46798728972040543,0.2720840850025766,1.8759270000735007,1.0948890472677475,0.09040589701717465,0.3678655147101606,0.23910544342620316,1.9962152518746779,1.1288366211292533,0.12610122946367489,0.4967874660217547,0.24799954139809935,1.7752934419436166,1.03519503374199,0.2539820604396037,0.3247022016861014,0.3792124309259644,3.3940211230297104
tabb_rp1,12,1.0,ok,10,4,0.44620874721232257,0.20581203528190167,0.7013143430699309,0.06965506282958417,1.0585372049382664,0.0862399241595947,2.3226549266809804,0.23896869551605554,0.04733441912168262,0.33313381819363097,0.22208955036247366,1.8469603159976966,0.47040024705908096,0.02691813979089255,0.3013041025957007,0.20933801444951866,1.9806717879083324,1.670118722063745,0.10354725523033853,0.9855924858072733,0.18762533693770822,1.7931446519591583,0.42576970764084243,0.10082043717542301,0.16480458225268535,0.20419523937790612,3.32102585816577
tabb_rp1_joint,12,1.0,ok,10,4,0.39293591763399427,0.20665505808532514,0.616364705470374,0.06408136818871368,0.906530127472064,0.08113887742533656,2.320037678199265,0.2823163578362428,0.0369278284116553,0.3448557375892253,0.22385320967348657,1.8433427344485864,0.3046307287760836,0.022109296574621528,0.24474791996368897,0.2106206003144429,1.9786243632589124,1.4527420276283274,0.09646791059315489,0.8173354307303775,0.18795118297546487,1.7855586674554045,0.42576970764084243,0.10082043717542301,0.16480458225268535,0.20419523937790612,3.32102585816577
shah,12,1.0,ok,10,4,0.6942301728910718,0.30207264660876726,1.621156100264972,0.16598149090762868,1.9323580059673027,0.2633735075708954,2.3679149478564705,0.7179547298386452,0.0704916146318233,0.4040709062001977,0.24431694199432744,1.8546144314074617,0.7690593132683221,0.07894499315096365,0.3082139714424337,0.21445519252331002,1.9922594243636358,3.3869178359467456,0.2573349938219961,1.0285573953615565,0.3675608463432126,1.80711938877337,1.6106925220061759,0.25715436202573166,1.0360784185600995,0.3819576055742191,3.428368710144412
tabb_c1_sep,12,3.0,ok,10,4,1.55190581923397,0.9063767533892952,4.475554575285576,0.49962776380900414,5.6580459023968785,0.7924563514011572,7.076687887909818,2.183074756839168,0.21416355048879385,1.2292298971748346,0.733249803511222,5.5670531554780975,2.3103413434382225,0.23728421280324596,0.9248385081272428,0.6434400424198985,5.978972218344713,10.2255845664073,0.7747600684830137,3.090056667087285,1.1034336029663732,5.426472083522004,3.183217634457616,0.772303223460963,0.9634982045465181,1.1453835646596875,10.204472399622526
tabb_c1_sim,12,3.0,ok,10,4,1.5117432901877448,0.8949844834704077,4.294589575069805,0.4819369873941942,5.466234180654169,0.7703324041206834,7.069565693204638,2.0299809828842066,0.20155324435246344,1.2032506990129284,0.7288685904093715,5.561841350191823,2.209725775327381,0.22498593927429422,0.9004469938833253,0.6408386922910568,5.976007672208021,9.810466313321855,0.7438789261573423,2.9875729531977453,1.0778185551492065,5.408212620608711,3.128185228745778,0.7573298397926769,0.9557025146569802,1.132412096031996,10.198996308923729
tabb_c2_sep,12,3.0,ok,10,4,1.5423796508457883,0.9063770739355937,4.689036934869794,0.4996285314541815,5.8613124573962905,0.7924575203510879,7.077712632868819,2.581845439840836,0.21416414272715759,0.863320803567378,0.7332500757542155,5.553443831989724,2.354240841391694,0.23728548920886142,0.9501789658182276,0.6434401117945822,5.977089144104251,10.676305993180888,0.7747602994410813,3.3691421390515313,1.1034337139588577,5.463897663582673,3.143755465065757,0.7723041944396257,0.9868766949460154,1.14538439423472,10.195859637330523
tabb_c2_sim,12,3.0,ok,10,4,1.5039895535103727,0.8969063899402787,4.536157491720074,0.4855366562958875,5.695267910658863,0.7737034916520339,7.07233850365028,2.4608373161450223,0.20429471087214784,0.8294606658481279,0.729238359477606,5.549903533748355,2.2874416945858043,0.2293174271346863,0.9304475575467821,0.6418916729032007,5.975310611877351,10.28716253738959,0.7458197823304707,3.2741096803858025,1.0794175283526668,5.447616577990458,3.10918841875988,0.7627147048462449,0.9819403102607784,1.1370779990276414,10.192624545117614
tabb_c2_sim_joint,12,3.0,ok,10,4,1.248196762193884,0.8540363855682295,3.3431802469668477,0.43210372979384803,2.1120783623805486,0.5746882047272459,7.068170132785777,3.56312457640697,0.31401041673116187,1.4086772196610688,0.816067859704412,5.630284980468457,3.285122145674123,0.27180013127815356,1.1065044803788036,0.7180843825010778,5.990589882062684,3.415285847026418,0.37988966631983173,1.495665038474885,0.7449153010397865,5.325339884920498,3.10918841875988,0.7627147048462449,0.9819403102607784,1.1370779990276414,10.192624545117614
tabb_rp1,12,3.0,ok,10,4,1.3339777860225857,0.6170183232278845,2.1105287748446013,0.20928228086952697,3.1847401300760994,0.2600099305167671,6.972833189113047,0.7082917444897937,0.14210677619107243,0.9880863727565883,0.6657801677291935,5.5424007349480044,1.4087364897540604,0.08034810545559139,0.9072346006005935,0.6283034294662599,5.943594856099697,5.032488255875997,0.3127444952554685,2.952414027586972,0.5630265145606618,5.378595191518551,1.2925986092585544,0.3019297465759755,0.48817614314618896,0.6109631811554225,9.975359581406188
tabb_rp1_joint,12,3.0,ok,10,4,1.1729335773563192,0.6194974406084276,1.8535195575119172,0.19238479187707735,2.7260888470404563,0.24414143187976667,6.964952868326066,0.838224574050851,0.11074981614284891,1.0236348722082835,0.670961493148698,5.5317086957312025,0.911673460302032,0.06598937342143638,0.7363714868019927,0.6321325963772043,5.937459563560105,4.371581586436231,0.2908702313680487,2.443551807268811,0.5639324917523857,5.355487642626224,1.2925986092585544,0.3019297465759755,0.48817614314618896,0.6109631811554225,9.975359581406188
shah,12,3.0,ok,10,4,1.8676931410302922,0.9063724304276083,4.7153888398497354,0.4996225172256856,5.65266862736467,0.7924487302458666,7.08687879687048,2.1831299665672237,0.2141675855323697,1.229242183243367,0.7332514608047517,5.56705474857217,2.3103462247440807,0.2372797907437276,0.9248490923647155,0.6434383667577662,5.978971191957184,10.225353830541088,0.7747420300486415,3.089998918403822,1.1034192635859092,5.426461069459765,4.142725337546549,0.7723006625780037,2.226682370109264,1.1453806305620058,10.232728350733895
tabb_c1_sep,12,5.0,ok,10,4,2.564696781387676,1.510827687525547,7.521222602074718,0.8353999314437326,9.458305209519436,1.3244015523471155,11.805949588387906,3.6869225259764957,0.3613452233080203,2.0758800814880614,1.2226491716272745,9.28402265665467,3.8566454698491444,0.3962234889570729,1.5432061366625462,1.0725319033802465,9.969037330725026,17.148621164644737,1.2957140650259729,5.155523576185949,1.8401931027654772,9.053348840829448,5.392701247828495,1.2883169484838644,1.4841773312141469,1.907936572329191,17.028912928011934
tabb_c1_sim,12,5.0,ok,10,4,2.497953777805837,1.4916988691128794,7.219112206201448,0.8057607755195288,9.138804363738675,1.2873251108837964,11.793757318217333,3.4327964634942756,0.3404228775051672,2.032736376997207,1.215299115482445,9.275165533036162,3.687806418582795,0.3755026189584059,1.503367060157668,1.0681538026052035,9.963957611197634,16.454128813430025,1.2438814891113026,4.9853433326603644,1.7971515500693678,9.021850187579446,5.301717129298695,1.2632361165032395,1.4703683414081063,1.886191008294501,17.019633338410294
tabb_c2_sep,12,5.0,ok,10,4,2.5810132765231657,1.5108275665761846,7.840975077587545,0.8354002063391173,9.801898155233685,1.3244014092457308,11.805243349930961,4.361324650359572,0.3613470144535913,1.4514451006894438,1.2226496110908625,9.259933801336441,3.9297984431061743,0.39622385998467896,1.585977750002893,1.072531887867429,9.965436056109466,17.82747766396624,1.2957139383577903,5.628409376315666,1.8401929974683573,9.109578245876163,5.245299552918193,1.2883160125604085,1.65822087908466,1.907935769878089,17.012183181269737
tabb_c2_sim,12,5.0,ok,10,4,2.5166867964473454,1.4949672526646056,7.585242508866827,0.8118271516250627,9.523706167531076,1.292999269321997,11.796195888796221,4.158221880915157,0.3448531054119357,1.3945250306964034,1.2158938251413904,9.253940863111264,3.8176307441582824,0.38287219956151575,1.5528561371233889,1.069935778543291,9.962443445970672,17.177844260701985,1.2473456872543716,5.469590149297604,1.8000437222816474,9.082136793629202,5.187273149691881,1.2722376142724277,1.6497758686719841,1.8939956846920931,17.00676454053192
tabb_c2_sim_joint,12,5.0,ok,10,4,2.0889282575619808,1.4237512339910856,5.589746771283437,0.7217295541591393,3.5249832660575557,0.9585421615359314,11.788691580430594,5.956932766010274,0.5249414815594352,2.355533557305877,1.3598514520641478,9.388239744628457,5.475094224855309,0.45396186748166667,1.8489315153257873,1.1980889097985288,9.987938263556833,5.739686944576284,0.6357772533230275,2.5014720889442743,1.2430688894095725,8.874964806562486,5.187273149691881,1.2722376142724277,1.6497758686719841,1.8939956846920931,17.00676454053192
tabb_rp1,12,5.0,ok,10,4,2.2159564317054734,1.0277004921424482,3.5292201129404788,0.34936629376636474,5.323990036312987,0.43556060840617983,11.630313850411095,1.166285941157493,0.23702296720163127,1.6279292131608536,1.1088917764044144,9.240130031657039,2.344227173955207,0.13324382083056746,1.518146240652536,1.047650841320472,9.909024021872431,8.425342694782605,0.5248067734422736,4.913416360482924,0.9386635853340266,8.963217311967291,2.18102464186661,0.5023916135909866,0.8043339125255804,1.0155957655108803,16.64778593046929
tabb_rp1_joint,12,5.0,ok,10,4,1.9455225526760491,1.0317449134059973,3.0971557373387752,0.3209043384462211,4.555168380195018,0.4081623505243919,11.617133457706307,1.3825006953951988,0.18452847064523864,1.6878254226492992,1.1173415012355516,9.222581035607801,1.5157433378915133,0.1093908092977852,1.2312786493562775,1.054003613108041,9.898798584982348,7.3093542742017785,0.4873064602508739,4.058652226173039,0.9400387737695162,8.924134037849539,2.18102464186661,0.5023916135909866,0.8043339125255804,1.0155957655108803,16.64778593046929
shah,12,5.0,ok,10,4,2.774828745557381,1.5108065720736463,7.654049794612756,0.8353741925699504,9.323625972101135,1.324363429749601,11.794825495073928,3.687151225245227,0.3613632780529949,2.075924971295398,1.2226560681009313,9.284030512606076,3.8566620404283545,0.3962022853341299,1.5432529753675195,1.072524072762493,9.969032081321991,17.147503221040665,1.2956260444874763,5.1552455647730255,1.8401231453457179,9.053293366776057,5.924882691736777,1.2883051624052002,2.324891470793581,1.9079230020854427,16.998079004835947
tabb_c1_sep,13,0.0,ok,10,4,7.406512012838077e-07,6.319287924436583e-08,9.481727608082912e-07,5.158444703885254e-08,1.115514907092421e-06,8.904660782938958e-08,6.914243661797068e-07,1.1545407780226353e-06,5.7250536212473905e-08,1.0269410772070912e-06,7.522593661693438e-08,9.318157325557534e-07,1.452740806037539e-06,1.0209191234966541e-07,9.971796323434094e-07,1.2530321668079448e-07,4.924442952987028e-07,1.185402706748546e-06,4.6993908416498535e-08,9.384827345204176e-07,5.224094266819106e-08,8.952589978122789e-07,6.752424444257127e-12,1.4311767723118752e-12,1.3610643121480628e-12,1.4210115433690067e-12,3.6796652310194025e-12
tabb_c1_sim,13,0.0,ok,10,4,1.2722733140093233e-06,8.533840127477502e-08,1.6785133045889222e-06,7.109241012944799e-08,2.2444212388119215e-06,1.1327449618177434e-07,8.38282303481501e-07,2.5998701502397804e-06,1.4331143142288044e-07,1.4076263567888562e-06,1.6812610318560224e-07,1.0896059636167334e-06,2.246160008322648e-06,1.0426574750712776e-07,2.029649445987906e-06,1.250271682030188e-07,6.712067398319777e-07,1.867941098691095e-06,3.6775286766455195e-08,1.6518012705326947e-06,4.818317174118387e-08,1.083101673740935e-06,8.196110216560229e-11,1.7174821328633453e-11,1.6182727836897477e-11,1.716196929517179e-11,4.5995314282419287e-11
tabb_c2_sep,13,0.0,ok,10,4,2.710745366569052e-07,1.073078133866061e-07,6.790562151311396e-07,9.975720259683454e-08,1.5307705207109457e-06,1.7784975640992197e-07,8.011313906730626e-07,1.1302714429901309e-06,2.3032035963367675e-07,5.570495531262715e-07,2.3936458780263657e-07,1.1854863311954933e-06,9.013708206477934e-07,9.5500088262384e-08,3.0409565237581135e-07,1.17974652477486e-07,4.997148538836361e-07,6.840853946628409e-07,7.309443564383212e-08,2.2305181703435992e-07,7.177809679789568e-08,9.550671095090177e-07,4.972022237939021e-10,1.1392684744531525e-10,1.011240911777487e-10,1.1391646840607184e-10,2.4531167250510573e-10
tabb_c2_sim,13,0.0,ok,10,4,9.310017681540561e-07,4.6968283961434397e-08,9.685979016765968e-07,3.7971497917341763e-08,1.5657078319161157e-06,6.621763081202342e-08,7.602777960586683e-07,1.7419783746226574e-06,3.824860556069498e-08,1.378169208637326e-06,6.149265408656492e-08,8.416678586578747e-07,1.0601611240570092e-06,4.7084591536998116e-08,9.317937585443826e-07,6.50043000970741e-08,8.809269624816484e-07,1.071203366609402e-06,6.646647745897109e-08,1.4129251704930222e-06,6.12898579343822e-08,9.097532317939173e-07,1.0487414173190979e-09,8.631711270286737e-11,1.1189349414934145e-09,8.632372771635707e-11,1.1262481750022366e-09
tabb_c2_sim_joint,13,0.0,ok,10,4,1.659459710037769e-06,1.206221108159477e-07,8.812621740867753e-07,1.0935560271597443e-07,1.2817232299396175e-06,7.526055379563277e-08,9.431307271985141e-07,1.918284315919132e-06,1.4781906231762708e-07,2.2170797216700267e-06,1.630278412324395e-07,9.57920238183556e-07,7.994412183592749e-07,1.4600675081151822e-07,2.134076439152365e-06,1.6112492536676386e-07,6.507360009693286e-07,8.062744206513755e-07,1.435102806220496e-07,2.285563744387192e-06,1.5824935293687102e-07,1.4889299782830102e-06,1.0487414173190979e-09,8.631711270286737e-11,1.1189349414934145e-09,8.632372771635707e-11,1.1262481750022366e-09
tabb_rp1,13,0.0,ok,10,4,6.373812905787162e-07,5.4045058942106e-08,8.950576256606601e-07,3.822353562285905e-08,1.2608451907880222e-06,6.15401576755879e-08,7.29702934709755e-07,1.044742784664371e-06,5.6487934467619787e-08,8.361272374518465e-07,5.876808803868659e-08,7.755137754762458e-07,1.1238359212551612e-06,4.592849757316373e-08,7.50415233758949e-07,7.489630968232786e-08,7.582781156998164e-07,1.362087127246958e-06,4.4219407087452765e-08,9.442367682548788e-07,7.625752951296079e-08,9.76290364938488e-07,4.956466947615027e-08,6.258303363199937e-09,1.8745922849190588e-08,6.258308534448761e-09,1.775664162236313e-08
tabb_rp1_joint,13,0.0,ok,10,4,3.367602236725637e-07,5.308641960859657e-08,3.560359922717388e-07,2.9695648386904676e-08,5.477692394259476e-07,4.958007312114297e-08,6.892296569627708e-07,5.745233593948632e-07,3.2092737169265016e-08,3.9613678216320533e-07,6.45246328401151e-08,8.616686418723336e-07,5.291150588448003e-07,9.022413420960157e-09,4.557219594355678e-07,4.6731456738505894e-08,4.5677267095033505e-07,2.7094088137114144e-07,7.14091395941936e-08,4.764362302422912e-07,9.48312803213165e-08,9.740229260716377e-07,4.956466947615027e-08,6.258303363199937e-09,1.8745922849190588e-08,6.258308534448761e-09,1.775664162236313e-08
shah,13,0.0,ok,10,4,7.068492705457837e-07,5.3124399764532664e-08,7.526493668135652e-07,2.7497080699096066e-08,4.2303839455527007e-07,1.833158266722832e-08,6.692624867921886e-07,1.2849946273750438e-06,3.666254442852951e-08,9.424658382641468e-07,7.083232053443221e-08,9.20148101630151e-07,1.0163575507246495e-06,3.666279254690527e-08,9.424652620373567e-07,7.083252700837148e-08,3.996080400863766e-07,7.092442667090806e-07,3.666268322889389e-08,9.424655508793324e-07,7.083244078243159e-08,8.861658932013119e-07,1.0224454869641665e-12,3.02592055598925e-13,4.310022987914442e-13,3.107328953911441e-13,7.300885677522861e-13
tabb_c1_sep,13,1.0,ok,10,4,0.4458081336237091,0.2300207582340748,1.2242484174075856,0.1435716407428381,1.3299515029398117,0.2179357231572668,2.3076637531235367,1.5502556556092875,0.11743652321636386,0.5150254394588155,0.23460380226944297,1.9510033725217728,0.8257487002549302,0.11318227832007588,0.5868053530227291,0.16755510233193624,1.8992344616473453,1.9074347730801555,0.21376073969195408,0.464120933684524,0.2891819605509718,1.90843837434541,0.6135545406859694,0.1299070217429585,0.21728080832876795,0.22874216778394835,3.200875702264377
tabb_c1_sim,13,1.0,ok,10,4,0.43633919097923074,0.2280290933410253,1.190019544979893,0.1399642776453376,1.289327755192156,0.2131355564248657,2.306594460587776,1.5101679051199075,0.11448127321710289,0.5063175069550055,0.23244082482163722,1.9494527981818628,0.7988418520851598,0.10784352317388864,0.5751613238471218,0.16524949550260637,1.8981810919646849,1.8401159292735743,0.20811954383773767,0.4466323316160734,0.2860040284053535,1.9058696373365969,0.6109524934409297,0.12941277035262116,0.21724560149872219,0.22842202463450412,3.200892887571214
tabb_c2_sep,13,1.0,ok,10,4,0.4584126215156074,0.23002071517801592,1.181822130636602,0.14357153308203788,1.4083926487555118,0.2179355572835219,2.3062098186370044,1.4513543074287185,0.11743606095436246,0.5012692936606263,0.23460345610743705,1.9428392913235584,0.7456537412168072,0.11318223720761486,0.3953802438235505,0.16755509382401462,1.9114741348529438,1.8881391500027065,0.21376057874699686,0.5240165088996334,0.289182006937618,1.9055703905006993,0.6421413238981759,0.12990725541917733,0.41298443967861925,0.22874230384299404,3.1960692290742814
tabb_c2_sim,13,1.0,ok,10,4,0.44809241856088444,0.2278301149897264,1.1437084958379378,0.13964591711058041,1.3648173219058721,0.21229541108022235,2.3050159398698766,1.3977041727400825,0.11325795214622154,0.48804483400663534,0.2318598002807422,1.9409595976483018,0.7234073000788498,0.10894131956644226,0.3868466074633157,0.16570019537890118,1.9102233411557625,1.8147185450194028,0.20746523013044313,0.5044363411762345,0.2855981592182128,1.9028689173905038,0.6390039655134153,0.1289191665992148,0.4130418915973523,0.22816230508104945,3.1961236588477915
tabb_c2_sim_joint,13,1.0,ok,10,4,0.4088428939553532,0.20911043841991378,1.1286837308720339,0.1122374045665667,1.3536492465701284,0.16877390857599317,2.3029135335346984,1.2066221376027886,0.10240646405444914,0.3876167628911657,0.2329062356537998,1.941398501293138,0.37682514113058724,0.04721519518580573,0.44246752265997114,0.14552031023615256,1.9132855932005977,2.2922836792413444,0.17040879242679716,0.39224539867292374,0.22985290270865327,1.8891126560187674,0.6390039655134153,0.1289191665992148,0.4130418915973523,0.22816230508104945,3.1961236588477915
tabb_rp1,13,1.0,ok,10,4,0.3353991911698588,0.1825986651610973,0.6837033055062438,0.06704749646918585,0.8654654705545473,0.09927342740730473,2.301811430316907,0.5710225393901369,0.03325708402329687,0.21182267809454558,0.17545212785700776,1.9109591711383673,0.8954191578546632,0.07574053023110158,0.3882957790739171,0.12936415355087988,1.9053778931040914,0.6915753728722701,0.05854467066808641,0.21020219507254592,0.21894467786541835,1.8729703116089038,0.5767961519079048,0.10064770095425857,0.5312761124384267,0.2066337013710833,3.225383044770695
tabb_rp1_joint,13,1.0,ok,10,4,0.34647214350344446,0.1811732237748543,0.7930511167038358,0.07306506429823718,1.0913342686093315,0.11277910599012635,2.3024137495643515,0.368324734304676,0.01719758529366902,0.18159661085610793,0.17505177275956343,1.909647397345473,1.178322401305975,0.09758741218123397,0.4321527727113518,0.1304321325400293,1.9098048328628983,1.0487611792967872,0.07682755876378718,0.24086307800789158,0.21257528842874102,1.8727607507161204,0.5767961519079048,0.10064770095425857,0.5312761124384267,0.2066337013710833,3.225383044770695
shah,13,1.0,ok,10,4,0.9908863251077864,0.2300207792938993,1.6632494300974972,0.14357160535065144,2.2936502651088215,0.21793561660219538,2.3570067714017378,1.5502560913106769,0.11743658247268225,0.5150254667043408,0.2346038189547332,1.9510033877028485,0.8257491464925655,0.11318222397309317,0.586805182908685,0.16755506859562144,1.8992344416563598,1.9074285666321764,0.2137606380853177,0.46412047490576164,0.28918208657051897,1.9084384918415749,2.3695639159545703,0.12990697687151262,2.397594175912358,0.2287421430547235,3.3415984979333317
tabb_c1_sep,13,3.0,ok,10,4,1.3153765360331153,0.6898137256111267,3.6346137727294647,0.4291808552725918,3.953985030020268,0.6523299232433879,6.921656862372411,4.682066253278548,0.3542327613855304,1.5521333657409448,0.7043283570223671,5.854025316748696,2.467105359321938,0.3339847972625193,1.7786713311759628,0.5011966192274477,5.695482314545627,5.647390583693277,0.6440527170735046,1.396888507628253,0.872256168981033,5.727293271680411,1.7418928946240952,0.38445314536881287,0.5338129395873016,0.681473757213659,9.598297529116087
tabb_c1_sim,13,3.0,ok,10,4,1.2870991920755472,0.683861135541929,3.5316307286309696,0.41838764242168125,3.8297961385651793,0.6379069983993723,6.9184660664347115,4.560523723884326,0.34526005956757205,1.5258998703898774,0.6977677946156224,5.849318672439309,2.3886680389564217,0.3184029923236846,1.7446981919178075,0.4946149247234073,5.69256368388688,5.443216841062348,0.6268820576093178,1.3439347850194252,0.8625225566041353,5.7194922914562545,1.7341143106207833,0.38300546018615056,0.5338639209750788,0.6805392662245505,9.598348219915337
tabb_c2_sep,13,3.0,ok,10,4,1.3765125320696243,0.6898137226533373,3.5340993884326157,0.4291808462895063,4.200369025760215,0.6523299021086255,6.919803310765949,4.378309692444624,0.35423285878344474,1.5101330171955798,0.7043283938330025,5.8287851372696,2.2161007991839132,0.3339848122256869,1.1745046924779767,0.5011966658834367,5.732828839520546,5.640026713864968,0.6440530862990943,1.579621048146695,0.8722563741325939,5.721573339578049,1.9019603482369583,0.3844526278497992,1.2417913704582455,0.6814734567643159,9.589486288581147
tabb_c2_sim,13,3.0,ok,10,4,1.345632856584651,0.683249039288334,3.4198683685565294,0.417427531879723,4.070128695730336,0.6354017458247986,6.916199991644397,4.216709563500589,0.34164836024902195,1.4702591336681974,0.6960343634663051,5.823107866639514,2.150727352379037,0.3215607843497736,1.1497799375790356,0.4958989232000738,5.729251270175664,5.419389552448655,0.6249982491172593,1.5205299446591816,0.861309735073391,5.713226509597877,1.892647005897837,0.3815027338028372,1.2419624104321882,0.6797531354135662,9.589652068995385
tabb_c2_sim_joint,13,3.0,ok,10,4,1.2268560749819208,0.6263460564295751,3.3743826664608183,0.33502719431913275,4.048031455342854,0.5036344911512401,6.909385112469735,3.615398650632364,0.30677433410271726,1.163551083082567,0.6977379805221675,5.823469262388224,1.128312401406611,0.14141054281860518,1.3268498019362283,0.43690070797242475,5.739930845445372,6.861172607906461,0.5104211665523712,1.1750610044766998,0.6909924018101423,5.668984332736386,1.892647005897837,0.3815027338028372,1.2419624104321882,0.6797531354135662,9.589652068995385
tabb_rp1,13,3.0,ok,10,4,1.0162498822472306,0.5478336883979065,2.0574481348446025,0.20183627352574052,2.6108460631204715,0.2990742820431968,6.907055018416951,1.7129814724545507,0.09999412512328458,0.6373544538373571,0.5254580239256629,5.732598388927803,2.683600724989267,0.2268102037808738,1.1747033406375582,0.3887314900471104,5.7165191334086245,2.084314287314514,0.17597177920179716,0.6356356355961654,0.6578131512442368,5.6208745329480285,1.7488960546200778,0.3045689859970066,1.6173060989178416,0.6193320883746156,9.679572836817073
tabb_rp1_joint,13,3.0,ok,10,4,1.0467145890233014,0.5435434938678964,2.3859427379027665,0.22003747139386676,3.2893931734031034,0.3396230889097123,6.908875875693311,1.1022340228555776,0.05170217741129759,0.5436453768028457,0.5243595748093075,5.728503313493106,3.536345276982707,0.29269201853259197,1.3051187635796375,0.3916778541959004,5.729991764356913,3.1562955971527047,0.2311867036345708,0.7207881167928807,0.638804458091762,5.620282673264893,1.7488960546200778,0.3045689859970066,1.6173060989178416,0.6193320883746156,9.679572836817073
shah,13,3.0,ok,10,4,2.744509231551454,0.689811235135281,4.745321008408965,0.4291775473266137,6.386762658351692,0.6523242025583283,7.028549765341878,4.682073285187081,0.354232558968831,1.5521337921136433,0.7043276878349575,5.854025359320056,2.46718006664119,0.3339819034664256,1.7786593949951786,0.5011927371398408,5.695479920683773,5.64734674116191,0.6440488024942264,1.3968837596767094,0.8722543157817867,5.7272926868911656,6.1846839406456775,0.38444692437697164,6.250359979420283,0.681470199784539,9.904143640908993
tabb_c1_sep,13,5.0,ok,10,4,2.190532094685901,1.1493181720464327,6.003757732167258,0.7127182112700797,6.549760618889418,1.0847578656192385,11.535327131692998,7.854491102323615,0.5934957778546085,2.5983469120000704,1.1747091273404022,9.758587133286241,4.0945401059379245,0.5473781802322012,2.9937514846605597,0.8329872793065167,9.48935381448557,9.286055300893667,1.078245317385426,2.3406998219865054,1.461780957992053,9.549099918032146,2.779944419513825,0.6317535696080833,0.8293301600964664,1.1277953235467588,15.993496185690525
tabb_c1_sim,13,5.0,ok,10,4,2.1437095731843128,1.1394277452073611,5.831677968929058,0.6947732999687226,6.3394133647166795,1.0606706711815168,11.530034764507391,7.649757057626324,0.5783650873989908,2.5544269841133596,1.1636550714801985,9.750649355187342,3.967593717379667,0.5221249468408634,2.938742353815197,0.8225601973258082,9.484872752004929,8.942127749717612,1.0492051693989857,2.2518900752572493,1.4452149434363382,9.535947797758627,2.7672333509926297,0.6293979962360504,0.8297788795514448,1.1262807685870997,15.993577845869185
tabb_c2_sep,13,5.0,ok,10,4,2.2964808900599083,1.149318238230424,5.8709956901630465,0.7127182854602743,6.959419663812215,1.0847579132929945,11.535799955994241,7.336737675589258,0.5934960417012963,2.527281199744853,1.1747093875905028,9.71530176183294,3.6587684124307156,0.5473781493412989,1.9382934362599469,0.8329872320913161,9.552454802234754,9.359765059310964,1.078245560589381,2.6460128115632813,1.4617811123184046,9.544523765642028,3.128711613321248,0.6317533902091206,2.074336112671552,1.127795220921472,15.986378811780652
tabb_c2_sim,13,5.0,ok,10,4,2.2451194974263493,1.1383852731282857,5.680721546802812,0.6931669366445801,6.743053796284194,1.0565242054991781,11.52975357689919,7.066313771774809,0.572444543799531,2.4605277880005043,1.1607850093641687,9.705780484064977,3.551846071267494,0.5271659057488673,1.8984310062648486,0.8245932452665086,9.546769560238317,8.991366714455925,1.0461950694710946,2.5469036011496202,1.4432002547850267,9.53019453480188,3.1133596297130195,0.6268622275588271,2.0746155942904227,1.1249625830974388,15.986659390371761
tabb_c2_sim_joint,13,5.0,ok,10,4,2.045365860065656,1.042268187835523,5.604665076191713,0.5555493154320404,6.72511563803423,0.8348268035143999,11.51752381710419,6.0187529320435695,0.5106048787854923,1.940484512688128,1.161274755220725,9.704827294848704,1.8768220424926358,0.2352891704776498,2.210592817810986,0.7287278844121602,9.567009651864234,11.409725700517626,0.8494409849061926,1.9557705154730873,1.1541075286117692,9.451391143359979,3.1133596297130195,0.6268622275588271,2.0746155942904227,1.1249625830974388,15.986659390371761
tabb_rp1,13,5.0,ok,10,4,1.7109201629499644,0.9131332599537887,3.439943104427729,0.33754705650917916,4.375478658221163,0.500552730848442,11.515294747661976,2.8553300058750533,0.16702622604988426,1.0658596371896825,0.8742662256386414,9.554120545048752,4.468566413021225,0.37734277869668637,1.9744845655369223,0.648955968006092,9.528520806365863,3.4901717982482454,0.293868293531278,1.068532921869784,1.0979801131722076,9.371711047178398,2.945704200566394,0.5119509277588682,2.7348035272034683,1.0313307329982135,16.140172130545903
tabb_rp1_joint,13,5.0,ok,10,4,1.7569716691750719,0.9059608833580148,3.9879174170071305,0.36812526197157014,5.508148026296477,0.5681881297282333,11.518349848587865,1.8323414350475138,0.08634741107602743,0.9045581146058299,0.8726058713645509,9.54701680619993,5.896291403556455,0.4877081858976501,2.1897575321457063,0.653437939565324,9.551295155475529,5.277332628858159,0.38649452315373506,1.1987675027452833,1.066468989503971,9.370784785135747,2.945704200566394,0.5119509277588682,2.7348035272034683,1.0313307329982135,16.140172130545903
shah,13,5.0,ok,10,4,4.17266182362933,1.1493070938750778,7.482130800894425,0.7127037756923783,9.786488846474889,1.0847330436074785,11.65302133611731,7.854521914344262,0.5934948734339963,2.5983486510997382,1.1747061369313214,9.758587331791519,4.0948875026519165,0.5473649308638028,2.9936961082697526,0.8329693077944363,9.489343186078308,9.285874608608708,1.0782275468893583,2.3406830374225573,1.4617721125847178,9.549097035420578,8.693239177972814,0.6317277515823556,8.757919497725272,1.1277808181898357,16.331218877743638
tabb_c1_sep,14,0.0,ok,10,4,7.406512012838077e-07,6.319287924436583e-08,9.481727608082912e-07,5.158444703885254e-08,1.115514907092421e-06,8.904660782938958e-08,6.914243661797068e-07,1.1545407780226353e-06,5.7250536212473905e-08,1.0269410772070912e-06,7.522593661693438e-08,9.318157325557534e-07,1.452740806037539e-06,1.0209191234966541e-07,9.971796323434094e-07,1.2530321668079448e-07,4.924442952987028e-07,1.185402706748546e-06,4.6993908416498535e-08,9.384827345204176e-07,5.224094266819106e-08,8.952589978122789e-07,6.752424444257127e-12,1.4311767723118752e-12,1.3610643121480628e-12,1.4210115433690067e-12,3.6796652310194025e-12
tabb_c1_sim,14,0.0,ok,10,4,1.2722733140093233e-06,8.533840127477502e-08,1.6785133045889222e-06,7.109241012944799e-08,2.2444212388119215e-06,1.1327449618177434e-07,8.38282303481501e-07,2.5998701502397804e-06,1.4331143142288044e-07,1.4076263567888562e-06,1.6812610318560224e-07,1.0896059636167334e-06,2.246160008322648e-06,1.0426574750712776e-07,2.029649445987906e-06,1.250271682030188e-07,6.712067398319777e-07,1.867941098691095e-06,3.6775286766455195e-08,1.6518012705326947e-06,4.818317174118387e-08,1.083101673740935e-06,8.196110216560229e-11,1.7174821328633453e-11,1.6182727836897477e-11,1.716196929517179e-11,4.5995314282419287e-11
tabb_c2_sep,14,0.0,ok,10,4,2.710745366569052e-07,1.073078133866061e-07,6.790562151311396e-07,9.975720259683454e-08,1.5307705207109457e-06,1.7784975640992197e-07,8.011313906730626e-07,1.1302714429901309e-06,2.3032035963367675e-07,5.570495531262715e-07,2.3936458780263657e-07,1.1854863311954933e-06,9.013708206477934e-07,9.5500088262384e-08,3.0409565237581135e-07,1.17974652477486e-07,4.997148538836361e-07,6.840853946628409e-07,7.309443564383212e-08,2.2305181703435992e-07,7.177809679789568e-08,9.550671095090177e-07,4.972022237939021e-10,1.1392684744531525e-10,1.011240911777487e-10,1.1391646840607184e-10,2.4531167250510573e-10
tabb_c2_sim,14,0.0,ok,10,4,9.310017681540561e-07,4.6968283961434397e-08,9.685979016765968e-07,3.7971497917341763e-08,1.5657078319161157e-06,6.621763081202342e-08,7.602777960586683e-07,1.7419783746226574e-06,3.824860556069498e-08,1.378169208637326e-06,6.149265408656492e-08,8.416678586578747e-07,1.0601611240570092e-06,4.7084591536998116e-08,9.317937585443826e-07,6.50043000970741e-08,8.809269624816484e-07,1.071203366609402e-06,6.646647745897109e-08,1.4129251704930222e-06,6.12898579343822e-08,9.097532317939173e-07,1.0487414173190979e-09,8.631711270286737e-11,1.1189349414934145e-09,8.632372771635707e-11,1.1262481750022366e-09
tabb_c2_sim_joint,14,0.0,ok,10,4,1.659459710037769e-06,1.206221108159477e-07,8.812621740867753e-07,1.0935560271597443e-07,1.2817232299396175e-06,7.526055379563277e-08,9.431307271985141e-07,1.918284315919132e-06,1.4781906231762708e-07,2.2170797216700267e-06,1.630278412324395e-07,9.57920238183556e-07,7.994412183592749e-07,1.4600675081151822e-07,2.134076439152365e-06,1.6112492536676386e-07,6.507360009693286e-07,8.062744206513755e-07,1.435102806220496e-07,2.285563744387192e-06,1.5824935293687102e-07,1.4889299782830102e-06,1.0487414173190979e-09,8.631711270286737e-11,1.1189349414934145e-09,8.632372771635707e-11,1.1262481750022366e-09
tabb_rp1,14,0.0,ok,10,4,6.373812905787162e-07,5.4045058942106e-08,8.950576256606601e-07,3.822353562285905e-08,1.2608451907880222e-06,6.15401576755879e-08,7.29702934709755e-07,1.044742784664371e-06,5.6487934467619787e-08,8.361272374518465e-07,5.876808803868659e-08,7.755137754762458e-07,1.1238359212551612e-06,4.592849757316373e-08,7.50415233758949e-07,7.489630968232786e-08,7.582781156998164e-07,1.362087127246958e-06,4.4219407087452765e-08,9.442367682548788e-07,7.625752951296079e-08,9.76290364938488e-07,4.956466947615027e-08,6.258303363199937e-09,1.8745922849190588e-08,6.258308534448761e-09,1.775664162236313e-08
tabb_rp1_joint,14,0.0,ok,10,4,3.367602236725637e-07,5.308641960859657e-08,3.560359922717388e-07,2.9695648386904676e-08,5.477692394259476e-07,4.958007312114297e-08,6.892296569627708e-07,5.745233593948632e-07,3.2092737169265016e-08,3.9613678216320533e-07,6.45246328401151e-08,8.616686418723336e-07,5.291150588448003e-07,9.022413420960157e-09,4.557219594355678e-07,4.6731456738505894e-08,4.5677267095033505e-07,2.7094088137114144e-07,7.14091395941936e-08,4.764362302422912e-07,9.48312803213165e-08,9.740229260716377e-07,4.956466947615027e-08,6.258303363199937e-09,1.8745922849190588e-08,6.258308534448761e-09,1.775664162236313e-08
shah,14,0.0,ok,10,4,7.068492705457837e-07,5.3124399764532664e-08,7.526493668135652e-07,2.7497080699096066e-08,4.2303839455527007e-07,1.833158266722832e-08,6.692624867921886e-07,1.2849946273750438e-06,3.666254442852951e-08,9.424658382641468e-07,7.083232053443221e-08,9.20148101630151e-07,1.0163575507246495e-06,3.666279254690527e-08,9.424652620373567e-07,7.083252700837148e-08,3.996080400863766e-07,7.092442667090806e-07,3.666268322889389e-08,9.424655508793324e-07,7.083244078243159e-08,8.861658932013119e-07,1.0224454869641665e-12,3.02592055598925e-13,4.310022987914442e-13,3.107328953911441e-13,7.300885677522861e-13
tabb_c1_sep,14,1.0,ok,10,4,0.3677169243013387,0.225976063421574,0.9067637608892734,0.08489922749359438,1.003919917297204,0.13111573082912664,2.390533582343403,1.848173803935062,0.1638502024301426,0.38771442635241427,0.26482468501489775,1.9202497335321653,0.2974202024784605,0.038804105174132464,0.2748041071012911,0.2222402337120399,1.9153707122975974,1.282289341560234,0.09711604924593106,0.43528608523212275,0.20156004468706096,1.9619298621345198,0.19917169558333642,0.03982655312417139,0.37306307851952664,0.21527929027229747,3.413712120940106
tabb_c1_sim,14,1.0,ok,10,4,0.36519311653579195,0.22506997244471463,0.8791387550702401,0.08266534159630863,0.9779950852499377,0.12813473191128927,2.390235722564092,1.8205964719498164,0.16021151126285815,0.38164383890570397,0.2646256927184301,1.9185075757026813,0.29339683200000827,0.03932621278463803,0.27555280309207014,0.22253511107536955,1.9151973008458232,1.2103040733932526,0.09219023633810847,0.4302363910285577,0.19754719493906883,1.961202173308322,0.19225764293788308,0.038933405999629835,0.37333943311683604,0.21557189104599006,3.414372746772231
tabb_c2_sep,14,1.0,ok,10,4,0.38333655632179764,0.22597695102861465,0.9744014433484184,0.0848996324203863,1.0709653576705245,0.13111766603431432,2.394239241692871,1.8656172403470017,0.16385273812488296,0.35019442297393744,0.2648266310108404,1.9212139839966682,0.3094499867857742,0.038800858623510334,0.23554737137302148,0.22224117670519453,1.9149532806234648,1.230618003038596,0.09711779691816803,0.3940758704374765,0.20156088364453853,1.956266292331914,0.4919205432223016,0.039827136014983895,0.5535285605027549,0.2152791127538851,3.4270160694194645
tabb_c2_sim,14,1.0,ok,10,4,0.3774020239760597,0.2248079140070725,0.9429625443761691,0.0819787843800601,1.0438618098508872,0.12690018829175964,2.393631662533137,1.8136006896182908,0.1582279845231878,0.3407253833782332,0.26336447515626077,1.9181685528817052,0.30127511883773767,0.0380806698557696,0.23581920254995717,0.22233203545200758,1.9149379902551424,1.1670316119168362,0.09237103580710128,0.37929697126763295,0.19806364972057694,1.9555837848578137,0.4899427571318115,0.03923544733418169,0.5537665387084153,0.21547149569944468,3.4274223696736135
tabb_c2_sim_joint,14,1.0,ok,10,4,0.35075061238343386,0.20691615195710922,0.5629854138154992,0.061098142968544905,0.6632644996380418,0.07857847229164437,2.389269557967035,0.9327489731821239,0.0869397763012653,0.2498926391310477,0.21530606818460968,1.8771417644236503,0.20705907920073352,0.028545601687154677,0.3240320476532081,0.22021878448175922,1.9253024062636743,0.6221908457473275,0.08967174655157795,0.27531122404106445,0.17666825946262332,1.963863901359931,0.4899427571318115,0.03923544733418169,0.5537665387084153,0.21547149569944468,3.4274223696736135
tabb_rp1,14,1.0,ok,10,4,0.4647219867723419,0.23433994913268347,0.9420075488797273,0.08883518101550436,0.7384665641553885,0.08562297095164444,2.4115301816313384,1.246323279140941,0.10636953737727901,0.3478107108328232,0.2826570664609271,1.8922776838346393,0.7306247188884579,0.05855007957642123,0.2714186958078748,0.2322016839745814,1.9184449715867666,0.9730956299225734,0.06914368235228883,0.7178654847538594,0.13896968902035153,1.9580508954768454,0.8179865675669367,0.1212774247560284,0.5217930556948102,0.2835313570748737,3.488094324506247
tabb_rp1_joint,14,1.0,ok,10,4,0.43120077083528724,0.23496767211778033,0.998937436461359,0.08860052635013099,0.7650731256243773,0.09643189679095189,2.4133507491984227,1.4913986996848918,0.1153419447551973,0.38971849931317626,0.2853435962773706,1.8980588522588806,0.821354873261979,0.05427340537533843,0.31285634463332684,0.22935473368257303,1.9256223568241613,0.865009605331629,0.06350933051395984,0.5004351836998356,0.14164100143630398,1.9543787939481758,0.8179865675669367,0.1212774247560284,0.5217930556948102,0.2835313570748737,3.488094324506247
shah,14,1.0,ok,10,4,0.7473782371570903,0.2259761731594945,1.3361854186971875,0.08489902443351308,1.8084007236334723,0.13111536470928573,2.4478064081538244,1.8481673441182638,0.16384972668591496,0.387712971359517,0.26482421533412787,1.9202493068372797,0.29738998784469634,0.03880184504574541,0.27480351792943336,0.2222407050975602,1.9153705852846243,1.2823001270172731,0.09711761191320045,0.4352900417479225,0.20156059143191107,1.9619302812989274,1.9168842158085173,0.039826914089191486,1.8917064175914886,0.21527918077437885,3.572373516184359
tabb_c1_sep,14,3.0,ok,10,4,1.1035032713619541,0.6769520606877149,2.726798444147256,0.2540714997659784,2.9923511101587317,0.38977273573415333,7.173252069391233,5.5603828449572275,0.4906867254740414,1.1668899842899956,0.7913433083765766,5.75724494597363,0.8654198870247117,0.11453431958736876,0.8079307619105297,0.6677415104524524,5.7463645228187055,3.8513057373374955,0.29043981895041937,1.3284848531276094,0.604416215383505,5.8872473850235085,0.6300853072695893,0.12062513505208423,1.1107074861196813,0.6443072085383255,10.246751906559851
tabb_c1_sim,14,3.0,ok,10,4,1.0961910622900635,0.6742700510055655,2.6455680028587953,0.24740152005003302,2.9159107622480405,0.3809961922421518,7.172401613507687,5.478355755684449,0.47993105828618193,1.1485162759369154,0.7907905533711381,5.752177256166075,0.8564948900380621,0.1162199888691831,0.8110890004979121,0.6686289827339232,5.745853996185888,3.6375412046526714,0.27580385146350345,1.3134693904116328,0.5924997925362847,5.885047517480961,0.6098801610599991,0.1176511815812635,1.1116895823137936,0.6451608753809163,10.248766462698926
tabb_c2_sep,14,3.0,ok,10,4,1.1494838958642832,0.6769516709989354,2.9171531315734383,0.2540716046967466,3.188042029095362,0.38977256886945405,7.183574944657485,5.599058853617265,0.4906846784823127,1.0481487963549192,0.7913418150690263,5.761252437773225,0.9248517275611126,0.11453681990890112,0.7127086818469314,0.6677407966933019,5.745358292695339,3.6674927417784677,0.2904403646023723,1.179408722465358,0.604416709022265,5.870322752327183,1.4772092033369075,0.12062455579340037,1.657669382789924,0.6443073632111482,10.283634336282182
tabb_c2_sim,14,3.0,ok,10,4,1.1317641463886114,0.6734790729536941,2.8232520394110905,0.24531234254435028,3.1082016507170382,0.37729251980199957,7.18179541214106,5.44327708220556,0.47389535443462116,1.0199257958837662,0.7870179688150987,5.75227242341253,0.9006825860764123,0.11246137508853467,0.7133760269334655,0.6680379649878849,5.745300719346671,3.477946924820122,0.27624936766767166,1.1353161631615387,0.5939842059248563,5.868272538895734,1.4711015645422676,0.11864327298657353,1.6584385995756754,0.6448761520869366,10.284891851048611
tabb_c2_sim_joint,14,3.0,ok,10,4,1.0546755575958935,0.6207516648143578,1.7039575875788198,0.18481857543380315,1.9960885572824514,0.23567250434820508,7.169261912779369,2.8249095721950703,0.2623824506306463,0.7533005940671496,0.6439716182386355,5.631134562225827,0.6316550759676585,0.08771229635883723,0.9770900783070119,0.661986417228535,5.776681402539147,1.888164137610282,0.27053628175915556,0.8298729584337368,0.5321724717033247,5.893601668251225,1.4711015645422676,0.11864327298657353,1.6584385995756754,0.6448761520869366,10.284891851048611
tabb_rp1,14,3.0,ok,10,4,1.4019271788675294,0.7028360764665942,2.8289353515054643,0.2671054998728239,2.2249158498198875,0.2573858281297207,7.2387869293124005,3.739565465822365,0.319386565036515,1.0488029045901706,0.8458016741590749,5.676609379699021,2.200553964515162,0.17645215436250936,0.8215073389684195,0.6978923010192359,5.755574274468187,2.914776830170675,0.20624147403467735,2.1633943207576167,0.41699633628139465,5.8758223808167465,2.4608451455136557,0.36634180605759387,1.5740041511539111,0.8506539944066711,10.474938038118525
tabb_rp1_joint,14,3.0,ok,10,4,1.3014606425191575,0.7046366218763569,2.9968489616510263,0.2662035763789643,2.3002517475068847,0.2896187413263157,7.24418630457209,4.467232535043046,0.34540257485538733,1.1745212542682482,0.8531752582504025,5.693668842752188,2.468279070449175,0.16311019284869682,0.9426040245618013,0.6892577547513409,5.777192393846884,2.5910390955982288,0.18995973175417913,1.5147131400926694,0.42545948009701284,5.864707760198084,2.4608451455136557,0.36634180605759387,1.5740041511539111,0.8506539944066711,10.474938038118525
shah,14,3.0,ok,10,4,2.1223617982381904,0.6769517409465335,3.8830417632349503,0.25406714186771145,5.152670442342293,0.3897694676189695,7.318646006022602,5.560376187168345,0.49068528541556683,1.166893704392176,0.7913456712086978,5.757245853874365,0.8652846279598563,0.11452406200866708,0.807923488547214,0.6677435739279887,5.74636380638643,3.85121003212895,0.29043387874277965,1.328486281418264,0.6044105487401059,5.887246930619296,5.255296205682651,0.12062534130383236,5.186143718595108,0.6443071699093421,10.650073436671432
tabb_c1_sep,14,5.0,ok,10,4,1.8445798731522838,1.1266990734571034,4.563395711752662,0.4226258585945639,4.959062072148529,0.6438141577485627,11.922438312668524,9.295166193108551,0.8164172998055718,1.952853515556035,1.3138507878305747,9.589954133807307,1.4043444888445717,0.18798111176478005,1.3309834196821846,1.1145983478717152,9.578025502049938,6.426775271472572,0.48265863978582757,2.251672116089458,1.0069938457247605,9.814719702583254,1.1272968935849565,0.2034463830220762,1.842810441281457,1.0713533124013632,17.004592736253617
tabb_c1_sim,14,5.0,ok,10,4,1.8333568765571067,1.1222861677676788,4.430904564865201,0.41155936802646587,4.83367560260454,0.629451355368183,11.9210478076996,9.159632487244174,0.7987605631477722,1.9220037245536101,1.3130009921734644,9.58176799445494,1.3948150082541786,0.19097359428053348,1.339816691441887,1.1160797736004655,9.577190120491265,6.0740810124863716,0.45849614126163674,2.2267702040269293,0.9873304901552651,9.811029547498967,1.0950897514760762,0.19800717341592097,1.844836886206,1.0727334151415207,17.00792559413904
tabb_c2_sep,14,5.0,ok,10,4,1.9151825428117273,1.1266996545726073,4.853147585733748,0.4226260761158875,5.273113035033197,0.6438150115712439,11.940325297684042,9.336607259087295,0.8164189644817379,1.7433927290824418,1.3138519415452568,9.598453895320874,1.537776729679329,0.18798032329956138,1.1982077484666074,1.1145995297258497,9.576741800718123,6.073707626794213,0.4826587519529439,1.9612902363028042,1.0069938075666582,9.786664198818503,2.464498727374152,0.2034462647293068,2.7578394573950566,1.0713533394526646,17.066985781534914
tabb_c2_sim,14,5.0,ok,10,4,1.8857623153535592,1.120959827867741,4.697307051732592,0.4080255866726922,5.1422476159479755,0.6232827199775887,11.937393501232824,9.07714517250368,0.7885545994734429,1.6965670430776187,1.3067289422725712,9.583718007065466,1.498398256938088,0.18467316694207797,1.199041800574643,1.1151275859817225,9.576628922468906,5.759672686984247,0.45908160911855617,1.8882206385979443,0.9896964162575774,9.783238296799125,2.454012090504349,0.1997929711566917,2.75921977916403,1.0722863669590919,17.069108110380654
tabb_c2_sim_joint,14,5.0,ok,10,4,1.7618318224361411,1.0346380090817766,2.865287775552728,0.31070273996278114,3.3376680121166284,0.3928253120360854,11.917336246371919,4.753040049602302,0.4399052407726959,1.2615737468256614,1.0701908624086152,9.385026426642995,1.0707887929117577,0.14966775074840935,1.6367862650575997,1.10550901684191,9.629382293463474,3.1833101691925028,0.4534449971733276,1.3897474986972733,0.8905657901174893,9.826273533509713,2.454012090504349,0.1997929711566917,2.75921977916403,1.0722863669590919,17.069108110380654
tabb_rp1,14,5.0,ok,10,4,2.3496537103566326,1.171114909286244,4.719780201998292,0.4461939852976631,3.723794124592865,0.4298289908290845,12.050682353696375,6.233101154953316,0.5327362762187577,1.7571254846711977,1.4061330503138705,9.460914369776207,3.6824596946246664,0.29545228798031936,1.381531639270424,1.1652781450203171,9.593322183315617,4.850972717623579,0.34177403844876075,3.621969532576831,0.6951453452188687,9.796069955656206,4.112587240791605,0.6148133385428145,2.6379881849080773,1.4179030965919202,17.436564784490624
tabb_rp1_joint,14,5.0,ok,10,4,2.182327269734423,1.1739987757960508,4.994695697134732,0.4443656793799029,3.842214944327703,0.48326092662596026,12.059607576171077,7.433859992004276,0.5746663919840481,1.9666914133747961,1.4173672933269892,9.488904977596198,4.119934109914878,0.2722642243514201,1.5777289314306993,1.1507289602135335,9.629479296083934,4.312401445828171,0.315718762641329,2.5469005492241195,0.7099957530517601,9.777391819710546,4.112587240791605,0.6148133385428145,2.6379881849080773,1.4179030965919202,17.436564784490624
shah,14,5.0,ok,10,4,3.3364572461220683,1.126697535584003,6.259207114707798,0.42260657604286866,8.124382254738219,0.6437992072018945,12.129055198665544,9.29517164432141,0.8164152269766228,1.9528801323627778,1.313864353030978,9.589961910101813,1.4037248361811212,0.18793263745085986,1.3309526153302467,1.1146066799127177,9.57802290344366,6.426310022062952,0.48262996861926066,2.2516817719913482,1.006966212183561,9.814717403006789,7.9116219562657095,0.20344847112473152,7.8103144648039,1.0713528972087554,17.581134104690232
tabb_c1_sep,15,0.0,ok,10,4,7.406512012838077e-07,6.319287924436583e-08,9.481727608082912e-07,5.158444703885254e-08,1.115514907092421e-06,8.904660782938958e-08,6.914243661797068e-07,1.1545407780226353e-06,5.7250536212473905e-08,1.0269410772070912e-06,7.522593661693438e-08,9.318157325557534e-07,1.452740806037539e-06,1.0209191234966541e-07,9.971796323434094e-07,1.2530321668079448e-07,4.924442952987028e-07,1.185402706748546e-06,4.6993908416498535e-08,9.384827345204176e-07,5.224094266819106e-08,8.952589978122789e-07,6.752424444257127e-12,1.4311767723118752e-12,1.3610643121480628e-12,1.4210115433690067e-12,3.6796652310194025e-12
tabb_c1_sim,15,0.0,ok,10,4,1.2722733140093233e-06,8.533840127477502e-08,1.6785133045889222e-06,7.109241012944799e-08,2.2444212388119215e-06,1.1327449618177434e-07,8.38282303481501e-07,2.5998701502397804e-06,1.4331143142288044e-07,1.4076263567888562e-06,1.6812610318560224e-07,1.0896059636167334e-06,2.246160008322648e-06,1.0426574750712776e-07,2.029649445987906e-06,1.250271682030188e-07,6.712067398319777e-07,1.867941098691095e-06,3.6775286766455195e-08,1.6518012705326947e-06,4.818317174118387e-08,1.083101673740935e-06,8.196110216560229e-11,1.7174821328633453e-11,1.6182727836897477e-11,1.716196929517179e-11,4.5995314282419287e-11
tabb_c2_sep,15,0.0,ok,10,4,2.710745366569052e-07,1.073078133866061e-07,6.790562151311396e-07,9.975720259683454e-08,1.5307705207109457e-06,1.7784975640992197e-07,8.011313906730626e-07,1.1302714429901309e-06,2.3032035963367675e-07,5.570495531262715e-07,2.3936458780263657e-07,1.1854863311954933e-06,9.013708206477934e-07,9.5500088262384e-08,3.0409565237581135e-07,1.17974652477486e-07,4.997148538836361e-07,6.840853946628409e-07,7.309443564383212e-08,2.2305181703435992e-07,7.177809679789568e-08,9.550671095090177e-07,4.972022237939021e-10,1.1392684744531525e-10,1.011240911777487e-10,1.1391646840607184e-10,2.4531167250510573e-10
tabb_c2_sim,15,0.0,ok,10,4,9.310017681540561e-07,4.6968283961434397e-08,9.685979016765968e-07,3.7971497917341763e-08,1.5657078319161157e-06,6.621763081202342e-08,7.602777960586683e-07,1.7419783746226574e-06,3.824860556069498e-08,1.378169208637326e-06,6.149265408656492e-08,8.416678586578747e-07,1.0601611240570092e-06,4.7084591536998116e-08,9.317937585443826e-07,6.50043000970741e-08,8.809269624816484e-07,1.071203366609402e-06,6.646647745897109e-08,1.4129251704930222e-06,6.12898579343822e-08,9.097532317939173e-07,1.0487414173190979e-09,8.631711270286737e-11,1.1189349414934145e-09,8.632372771635707e-11,1.1262481750022366e-09
tabb_c2_sim_joint,15,0.0,ok,10,4,1.659459710037769e-06,1.206221108159477e-07,8.812621740867753e-07,1.0935560271597443e-07,1.2817232299396175e-06,7.526055379563277e-08,9.431307271985141e-07,1.918284315919132e-06,1.4781906231762708e-07,2.2170797216700267e-06,1.630278412324395e-07,9.57920238183556e-07,7.994412183592749e-07,1.4600675081151822e-07,2.134076439152365e-06,1.6112492536676386e-07,6.507360009693286e-07,8.062744206513755e-07,1.435102806220496e-07,2.285563744387192e-06,1.5824935293687102e-07,1.4889299782830102e-06,1.0487414173190979e-09,8.631711270286737e-11,1.1189349414934145e-09,8.632372771635707e-11,1.1262481750022366e-09
tabb_rp1,15,0.0,ok,10,4,6.373812905787162e-07,5.4045058942106e-08,8.950576256606601e-07,3.822353562285905e-08,1.2608451907880222e-06,6.15401576755879e-08,7.29702934709755e-07,1.044742784664371e-06,5.6487934467619787e-08,8.361272374518465e-07,5.876808803868659e-08,7.755137754762458e-07,1.1238359212551612e-06,4.592849757316373e-08,7.50415233758949e-07,7.489630968232786e-08,7.582781156998164e-07,1.362087127246958e-06,4.4219407087452765e-08,9.442367682548788e-07,7.625752951296079e-08,9.76290364938488e-07,4.956466947615027e-08,6.258303363199937e-09,1.8745922849190588e-08,6.258308534448761e-09,1.775664162236313e-08
tabb_rp1_joint,15,0.0,ok,10,4,3.367602236725637e-07,5.308641960859657e-08,3.560359922717388e-07,2.9695648386904676e-08,5.477692394259476e-07,4.958007312114297e-08,6.892296569627708e-07,5.745233593948632e-07,3.2092737169265016e-08,3.9613678216320533e-07,6.45246328401151e-08,8.616686418723336e-07,5.291150588448003e-07,9.022413420960157e-09,4.557219594355678e-07,4.6731456738505894e-08,4.5677267095033505e-07,2.7094088137114144e-07,7.14091395941936e-08,4.764362302422912e-07,9.48312803213165e-08,9.740229260716377e-07,4.956466947615027e-08,6.258303363199937e-09,1.8745922849190588e-08,6.258308534448761e-09,1.775664162236313e-08
shah,15,0.0,ok,10,4,7.068492705457837e-07,5.3124399764532664e-08,7.526493668135652e-07,2.7497080699096066e-08,4.2303839455527007e-07,1.833158266722832e-08,6.692624867921886e-07,1.2849946273750438e-06,3.666254442852951e-08,9.424658382641468e-07,7.083232053443221e-08,9.20148101630151e-07,1.0163575507246495e-06,3.666279254690527e-08,9.424652620373567e-07,7.083252700837148e-08,3.996080400863766e-07,7.092442667090806e-07,3.666268322889389e-08,9.424655508793324e-07,7.083244078243159e-08,8.861658932013119e-07,1.0224454869641665e-12,3.02592055598925e-13,4.310022987914442e-13,3.107328953911441e-13,7.300885677522861e-13
tabb_c1_sep,15,1.0,ok,10,4,0.4370398375702086,0.2850235774114196,0.8320719378659438,0.14809062926153516,1.1415712510313658,0.21095240393740333,2.462028349412081,1.5678804908946002,0.16056349449138047,0.7320905114060806,0.32286305735978793,1.8938461700775324,0.6760971584740461,0.18177498796247657,0.49228907655776366,0.23651648273623352,2.020525445329596,0.9175666989207742,0.11843256729607508,0.35482088733782424,0.2419513753198445,1.8625998620381812,0.1667434031743546,0.13159146729620852,0.16895887497916579,0.3387633942298126,3.620480594621211
tabb_c1_sim,15,1.0,ok,10,4,0.4264036756044025,0.2813279394360544,0.7915763984114873,0.14195797655774137,1.092119777470354,0.2026787706938661,2.4603099597577063,1.5207585583734797,0.15367988417220807,0.7119978657552876,0.31980397204047867,1.888974326455855,0.6449889381700196,0.17676873882884062,0.48247004015364436,0.232195678690585,2.018481832765554,0.8470346178728622,0.11180828187949994,0.3424570469969902,0.2373187949111689,1.8608690792413496,0.15352347922958792,0.12557500135041685,0.1686897495116878,0.3359933121019849,3.6203830939613804
tabb_c2_sep,15,1.0,ok,10,4,0.4738843725888471,0.28502342995060265,0.9110071812504676,0.14809054437108632,1.200904694335836,0.21095227771341185,2.4633359206603074,1.5762614087205855,0.16056292091614208,0.6412982407326967,0.32286232563653916,1.8973286932866784,0.7314017345923858,0.1817744000085384,0.546825393808916,0.23651615294300982,2.0167052896799182,0.9616810090089711,0.11843237680964204,0.2923237899663839,0.2419513704345917,1.8680182759168322,0.3746845726799287,0.13159247975002272,0.4150900658473915,0.33876387078827,3.6215530863305423
tabb_c2_sim,15,1.0,ok,10,4,0.4626927910528804,0.2815450238441937,0.8809943851894746,0.14283650264829204,1.1559929990863804,0.20344646341842668,2.4616292546290373,1.5304076653943077,0.15449567239584683,0.6236203530493367,0.3199554627944945,1.893033751041525,0.705519689980266,0.1747334343993534,0.5302821973656888,0.23018479679698317,2.013786138670367,0.9163158106035222,0.11378996233477467,0.28182029505757583,0.23878315065862127,1.8664987356960097,0.37173437477980253,0.12832694146319323,0.4150483187389205,0.33725668512667606,3.621566708448704
tabb_c2_sim_joint,15,1.0,ok,10,4,0.3169460586395855,0.22601681217232783,0.33210709655106324,0.07410672768396223,0.43542515740697635,0.07812210465733582,2.4445404642670554,0.2762460927647215,0.07235696597544457,0.2653082088763787,0.2578811399981876,1.846562402823026,0.282899240572191,0.04330976970051973,0.31012503078657383,0.12463186832766815,1.9902884723199743,0.3975486780875379,0.05243323359669141,0.277302676156469,0.18429755523677951,1.8483305958195522,0.37173437477980253,0.12832694146319323,0.4150483187389205,0.33725668512667606,3.621566708448704
tabb_rp1,15,1.0,ok,10,4,0.5467416749810403,0.24561812986065917,0.8427547331551832,0.09430215235427444,1.241375699653392,0.15396008212287252,2.473830873281759,0.35569230006447505,0.04396270787517017,0.3811277377733222,0.267935894065689,1.8504317800302585,1.090053226160801,0.06611920984889616,0.5232694473784796,0.13675540995272237,2.0146704795272434,0.698413279654391,0.032337126311436946,0.636274744955831,0.17009284861090526,1.8569896609452818,1.2268601267410661,0.2347895653815945,0.6462947698165282,0.4076883668133201,3.6807541678202043
tabb_rp1_joint,15,1.0,ok,10,4,0.4616165916094722,0.2418151614569123,0.735965068760023,0.09131604068976767,1.101934344873376,0.15144645185438801,2.4707559967346215,0.3347853267184844,0.04198852530167994,0.2915360796653098,0.2504678775916439,1.8447881727258133,0.9730074713122484,0.06596463621075124,0.4841167403970027,0.13565062579701742,2.0115324915114607,0.40920735026829336,0.022521435865045004,0.424518776559048,0.17345377562566774,1.8496170336151256,1.2268601267410661,0.2347895653815945,0.6462947698165282,0.4076883668133201,3.6807541678202043
shah,15,1.0,ok,10,4,1.1172684364366088,0.28502361982344376,1.4995156877560047,0.14809077127643727,2.1595292155789974,0.21095236784387597,2.5478181637914896,1.567876524467239,0.1605631367811702,0.7320913651026422,0.3228625244534243,1.8938464603666987,0.676088922372114,0.18177482052803998,0.4922892662996673,0.23651640522796202,2.020525506759604,0.9175454952229541,0.11843251984405519,0.3548214416680556,0.24195160557209583,1.862600274513237,2.8365518089617114,0.13159260795248376,2.8898716726760694,0.3387639440402931,3.8505911314312433
tabb_c1_sep,15,3.0,ok,10,4,1.3553840988457302,0.8544237094556417,2.508271558793011,0.44408789972845253,3.429815772969303,0.6323542300930409,7.385758819419687,4.68007912144316,0.4822160775074462,2.156952931853588,0.9709515720773533,5.685060997924919,2.0364706973556026,0.547359356606398,1.495553293328721,0.7116100256435363,6.064744381224327,2.7047647166149407,0.35256591350963135,1.085618726954446,0.7205072990880926,5.588271383193619,0.6117716997583406,0.3942102512903346,0.6834114432461657,1.0146259410135847,10.856699007645137
tabb_c1_sim,15,3.0,ok,10,4,1.3233725636704192,0.8432834729711074,2.3887115891424635,0.42560354750866025,3.281173736966274,0.6074089850996599,7.380564346867706,4.536428801770945,0.46130465906480356,2.0962062704460975,0.9616470446928677,5.670040026911215,1.9441308218129407,0.532228718350762,1.465807109786903,0.6985352410739043,6.058529692172146,2.495771103662473,0.33293351133677,1.0494102690638627,0.7067505790831987,5.583269638721802,0.578515629323496,0.37594730128230536,0.6820666053848133,1.0062010270344588,10.85646740503739
tabb_c2_sep,15,3.0,ok,10,4,1.421953511790902,0.8544249420306226,2.7190574751238197,0.44408863386477504,3.5928782461107374,0.6323554278056067,7.389761844354632,4.730991244738548,0.4822156758575351,1.9277619825213872,0.9709514669609238,5.6928371933166755,2.1987864608948784,0.5473590868862498,1.648172818141515,0.7116095711282742,6.0530775294750345,2.8281427174799028,0.352570457834233,0.872940368628534,0.7205132353896506,5.60523302763013,1.1183094773819484,0.3942093148810824,1.2389388778721713,1.0146254946436415,10.861286308887975
tabb_c2_sim,15,3.0,ok,10,4,1.3883049209233798,0.8439544988980905,2.6292568054351624,0.42827150586315327,3.4581648994862557,0.6097587905961621,7.384604888677499,4.592772265136093,0.4639358291945549,1.8745239949895183,0.9621839244738105,5.679842839974094,2.1208782684502543,0.5261093527394048,1.5980577009227208,0.6924936610851278,6.04418858856776,2.6939487065638663,0.3387604447659821,0.8416589846392304,0.7111064108618811,5.60074190638688,1.1094279815904362,0.3842803967526714,1.2389790031420491,1.0100339991715426,10.861326676082557
tabb_c2_sim_joint,15,3.0,ok,10,4,0.9505994125035291,0.6773423642121756,1.0008089093353956,0.22244039291370765,1.300142081516832,0.23340140256318212,7.332995689465826,0.8447071712565764,0.21755108382829985,0.7982477097737728,0.7759178938203269,5.539370001233397,0.8511032757170018,0.13021716966989405,0.9309921468738711,0.3742887672213858,5.972565532220704,1.1979972087775679,0.15771292140396526,0.8341787902244231,0.549128796635447,5.546776263297423,1.1094279815904362,0.3842803967526714,1.2389790031420491,1.0100339991715426,10.861326676082557
tabb_rp1,15,3.0,ok,10,4,1.6517895225169297,0.7358390714348524,2.531469391547227,0.2820300332879976,3.728251963171745,0.46022959143726666,7.422050257709063,1.067522013297063,0.13137119017077614,1.1487008113999795,0.8057543753636669,5.551256271923122,3.276459667181891,0.19831186890833222,1.5821313385278182,0.410413467349071,6.046943704754234,2.1019497174754127,0.0966281700937131,1.9200686692918418,0.5072768423778722,5.572915662384783,3.6799461682345407,0.701808903979169,1.9562572708480794,1.2199116006487996,11.041193629619508
tabb_rp1_joint,15,3.0,ok,10,4,1.3966712707503772,0.7245040163144886,2.2153079404571896,0.27327051174235284,3.3067280158523857,0.4527606150196193,7.412768614464333,1.0161524892627511,0.12602385471733515,0.8845349585757041,0.7535972633651284,5.534163186530599,2.9245748524978783,0.19777965010540804,1.4611440573289678,0.40707870019127446,6.037412593839453,1.2405582518335876,0.06746963816749914,1.2847487962487574,0.5174285010527517,5.550791327026956,3.6799461682345407,0.701808903979169,1.9562572708480794,1.2199116006487996,11.041193629619508
shah,15,3.0,ok,10,4,3.0773264789668278,0.8544245494727232,4.208551244926272,0.44408733217723917,5.924797051310178,0.6323522794573909,7.580921679392313,4.680138279583976,0.4822124779531546,2.1569340161807773,0.9709527032936489,5.6850564188227795,2.036482195132688,0.5473606242815967,1.495556192679847,0.7116112714861006,6.064744882294585,2.70471299878074,0.35256621680139183,1.08562169015365,0.7205080308887205,5.588272555972495,7.412871506207685,0.39421000967281344,7.571194016853037,1.0146261922224227,11.382078320938126
tabb_c1_sep,15,5.0,ok,10,4,2.3396158321120506,1.4229182008961792,4.220746969468072,0.739797886060453,5.730660615188284,1.0529883833336198,12.286722180661869,7.762198589432977,0.8044776768573035,3.5294377928555534,1.6221657455467497,9.481388449411517,3.40843502761014,0.9156713137873446,2.523550061304653,1.1894977994152565,10.113514769407523,4.429757649235908,0.5831334272945515,1.8451024971055028,1.191990866794253,9.315023561034028,1.282596611593265,0.6559091263026129,1.460372977182493,1.6880183918284584,18.04528699559803
tabb_c1_sim,15,5.0,ok,10,4,2.286142872648268,1.404269900256162,4.024778516893763,0.7088512725662303,5.482921519738124,1.011215208070148,12.278046795994305,7.518970287338958,0.7691989602711616,3.4275171563845666,1.6064495539602226,9.455672620652406,3.2560921820762196,0.8902606234134937,2.4733948261353764,1.1675123613381668,10.102984645411603,4.087006776843327,0.5508095826340301,1.7860200005144802,1.169319514640618,9.306979959688789,1.2370448213165437,0.6251359239462357,1.457639507558649,1.673798171085641,18.045234272122666
tabb_c2_sep,15,5.0,ok,10,4,2.37053248657267,1.4229161679993183,4.508579842371533,0.7397968552237252,5.97198467946982,1.0529865696118363,12.295435201394469,7.888275667749934,0.8044772528349352,3.219339388942225,1.6221655393091259,9.489728213822062,3.672425850565119,0.9156712304747117,2.759819150526262,1.1894978361254167,10.093720971052347,4.619343834240294,0.583130652320085,1.4486283529584831,1.1919833035434664,9.344356411458193,1.8542740169307856,0.6559082852651684,2.054343053863711,1.688017993019264,18.060591425108402
tabb_c2_sim,15,5.0,ok,10,4,2.3143590307409667,1.4054139732223465,4.359224652733001,0.7133480779833073,5.747521773165947,1.0152014212224898,12.286802073942978,7.6568632962970025,0.7738901194878045,3.1302926490339993,1.6074816533370941,9.467888368862464,3.5422896481120083,0.8800462467516723,2.675497994044359,1.1574364459990303,10.078685343236897,4.39825491911792,0.5603314119839016,1.3968716077704126,1.1764945014469603,9.337004651124122,1.8394907474050743,0.6391245337098508,2.054773872115096,1.6802432921063013,18.06077699187126
tabb_c2_sim_joint,15,5.0,ok,10,4,1.5841218921811202,1.127706613757027,1.676443411883004,0.3709651342153609,2.156832114143341,0.3872723480423958,12.19996946701363,1.4361058257482961,0.36347691878335114,1.3345988547707868,1.2970525158329458,9.232030646419933,1.4234554849403038,0.2176185136913351,1.5527680348680022,0.6245523053427969,9.957404072875317,2.006721589438342,0.2636405706769068,1.3943468069705962,0.9089783417460642,9.247920689782703,1.8394907474050743,0.6391245337098508,2.054773872115096,1.6802432921063013,18.06077699187126
tabb_rp1,15,5.0,ok,10,4,2.7722482665476464,1.224691847500297,4.224537101687002,0.4685727682690791,6.220154377606536,0.7642534234144157,12.354161264150068,1.7807038760234533,0.21810742809235664,1.9237526343095144,1.3462418713560205,9.2522955811485,5.471190769911946,0.330445419425256,2.657435715852459,0.6843168052088106,10.083426059694517,3.514764346176431,0.16043356130072586,3.2188145273685143,0.8405040253002403,9.291743113266952,6.1314894146361745,1.165304664257978,3.288990188660098,2.027704688136118,18.37539701437834
tabb_rp1_joint,15,5.0,ok,10,4,2.347426972065094,1.2059267329068055,3.7044666606586176,0.4542918153983269,5.512372752986553,0.7519040279597266,12.338560207411033,1.7135427312090536,0.2101283000816254,1.4908487665907846,1.259710484728691,9.223536922639852,4.883669953270451,0.3294448099985881,2.4499840973648768,0.678727944369721,10.067350480569926,2.08916454351879,0.11228948725511607,2.1598848356446183,0.8575638143926925,9.254860376257533,6.1314894146361745,1.165304664257978,3.288990188660098,2.027704688136118,18.37539701437834
shah,15,5.0,ok,10,4,4.650008945730151,1.4229221132872856,6.510718071670804,0.7397961141612572,8.922961185429587,1.0529805700210486,12.535381657582164,7.762470517204628,0.8044610422892098,3.529351337213149,1.6221710218814018,9.481366770504465,3.4085051961321744,0.9156776583100001,2.5235650804512066,1.1895043176837041,10.113517181870778,4.429832113182427,0.5831381422407275,1.84511134780585,1.1919936752402038,9.315024261077069,10.442064460163987,0.6559076138050918,10.702008017450398,1.6880194383438325,18.718953358886694
tabb_c1_sep,16,0.0,ok,10,4,7.406512012838077e-07,6.319287924436583e-08,9.481727608082912e-07,5.158444703885254e-08,1.115514907092421e-06,8.904660782938958e-08,6.914243661797068e-07,1.1545407780226353e-06,5.7250536212473905e-08,1.0269410772070912e-06,7.522593661693438e-08,9.318157325557534e-07,1.452740806037539e-06,1.0209191234966541e-07,9.971796323434094e-07,1.2530321668079448e-07,4.924442952987028e-07,1.185402706748546e-06,4.6993908416498535e-08,9.384827345204176e-07,5.224094266819106e-08,8.952589978122789e-07,6.752424444257127e-12,1.4311767723118752e-12,1.3610643121480628e-12,1.4210115433690067e-12,3.6796652310194025e-12
tabb_c1_sim,16,0.0,ok,10,4,1.2722733140093233e-06,8.533840127477502e-08,1.6785133045889222e-06,7.109241012944799e-08,2.2444212388119215e-06,1.1327449618177434e-07,8.38282303481501e-07,2.5998701502397804e-06,1.4331143142288044e-07,1.4076263567888562e-06,1.6812610318560224e-07,1.0896059636167334e-06,2.246160008322648e-06,1.0426574750712776e-07,2.029649445987906e-06,1.250271682030188e-07,6.712067398319777e-07,1.867941098691095e-06,3.6775286766455195e-08,1.6518012705326947e-06,4.818317174118387e-08,1.083101673740935e-06,8.196110216560229e-11,1.7174821328633453e-11,1.6182727836897477e-11,1.716196929517179e-11,4.5995314282419287e-11
tabb_c2_sep,16,0.0,ok,10,4,2.710745366569052e-07,1.073078133866061e-07,6.790562151311396e-07,9.975720259683454e-08,1.5307705207109457e-06,1.7784975640992197e-07,8.011313906730626e-07,1.1302714429901309e-06,2.3032035963367675e-07,5.570495531262715e-07,2.3936458780263657e-07,1.1854863311954933e-06,9.013708206477934e-07,9.5500088262384e-08,3.0409565237581135e-07,1.17974652477486e-07,4.997148538836361e-07,6.840853946628409e-07,7.309443564383212e-08,2.2305181703435992e-07,7.177809679789568e-08,9.550671095090177e-07,4.972022237939021e-10,1.1392684744531525e-10,1.011240911777487e-10,1.1391646840607184e-10,2.4531167250510573e-10
tabb_c2_sim,16,0.0,ok,10,4,9.310017681540561e-07,4.6968283961434397e-08,9.685979016765968e-07,3.7971497917341763e-08,1.5657078319161157e-06,6.621763081202342e-08,7.602777960586683e-07,1.7419783746226574e-06,3.824860556069498e-08,1.378169208637326e-06,6.149265408656492e-08,8.416678586578747e-07,1.0601611240570092e-06,4.7084591536998116e-08,9.317937585443826e-07,6.50043000970741e-08,8.809269624816484e-07,1.071203366609402e-06,6.646647745897109e-08,1.4129251704930222e-06,6.12898579343822e-08,9.097532317939173e-07,1.0487414173190979e-09,8.631711270286737e-11,1.1189349414934145e-09,8.632372771635707e-11,1.1262481750022366e-09
tabb_c2_sim_joint,16,0.0,ok,10,4,1.659459710037769e-06,1.206221108159477e-07,8.812621740867753e-07,1.0935560271597443e-07,1.2817232299396175e-06,7.526055379563277e-08,9.431307271985141e-07,1.918284315919132e-06,1.4781906231762708e-07,2.2170797216700267e-06,1.630278412324395e-07,9.57920238183556e-07,7.994412183592749e-07,1.4600675081151822e-07,2.134076439152365e-06,1.6112492536676386e-07,6.507360009693286e-07,8.062744206513755e-07,1.435102806220496e-07,2.285563744387192e-06,1.5824935293687102e-07,1.4889299782830102e-06,1.0487414173190979e-09,8.631711270286737e-11,1.1189349414934145e-09,8.632372771635707e-11,1.1262481750022366e-09
tabb_rp1,16,0.0,ok,10,4,6.373812905787162e-07,5.4045058942106e-08,8.950576256606601e-07,3.822353562285905e-08,1.2608451907880222e-06,6.15401576755879e-08,7.29702934709755e-07,1.044742784664371e-06,5.6487934467619787e-08,8.361272374518465e-07,5.876808803868659e-08,7.755137754762458e-07,1.1238359212551612e-06,4.592849757316373e-08,7.50415233758949e-07,7.489630968232786e-08,7.582781156998164e-07,1.362087127246958e-06,4.4219407087452765e-08,9.442367682548788e-07,7.625752951296079e-08,9.76290364938488e-07,4.956466947615027e-08,6.258303363199937e-09,1.8745922849190588e-08,6.258308534448761e-09,1.775664162236313e-08
tabb_rp1_joint,16,0.0,ok,10,4,3.367602236725637e-07,5.308641960859657e-08,3.560359922717388e-07,2.9695648386904676e-08,5.477692394259476e-07,4.958007312114297e-08,6.892296569627708e-07,5.745233593948632e-07,3.2092737169265016e-08,3.9613678216320533e-07,6.45246328401151e-08,8.616686418723336e-07,5.291150588448003e-07,9.022413420960157e-09,4.557219594355678e-07,4.6731456738505894e-08,4.5677267095033505e-07,2.7094088137114144e-07,7.14091395941936e-08,4.764362302422912e-07,9.48312803213165e-08,9.740229260716377e-07,4.956466947615027e-08,6.258303363199937e-09,1.8745922849190588e-08,6.258308534448761e-09,1.775664162236313e-08
shah,16,0.0,ok,10,4,7.068492705457837e-07,5.3124399764532664e-08,7.526493668135652e-07,2.7497080699096066e-08,4.2303839455527007e-07,1.833158266722832e-08,6.692624867921886e-07,1.2849946273750438e-06,3.666254442852951e-08,9.424658382641468e-07,7.083232053443221e-08,9.20148101630151e-07,1.0163575507246495e-06,3.666279254690527e-08,9.424652620373567e-07,7.083252700837148e-08,3.996080400863766e-07,7.092442667090806e-07,3.666268322889389e-08,9.424655508793324e-07,7.083244078243159e-08,8.861658932013119e-07,1.0224454869641665e-12,3.02592055598925e-13,4.310022987914442e-13,3.107328953911441e-13,7.300885677522861e-13
tabb_c1_sep,16,1.0,ok,10,4,0.40952535836799414,0.30373693871839047,1.6014981137606377,0.19338286211891537,2.0143811575910058,0.2612077987336317,2.374530117200305,0.7372339586801018,0.10198212778475725,0.3036870541805813,0.3050628143212861,1.7967412977606403,1.0413604911626189,0.08216702962253836,0.2916227746658061,0.16649512497063584,2.0613459329202346,3.272809775266846,0.24689154012766557,0.6791048053097968,0.2575651749051023,1.775649540451422,1.3545882299329843,0.34249075094070025,0.36368679931579234,0.48582464067653763,3.453000937331823
tabb_c1_sim,16,1.0,ok,10,4,0.3959760938414183,0.3001175110386464,1.5454186736858984,0.18772262105004092,1.952574229940198,0.2549055425986941,2.3729257549366767,0.6943502563844224,0.09637271088251842,0.29189850117497473,0.30425158749582315,1.7961858778052722,0.9994915360529023,0.07899505912862767,0.2818934282453926,0.1647816696485848,2.06041266799837,3.153150379297287,0.23855702268054246,0.649736826130528,0.2507845446099002,1.773535408991849,1.3346825230089818,0.3369656915084751,0.3603756198147781,0.4806522424002775,3.4505209225193862
tabb_c2_sep,16,1.0,ok,10,4,0.47248425348400375,0.3037373705078249,1.6434983238621808,0.19338394749545154,2.0619570603864177,0.26120924299317744,2.380647330603972,0.675489178463175,0.10198172555430178,0.3037970615834667,0.3050616921096951,1.7971960225490005,1.1674286713110231,0.0821706913131167,0.49078964817560455,0.16649702210357725,2.0786801040649734,3.340933441030219,0.24689251995126194,0.745352356940034,0.2575660315023716,1.7751607279955648,1.3901420046443058,0.3424908531631258,0.3499979472369097,0.4858247363156556,3.459466248155632
tabb_c2_sim,16,1.0,ok,10,4,0.46143526686191105,0.300529730779996,1.5949982220282397,0.1885735769755396,2.007758031921844,0.25604558061286736,2.3794033546470468,0.6450746827158288,0.09756176960241068,0.298258414636786,0.30380899570121134,1.7966708378997065,1.129089543673713,0.07900912494965248,0.48217435269262066,0.16483170373690756,2.0775756767100697,3.2273156714700173,0.2385472504952209,0.717247014569674,0.2507547919638592,1.7731827075462034,1.3785129902534001,0.3391761628548743,0.3480612855485636,0.482723431718006,3.4579932894476606
tabb_c2_sim_joint,16,1.0,ok,10,4,0.33881273699999287,0.2877885245479277,1.1312246583922023,0.16144155529701365,1.1414664107557986,0.19403012791183602,2.3758943985464627,1.2093728274493978,0.09701339559699114,0.3760310226662271,0.31753193911912736,1.8193430822247167,0.35850172456739804,0.09058620146592024,0.287973369153242,0.1709649987507286,2.056459845018412,1.5785110912986133,0.11899046127026892,0.34318527063193877,0.1799337286038487,1.755774141881778,1.3785129902534001,0.3391761628548743,0.3480612855485636,0.482723431718006,3.4579932894476606
tabb_rp1,16,1.0,ok,10,4,0.5257743481113009,0.22162523243414772,0.6225826368643299,0.04399288803615947,0.6153051414190529,0.06349207964199395,2.3538882487914514,0.7510066923136973,0.045196544903396266,0.5482808986324603,0.2698627713412372,1.8197157951361032,0.5934816466353954,0.018999809439710726,0.6480941856756502,0.13697731607854235,2.0731062209032234,0.8877826645942698,0.03184265767412603,0.7044849153133645,0.17024165946125044,1.768429760424399,0.25805954391395725,0.07993254012740485,0.2022373928237283,0.309419182855561,3.3803373730182296
tabb_rp1_joint,16,1.0,ok,10,4,0.4838422347046313,0.2236506446221656,0.49498164514156057,0.0365896118679247,0.5008471775529854,0.0584243930032027,2.3529012879142104,0.7062048228313256,0.04077188745134074,0.6237345601064267,0.2752152783638752,1.8344281155338327,0.5167540886972604,0.01552565722900441,0.5514201648021264,0.13693991400092165,2.0662982524349003,0.4989081251236991,0.010128362663948773,0.5579768210862437,0.17302820326830443,1.7558992420332895,0.25805954391395725,0.07993254012740485,0.2022373928237283,0.309419182855561,3.3803373730182296
shah,16,1.0,ok,10,4,0.5323191063853181,0.30373706441974235,1.6256291660306874,0.19338296289108275,2.107593987081266,0.26120789933526584,2.3694822682144987,0.7372339494836956,0.10198204188610803,0.30368691157289984,0.30506284713632753,1.7967412969139038,1.0413588919164622,0.08216681376061996,0.29162234094650125,0.16649496042049272,2.0613459083767802,3.272811960023744,0.24689190524396443,0.6791056824404207,0.2575655341036982,1.775649664253435,1.4511118626988488,0.3424910906736386,0.8548614905814507,0.4858249160184508,3.4391026308254915
tabb_c1_sep,16,3.0,ok,10,4,1.2358819720928582,0.913350676998155,4.803040283737049,0.5816607038579422,6.035097681678693,0.7866330691189831,7.1213644191568735,2.1875462382392423,0.3044915975970868,0.916435424646399,0.9167421325140794,5.391221865983257,3.130516038524643,0.24659396802986647,0.8795211163631776,0.4989860533047085,6.188342978877602,9.816882355832654,0.7390330418099584,2.03331076401665,0.7695876399795002,5.326581573686257,4.077216502351655,1.0365242079948573,1.114260583345206,1.4680868821943318,10.349975433213373
tabb_c1_sim,16,3.0,ok,10,4,1.195275849093131,0.9025120567903864,4.635358547379659,0.5647156745828634,5.8499445718047225,0.7677571061310826,7.116546725327004,2.0607849197321855,0.287796315499598,0.8808732394159077,0.9143591797493379,5.3896406723906125,3.0037955665012093,0.23697357186925774,0.8501694351897892,0.4937712375426686,6.185480999946271,9.459295729656308,0.7141265263860807,1.945689370974457,0.7493318604307334,5.320224922080831,4.017557973628935,1.0199662845765174,1.1043713507923703,1.4525859494388054,10.34252165457422
tabb_c2_sep,16,3.0,ok,10,4,1.4165695100330251,0.9133500259889615,4.923946267426599,0.5816597666751464,6.185718567323113,0.7866314610968743,7.1407713282272995,2.0012002127200725,0.30449164783233235,0.9090130007065572,0.9167417569575518,5.392792677553173,3.502557938183381,0.2465907514174228,1.4739587128807559,0.49898435412706754,6.239758805336552,9.99587071175552,0.7390327679909112,2.227609552573126,0.769587401705035,5.323840636122985,4.196156207047424,1.0365238994599195,1.0556967739716614,1.4680865911661916,10.373156641902778
tabb_c2_sim,16,3.0,ok,10,4,1.3835792354796856,0.9037342481924981,4.779037098486764,0.567247857214919,6.023885855387882,0.7712191627380466,7.137020446878497,1.9111582855397078,0.2912962254801002,0.8927205596372967,0.9130179386790447,5.391243245867098,3.3873686345973,0.23708334266259012,1.4480063859874337,0.4939499114795873,6.236404703735677,9.656441117832262,0.7140740531283911,2.1437426052699076,0.7492270239288451,5.317928963622091,4.161180355977789,1.0265378075885945,1.0498473910241037,1.4587421186825154,10.368684950833067
tabb_c2_sim_joint,16,3.0,ok,10,4,1.0169568605743886,0.8660727613756444,3.3920552219756464,0.4860448922001839,3.427640555773222,0.5862084605240236,7.126323232147937,3.615109874495461,0.29004945295595397,1.12629193352394,0.954538689404444,5.458515968031024,1.0823036131554618,0.27247695802131444,0.8654834919722284,0.5131136416612219,6.17286096360025,4.709627044273875,0.3551153502348727,1.0262046257772814,0.5378965957543963,5.265804266907771,4.161180355977789,1.0265378075885945,1.0498473910241037,1.4587421186825154,10.368684950833067
tabb_rp1,16,3.0,ok,10,4,1.5794411919027649,0.6654063103975107,1.8663076323335084,0.13174575327255353,1.8459883516103854,0.1894734700370003,7.0588045724200414,2.2570800371877535,0.1353134785552788,1.6538014890001314,0.8117937888366992,5.461599409093284,1.7887662432861482,0.057369730018047925,1.9510031802182892,0.41013767255459754,6.223081413514078,2.6640510793705205,0.09578136744161349,2.1066436125809784,0.5098858935582514,5.304352631486786,0.7553331694896112,0.2385184370752739,0.6063164858116602,0.929807886640495,10.129902306670042
tabb_rp1_joint,16,3.0,ok,10,4,1.4534957985271726,0.6714012837888796,1.4824199596315746,0.10951924848292274,1.506475835022299,0.17455469991391773,7.055745116819365,2.1259750170852154,0.12233223165407668,1.879995272639304,0.8276950113952437,5.50568054836654,1.5593022745119374,0.04699404945413143,1.6617165765068516,0.4100282735108761,6.202636052002564,1.489069377439535,0.030232275748208966,1.6659548591508746,0.5180739636089036,5.266310243153028,0.7553331694896112,0.2385184370752739,0.6063164858116602,0.929807886640495,10.129902306670042
shah,16,3.0,ok,10,4,1.5100631209091868,0.913350454552365,4.843431475388966,0.5816599314500186,6.2161056633789,0.7866328367605914,7.106704881138677,2.1875591846661804,0.304489336416688,0.9164327499226932,0.916743025600457,5.391222010822079,3.1305390055051863,0.2465954121930209,0.8795248269493381,0.4989864707452616,6.188343415940452,9.816829259376652,0.7390327501947126,2.0333038762940006,0.7695885330008687,5.326582012000767,4.238798452007844,1.0365222269956527,2.2109910304707157,1.4680837888628726,10.309591269116591
tabb_c1_sep,16,5.0,ok,10,4,2.074087113330595,1.5258615756106635,8.0034934363972,0.9719978156164552,10.046447255457414,1.316167223896964,11.866278600018784,3.6063980621624694,0.5050704254246392,1.5369283239036535,1.5305943504384194,8.98739324312169,5.229282608513602,0.41124173706368056,1.4748897591846029,0.8308870129991067,10.321504892493033,16.358017034089055,1.2289683676823104,3.3820124358416948,1.2775200879471544,8.87739497384615,6.820276040823673,1.7427107322951905,1.902517934392429,2.464444851057973,17.237152583275446
tabb_c1_sim,16,5.0,ok,10,4,2.006535937253978,1.507832691337117,7.725003759824718,0.9438182266956125,9.738429872900658,1.2847640724270233,11.858237977124665,3.398182673288443,0.47746712516995715,1.4773221833457721,1.5267151595535269,8.984893616254205,5.016466101167206,0.39504702442269074,1.425751124731883,0.8220760994112858,10.316636357804844,15.764386124205435,1.1876192115085857,3.2368667814302823,1.2439060860781597,8.866769035119738,6.720980140637784,1.7151395456812166,1.8862036595079734,2.4386334203054956,17.224701435198877
tabb_c2_sep,16,5.0,ok,10,4,2.359661669074001,1.5258614442314755,8.19591286322185,0.9719974848790738,10.309584112850844,1.3161668158326039,11.900208868525315,3.2935147416759705,0.5050707991688327,1.5111393033006082,1.5305946209415484,8.990326739123557,5.838923505782378,0.4112401523501257,2.4594210088180906,0.8308862709101168,10.4061821636976,16.61465030379465,1.2289682864897384,3.69856742876787,1.2775200648650236,8.870666954939715,7.036562901634401,1.7427107015075984,1.7695189354094347,2.4644448202092137,17.281682502939255
tabb_c2_sim,16,5.0,ok,10,4,2.304887044770008,1.5098431804359418,7.955233374491041,0.9479971917817023,10.040927577879566,1.2905886315781683,11.893921254165644,3.1454372075566153,0.48319022680620966,1.4844708656674184,1.5244595662515754,8.987784925151258,5.646086578223958,0.39530621835570356,2.4158651806108233,0.8224029423276841,10.400506551394676,16.05128472153072,1.1874944836170072,3.5595216500611544,1.2437066540328694,8.860847561254708,6.978124990652871,1.7259978383478884,1.7596904827406366,2.448803559131638,17.274143026819008
tabb_c2_sim_joint,16,5.0,ok,10,4,1.6959461450461832,1.4480035573669294,5.651019011904534,0.8129714651774429,5.718281653598999,0.9839437096693522,11.875802544492503,6.003811107451616,0.48178321088178117,1.874235719648488,1.5942055930187158,9.098678551605436,1.815400608373246,0.4553133103058109,1.4450380797910234,0.8555534977604003,10.294253796354933,7.806739341140405,0.5887915011742911,1.7048202980045848,0.8934515795569632,8.77411615964172,6.978124990652871,1.7259978383478884,1.7596904827406366,2.448803559131638,17.274143026819008
tabb_rp1,16,5.0,ok,10,4,2.636077154283907,1.1099194067168776,3.1082629296208215,0.21918610706243424,3.0770849297239278,0.3141652400253433,11.76079196360805,3.768637673922667,0.22506804450667675,2.7712362602299954,1.3567414660318535,9.107068393630785,2.9951157315915773,0.0961497586808335,3.2629229844614933,0.6822781095748379,10.378429183803165,4.4412940345830805,0.16006065177277803,3.499717349044498,0.8485058261191043,8.839342092424605,1.2280042783859613,0.39546597328944866,1.0104320233996429,1.5521522251417141,16.866548395231174
tabb_rp1_joint,16,5.0,ok,10,4,2.4259330023186845,1.119771593808927,2.466656432520155,0.1821373470391851,2.5177542941592748,0.28976754828473744,11.755528006576114,3.55566636170584,0.20392558975532243,3.1479943602841254,1.3829793095732292,9.180442124032577,2.614006351097613,0.07903131131068739,2.78201925787739,0.6820806395144372,10.344322160452107,2.4689487388912066,0.05012651380128194,2.7632863677135786,0.8618742010063277,8.775179857585478,1.2280042783859613,0.39546597328944866,1.0104320233996429,1.5521522251417141,16.866548395231174
shah,16,5.0,ok,10,4,2.3795924288203567,1.5258621418699412,8.03174529879585,0.9719968518665232,10.214809140009894,1.3161705073005292,11.84451594820651,3.606447578925765,0.5050597394723271,1.5369133850360936,1.5306002492985322,8.987393870584878,5.229565297799264,0.4112609180427441,1.47494574132781,0.8308955107322897,10.321511068087451,16.357760303128522,1.2289665080587318,3.381978984962051,1.2775235998928263,8.877396705950876,6.9332080153298445,1.7427002418922901,3.1245316039554716,2.4644292075561167,17.177171495935163
tabb_c1_sep,17,0.0,ok,10,4,7.406512012838077e-07,6.319287924436583e-08,9.481727608082912e-07,5.158444703885254e-08,1.115514907092421e-06,8.904660782938958e-08,6.914243661797068e-07,1.1545407780226353e-06,5.7250536212473905e-08,1.0269410772070912e-06,7.522593661693438e-08,9.318157325557534e-07,1.452740806037539e-06,1.0209191234966541e-07,9.971796323434094e-07,1.2530321668079448e-07,4.924442952987028e-07,1.185402706748546e-06,4.6993908416498535e-08,9.384827345204176e-07,5.224094266819106e-08,8.952589978122789e-07,6.752424444257127e-12,1.4311767723118752e-12,1.3610643121480628e-12,1.4210115433690067e-12,3.6796652310194025e-12
tabb_c1_sim,17,0.0,ok,10,4,1.2722733140093233e-06,8.533840127477502e-08,1.6785133045889222e-06,7.109241012944799e-08,2.2444212388119215e-06,1.1327449618177434e-07,8.38282303481501e-07,2.5998701502397804e-06,1.4331143142288044e-07,1.4076263567888562e-06,1.6812610318560224e-07,1.0896059636167334e-06,2.246160008322648e-06,1.0426574750712776e-07,2.029649445987906e-06,1.250271682030188e-07,6.712067398319777e-07,1.867941098691095e-06,3.6775286766455195e-08,1.6518012705326947e-06,4.818317174118387e-08,1.083101673740935e-06,8.196110216560229e-11,1.7174821328633453e-11,1.6182727836897477e-11,1.716196929517179e-11,4.5995314282419287e-11
tabb_c2_sep,17,0.0,ok,10,4,2.710745366569052e-07,1.073078133866061e-07,6.790562151311396e-07,9.975720259683454e-08,1.5307705207109457e-06,1.7784975640992197e-07,8.011313906730626e-07,1.1302714429901309e-06,2.3032035963367675e-07,5.570495531262715e-07,2.3936458780263657e-07,1.1854863311954933e-06,9.013708206477934e-07,9.5500088262384e-08,3.0409565237581135e-07,1.17974652477486e-07,4.997148538836361e-07,6.840853946628409e-07,7.309443564383212e-08,2.2305181703435992e-07,7.177809679789568e-08,9.550671095090177e-07,4.972022237939021e-10,1.1392684744531525e-10,1.011240911777487e-10,1.1391646840607184e-10,2.4531167250510573e-10
tabb_c2_sim,17,0.0,ok,10,4,9.310017681540561e-07,4.6968283961434397e-08,9.685979016765968e-07,3.7971497917341763e-08,1.5657078319161157e-06,6.621763081202342e-08,7.602777960586683e-07,1.7419783746226574e-06,3.824860556069498e-08,1.378169208637326e-06,6.149265408656492e-08,8.416678586578747e-07,1.0601611240570092e-06,4.7084591536998116e-08,9.317937585443826e-07,6.50043000970741e-08,8.809269624816484e-07,1.071203366609402e-06,6.646647745897109e-08,1.4129251704930222e-06,6.12898579343822e-08,9.097532317939173e-07,1.0487414173190979e-09,8.631711270286737e-11,1.1189349414934145e-09,8.632372771635707e-11,1.1262481750022366e-09
tabb_c2_sim_joint,17,0.0,ok,10,4,1.659459710037769e-06,1.206221108159477e-07,8.812621740867753e-07,1.0935560271597443e-07,1.2817232299396175e-06,7.526055379563277e-08,9.431307271985141e-07,1.918284315919132e-06,1.4781906231762708e-07,2.2170797216700267e-06,1.630278412324395e-07,9.57920238183556e-07,7.994412183592749e-07,1.4600675081151822e-07,2.134076439152365e-06,1.6112492536676386e-07,6.507360009693286e-07,8.062744206513755e-07,1.435102806220496e-07,2.285563744387192e-06,1.5824935293687102e-07,1.4889299782830102e-06,1.0487414173190979e-09,8.631711270286737e-11,1.1189349414934145e-09,8.632372771635707e-11,1.1262481750022366e-09
tabb_rp1,17,0.0,ok,10,4,6.373812905787162e-07,5.4045058942106e-08,8.950576256606601e-07,3.822353562285905e-08,1.2608451907880222e-06,6.15401576755879e-08,7.29702934709755e-07,1.044742784664371e-06,5.6487934467619787e-08,8.361272374518465e-07,5.876808803868659e-08,7.755137754762458e-07,1.1238359212551612e-06,4.592849757316373e-08,7.50415233758949e-07,7.489630968232786e-08,7.582781156998164e-07,1.362087127246958e-06,4.4219407087452765e-08,9.442367682548788e-07,7.625752951296079e-08,9.76290364938488e-07,4.956466947615027e-08,6.258303363199937e-09,1.8745922849190588e-08,6.258308534448761e-09,1.775664162236313e-08
tabb_rp1_joint,17,0.0,ok,10,4,3.367602236725637e-07,5.308641960859657e-08,3.560359922717388e-07,2.9695648386904676e-08,5.477692394259476e-07,4.958007312114297e-08,6.892296569627708e-07,5.745233593948632e-07,3.2092737169265016e-08,3.9613678216320533e-07,6.45246328401151e-08,8.616686418723336e-07,5.291150588448003e-07,9.022413420960157e-09,4.557219594355678e-07,4.6731456738505894e-08,4.5677267095033505e-07,2.7094088137114144e-07,7.14091395941936e-08,4.764362302422912e-07,9.48312803213165e-08,9.740229260716377e-07,4.956466947615027e-08,6.258303363199937e-09,1.8745922849190588e-08,6.258308534448761e-09,1.775664162236313e-08
shah,17,0.0,ok,10,4,7.068492705457837e-07,5.3124399764532664e-08,7.526493668135652e-07,2.7497080699096066e-08,4.2303839455527007e-07,1.833158266722832e-08,6.692624867921886e-07,1.2849946273750438e-06,3.666254442852951e-08,9.424658382641468e-07,7.083232053443221e-08,9.20148101630151e-07,1.0163575507246495e-06,3.666279254690527e-08,9.424652620373567e-07,7.083252700837148e-08,3.996080400863766e-07,7.092442667090806e-07,3.666268322889389e-08,9.424655508793324e-07,7.083244078243159e-08,8.861658932013119e-07,1.0224454869641665e-12,3.02592055598925e-13,4.310022987914442e-13,3.107328953911441e-13,7.300885677522861e-13
tabb_c1_sep,17,1.0,ok,10,4,0.6694684847673404,0.2548931917235736,1.5420353431085727,0.21254170010811743,2.2689193218196,0.26776742668442294,2.4103298518232394,1.9016058720343239,0.21272109860839125,0.9176432465175728,0.2630607048046644,1.9187335835752253,2.075476534935031,0.24179244045353457,0.745232693645358,0.23342666759529382,2.0700644353505493,1.3440816824154558,0.14700091948627309,0.4493143619621791,0.25360116141221184,1.853874296079054,0.8469772830494806,0.24865234188427085,0.5656836369442522,0.26948423308212455,3.4402332393975468
tabb_c1_sim,17,1.0,ok,10,4,0.6525819766139261,0.250493492273487,1.4908207060591225,0.2064092523319145,2.1951587558262484,0.25952503870116456,2.406508891817106,1.8280672792253125,0.20366661485856705,0.888855893567018,0.25731885642066377,1.907881629962504,1.9974770537755602,0.232553786747036,0.7182298254110708,0.22556550329307384,2.0641286989835566,1.295822644443537,0.1424595997090257,0.4377961216006854,0.25098594710912847,1.8525507984721974,0.8419158467920802,0.24695700801302933,0.5654460658769306,0.26810366227108184,3.4398482705990507
tabb_c2_sep,17,1.0,ok,10,4,0.5950099644213822,0.25489305270311907,1.516615709222917,0.21254125109680708,2.1067687878803683,0.2677667329206161,2.405314528571514,1.898064438702161,0.21272056002673015,0.7728293613584487,0.26306044827706215,1.9033745247998493,2.0790114705114653,0.24179251989600276,0.6867501595958662,0.23342666367257517,2.0751222379608394,1.3011726367609928,0.14699909538641853,0.5110937052231345,0.25360046613121645,1.848137277147953,0.7882142909170491,0.24865282907807684,0.4093666315080796,0.26948463273162254,3.4347596198436237
tabb_c2_sim,17,1.0,ok,10,4,0.5774069834386768,0.25082358802489413,1.4642772067820538,0.20641613506799233,2.038628082868137,0.2604010710994793,2.401728090680631,1.8166417905097851,0.2036816760309188,0.7436425997319186,0.25758010153021427,1.8932890013561179,2.0136167541811627,0.23357040204509133,0.6619558653441168,0.22663256058775824,2.069579621660757,1.2419801759379538,0.14083770341948412,0.49487810742571686,0.25047848346867485,1.8464867918033623,0.7848701064993133,0.24757475877647506,0.40915136125295487,0.2686032065129292,3.4345268612872872
tabb_c2_sim_joint,17,1.0,ok,10,4,0.4089927880880957,0.20664490897511156,0.977297939790809,0.14662727985146418,0.8915065401480762,0.14818693598103697,2.3749717972613857,1.5796399714942315,0.13106714392110438,0.46503309323447695,0.22318562199186948,1.8088868571375272,1.317270845969253,0.14154909181281858,0.4281160383220933,0.1319278354054104,2.019563596843178,0.2274108352004383,0.06631812489545869,0.33367065954285785,0.20286297199023715,1.8480477825600092,0.7848701064993133,0.24757475877647506,0.40915136125295487,0.2686032065129292,3.4345268612872872
tabb_rp1,17,1.0,ok,10,4,0.4300184954029269,0.18093964385025957,0.8940256568452878,0.07237879172858003,0.9545925370089172,0.12038174026766034,2.368242151711117,1.2141880116924517,0.07111379347211799,0.35183779955100664,0.17893088786592232,1.7941181138717193,0.4392117725093413,0.02676497237370031,0.24314541865948758,0.11635620562008922,1.9803094808610515,0.8901785636190898,0.053993377783102384,0.40247911757185384,0.23943757759005396,1.847541305930863,1.0325242795602685,0.13764302328539943,0.7226116458293599,0.18903390432497277,3.446794051424266
tabb_rp1_joint,17,1.0,ok,10,4,0.39980369046428854,0.1802192185732571,0.7577091349204764,0.06957867130447462,0.8167465628736856,0.11006703662892402,2.369166570120431,0.7698834708778347,0.05522071196318395,0.298983926676576,0.18121212668507253,1.7971517327330242,0.42771208861409926,0.03158296256000802,0.26325269839107207,0.11256221620953087,1.9804506357102025,0.8007167006297033,0.05386798740930706,0.31436649096014635,0.23806862707345217,1.849181614666574,1.0325242795602685,0.13764302328539943,0.7226116458293599,0.18903390432497277,3.446794051424266
shah,17,1.0,ok,10,4,0.5840216614119099,0.25489332519816077,1.5297726533451825,0.21254169729347397,2.2561797502207415,0.26776727320970234,2.4074199952409487,1.9016061754019689,0.21272094291278312,0.9176428750580291,0.2630606235866612,1.9187333886463012,2.0754776475446888,0.24179254426293756,0.7452329182038852,0.2334267819486119,2.0700644997518944,1.3440850370394983,0.14700065878431717,0.44931458381152123,0.2536014172982817,1.8538742973715923,0.797921753394574,0.24865264321385794,0.22389626857420425,0.2694844779590881,3.4320736259074534
tabb_c1_sep,17,3.0,ok,10,4,2.0211556709655096,0.765464127335483,4.6260609004899225,0.638528424889094,6.803762465644678,0.804520469829296,7.233751948394827,5.659110124864831,0.6387566040329434,2.7359682170498916,0.7904593116620956,5.7594059782974485,6.259862031601079,0.7253307224166129,2.2477783076060502,0.700992228305395,6.210374973922743,4.0301518313377676,0.443100926485968,1.3601175134488435,0.7615427038449817,5.561901616522158,2.5551196141560126,0.7469254466208516,1.740758645757253,0.8088622655294597,10.326393604360517
tabb_c1_sim,17,3.0,ok,10,4,1.970310847318887,0.7522103791763914,4.471561755344555,0.6200680801562736,6.5810423589564975,0.7796450873558949,7.222245469011997,5.438821748206122,0.6113654356206853,2.649495563666852,0.7730587796026165,5.726446639235928,6.025485589257878,0.6978087540926544,2.167144316502293,0.677600028999969,6.192748402623027,3.8818671350519662,0.4292925234007252,1.324525655019933,0.7534973833651833,5.5579210177447536,2.5400725488622564,0.7418056075110294,1.7400778540864708,0.8046853247377969,10.325236487798325
tabb_c2_sep,17,3.0,ok,10,4,1.7877565843988137,0.7654639298970758,4.554474638054747,0.6385280798436198,6.326303343308028,0.8045201618105815,7.218151183379481,5.669572110920664,0.6387563429408596,2.3182999153048156,0.7904591234870542,5.711883846592594,6.268760387104994,0.725330547487204,2.062555665056353,0.7009920287734575,6.226148267338835,3.922488636309113,0.4431004560552503,1.5380918537681931,0.7615426910730567,5.545755574235764,2.3570774178842133,0.7469249728911652,1.2320789034658939,0.8088618762547347,10.308291895919112
tabb_c2_sim,17,3.0,ok,10,4,1.734764789392461,0.7532056728804867,4.396548288312205,0.6200833661992645,6.12062631108197,0.7823206760043403,7.207355072449932,5.4256014479971535,0.6115329543407949,2.230487401821081,0.7739183960245388,5.681461264758454,6.071253546690302,0.700722148984687,1.9882484410508008,0.6806865966852715,6.2095873516622815,3.7422478363583545,0.4243877226226624,1.4888732484705298,0.7520048824097395,5.540701422893542,2.3470903222030097,0.7436906388489136,1.2314500662274317,0.806212816402397,10.307595215323001
tabb_c2_sim_joint,17,3.0,ok,10,4,1.2281259907353885,0.6203042975575334,2.9322885525259297,0.4397425348534354,2.6712349966261653,0.44478471538063347,7.1269657485821165,4.737286509542212,0.39345629031576906,1.3968601650623778,0.670108389560262,5.42816677362708,3.9584504716718825,0.4241349607999844,1.2836669607168167,0.39670753524472996,6.05947898017273,0.6863269066866154,0.19768824944907426,1.0005267709349284,0.6081884490227442,5.544886290036687,2.3470903222030097,0.7436906388489136,1.2314500662274317,0.806212816402397,10.307595215323001
tabb_rp1,17,3.0,ok,10,4,1.3009141282488716,0.5433133934911628,2.693365623744687,0.2179228210006558,2.8752787461221008,0.36276481683563905,7.108601924739828,3.6557873164040005,0.21393439341503456,1.0685765555257272,0.5377758994092542,5.383757131938025,1.3265343748481555,0.08054024754959987,0.7393504817824338,0.35062224382798546,5.942490621703451,2.6729960492509464,0.16243491355612763,1.2018830774435867,0.7177380990734443,5.5437569829224715,3.1181447544756447,0.41478172948186115,2.1938463982437386,0.5671173316539673,10.348797426137518
tabb_rp1_joint,17,3.0,ok,10,4,1.211050580790293,0.5411970180429884,2.2842623491880865,0.2093860929989581,2.461075019213238,0.33138335910316646,7.111416483685446,2.318409222101425,0.16583630329238497,0.9070523706534446,0.5446656646809725,5.393256540572578,1.2947363537506735,0.09512881161304798,0.799570415997811,0.33948846390010984,5.942796811647791,2.405759066424604,0.16179752760853836,0.9437331382661771,0.7135166119369034,5.548632209251364,3.1181447544756447,0.41478172948186115,2.1938463982437386,0.5671173316539673,10.348797426137518
shah,17,3.0,ok,10,4,1.8383601618561873,0.7654668714850159,4.632107176700487,0.6385324721672558,6.82327722605525,0.8045256406639533,7.226157632428692,5.659144642270482,0.6387594395380147,2.735979819477042,0.7904605526772154,5.759409659470224,6.259906912613189,0.7253349841974134,2.247789758001852,0.7009963339390084,6.210377643351117,4.030286688765269,0.4431121487775428,1.360148663294319,0.7615501545931194,5.5619049747604885,2.579090463153007,0.7469233161560523,1.0095224066515358,0.8088604447307206,10.305097741794107
tabb_c1_sep,17,5.0,ok,10,4,3.3883641179258976,1.2771725447512976,7.710442545379849,1.0657755207435322,11.33377020537025,1.342999910592022,12.061732656613756,9.354425414408336,1.0654779883681325,4.529232091857305,1.319533267772371,9.604316404827536,10.489445917548029,1.2088750137877748,3.765961170294233,1.169624117603267,10.351367745075303,6.71675964559559,0.7421185213104857,2.2900077060042223,1.270597653025006,9.27058672006936,4.2811392039674425,1.246630559507736,2.968255503547831,1.3489351406045473,17.222197675858325
tabb_c1_sim,17,5.0,ok,10,4,3.303328507503587,1.254985407204276,7.451400392160117,1.0348936305562748,10.960035650041652,1.301283647454231,12.042480544266297,8.987581583581346,1.0194305056287691,4.384942730835143,1.2902346539606562,9.548706497715914,10.098140188838292,1.1633192303758013,3.6322065896199414,1.130949523955505,10.322280825621355,6.4635984838291645,0.7187800589069301,2.228999964643948,1.2568397027831426,9.263936982871561,4.256281312391664,1.2380447273135988,2.9671647449153156,1.341917748117801,17.220265531953956
tabb_c2_sep,17,5.0,ok,10,4,2.9841718161057464,1.2771727226683165,7.599017534284457,1.0657758312128052,10.55460897198215,1.3430002840143302,12.034870561948733,9.407058392312027,1.0654788171041303,3.8630953003762425,1.3195336746017592,9.522810313752903,10.501233835097507,1.208874811838296,3.441689401588029,1.1696239402247453,10.378573538955063,6.571320533159961,0.7421186568493702,2.5718784126397605,1.2705977401909396,9.245456372975418,3.91645737656833,1.2466310390594246,2.060024149818954,1.3489355356558215,17.18939409204502
tabb_c2_sim,17,5.0,ok,10,4,2.8955342953236,1.2566557137647343,7.334253928805305,1.0349140192982553,10.209684341012084,1.305825041378178,12.01681858234055,9.000856669649922,1.019926735243929,3.716317584949039,1.291800593327493,9.471841256862696,10.16987259289593,1.1679533604987893,3.317950270005533,1.1359076738150402,10.351082679161708,6.266411951391249,0.710540027801572,2.4888654227634133,1.2544056308124794,9.236861716400947,3.899874501284121,1.241235953648731,2.0590039035764147,1.344508957103924,17.188234684503797
tabb_c2_sim_joint,17,5.0,ok,10,4,2.0486828923511435,1.034526023666871,4.887549637786959,0.7326929218433571,4.4469995355502245,0.741785301798522,11.882664797864999,7.8917470990621625,0.6561218667266816,2.330829818150287,1.1177789078854015,9.049666994524616,6.607967095884351,0.7060270378971263,2.138210547394126,0.6628137057709068,10.100791678376417,1.1506098549172017,0.32738682910089,1.6666873002837466,1.0130025239072518,9.24299810572059,3.899874501284121,1.241235953648731,2.0590039035764147,1.344508957103924,17.188234684503797
tabb_rp1,17,5.0,ok,10,4,2.1862730482502553,0.9064012209031984,4.5079304305318875,0.364535329821602,4.8103289385786425,0.6072835649021269,11.855111449390137,6.114969135711224,0.35754055432849197,1.8028161722502318,0.8979732204526799,8.975528664322276,2.226414478887791,0.13475778117264536,1.2486879718988768,0.5870999898450754,9.907096944610378,4.459481605971798,0.2715043730457992,1.994181583768242,1.1952785430566677,9.241769632682217,5.230856501556737,0.6943386107394716,3.699406465083669,0.9452531302583708,17.26423121057807
tabb_rp1_joint,17,5.0,ok,10,4,2.0378944902198306,0.902928309766031,3.825520341884941,0.35003814464301103,4.1197095809593565,0.5542407340468044,11.859877256226124,3.878465678333895,0.27666698142905793,1.5289052526383584,0.9095369302569006,8.992028320698825,2.1772921325951002,0.15917948093197468,1.3491131672222354,0.5688893189663403,9.907437952837112,4.015467055054033,0.2699675054715399,1.5741530759350593,1.1880338595825128,9.249820253882437,5.230856501556737,0.6943386107394716,3.699406465083669,0.9452531302583708,17.26423121057807
shah,17,5.0,ok,10,4,3.240209585685982,1.277185229964377,7.8204124038229175,1.0657949798165616,11.514122337069805,1.3430230821392337,12.0541628414586,9.35461669070014,1.0654937308245562,4.529295458036698,1.3195405442510162,9.604336734087576,10.489661912359036,1.2088950647629875,3.766016813468958,1.1696430794079677,10.351380255380592,6.717326338696581,0.7421687020802001,2.2901431707799094,1.2706291804618228,9.270602182523707,4.720044673535914,1.2466224215985031,2.375382900458362,1.348928115736701,17.200957680134117
tabb_c1_sep,18,0.0,ok,10,4,7.406512012838077e-07,6.319287924436583e-08,9.481727608082912e-07,5.158444703885254e-08,1.115514907092421e-06,8.904660782938958e-08,6.914243661797068e-07,1.1545407780226353e-06,5.7250536212473905e-08,1.0269410772070912e-06,7.522593661693438e-08,9.318157325557534e-07,1.452740806037539e-06,1.0209191234966541e-07,9.971796323434094e-07,1.2530321668079448e-07,4.924442952987028e-07,1.185402706748546e-06,4.6993908416498535e-08,9.384827345204176e-07,5.224094266819106e-08,8.952589978122789e-07,6.752424444257127e-12,1.4311767723118752e-12,1.3610643121480628e-12,1.4210115433690067e-12,3.6796652310194025e-12
tabb_c1_sim,18,0.0,ok,10,4,1.2722733140093233e-06,8.533840127477502e-08,1.6785133045889222e-06,7.109241012944799e-08,2.2444212388119215e-06,1.1327449618177434e-07,8.38282303481501e-07,2.5998701502397804e-06,1.4331143142288044e-07,1.4076263567888562e-06,1.6812610318560224e-07,1.0896059636167334e-06,2.246160008322648e-06,1.0426574750712776e-07,2.029649445987906e-06,1.250271682030188e-07,6.712067398319777e-07,1.867941098691095e-06,3.6775286766455195e-08,1.6518012705326947e-06,4.818317174118387e-08,1.083101673740935e-06,8.196110216560229e-11,1.7174821328633453e-11,1.6182727836897477e-11,1.716196929517179e-11,4.5995314282419287e-11
tabb_c2_sep,18,0.0,ok,10,4,2.710745366569052e-07,1.073078133866061e-07,6.790562151311396e-07,9.975720259683454e-08,1.5307705207109457e-06,1.7784975640992197e-07,8.011313906730626e-07,1.1302714429901309e-06,2.3032035963367675e-07,5.570495531262715e-07,2.3936458780263657e-07,1.1854863311954933e-06,9.013708206477934e-07,9.5500088262384e-08,3.0409565237581135e-07,1.17974652477486e-07,4.997148538836361e-07,6.840853946628409e-07,7.309443564383212e-08,2.2305181703435992e-07,7.177809679789568e-08,9.550671095090177e-07,4.972022237939021e-10,1.1392684744531525e-10,1.011240911777487e-10,1.1391646840607184e-10,2.4531167250510573e-10
tabb_c2_sim,18,0.0,ok,10,4,9.310017681540561e-07,4.6968283961434397e-08,9.685979016765968e-07,3.7971497917341763e-08,1.5657078319161157e-06,6.621763081202342e-08,7.602777960586683e-07,1.7419783746226574e-06,3.824860556069498e-08,1.378169208637326e-06,6.149265408656492e-08,8.416678586578747e-07,1.0601611240570092e-06,4.7084591536998116e-08,9.317937585443826e-07,6.50043000970741e-08,8.809269624816484e-07,1.071203366609402e-06,6.646647745897109e-08,1.4129251704930222e-06,6.12898579343822e-08,9.097532317939173e-07,1.0487414173190979e-09,8.631711270286737e-11,1.1189349414934145e-09,8.632372771635707e-11,1.1262481750022366e-09
tabb_c2_sim_joint,18,0.0,ok,10,4,1.659459710037769e-06,1.206221108159477e-07,8.812621740867753e-07,1.0935560271597443e-07,1.2817232299396175e-06,7.526055379563277e-08,9.431307271985141e-07,1.918284315919132e-06,1.4781906231762708e-07,2.2170797216700267e-06,1.630278412324395e-07,9.57920238183556e-07,7.994412183592749e-07,1.4600675081151822e-07,2.134076439152365e-06,1.6112492536676386e-07,6.507360009693286e-07,8.062744206513755e-07,1.435102806220496e-07,2.285563744387192e-06,1.5824935293687102e-07,1.4889299782830102e-06,1.0487414173190979e-09,8.631711270286737e-11,1.1189349414934145e-09,8.632372771635707e-11,1.1262481750022366e-09
tabb_rp1,18,0.0,ok,10,4,6.373812905787162e-07,5.4045058942106e-08,8.950576256606601e-07,3.822353562285905e-08,1.2608451907880222e-06,6.15401576755879e-08,7.29702934709755e-07,1.044742784664371e-06,5.6487934467619787e-08,8.361272374518465e-07,5.876808803868659e-08,7.755137754762458e-07,1.1238359212551612e-06,4.592849757316373e-08,7.50415233758949e-07,7.489630968232786e-08,7.582781156998164e-07,1.362087127246958e-06,4.4219407087452765e-08,9.442367682548788e-07,7.625752951296079e-08,9.76290364938488e-07,4.956466947615027e-08,6.258303363199937e-09,1.8745922849190588e-08,6.258308534448761e-09,1.775664162236313e-08
tabb_rp1_joint,18,0.0,ok,10,4,3.367602236725637e-07,5.308641960859657e-08,3.560359922717388e-07,2.9695648386904676e-08,5.477692394259476e-07,4.958007312114297e-08,6.892296569627708e-07,5.745233593948632e-07,3.2092737169265016e-08,3.9613678216320533e-07,6.45246328401151e-08,8.616686418723336e-07,5.291150588448003e-07,9.022413420960157e-09,4.557219594355678e-07,4.6731456738505894e-08,4.5677267095033505e-07,2.7094088137114144e-07,7.14091395941936e-08,4.764362302422912e-07,9.48312803213165e-08,9.740229260716377e-07,4.956466947615027e-08,6.258303363199937e-09,1.8745922849190588e-08,6.258308534448761e-09,1.775664162236313e-08
shah,18,0.0,ok,10,4,7.068492705457837e-07,5.3124399764532664e-08,7.526493668135652e-07,2.7497080699096066e-08,4.2303839455527007e-07,1.833158266722832e-08,6.692624867921886e-07,1.2849946273750438e-06,3.666254442852951e-08,9.424658382641468e-07,7.083232053443221e-08,9.20148101630151e-07,1.0163575507246495e-06,3.666279254690527e-08,9.424652620373567e-07,7.083252700837148e-08,3.996080400863766e-07,7.092442667090806e-07,3.666268322889389e-08,9.424655508793324e-07,7.083244078243159e-08,8.861658932013119e-07,1.0224454869641665e-12,3.02592055598925e-13,4.310022987914442e-13,3.107328953911441e-13,7.300885677522861e-13
tabb_c1_sep,18,1.0,ok,10,4,0.4241485125205565,0.25019844966965,1.013178855275533,0.1104671827130276,0.9649088496634525,0.17798335230393436,2.4033501024692088,1.929946818208711,0.17540603487791925,0.5552058674558874,0.24417365886614428,1.9136131911783358,0.32452898721053985,0.13003451949988004,0.47433764460700123,0.3000488113359407,2.014320282606982,1.3671147489665103,0.1029553650468218,0.28270373768608337,0.24108956192723552,1.8731625911099337,0.43112486671637135,0.03347281142748938,0.38434680033325413,0.2154817665492797,3.446190232858269
tabb_c1_sim,18,1.0,ok,10,4,0.41575524212782183,0.24814821599601058,0.9875398653436136,0.10647817322310224,0.9390859978699058,0.1716157637962482,2.40228782494627,1.8849231559581732,0.1702198975308917,0.5422786844945292,0.24013497587761345,1.9112307620225786,0.3227806307237177,0.12465513504263812,0.4598618284995183,0.297367693817379,2.0111146809488756,1.3141948666406449,0.10020667036035365,0.2763674727825248,0.238742176259505,1.8735159418323386,0.42826080805191874,0.03083098995852554,0.3845129827347149,0.21634801802954493,3.446229810330544
tabb_c2_sep,18,1.0,ok,10,4,0.35699992734247143,0.25019785696341745,0.9089265764468591,0.11046932480236933,0.9101575968760528,0.17798527422632618,2.4020100115871883,1.8375641419819502,0.17540591074967127,0.5219798573134568,0.24417364684050452,1.9154174227289387,0.3070988511530333,0.1300347284960274,0.4780639588631761,0.30004904839532637,2.016424808821404,1.333104933921794,0.10295549027269052,0.2856654359973169,0.24108969388155174,1.8758565661742654,0.15793837873065922,0.033481169691088164,0.14229045719593578,0.21547903873628718,3.4387465177412007
tabb_c2_sim,18,1.0,ok,10,4,0.34886215765849815,0.24806041525705366,0.8835272032336426,0.1068789037490514,0.8745336510738606,0.17171505460082367,2.4007052600909793,1.7800401287576477,0.16897408699592298,0.5066725126331044,0.23958810439736372,1.9119147981110622,0.3098008274339708,0.12519239888423525,0.4657072703400213,0.2979305270601963,2.0135413453592106,1.2882972424386836,0.1004290717796471,0.28077181923244976,0.23907739053879928,1.875818250302185,0.15597061430426812,0.032920057336400244,0.14229702842841704,0.2156456390318553,3.4387616856130334
tabb_c2_sim_joint,18,1.0,ok,10,4,0.24132261889307857,0.2207802530507308,0.6824891221516017,0.06050229689911837,0.7014566069825122,0.0867761370544225,2.384976079606324,1.3184532360051262,0.09626956026880067,0.3454519054282852,0.20382507797543914,1.8649639890088539,0.2949172808153015,0.02770362794789838,0.19916479949949545,0.2413861301594256,1.982059034145462,0.960615357481711,0.08511594204337418,0.27837674221611663,0.2222641650362031,1.8763563029445562,0.15597061430426812,0.032920057336400244,0.14229702842841704,0.2156456390318553,3.4387616856130334
tabb_rp1,18,1.0,ok,10,4,0.307722966517172,0.2297594428571869,0.5954120168200361,0.061515202958996845,0.8432944684702347,0.08722538612708135,2.384205090418183,0.6981956308223811,0.06479379008231259,0.35499613688216025,0.1851417190988723,1.8721811703659645,0.587247126424056,0.05577483999806322,0.31615492491484815,0.28664124953859527,1.9796670338027789,0.716262796438816,0.0542350601334851,0.424079876527726,0.20814396483284298,1.8789160729115308,0.37994251359489106,0.07125712162212647,0.13566092774395344,0.23911083795843718,3.4326762364458796
tabb_rp1_joint,18,1.0,ok,10,4,0.22307193504247202,0.22380341761127354,0.4660955006071562,0.04761689466994966,0.604935179940644,0.06939255593409328,2.3792253102666026,0.3446550687580837,0.03127942429374487,0.2670185858988074,0.1825383570787468,1.8597602541707843,0.4233761935913757,0.03633569787466301,0.15791498167138285,0.2683942247405382,1.9767412897055194,0.7164082264842744,0.05159533488926431,0.3316932448557444,0.20517025066737202,1.8690564021378744,0.37994251359489106,0.07125712162212647,0.13566092774395344,0.23911083795843718,3.4326762364458796
shah,18,1.0,ok,10,4,1.1374415681701642,0.2501984824988771,1.705763607173497,0.11046741807325919,2.252152681390229,0.17798356339702545,2.513259577551547,1.9299440176753633,0.17540575420065033,0.5552053889674207,0.2441736263377705,1.9136128054347519,0.32452604866826623,0.1300347804132208,0.47433843530080705,0.3000487671593255,2.0143204389028653,1.3671226615331384,0.10295578130771434,0.2827046549424031,0.24108991771227894,1.8731625386601989,3.2014617008172195,0.03347335637145134,3.237517793470025,0.21548161878613373,3.746699363529547
tabb_c1_sep,18,3.0,ok,10,4,1.2922308121040476,0.74986206065686,3.050138803412619,0.3303898281559862,2.933073285837948,0.5327538962782933,7.215736793306055,5.769412252738636,0.5245225285269327,1.669679508150498,0.7307259314485511,5.73903247867551,0.9225724395236164,0.3892016907306615,1.4069784601516702,0.8969960584758367,6.048602943459125,4.124567919649458,0.31012705599163815,0.8420772601114441,0.7259905100730966,5.618969994615624,1.3840026017387665,0.09770803737471226,1.2501880200025772,0.6457357426299556,10.352415888176902
tabb_c1_sim,18,3.0,ok,10,4,1.2671337137565246,0.7437189449896879,2.973733748292001,0.3185248668006033,2.8547581177342365,0.5137640417617971,7.212569811467245,5.635408392060117,0.5090718574239353,1.6311533816617299,0.7186893831855001,5.732008641640824,0.919330734892463,0.3730329874890529,1.3637272564678362,0.8890265680451701,6.038985013192706,3.9638252711180733,0.30175518977120613,0.8232852114066276,0.7188320560417439,5.620038111689244,1.3763705950973513,0.0902394325182189,1.250369005489905,0.6483277726863375,10.352514752798172
tabb_c2_sep,18,3.0,ok,10,4,1.0685031673500616,0.7498623411378953,2.718143987231842,0.3303890279046529,2.7546146940999865,0.532753228439813,7.210521295455245,5.490514780238442,0.5245223814198706,1.5624677245370626,0.7307259078339686,5.745439022517732,0.8887865901110321,0.3892016268162398,1.4307393034880806,0.8969958863631838,6.053501746030533,4.024859685087937,0.31012732351833366,0.8532312350080151,0.7259907007020392,5.626944587541952,0.46841489348995874,0.09770477986416749,0.4275744063670879,0.6457368696523895,10.327100806466566
tabb_c2_sim,18,3.0,ok,10,4,1.044175462057864,0.7434568886750911,2.6417136984985707,0.31964711184177147,2.6460798460490667,0.5139744003119454,7.206647200607893,5.318754172785853,0.5053177576510928,1.5167882248309503,0.7170252554992239,5.735071398682222,0.8956761756992012,0.3746371158547287,1.393637989343969,0.8906995796038667,6.044896624410091,3.889518203264473,0.3024891633771561,0.8386852408223187,0.7198780490721162,5.626837220113855,0.4629062422447564,0.09614441048410828,0.42759039323421855,0.6462246705251575,10.327145745397047
tabb_c2_sim_joint,18,3.0,ok,10,4,0.7232167770737489,0.6616616395065762,2.0495668097788293,0.1809744425668378,2.1093280093781037,0.2595121650524481,7.160025366542364,3.9442881787167816,0.287814936396975,1.0352819539897833,0.6088370448397561,5.59576937924881,0.8984054182620902,0.08470994765783245,0.5989284672381217,0.7231577178827965,5.951597229896937,2.8926673998916894,0.2552284757284356,0.8310662938328723,0.6684271247785946,5.628478410617972,0.4629062422447564,0.09614441048410828,0.42759039323421855,0.6462246705251575,10.327145745397047
tabb_rp1,18,3.0,ok,10,4,0.9250534135797789,0.6883912802504701,1.787584270597964,0.184246209469553,2.5312474175860227,0.26119473425531187,7.158236218662998,2.0838831940583558,0.19360824161843623,1.0585705292393177,0.5535499071242689,5.617475673532155,1.7523853503872657,0.16657157721471672,0.9451652969211246,0.8588192290011749,5.9438438195125824,2.1568241569198827,0.16300066654255357,1.2850870077597054,0.6257901421631273,5.636924744176349,1.1572443810263524,0.2138043525025055,0.41139082039896757,0.7154058427133098,10.310244913857474
tabb_rp1_joint,18,3.0,ok,10,4,0.6715275173741464,0.6705812018858588,1.4014298736637696,0.1426980326291314,1.821202410387493,0.2078576066753671,7.143382045286079,1.029598490445262,0.09348885286075598,0.8008793450046252,0.5456644241192943,5.580616831624182,1.265626455001576,0.10859875727692493,0.4720158137490773,0.8044965021738164,5.935286131844155,2.1532501681818887,0.15490016787633917,1.0018240903439157,0.616758038537015,5.607100169220224,1.1572443810263524,0.2138043525025055,0.41139082039896757,0.7154058427133098,10.310244913857474
shah,18,3.0,ok,10,4,3.4933490134145266,0.749863857577877,5.1913362254592315,0.33039116925171275,6.947551119452927,0.5327545781749984,7.568449952033307,5.769334087113776,0.524517403096282,1.669665947940398,0.7307240780584295,5.7390289330268525,0.9225459335626823,0.38920399091387403,1.4069891666268033,0.8969959768355756,6.048604916339894,4.124738787532843,0.3101366675239211,0.8421015329504887,0.7259982800476779,5.618969533367137,9.948726093627624,0.0977066154727736,10.054639406140415,0.645737095369825,11.315071610941457
tabb_c1_sep,18,5.0,ok,10,4,2.1835399366248254,1.2485584108426722,5.09855239480992,0.5490577647110269,4.952006162601157,0.8860492327619166,12.036330837458976,9.580504145782532,0.8713056420108813,2.7893388591595754,1.214853797345208,9.562307276247502,1.4548172716488974,0.6473099546577594,2.3182845516286896,1.4897546189539579,10.090854062600682,6.912736042422925,0.5190328186199407,1.3936347514654719,1.214547046487247,9.36436827701603,2.4461521193853226,0.15858264355552606,2.2329015842455635,1.0750781805842757,17.27826932101126
tabb_c1_sim,18,5.0,ok,10,4,2.1418747644085285,1.2383316317331976,4.9719163025693645,0.5294512297865691,4.819949225964048,0.8545762544054969,12.031083754344971,9.358915185776564,0.8457360265110099,2.725572538257765,1.1949298748684163,9.550800979851983,1.4524862047558136,0.6203039861082476,2.246492694757884,1.476592875567009,10.074817866200787,6.641542748619412,0.5048662922391207,1.3627019794392605,1.2024212048331868,9.3661569312193,2.4347210711256673,0.14689861428789822,2.232731845179204,1.0793825716641787,17.27840430022884
tabb_c2_sep,18,5.0,ok,10,4,1.77676385681275,1.248558432955156,4.517412102076224,0.5490574408235932,4.632778274422945,0.886048897817138,12.02574142232085,9.113590013136777,0.8713058559994104,2.5981283490697313,1.2148538501809851,9.574595359193033,1.4323997321916877,0.647309878370088,2.3791884681590867,1.489754511171833,10.09663888288973,6.750731015977332,0.5190324971358241,1.4159428698987209,1.2145467786537123,9.377445221754579,0.7729276469991001,0.1585815317890506,0.7137957401234608,1.0750785918140935,17.231435085776365
tabb_c2_sim,18,5.0,ok,10,4,1.7363172319498832,1.2378987062260347,4.389321467716458,0.5311887820603217,4.449013132428968,0.8547901000581571,12.019354451934547,8.828703205339565,0.8394527571546381,2.5224162728805224,1.1921186195997908,9.557552201383576,1.4410710490635905,0.62296691824427,2.3172779634408727,1.479355311472399,10.08236785191725,6.523282056378563,0.506202584040124,1.3917548544107066,1.2042331619851234,9.377291189060562,0.7642295600841144,0.1561328688022548,0.7138198370674309,1.0758877318468256,17.23151154533391
tabb_c2_sim_joint,18,5.0,ok,10,4,1.204107914367644,1.1016667513984222,3.419752742611251,0.30080963940032507,3.524363080928218,0.4313364267399808,11.942571771449632,6.554852863175279,0.47800719291793575,1.723667437997205,1.0103768510058395,9.327955292566786,1.5204889583754588,0.14387853205175566,1.0006370470316268,1.2036036410286848,9.928710153555949,4.839439588810151,0.4252199638293542,1.3783073353743132,1.116798781712339,9.380035003904663,0.7642295600841144,0.1561328688022548,0.7138198370674309,1.0758877318468256,17.23151154533391
tabb_rp1,18,5.0,ok,10,4,1.5457764716430868,1.1458673561316166,2.981522721553583,0.3065553416949452,4.221237636053632,0.4345115046044965,11.94046666850127,3.4544500280758084,0.32131437855024225,1.7538288642553752,0.9195750623094838,9.36422897145754,2.9050965350567464,0.2763654570346656,1.5699280427513798,1.429529978793687,9.914822127466008,3.6082123749505737,0.2721474311758848,2.1632766773491046,1.0452524687516929,9.395397109723286,1.958331948131204,0.35639410001898814,0.6960723022164876,1.1891119146716025,17.205609787153378
tabb_rp1_joint,18,5.0,ok,10,4,1.1239582484067108,1.1162747304944727,2.3410519353492223,0.2375604527939953,3.0464958778525713,0.34590336403818184,11.915852926730617,1.708465031365198,0.1551859049709785,1.3345614628652878,0.9062913025134098,9.303472605033262,2.102069607605739,0.1803201759854361,0.7840721009514198,1.3396818399908732,9.900923422346766,3.5953411542947484,0.2583416302005784,1.6811271275936477,1.0300138648020052,9.345282692906137,1.958331948131204,0.35639410001898814,0.6960723022164876,1.1891119146716025,17.205609787153378
shah,18,5.0,ok,10,4,5.943072097368865,1.248566530955827,8.761671544967685,0.5490651982225597,11.87101588612051,0.8860537149299378,12.659296388518976,9.580141410926743,0.8712818516288349,2.7892758074962054,1.2148451404460536,9.562290954187581,1.4546867915791073,0.6473211900003257,2.318334450141538,1.489754587635425,10.090863439947661,6.9135228678637075,0.5190775263099269,1.3937422480721098,1.2145831443486101,9.364366326795478,17.098335109501182,0.15858022495115118,17.27093588376561,1.075083251393219,18.975691034870046
tabb_c1_sep,19,0.0,ok,10,4,7.406512012838077e-07,6.319287924436583e-08,9.481727608082912e-07,5.158444703885254e-08,1.115514907092421e-06,8.904660782938958e-08,6.914243661797068e-07,1.1545407780226353e-06,5.7250536212473905e-08,1.0269410772070912e-06,7.522593661693438e-08,9.318157325557534e-07,1.452740806037539e-06,1.0209191234966541e-07,9.971796323434094e-07,1.2530321668079448e-07,4.924442952987028e-07,1.185402706748546e-06,4.6993908416498535e-08,9.384827345204176e-07,5.224094266819106e-08,8.952589978122789e-07,6.752424444257127e-12,1.4311767723118752e-12,1.3610643121480628e-12,1.4210115433690067e-12,3.6796652310194025e-12
tabb_c1_sim,19,0.0,ok,10,4,1.2722733140093233e-06,8.533840127477502e-08,1.6785133045889222e-06,7.109241012944799e-08,2.2444212388119215e-06,1.1327449618177434e-07,8.38282303481501e-07,2.5998701502397804e-06,1.4331143142288044e-07,1.4076263567888562e-06,1.6812610318560224e-07,1.0896059636167334e-06,2.246160008322648e-06,1.0426574750712776e-07,2.029649445987906e-06,1.250271682030188e-07,6.712067398319777e-07,1.867941098691095e-06,3.6775286766455195e-08,1.6518012705326947e-06,4.818317174118387e-08,1.083101673740935e-06,8.196110216560229e-11,1.7174821328633453e-11,1.6182727836897477e-11,1.716196929517179e-11,4.5995314282419287e-11
tabb_c2_sep,19,0.0,ok,10,4,2.710745366569052e-07,1.073078133866061e-07,6.790562151311396e-07,9.975720259683454e-08,1.5307705207109457e-06,1.7784975640992197e-07,8.011313906730626e-07,1.1302714429901309e-06,2.3032035963367675e-07,5.570495531262715e-07,2.3936458780263657e-07,1.1854863311954933e-06,9.013708206477934e-07,9.5500088262384e-08,3.0409565237581135e-07,1.17974652477486e-07,4.997148538836361e-07,6.840853946628409e-07,7.309443564383212e-08,2.2305181703435992e-07,7.177809679789568e-08,9.550671095090177e-07,4.972022237939021e-10,1.1392684744531525e-10,1.011240911777487e-10,1.1391646840607184e-10,2.4531167250510573e-10
tabb_c2_sim,19,0.0,ok,10,4,9.310017681540561e-07,4.6968283961434397e-08,9.685979016765968e-07,3.7971497917341763e-08,1.5657078319161157e-06,6.621763081202342e-08,7.602777960586683e-07,1.7419783746226574e-06,3.824860556069498e-08,1.378169208637326e-06,6.149265408656492e-08,8.416678586578747e-07,1.0601611240570092e-06,4.7084591536998116e-08,9.317937585443826e-07,6.50043000970741e-08,8.809269624816484e-07,1.071203366609402e-06,6.646647745897109e-08,1.4129251704930222e-06,6.12898579343822e-08,9.097532317939173e-07,1.0487414173190979e-09,8.631711270286737e-11,1.1189349414934145e-09,8.632372771635707e-11,1.1262481750022366e-09
tabb_c2_sim_joint,19,0.0,ok,10,4,1.659459710037769e-06,1.206221108159477e-07,8.812621740867753e-07,1.0935560271597443e-07,1.2817232299396175e-06,7.526055379563277e-08,9.431307271985141e-07,1.918284315919132e-06,1.4781906231762708e-07,2.2170797216700267e-06,1.630278412324395e-07,9.57920238183556e-07,7.994412183592749e-07,1.4600675081151822e-07,2.134076439152365e-06,1.6112492536676386e-07,6.507360009693286e-07,8.062744206513755e-07,1.435102806220496e-07,2.285563744387192e-06,1.5824935293687102e-07,1.4889299782830102e-06,1.0487414173190979e-09,8.631711270286737e-11,1.1189349414934145e-09,8.632372771635707e-11,1.1262481750022366e-09
tabb_rp1,19,0.0,ok,10,4,6.373812905787162e-07,5.4045058942106e-08,8.950576256606601e-07,3.822353562285905e-08,1.2608451907880222e-06,6.15401576755879e-08,7.29702934709755e-07,1.044742784664371e-06,5.6487934467619787e-08,8.361272374518465e-07,5.876808803868659e-08,7.755137754762458e-07,1.1238359212551612e-06,4.592849757316373e-08,7.50415233758949e-07,7.489630968232786e-08,7.582781156998164e-07,1.362087127246958e-06,4.4219407087452765e-08,9.442367682548788e-07,7.625752951296079e-08,9.76290364938488e-07,4.956466947615027e-08,6.258303363199937e-09,1.8745922849190588e-08,6.258308534448761e-09,1.775664162236313e-08
tabb_rp1_joint,19,0.0,ok,10,4,3.367602236725637e-07,5.308641960859657e-08,3.560359922717388e-07,2.9695648386904676e-08,5.477692394259476e-07,4.958007312114297e-08,6.892296569627708e-07,5.745233593948632e-07,3.2092737169265016e-08,3.9613678216320533e-07,6.45246328401151e-08,8.616686418723336e-07,5.291150588448003e-07,9.022413420960157e-09,4.557219594355678e-07,4.6731456738505894e-08,4.5677267095033505e-07,2.7094088137114144e-07,7.14091395941936e-08,4.764362302422912e-07,9.48312803213165e-08,9.740229260716377e-07,4.956466947615027e-08,6.258303363199937e-09,1.8745922849190588e-08,6.258308534448761e-09,1.775664162236313e-08
shah,19,0.0,ok,10,4,7.068492705457837e-07,5.3124399764532664e-08,7.526493668135652e-07,2.7497080699096066e-08,4.2303839455527007e-07,1.833158266722832e-08,6.692624867921886e-07,1.2849946273750438e-06,3.666254442852951e-08,9.424658382641468e-07,7.083232053443221e-08,9.20148101630151e-07,1.0163575507246495e-06,3.666279254690527e-08,9.424652620373567e-07,7.083252700837148e-08,3.996080400863766e-07,7.092442667090806e-07,3.666268322889389e-08,9.424655508793324e-07,7.083244078243159e-08,8.861658932013119e-07,1.0224454869641665e-12,3.02592055598925e-13,4.310022987914442e-13,3.107328953911441e-13,7.300885677522861e-13
tabb_c1_sep,19,1.0,ok,10,4,0.6578527007122229,0.2939325785784832,1.8674686111322565,0.18855655989542658,1.799396355620182,0.2795949009354967,2.35954301124635,3.4543360415478266,0.3016596893244263,0.9482026982876175,0.34914477478601763,1.9360186687184342,1.6990723027310433,0.1566272078876396,0.9784050019552616,0.2692179654453955,2.072432908666347,1.1499720348755478,0.09147779715039105,0.4158624870077587,0.2844673524151033,1.8434332278335954,1.1664940653746076,0.20446154521924945,0.28894061559825385,0.27290022166741623,3.2906504487191324
tabb_c1_sim,19,1.0,ok,10,4,0.6465443451457789,0.2905938890535894,1.8140537168141204,0.1836526877463906,1.7635387204345951,0.2724572572453621,2.357009329069005,3.3323945376076374,0.2923508651988868,0.9189196676171443,0.340915408422551,1.9283310867924681,1.663131630537047,0.1521264864043452,0.9658143575749021,0.26750457760798957,2.0684922517891526,1.105415673831521,0.08844685370533367,0.41215140639017145,0.28359343447851054,1.842438976229573,1.1552730252802765,0.2016865456769967,0.2892919490008975,0.2703621357053063,3.290937488336937
tabb_c2_sep,19,1.0,ok,10,4,0.6266431385436797,0.29393261656007874,1.875545796611204,0.18855661562691867,1.8116354789002356,0.2795948960519549,2.3561979004262867,3.4952845697815875,0.3016595954656801,1.069070782814765,0.3491446641910231,1.92433670083316,1.6100034356120936,0.15662739107305987,0.7498823303409834,0.26921820308743366,2.0797813657689797,1.2274445292081018,0.09147794579585268,0.41150767224641993,0.2844673906226214,1.8438965075723377,1.1694506518430328,0.20446153017308202,0.2761117687725508,0.2729002083392369,3.283010445563975
tabb_c2_sim,19,1.0,ok,10,4,0.6135262090394971,0.2904147772282232,1.823560096453933,0.18346871965513337,1.7689804705518313,0.27180053052802117,2.3535245437759094,3.3812193111887887,0.29174005290460325,1.0386477740480209,0.34064355346987724,1.9168112118124838,1.5621355430430148,0.15130287126222958,0.7331649956489101,0.26711846498123715,2.074945530941178,1.1916579303621178,0.08905009159896299,0.4059041582255844,0.2834646868687394,1.8429963076696374,1.1592276012218101,0.20178186285473768,0.27638790823547255,0.2704324035930388,3.2833080185135963
tabb_c2_sim_joint,19,1.0,ok,10,4,0.5116145287439655,0.2859727291716006,1.7969344515509191,0.1641053111881542,1.1701276093034196,0.20213083643593918,2.3321481810545497,2.074874472834867,0.14346615768418577,0.609568776380333,0.26644152435945806,1.8382371434739488,1.7214898760513029,0.14169785102831306,0.5916615514110359,0.2777232228787267,2.0360229288848872,2.2321458560956966,0.1694753731853803,0.5688398789490205,0.3292937658551787,1.8576985348964055,1.1592276012218101,0.20178186285473768,0.27638790823547255,0.2704324035930388,3.2833080185135963
tabb_rp1,19,1.0,ok,10,4,0.43037044735234903,0.2226121020684944,0.9360980857192052,0.07457836876786071,1.2515442655661309,0.11776196910164889,2.3301254649139707,0.932707006475034,0.06827446256769502,0.385722619330901,0.1871604763079403,1.8092590696238127,1.2640271800418452,0.08334744843784125,0.48471161689246334,0.27946709764154837,2.017533845257167,0.7626481651919027,0.03313013346178856,0.5060984121750317,0.27077005564327944,1.822074212574293,0.7850099911680382,0.11356143060411801,0.34494914101099994,0.15305077868120961,3.3247741419620924
tabb_rp1_joint,19,1.0,ok,10,4,0.40223848880334867,0.22351157086331727,0.8460763765876873,0.07240671678664874,1.1628746574009885,0.11751482260422781,2.3309574530760524,1.0005434482793087,0.06940374943660055,0.47269418699384763,0.18711325211004354,1.8098759892991838,1.3076825149078555,0.09065665913016384,0.4287098101310162,0.28118787634742365,2.020852080126612,0.2910695519955469,0.016005027975712575,0.3626008170775306,0.27269437631459226,1.8220409629724752,0.7850099911680382,0.11356143060411801,0.34494914101099994,0.15305077868120961,3.3247741419620924
shah,19,1.0,ok,10,4,0.6563256895490904,0.29393257420231006,1.8608649265823813,0.18855641930913924,1.7977488750117334,0.2795945149190559,2.3549899115521966,3.4543362975402396,0.30165953003519624,0.9482025592180069,0.34914468097461115,1.9360186099175707,1.699079510149599,0.15662745023321833,0.978406718651502,0.26921853711788096,2.0724332783868107,1.1499693378378686,0.0914776527826348,0.4158624995463792,0.2844673144045388,1.8434331923990166,1.1400745608018188,0.20446104418550756,0.28283098078047364,0.27289976431220936,3.2775778019598243
tabb_c1_sep,19,3.0,ok,10,4,1.9869536802375598,0.8804345128730735,5.599772647785486,0.5631895219392938,5.401276340865379,0.8338927791222899,7.0777404324065225,10.346830364599874,0.9068946170718897,2.8493421542766333,1.0483592500154901,5.807327379614604,5.140877499925553,0.47485547386380206,2.952685043437122,0.8100133898839552,6.220432001462231,3.4216256006966517,0.27212549760164856,1.245828000704429,0.8565633979889546,5.53028900578964,3.489757125919865,0.5988824992198353,0.8999595225320545,0.8068020136038943,9.867862810542803
tabb_c1_sim,19,3.0,ok,10,4,1.952855332051037,0.8703966081261795,5.439325584214561,0.5484429692722498,5.293902022831724,0.8124098723063758,7.070073745141162,9.980341007084663,0.8788163530069769,2.761217525324768,1.0235263916113022,5.784301859148605,5.031003007061507,0.4610813641844186,2.9141208896237587,0.804693094675557,6.208308408440121,3.2886741262249672,0.26306848012692535,1.2350436408141778,0.8539347619449227,5.52727914478882,3.4572841964871084,0.5908056797706782,0.9010392724414429,0.7994321842729362,9.868724082193289
tabb_c2_sep,19,3.0,ok,10,4,1.8838918167417358,0.8804344413865018,5.616143866968728,0.5631895082050357,5.422958487509356,0.8338925954235807,7.067482101615507,10.492493500898721,0.9068946444149567,3.20909319908798,1.0483592567934537,5.775367807414242,4.882342361452147,0.47485561491059614,2.2652691138887704,0.8100134893995112,6.2426658764707845,3.6472587793273106,0.27212577848169517,1.2318740733426217,0.8565634707425454,5.530904261483391,3.4424808261967366,0.5988819950128949,0.8293308806475717,0.8068015486104968,9.842792313198402
tabb_c2_sim,19,3.0,ok,10,4,1.8443110333462875,0.8698372906323251,5.459747110402359,0.5478812255993397,5.293548388706384,0.8103843017322871,7.0593708998697595,10.149215860301732,0.876931766378581,3.117423242590413,1.0226636413278398,5.752683432903964,4.736515709214502,0.4586462407428014,2.2143385697038616,0.8035183307484157,6.227833955012349,3.540783595003095,0.2648935726589505,1.215255427952052,0.8535608857642633,5.528201124459473,3.4124732770901067,0.5910533226170258,0.8302268931388241,0.7996063046887811,9.843707628979258
tabb_c2_sim_joint,19,3.0,ok,10,4,1.5346618779843904,0.85524038084111,5.374768391483887,0.4888001576648754,3.4721221569834397,0.5983547006230024,6.994234434158128,6.224319238713128,0.43046745129087677,1.8288687723616324,0.797691746083808,5.516762203770495,5.170892258580709,0.4258027627118523,1.775257605818762,0.8334228944020905,6.107249870906547,6.691388791551603,0.5078770940397467,1.7042942406183423,0.9902405781897605,5.57185024892,3.4124732770901067,0.5910533226170258,0.8302268931388241,0.7996063046887811,9.843707628979258
tabb_rp1,19,3.0,ok,10,4,1.282168384616627,0.6680924932698855,2.7990682144896444,0.22326050243293233,3.740419289920634,0.3523013132887889,6.98720655269436,2.794737720096943,0.20461023002407472,1.1517068701011564,0.5596501664779405,5.4299609182906075,3.7763089213217356,0.2492320162051921,1.4402835065646364,0.8377480453831657,6.051896841728921,2.2905558888927553,0.09994346384409346,1.5092319110752042,0.8152929021395784,5.465453591514757,2.3346703276471437,0.33925629965836906,1.0274512507255107,0.4596788590788577,9.965094466284132
tabb_rp1_joint,19,3.0,ok,10,4,1.1975539184179498,0.6708051595031289,2.5280429234561876,0.21669179904624164,3.47435870410261,0.35147981852945925,6.989690064056864,2.989974867774228,0.20750915331617972,1.4080837749156625,0.5594504550050782,5.431509627038493,3.910231099257447,0.2712586811310372,1.275325867823874,0.8428502839255894,6.062054287323325,0.8772953991459302,0.04874306207938051,1.0793547802067516,0.8212410400029901,5.465360192454606,2.3346703276471437,0.33925629965836906,1.0274512507255107,0.4596788590788577,9.965094466284132
shah,19,3.0,ok,10,4,2.0717010223861934,0.8804362309023344,5.5574123823707735,0.5631873196210385,5.477573948158489,0.8338883046981017,7.06437356570697,10.346882850385803,0.9068933345824748,2.8493492174372705,1.048360304606214,5.807328271173305,5.141043180007398,0.47486062850798466,2.9527203838503775,0.810025407444985,6.220439283924848,3.4215193189946405,0.2721184232264886,1.2458209340288708,0.8565622007066125,5.530287011367758,3.320204180095253,0.598876892167206,1.2389135542282548,0.8067970108515259,9.829470715209977
tabb_c1_sep,19,5.0,ok,10,4,3.351113972045948,1.4652919491798488,9.333167793786608,0.9346423191784147,9.014413005993356,1.3818597043456595,11.795785469946853,17.21962011748801,1.514630376843912,4.75740674397664,1.7487681039566878,9.677989651199338,8.641645622224397,0.7998446450919884,4.950092649812307,1.354116850100161,10.372881169548668,5.655039524100943,0.4497359913383496,2.073928584579379,1.4329848823962263,9.217422830138796,5.81636591133308,0.9743582634394086,1.623027909815466,1.32529796026632,16.442055477834106
tabb_c1_sim,19,5.0,ok,10,4,3.2938980700268425,1.4485214182039903,9.06543197622461,0.9100018487877454,8.835771969498591,1.3459267570892879,11.782896553683354,16.607737019236346,1.467578794881788,4.610088688228605,1.7071401216331155,9.639677314754692,8.454977126364643,0.7764193548799587,4.884477360612568,1.3449362694974085,10.352158068595378,5.434671611197947,0.43470118059271273,2.05652530213333,1.4285917610056262,9.212360922659723,5.7643421480995105,0.9613080647965221,1.6245009291328678,1.31341752067981,16.443492804148505
tabb_c2_sep,19,5.0,ok,10,4,3.1466091250262327,1.4652920085791228,9.343591549986728,0.9346423836711167,9.019912505020303,1.381859718620121,11.778017759849222,17.498741548523206,1.5146306878083056,5.351562831345935,1.748768414600332,9.629760164712772,8.225926293902903,0.7998447138722967,3.8018940060107393,1.3541169383147107,10.410355181265164,6.020532363948014,0.44973610743795467,2.0488854172381803,1.4329849397552783,9.217189917763992,5.629165993572791,0.97435802556591,1.3840942455100775,1.3252977416461702,16.39580567081658
tabb_c2_sim,19,5.0,ok,10,4,3.080252874502658,1.4475548087730385,9.082217429236726,0.909052836748027,8.801787301926742,1.342466946657847,11.764344513571501,16.924902849412614,1.4643574304324105,5.198132383608957,1.705625931953787,9.591778784963799,7.9791427159774955,0.7724275864922856,3.71568149695638,1.342956054741052,10.385080828467817,5.844579068804938,0.4377684619958582,2.021506874085139,1.427989508890048,9.212680164538757,5.580245082751858,0.9616578680715535,1.3856907433601566,1.3136477395072679,16.39736586920053
tabb_c2_sim_joint,19,5.0,ok,10,4,2.5577184395086983,1.4211089293091528,8.932099266793527,0.8089459533530171,5.72328787531887,0.983999253861195,11.654114151722963,10.373291001670466,0.7175638332377401,3.0485536482474385,1.326745042374336,9.19832059084099,8.630140590036044,0.7109539805871088,2.959541873255394,1.3895668390817433,10.17768715457086,11.144720392715742,0.8456081315156658,2.837087493171803,1.6544760962732639,9.284690715846663,5.580245082751858,0.9616578680715535,1.3856907433601566,1.3136477395072679,16.39736586920053
tabb_rp1,19,5.0,ok,10,4,2.1223488448336036,1.1139620242003154,4.6498660742767814,0.37131663503478174,6.210421323696866,0.5855389805423558,11.640800658988386,4.652269093779244,0.3406565305093733,1.9106939712562685,0.9297099863171936,9.053864258813558,6.267638536708193,0.41404127087053083,2.377553233950082,1.3952037135002566,10.085572654330743,3.8222565390368093,0.16751553645310982,2.5002968504386063,1.3638875692267964,9.108127219854467,3.857300127582881,0.563053202306113,1.7008513236894593,0.7670468277570154,16.59469025602341
tabb_rp1_joint,19,5.0,ok,10,4,1.9809715615067374,1.1185087580607502,4.19674523739097,0.36028838191342694,5.766963529477114,0.5840464348958202,11.644921468944515,4.964064646961698,0.34469565913344064,2.3303152597484527,0.9292804803709833,9.055949592056749,6.495826295152164,0.4509206917701349,2.107800520939655,1.4036069033027765,10.10284161162068,1.469789879867137,0.08248397444401931,1.7849191416493824,1.3741008208122256,9.107985931852006,3.857300127582881,0.563053202306113,1.7008513236894593,0.7670468277570154,16.59469025602341
shah,19,5.0,ok,10,4,3.7785706015833034,1.4653001973162014,9.317692321215212,0.9346322389432699,9.38100126558363,1.3818397784546532,11.785034205806532,17.219853186286294,1.5146241594642,4.757437037746509,1.7487726364326601,9.677993226477048,8.642418304917358,0.7998677978536972,4.95025445899142,1.35417235751886,10.372914108145165,5.654545569675113,0.4497030778166412,2.0738966585383425,1.4329794217572058,9.217413473231327,5.753952223982079,0.9743339206385411,3.3326942510569397,1.32527637355608,16.41117039716915
tabb_c1_sep,20,0.0,ok,10,4,7.406512012838077e-07,6.319287924436583e-08,9.481727608082912e-07,5.158444703885254e-08,1.115514907092421e-06,8.904660782938958e-08,6.914243661797068e-07,1.1545407780226353e-06,5.7250536212473905e-08,1.0269410772070912e-06,7.522593661693438e-08,9.318157325557534e-07,1.452740806037539e-06,1.0209191234966541e-07,9.971796323434094e-07,1.2530321668079448e-07,4.924442952987028e-07,1.185402706748546e-06,4.6993908416498535e-08,9.384827345204176e-07,5.224094266819106e-08,8.952589978122789e-07,6.752424444257127e-12,1.4311767723118752e-12,1.3610643121480628e-12,1.4210115433690067e-12,3.6796652310194025e-12
tabb_c1_sim,20,0.0,ok,10,4,1.2722733140093233e-06,8.533840127477502e-08,1.6785133045889222e-06,7.109241012944799e-08,2.2444212388119215e-06,1.1327449618177434e-07,8.38282303481501e-07,2.5998701502397804e-06,1.4331143142288044e-07,1.4076263567888562e-06,1.6812610318560224e-07,1.0896059636167334e-06,2.246160008322648e-06,1.0426574750712776e-07,2.029649445987906e-06,1.250271682030188e-07,6.712067398319777e-07,1.867941098691095e-06,3.6775286766455195e-08,1.6518012705326947e-06,4.818317174118387e-08,1.083101673740935e-06,8.196110216560229e-11,1.7174821328633453e-11,1.6182727836897477e-11,1.716196929517179e-11,4.5995314282419287e-11
tabb_c2_sep,20,0.0,ok,10,4,2.710745366569052e-07,1.073078133866061e-07,6.790562151311396e-07,9.975720259683454e-08,1.5307705207109457e-06,1.7784975640992197e-07,8.011313906730626e-07,1.1302714429901309e-06,2.3032035963367675e-07,5.570495531262715e-07,2.3936458780263657e-07,1.1854863311954933e-06,9.013708206477934e-07,9.5500088262384e-08,3.0409565237581135e-07,1.17974652477486e-07,4.997148538836361e-07,6.840853946628409e-07,7.309443564383212e-08,2.2305181703435992e-07,7.177809679789568e-08,9.550671095090177e-07,4.972022237939021e-10,1.1392684744531525e-10,1.011240911777487e-10,1.1391646840607184e-10,2.4531167250510573e-10
tabb_c2_sim,20,0.0,ok,10,4,9.310017681540561e-07,4.6968283961434397e-08,9.685979016765968e-07,3.7971497917341763e-08,1.5657078319161157e-06,6.621763081202342e-08,7.602777960586683e-07,1.7419783746226574e-06,3.824860556069498e-08,1.378169208637326e-06,6.149265408656492e-08,8.416678586578747e-07,1.0601611240570092e-06,4.7084591536998116e-08,9.317937585443826e-07,6.50043000970741e-08,8.809269624816484e-07,1.071203366609402e-06,6.646647745897109e-08,1.4129251704930222e-06,6.12898579343822e-08,9.097532317939173e-07,1.0487414173190979e-09,8.631711270286737e-11,1.1189349414934145e-09,8.632372771635707e-11,1.1262481750022366e-09
tabb_c2_sim_joint,20,0.0,ok,10,4,1.659459710037769e-06,1.206221108159477e-07,8.812621740867753e-07,1.0935560271597443e-07,1.2817232299396175e-06,7.526055379563277e-08,9.431307271985141e-07,1.918284315919132e-06,1.4781906231762708e-07,2.2170797216700267e-06,1.630278412324395e-07,9.57920238183556e-07,7.994412183592749e-07,1.4600675081151822e-07,2.134076439152365e-06,1.6112492536676386e-07,6.507360009693286e-07,8.062744206513755e-07,1.435102806220496e-07,2.285563744387192e-06,1.5824935293687102e-07,1.4889299782830102e-06,1.0487414173190979e-09,8.631711270286737e-11,1.1189349414934145e-09,8.632372771635707e-11,1.1262481750022366e-09
tabb_rp1,20,0.0,ok,10,4,6.373812905787162e-07,5.4045058942106e-08,8.950576256606601e-07,3.822353562285905e-08,1.2608451907880222e-06,6.15401576755879e-08,7.29702934709755e-07,1.044742784664371e-06,5.6487934467619787e-08,8.361272374518465e-07,5.876808803868659e-08,7.755137754762458e-07,1.1238359212551612e-06,4.592849757316373e-08,7.50415233758949e-07,7.489630968232786e-08,7.582781156998164e-07,1.362087127246958e-06,4.4219407087452765e-08,9.442367682548788e-07,7.625752951296079e-08,9.76290364938488e-07,4.956466947615027e-08,6.258303363199937e-09,1.8745922849190588e-08,6.258308534448761e-09,1.775664162236313e-08
tabb_rp1_joint,20,0.0,ok,10,4,3.367602236725637e-07,5.308641960859657e-08,3.560359922717388e-07,2.9695648386904676e-08,5.477692394259476e-07,4.958007312114297e-08,6.892296569627708e-07,5.745233593948632e-07,3.2092737169265016e-08,3.9613678216320533e-07,6.45246328401151e-08,8.616686418723336e-07,5.291150588448003e-07,9.022413420960157e-09,4.557219594355678e-07,4.6731456738505894e-08,4.5677267095033505e-07,2.7094088137114144e-07,7.14091395941936e-08,4.764362302422912e-07,9.48312803213165e-08,9.740229260716377e-07,4.956466947615027e-08,6.258303363199937e-09,1.8745922849190588e-08,6.258308534448761e-09,1.775664162236313e-08
shah,20,0.0,ok,10,4,7.068492705457837e-07,5.3124399764532664e-08,7.526493668135652e-07,2.7497080699096066e-08,4.2303839455527007e-07,1.833158266722832e-08,6.692624867921886e-07,1.2849946273750438e-06,3.666254442852951e-08,9.424658382641468e-07,7.083232053443221e-08,9.20148101630151e-07,1.0163575507246495e-06,3.666279254690527e-08,9.424652620373567e-07,7.083252700837148e-08,3.996080400863766e-07,7.092442667090806e-07,3.666268322889389e-08,9.424655508793324e-07,7.083244078243159e-08,8.861658932013119e-07,1.0224454869641665e-12,3.02592055598925e-13,4.310022987914442e-13,3.107328953911441e-13,7.300885677522861e-13
tabb_c1_sep,20,1.0,ok,10,4,0.7584268164745032,0.3394069715907179,2.1862272393408873,0.2585254187026707,2.736436007009044,0.393645233204796,2.423422058101344,2.381951901157917,0.23700830374816376,0.7208608669443702,0.26450823634762954,1.8639302947093244,2.1998387089594047,0.17448361388209874,0.8663477158599046,0.2979687187076688,1.9325644947862568,2.588271671272903,0.2687622513023654,1.021002398659123,0.38462051562380006,1.9492694419288112,1.5748466759733242,0.35384750587805486,0.42549628443461496,0.41053041568377313,3.5331579160133093
tabb_c1_sim,20,1.0,ok,10,4,0.7393955244017328,0.3329122484725038,2.1113732782361607,0.25078106481301676,2.6563420407110034,0.3821416946647105,2.4189670387549227,2.2997872605400342,0.22928547690403672,0.6991508450842816,0.2580407569400202,1.8593071256794493,2.1025096814516147,0.16734796570643387,0.8420779503110168,0.292083228420978,1.9263944659663987,2.484437460915711,0.2573177598771646,0.9934392303266567,0.37528084322086463,1.9414626804200972,1.5587587100372828,0.34917305676443183,0.4229140718849761,0.4062441653081522,3.5310494435448936
tabb_c2_sep,20,1.0,ok,10,4,0.6741579839366396,0.339406825245018,2.1360464055423276,0.2585252331261335,2.6439790288904237,0.3936445317925575,2.4276851063828877,2.3271053980853034,0.23701154594687154,0.7512170926609956,0.2645113936694234,1.8581174516330672,2.0503670366219344,0.17448353613222134,0.685295326877907,0.29796858425728306,1.9078507240877067,2.573637274259875,0.26876203035296004,0.8651509431601144,0.38462030758905136,1.9705266960472296,1.5930759132021968,0.35384382007248105,0.3949685730475414,0.41052701546431425,3.5495280804232294
tabb_c2_sim,20,1.0,ok,10,4,0.6540861157762755,0.3331890536425508,2.063771565630646,0.2509397535160379,2.5696881105880673,0.38261720130444205,2.423342501055613,2.2400328519049624,0.22856290676599983,0.7257519607744717,0.2573008131398557,1.8532258790041511,1.9661032354286028,0.16718249227318907,0.6621305759436394,0.2924096497836353,1.9025758136432684,2.465655127638051,0.25694652323751654,0.8351135590934309,0.3750548439869929,1.9611831457806463,1.5832950475509668,0.35106709178744633,0.39334836729356004,0.4079909076597192,3.5482214267326624
tabb_c2_sim_joint,20,1.0,ok,10,4,0.35575678791197374,0.2781502534343867,1.329748067273941,0.16535162672354142,1.2745192393552551,0.24658420022655322,2.391690232881014,1.4181132835662287,0.12264476193512241,0.3312098058669423,0.1746954165668696,1.8129143034092687,1.0049355050395088,0.07567124544152237,0.3001168972509159,0.236485969172391,1.8537379060897627,1.312648432939059,0.11202340773007453,0.3983520812364767,0.29342872033856704,1.8888755626374674,1.5832950475509668,0.35106709178744633,0.39334836729356004,0.4079909076597192,3.5482214267326624
tabb_rp1,20,1.0,ok,10,4,0.30712513981813633,0.20642685009280834,0.6414476918722318,0.0625411989382283,0.9369501507204161,0.1025674987362137,2.3507610331768096,0.44170898107261214,0.036447876862731654,0.4587448039031844,0.16776810007438744,1.787840644784116,1.1340187613456438,0.08060125056542347,0.24604854895444195,0.20420500647169637,1.8525803694402383,0.28838647980587473,0.022691052808709786,0.2676627091679454,0.24518326110575975,1.880774397949473,0.7016765452647968,0.1104246155160483,0.2560444972469734,0.20855103271938982,3.4552234671653865
tabb_rp1_joint,20,1.0,ok,10,4,0.303623685187734,0.20605762377412828,0.6138595106836534,0.062216441633399025,0.8694865348811381,0.10177956111615767,2.350777120579677,0.4989849052062093,0.03880906348261364,0.45414118068277654,0.16906001729172204,1.7879945353971436,1.0337267745270862,0.07510137209226492,0.22303331911732066,0.20227379628267236,1.8515818287575472,0.22104981773652152,0.02453071544266923,0.2812757437038655,0.24434564880272888,1.881691618549098,0.7016765452647968,0.1104246155160483,0.2560444972469734,0.20855103271938982,3.4552234671653865
shah,20,1.0,ok,10,4,1.1103563263244232,0.3394071121791138,2.4174504393809206,0.25852611958369587,3.039755351380066,0.39364684694628155,2.503954757887847,2.3819192841835997,0.2370111393734028,0.7208525544543156,0.2645088133463971,1.8639306719025024,2.1998401492261626,0.17448360213943437,0.866348029795583,0.297968773364675,1.9325644346799535,2.5882709870703757,0.26876228404155605,1.021002625811843,0.38462049274504073,1.949269473695811,2.4997713370435437,0.35384745278039037,1.8332220952359513,0.4105303692603425,3.751061635492762
tabb_c1_sep,20,3.0,ok,10,4,2.2799068365537836,1.0167220279691789,6.545034812193342,0.7732061560045922,8.194553209245802,1.177595234108628,7.268580069053826,7.1185925754671375,0.7055076510919966,2.1303853963487733,0.7880510185499852,5.587883330700546,6.6016233933790955,0.5231905986681054,2.6010455984244456,0.8957653818046976,5.796052417546669,7.726812522730418,0.8002109612863142,3.0645931625176885,1.1482533693327266,5.845701346098639,4.733110757196716,1.0639154129719526,1.323603188924227,1.2348183421893064,10.598968671938652
tabb_c1_sim,20,3.0,ok,10,4,2.223156517565113,0.9973922342619874,6.321706145956769,0.7501095171344841,7.9557559108781355,1.1433394657696077,7.255335872396325,6.875620745599576,0.6826447283774907,2.066276702056836,0.768964468413601,5.574253250926679,6.305970911746763,0.5015563372889719,2.5270600335606215,0.87795629169939,5.777401937444261,7.420069767903756,0.7662807202933952,2.9832518170482416,1.1206275537783308,5.822754902547304,4.6851631585769855,1.0499562825780788,1.3160375175947525,1.2220206231566282,10.59266007090446
tabb_c2_sep,20,3.0,ok,10,4,2.016531352713232,1.0167245028179823,6.386560970337632,0.7732094309915147,7.907500061179241,1.1776006147828006,7.282533965072187,6.935033466693728,0.7055115285290156,2.2358386429799157,0.7880523489021647,5.568760715685923,6.167972777492089,0.523190565009593,2.0599380105438954,0.8957655049226896,5.7234678156873775,7.660090447510352,0.8002113309355551,2.582077723799037,1.1482536635993985,5.909716665430975,4.7831471896543585,1.0639242994918956,1.188271033530079,1.2348264938476767,10.651162988062454
tabb_c2_sim,20,3.0,ok,10,4,1.956768281425318,0.9982504833406105,6.171211936972714,0.7506269994332735,7.687498731531114,1.1448172832691041,7.269655035788601,6.6765925715516214,0.6804593483394182,2.160318915387086,0.7667463253364827,5.5543953453274035,5.9136747429224865,0.501269513189048,1.9901977252613756,0.8790792357466812,5.707606227249398,7.34080255452799,0.7652013859543572,2.49319355959539,1.1199720846080212,5.882199759197597,4.753777878888759,1.0555777502502706,1.1833629254574207,1.2272042876712574,10.647214981056367
tabb_c2_sim_joint,20,3.0,ok,10,4,1.064404397680668,0.8352749344419728,3.976554863543984,0.4956037593710924,3.8248581948672347,0.74062421712161,7.17573629398211,4.2430741148369435,0.36693140421890735,0.9895680611750324,0.5238083069329975,5.435738833596946,3.00985936084521,0.22627794242863483,0.8964943986424008,0.7114502578795621,5.560555965807518,3.8995080996050238,0.3336279405865568,1.1881922054478187,0.8786368852840744,5.668733480620328,4.753777878888759,1.0555777502502706,1.1833629254574207,1.2272042876712574,10.647214981056367
tabb_rp1,20,3.0,ok,10,4,0.9224512201285009,0.6203138826720216,1.9295534251965165,0.18811082615357394,2.817135120679739,0.3085658057700271,7.052587873462575,1.3367062466412676,0.10975550302041565,1.3854082985736444,0.5034936824285592,5.361857419179383,3.4109321957684484,0.24252539435462683,0.7399631597499345,0.6146504106843552,5.557857817734797,0.8593854660164307,0.06818799910536226,0.7950915483392179,0.7358008440178023,5.644564781742711,2.11118979235992,0.33197440813389095,0.7693418738512066,0.6273105935573696,10.366077984010662
tabb_rp1_joint,20,3.0,ok,10,4,0.9111902569144272,0.6191459082450661,1.8420431026340292,0.18682306821044226,2.6100543745883833,0.30571286727621766,7.052592868130743,1.5058522227125664,0.11640412379279642,1.3735576754927195,0.5073490380798779,5.362265103142079,3.0996617099329624,0.22521928848273323,0.668504327570963,0.608647692927376,5.5547068224322755,0.6514686855306683,0.07369445243234836,0.8333571507428199,0.7332763084156412,5.647303512676908,2.11118979235992,0.33197440813389095,0.7693418738512066,0.6273105935573696,10.366077984010662
shah,20,3.0,ok,10,4,3.4551110038897086,1.016725543762518,7.34162302114782,0.7732102400177814,9.280727418562883,1.1776015994145588,7.542410992729581,7.118562495927334,0.7055065442357927,2.130378387905604,0.7880497960357663,5.587882331975737,6.601710708892293,0.5231952537319655,2.6010661593530604,0.89577040877601,5.7960559406770225,7.726877282653461,0.8002146534964927,3.0646096702714907,1.1482552262934598,5.845702649238284,7.91934159711819,1.0639245086068747,6.024389798028681,1.2348267439448355,11.338470860138795
tabb_c1_sep,20,5.0,ok,10,4,3.8079732928826484,1.692045598461046,10.886059039291776,1.2847293098241015,13.632501323242073,1.9570882791532604,12.112552920162365,11.820332833692872,1.1668317657333793,3.498714620519605,1.3044875646745546,9.306901924417154,11.005154141382416,0.8717208077599897,4.336604873376064,1.4961883801362907,9.657602068227117,12.81470818292014,1.3234828576631557,5.108556478211395,1.9043262403555699,9.739802605377221,7.904040999171675,1.7768818081398814,2.2880171994235297,2.063180208677769,17.666473814665956
tabb_c1_sim,20,5.0,ok,10,4,3.7139772017988104,1.6600803709056835,10.515815590261752,1.2464554068715654,13.237109445618666,1.9004087954874056,12.090672549977755,11.421013700350171,1.129236821735764,3.39363457536767,1.2731964724670555,9.284576608691124,10.506189484611271,0.8352639751493922,4.211353868626376,1.4662403926192187,9.626280564000883,12.311447997323947,1.2676146317495818,4.975240619746515,1.8589474379437103,9.702341834578602,7.824611178761622,1.7537061988515243,2.2756797434546816,2.04193718059275,17.655972742066997
tabb_c2_sep,20,5.0,ok,10,4,3.351184471153192,1.692045779451659,10.608676905344257,1.284728603986078,13.139298534975866,1.9570864937950334,12.137469271359272,11.482967816170152,1.166827097878295,3.6972049708118178,1.3044864502669693,9.272348844700518,10.309098548695898,0.8717219404494913,3.44053468144036,1.496189485651179,9.539454134125824,12.665487849177092,1.3234830096596752,4.281055886003427,1.9043264614954027,9.846680306690464,7.97715340733389,1.77688236795685,1.9859423463571622,2.0631807203930843,17.757755767992954
tabb_c2_sim,20,5.0,ok,10,4,3.2523212502277072,1.6615577885589654,10.252185672533496,1.247399191825013,12.778101490888785,1.9029775974694714,12.116256222344083,11.05652703072582,1.1256226051963782,3.5727330098049266,1.2695187549329094,9.248931428903099,9.882749195536647,0.835149688094976,3.3238760953904753,1.4683585093131448,9.512948113553566,12.141271933800002,1.2658708948874318,4.134986095642096,1.857890857319755,9.80167746729459,7.928194530071524,1.7629535791212658,1.977689800073331,2.050463032670052,17.75113697263875
tabb_c2_sim_joint,20,5.0,ok,10,4,1.7692442543603537,1.393449327840123,6.606224856276638,0.8251781558273558,6.376580632708883,1.2356974132812673,11.961412272911797,7.053682354163279,0.6099092090678228,1.6426257774966857,0.8725904404950992,9.054836412104065,5.008180781996602,0.3758999889907357,1.487816010171251,1.1891334924292465,9.266858821252239,6.434841758875149,0.5519498461295989,1.9688454297001474,1.4616103457660936,9.451663111108621,7.928194530071524,1.7629535791212658,1.977689800073331,2.050463032670052,17.75113697263875
tabb_rp1,20,5.0,ok,10,4,1.539765539447421,1.0356094270658402,3.2249463583182068,0.3143452597006989,4.705942242605555,0.5157433410561247,11.75564667737179,2.246881359441551,0.18358737529373464,2.324309875219869,0.8394836516054895,8.93391478844664,5.699749864060577,0.4054138903799839,1.236530649607246,1.0278760318225875,9.26366498727964,1.4231736052952537,0.11383011036701886,1.3124472745161793,1.2267294305972811,9.411613987030115,3.529980604475446,0.5545496627620582,1.285774358446391,1.0483485942380024,17.27923941984057
tabb_rp1_joint,20,5.0,ok,10,4,1.5196472589164072,1.0335596899533863,3.071179570843523,0.31167941357148543,4.353128832831957,0.510179606991954,11.755582705167198,2.524641855150796,0.19397266062894017,2.3077706271105587,0.845876895144162,8.93451123081525,5.163389383995663,0.37520770343441834,1.1133776386055105,1.017515776866388,9.258146421070181,1.0667064397521866,0.12298762746052493,1.3716664115031683,1.222497493564993,9.416157280780405,3.529980604475446,0.5545496627620582,1.285774358446391,1.0483485942380024,17.27923941984057
shah,20,5.0,ok,10,4,5.954561077065386,1.6920530426902987,12.381022632521416,1.2847379109843318,15.736490460158272,1.9570975653457097,12.621670978539258,11.820230599813387,1.1668212864260166,3.4986928996877005,1.304480397535234,9.306896230936331,11.005582040285871,0.8717441257702007,4.336705985557735,1.4962132582543708,9.657620068244352,12.815006633980621,1.323501494572911,5.108637729364923,1.9043353697320746,9.739809982464614,13.883271256005784,1.7768847371681984,10.874207693651186,2.063183145239515,19.038762350308133
tabb_c1_sep,21,0.0,ok,10,4,7.406512012838077e-07,6.319287924436583e-08,9.481727608082912e-07,5.158444703885254e-08,1.115514907092421e-06,8.904660782938958e-08,6.914243661797068e-07,1.1545407780226353e-06,5.7250536212473905e-08,1.0269410772070912e-06,7.522593661693438e-08,9.318157325557534e-07,1.452740806037539e-06,1.0209191234966541e-07,9.971796323434094e-07,1.2530321668079448e-07,4.924442952987028e-07,1.185402706748546e-06,4.6993908416498535e-08,9.384827345204176e-07,5.224094266819106e-08,8.952589978122789e-07,6.752424444257127e-12,1.4311767723118752e-12,1.3610643121480628e-12,1.4210115433690067e-12,3.6796652310194025e-12
tabb_c1_sim,21,0.0,ok,10,4,1.2722733140093233e-06,8.533840127477502e-08,1.6785133045889222e-06,7.109241012944799e-08,2.2444212388119215e-06,1.1327449618177434e-07,8.38282303481501e-07,2.5998701502397804e-06,1.4331143142288044e-07,1.4076263567888562e-06,1.6812610318560224e-07,1.0896059636167334e-06,2.246160008322648e-06,1.0426574750712776e-07,2.029649445987906e-06,1.250271682030188e-07,6.712067398319777e-07,1.867941098691095e-06,3.6775286766455195e-08,1.6518012705326947e-06,4.818317174118387e-08,1.083101673740935e-06,8.196110216560229e-11,1.7174821328633453e-11,1.6182727836897477e-11,1.716196929517179e-11,4.5995314282419287e-11
tabb_c2_sep,21,0.0,ok,10,4,2.710745366569052e-07,1.073078133866061e-07,6.790562151311396e-07,9.975720259683454e-08,1.5307705207109457e-06,1.7784975640992197e-07,8.011313906730626e-07,1.1302714429901309e-06,2.3032035963367675e-07,5.570495531262715e-07,2.3936458780263657e-07,1.1854863311954933e-06,9.013708206477934e-07,9.5500088262384e-08,3.0409565237581135e-07,1.17974652477486e-07,4.997148538836361e-07,6.840853946628409e-07,7.309443564383212e-08,2.2305181703435992e-07,7.177809679789568e-08,9.550671095090177e-07,4.972022237939021e-10,1.1392684744531525e-10,1.011240911777487e-10,1.1391646840607184e-10,2.4531167250510573e-10
tabb_c2_sim,21,0.0,ok,10,4,9.310017681540561e-07,4.6968283961434397e-08,9.685979016765968e-07,3.7971497917341763e-08,1.5657078319161157e-06,6.621763081202342e-08,7.602777960586683e-07,1.7419783746226574e-06,3.824860556069498e-08,1.378169208637326e-06,6.149265408656492e-08,8.416678586578747e-07,1.0601611240570092e-06,4.7084591536998116e-08,9.317937585443826e-07,6.50043000970741e-08,8.809269624816484e-07,1.071203366609402e-06,6.646647745897109e-08,1.4129251704930222e-06,6.12898579343822e-08,9.097532317939173e-07,1.0487414173190979e-09,8.631711270286737e-11,1.1189349414934145e-09,8.632372771635707e-11,1.1262481750022366e-09
tabb_c2_sim_joint,21,0.0,ok,10,4,1.659459710037769e-06,1.206221108159477e-07,8.812621740867753e-07,1.0935560271597443e-07,1.2817232299396175e-06,7.526055379563277e-08,9.431307271985141e-07,1.918284315919132e-06,1.4781906231762708e-07,2.2170797216700267e-06,1.630278412324395e-07,9.57920238183556e-07,7.994412183592749e-07,1.4600675081151822e-07,2.134076439152365e-06,1.6112492536676386e-07,6.507360009693286e-07,8.062744206513755e-07,1.435102806220496e-07,2.285563744387192e-06,1.5824935293687102e-07,1.4889299782830102e-06,1.0487414173190979e-09,8.631711270286737e-11,1.1189349414934145e-09,8.632372771635707e-11,1.1262481750022366e-09
tabb_rp1,21,0.0,ok,10,4,6.373812905787162e-07,5.4045058942106e-08,8.950576256606601e-07,3.822353562285905e-08,1.2608451907880222e-06,6.15401576755879e-08,7.29702934709755e-07,1.044742784664371e-06,5.6487934467619787e-08,8.361272374518465e-07,5.876808803868659e-08,7.755137754762458e-07,1.1238359212551612e-06,4.592849757316373e-08,7.50415233758949e-07,7.489630968232786e-08,7.582781156998164e-07,1.362087127246958e-06,4.4219407087452765e-08,9.442367682548788e-07,7.625752951296079e-08,9.76290364938488e-07,4.956466947615027e-08,6.258303363199937e-09,1.8745922849190588e-08,6.258308534448761e-09,1.775664162236313e-08
tabb_rp1_joint,21,0.0,ok,10,4,3.367602236725637e-07,5.308641960859657e-08,3.560359922717388e-07,2.9695648386904676e-08,5.477692394259476e-07,4.958007312114297e-08,6.892296569627708e-07,5.745233593948632e-07,3.2092737169265016e-08,3.9613678216320533e-07,6.45246328401151e-08,8.616686418723336e-07,5.291150588448003e-07,9.022413420960157e-09,4.557219594355678e-07,4.6731456738505894e-08,4.5677267095033505e-07,2.7094088137114144e-07,7.14091395941936e-08,4.764362302422912e-07,9.48312803213165e-08,9.740229260716377e-07,4.956466947615027e-08,6.258303363199937e-09,1.8745922849190588e-08,6.258308534448761e-09,1.775664162236313e-08
shah,21,0.0,ok,10,4,7.068492705457837e-07,5.3124399764532664e-08,7.526493668135652e-07,2.7497080699096066e-08,4.2303839455527007e-07,1.833158266722832e-08,6.692624867921886e-07,1.2849946273750438e-06,3.666254442852951e-08,9.424658382641468e-07,7.083232053443221e-08,9.20148101630151e-07,1.0163575507246495e-06,3.666279254690527e-08,9.424652620373567e-07,7.083252700837148e-08,3.996080400863766e-07,7.092442667090806e-07,3.666268322889389e-08,9.424655508793324e-07,7.083244078243159e-08,8.861658932013119e-07,1.0224454869641665e-12,3.02592055598925e-13,4.310022987914442e-13,3.107328953911441e-13,7.300885677522861e-13
tabb_c1_sep,21,1.0,ok,10,4,0.6020279761745599,0.3663446407199498,1.8975591838650325,0.2990756130600153,2.569452787084499,0.42134788480335805,2.526627819201863,0.6395338004989745,0.06660367024488856,0.30216344249926114,0.2613659206333707,1.9144363497401862,3.1929782003982856,0.28141142743581704,0.8228723320252662,0.29771788026724627,2.0314243406586914,1.7412735980728398,0.1752002426672244,0.7890218529052555,0.2407477328336275,1.7800410043108603,2.016451136490031,0.6730871118921312,0.49405427726845697,0.665547029145555,3.8177342994247137
tabb_c1_sim,21,1.0,ok,10,4,0.5868661785662783,0.36026297225032033,1.8321271350436379,0.29161285422289274,2.4898008834934564,0.41222527852336494,2.5223929987307105,0.6120921470044925,0.06329284723857673,0.29884074739907923,0.260251637220826,1.9128020238151586,3.071608405257358,0.27232946275036934,0.790614044557687,0.2899186737523445,2.0253915610405504,1.6675896909063679,0.16896472275170643,0.7709331108346029,0.23653352104435238,1.7788814834947873,1.977218297006333,0.6618643841509183,0.4870768114737444,0.6543480569837584,3.8110922148403286
tabb_c2_sep,21,1.0,ok,10,4,0.5891906960025499,0.3663447171404415,1.9681465925237869,0.29907579024394426,2.4801748599006275,0.42134805804588776,2.5260392065967263,0.6820870556944275,0.06660434482907676,0.21063509850140932,0.2613661675850555,1.911416330070941,3.2656012740029285,0.2814115754953552,0.9302588985190225,0.29771802999534364,2.039513188384028,1.8922068421622198,0.17520020309840412,0.6646839919191008,0.24074771685868193,1.79014700903974,2.0326911982355718,0.6730870375529409,0.5511847950706669,0.665546954122685,3.8086406428839004
tabb_c2_sim,21,1.0,ok,10,4,0.5735062903717412,0.3606619315221505,1.9047853225332583,0.29205505412336585,2.4042999638280187,0.4132918806219365,2.522312646565044,0.6528187247947775,0.06361987094565924,0.20649564130665937,0.2604219493611415,1.9100471718492915,3.148523873362267,0.2716504840171503,0.8959778755883505,0.28901531656784424,2.0332212746567744,1.8137847765545865,0.1681449471833605,0.6450727585844842,0.23592624233220627,1.78807005948184,2.0040139154214023,0.6648049143472933,0.5464788860074705,0.65728421782741,3.803785070172347
tabb_c2_sim_joint,21,1.0,ok,10,4,0.47644045342649777,0.3356894481835435,1.505110815795078,0.25143184142407904,1.105891335912682,0.307518367584752,2.5086804148700965,1.0759112134959374,0.09504407088889368,0.44060818713370276,0.23715089506735634,1.9084066500301005,1.3526657467307384,0.1268362936167403,0.4114077046403776,0.22916716114842195,1.9673659816746853,1.5878523875322341,0.119042086843389,0.5072670359244402,0.2191555186909856,1.7867803412885528,2.0040139154214023,0.6648049143472933,0.5464788860074705,0.65728421782741,3.803785070172347
tabb_rp1,21,1.0,ok,10,4,0.24750560201727678,0.2181263077788001,0.6339581270290449,0.0573315603445214,0.972665667947639,0.09513986303323574,2.437057305116718,0.4070512073718781,0.039920040554309366,0.15872618267064062,0.24513286853819538,1.89575377272481,0.7748257886860457,0.050036276867275783,0.28595547493110784,0.24990631169283942,1.9551826151161615,0.5526851002911493,0.02539184615475871,0.31557516844074257,0.18905661156806194,1.7956456699599974,0.8012704117671066,0.11397807780174173,0.229765582026616,0.18840943931610377,3.6216057814720988
tabb_rp1_joint,21,1.0,ok,10,4,0.22118070104813214,0.21619683334637418,0.4908284190196132,0.053559911348671975,0.8001191984688357,0.08856902060046289,2.4370321150474448,0.3873608882389641,0.03319589080853298,0.16085238270480595,0.2438522092019273,1.8985336567354607,0.5240833236164202,0.045177872479724476,0.217527471414624,0.24344662400412767,1.9507718717351203,0.25059905245596215,0.021887804304688712,0.27657736804648264,0.189079060863338,1.7973682820691173,0.8012704117671066,0.11397807780174173,0.229765582026616,0.18840943931610377,3.6216057814720988
shah,21,1.0,ok,10,4,0.6513050890653491,0.36634458742310927,1.9115428048208507,0.29907566253943096,2.6509183242733805,0.4213478030979177,2.5494384366495333,0.6395381850108391,0.06660402115313158,0.30216428827352204,0.2613660235197516,1.914436537927562,3.192974133024003,0.28141105874893546,0.8228716774617665,0.2977175267913705,2.031424116097727,1.741284821803156,0.17520098151207486,0.7890243433253898,0.2407482791912466,1.780041133265613,2.0723740794454053,0.6730865887435821,0.6911600472007181,0.6655465201900683,3.8779179640279953
tabb_c1_sep,21,3.0,ok,10,4,1.8213825689248055,1.101466705371358,5.729129016312528,0.9005532507478377,7.7249590467787135,1.2677494259401236,7.579396975693742,1.9431477846687584,0.20249387877543001,0.8926979073377921,0.7814009719872484,5.743359076944215,9.630740920234524,0.8476989116682415,2.4746587059075367,0.8960457887509934,6.095656365085599,5.259778068038751,0.5289619494501845,2.3734193095164686,0.727402298112357,5.342603951622504,6.082849292308076,2.0230582630974947,1.5447543529374246,2.001017762634833,11.449996378549786
tabb_c1_sim,21,3.0,ok,10,4,1.7755801770463084,1.0830378507717966,5.5308727888311235,0.8779397364901089,7.483712943775946,1.2400532469748045,7.566516888354391,1.8587987217279291,0.19238806609377104,0.882530545247989,0.7779799343687002,5.738377898291112,9.26288719631559,0.8201701405790632,2.377255542159493,0.8723614560621916,6.077503473235458,5.037482833994197,0.5100668444911637,2.3184514893069887,0.7146418165678955,5.338929184381754,5.964322403286781,1.9891338947964377,1.5240831314707628,1.9671681960883998,11.42976452427523
tabb_c2_sep,21,3.0,ok,10,4,1.7683770948663433,1.1014669094264682,5.929663583564391,0.9005534312050901,7.4795750570695985,1.2677493205804382,7.5854070209504965,2.0669382293156,0.20249376925450155,0.6339884182533444,0.781400935524007,5.734815794024419,9.838550053475263,0.8476992979675247,2.8007218189560246,0.8960462384334263,6.120337651311041,5.700892843430813,0.5289624187170907,2.0027842030001226,0.7274027253815185,5.373236790939629,6.112273208035887,2.0230582388812435,1.6360139392558817,2.0010177383669205,11.442695483363421
tabb_c2_sim,21,3.0,ok,10,4,1.720946811127312,1.0842636219899937,5.738143942074845,0.8793118014242023,7.249581347367667,1.2433705473104677,7.574035186030302,1.9786001749837403,0.19345163096970228,0.6212575698962017,0.7785230269612189,5.730634483018855,9.484882809955753,0.8182027289837652,2.697136566132798,0.869706907565024,6.101422868312192,5.463550827903796,0.5075582019872722,1.9432796677789042,0.7127695467738451,5.3668316460653305,6.025541955456092,1.9980346437560692,1.6221134407013442,1.9760550066598865,11.42775662515457
tabb_c2_sim_joint,21,3.0,ok,10,4,1.42540126883102,1.0081004117846173,4.52260124275889,0.755423719958185,3.3220277792151127,0.9235449971209553,7.532655699953956,3.23172234211096,0.28495071961031543,1.3211142763661512,0.7085757135007575,5.724573657052814,4.060180478510427,0.3807198298793883,1.2347056697857148,0.6866509259866196,5.903008914610814,4.772960194958082,0.35798968658696695,1.5236716884708708,0.6611200009912058,5.36225030108007,6.025541955456092,1.9980346437560692,1.6221134407013442,1.9760550066598865,11.42775662515457
tabb_rp1,21,3.0,ok,10,4,0.7441522919502717,0.6546741330349437,1.9035395211320472,0.17207504286407538,2.9258114550801486,0.28555301087159396,7.311257401824402,1.2135563563668945,0.11900246182950962,0.4774438045675873,0.7318951385287165,5.686892194442682,2.3257218536936546,0.15004323011382256,0.8635909980191435,0.7490904780497215,5.867212278108584,1.668650711962843,0.07688974650902021,0.9483149902544306,0.5715735393922824,5.388364141451528,2.406229162504797,0.3423647330039491,0.6872593749599254,0.5661373761690549,10.863634213026804
tabb_rp1_joint,21,3.0,ok,10,4,0.6665299147454664,0.6488512640512969,1.4738168181166809,0.16060087318030053,2.4091666868279007,0.265822006490675,7.311185248607294,1.1542867938384893,0.09859334506606668,0.4913080053676361,0.7280167257723399,5.69541208510962,1.5765102558346102,0.13578975654702108,0.6558922065547945,0.729645476288081,5.853736876346811,0.7582410602888267,0.06565565810416533,0.8316600720995099,0.5716054779757118,5.393627388562342,2.406229162504797,0.3423647330039491,0.6872593749599254,0.5661373761690549,10.863634213026804
shah,21,3.0,ok,10,4,2.2659347325971653,1.101464643649975,5.88720147812691,0.900552405475607,8.36362258496814,1.2677463946362253,7.725765705356215,1.943222162626105,0.2024968297780812,0.8927028602029858,0.7814013131345705,5.743360026172,9.630615165287622,0.8476910392253837,2.474618445140572,0.8960398029174275,6.095650248226177,5.259996271158079,0.5289778644650164,2.3734700245352522,0.7274136878845634,5.342607022589033,6.714972313435834,2.023043888433947,3.3229476005098513,2.001003770663339,11.834831507017112
tabb_c1_sep,21,5.0,ok,10,4,3.0686759129396224,1.8395447247219106,9.611660417692239,1.506121585710321,12.906312932100336,2.1183157085690225,12.586746450460119,3.2808689806363516,0.34201189562279377,1.4644506385603628,1.2980793758979954,9.57262313760951,16.139761922055527,1.4187232061162587,4.133852005619499,1.4983180570812031,10.162058471518188,8.826515136249887,0.8872999459158533,3.9641422873594907,1.2210879134859147,8.908860399314547,10.199495631827194,3.376451295186378,2.712258720219139,3.3406935524225285,18.980923151357654
tabb_c1_sim,21,5.0,ok,10,4,2.9918736872077796,1.808526515346689,9.278001357019226,1.468059365184509,12.500640614683649,2.0716256944434464,12.56529770624006,3.136965346531261,0.32488206767095434,1.447161002359124,1.2922463735010128,9.564190896099543,15.520274359471442,1.3723526707283284,3.970467051441173,1.4583470775758598,10.131712734978818,8.453785010943161,0.8554685432124094,3.8713765739883543,1.1996053933850404,8.902392591191864,10.000980711131044,3.3195341791263435,2.6784901210424676,3.283907216924843,18.94747693571158
tabb_c2_sep,21,5.0,ok,10,4,2.94898060949469,1.8395436675063235,9.924303764314258,1.506120548250168,12.529899810177987,2.1183134388315525,12.608450430922426,3.479914120117164,0.3420119402662509,1.0602902233679847,1.2980793802256738,9.559267239507326,16.468853699319826,1.4187234589582796,4.684830417752637,1.4983183123812962,10.20392227293173,9.542729320429686,0.8873002106541681,3.3527366725531795,1.2210881263507898,8.960395714365173,10.205717917390354,3.376446583121973,2.698065124304959,3.340688851067533,18.998561237319016
tabb_c2_sim,21,5.0,ok,10,4,2.8692822215268365,1.8106242791224065,9.602721124325122,1.470429350108342,12.142643707817955,2.077357480831383,12.58941470576396,3.3317577685730795,0.32679273640400686,1.038518315796595,1.2932055155510698,9.552173958495471,15.875359923750405,1.3692047064547899,4.510963907565056,1.4540304279210339,10.172335530018373,9.143579726367973,0.8512178079733422,3.252414736147535,1.196410741607335,8.949415576459208,10.060187078609026,3.334502149601229,2.6752319265981597,3.2988504314101874,18.973681438832728
tabb_c2_sim_joint,21,5.0,ok,10,4,2.369412390460032,1.6815683368644174,7.549078625597949,1.2605658937489026,5.541935961113942,1.5400833858764749,12.519295140557706,5.3932443521002105,0.47467168857910313,2.200814368198086,1.1763578733180133,9.54016311154929,6.771533853422051,0.6349462835205136,2.0588609809627494,1.1429766462926105,9.840199676419282,7.971349218260511,0.5981434532947647,2.542742286081133,1.1080883964368584,8.940532611391312,10.060187078609026,3.334502149601229,2.6752319265981597,3.2988504314101874,18.973681438832728
tabb_rp1,21,5.0,ok,10,4,1.2537952326603146,1.0948818561225186,3.236136959082219,0.2926107549886554,5.02185000127739,0.4875006910189567,12.17837724203195,2.0111628285915097,0.19713179468305886,0.7983048471143547,1.2142180023251403,9.477817267630984,3.878400732064957,0.2499675760171748,1.4491048704616403,1.247424857931529,9.781775340856484,2.7989182489363995,0.12935090598412508,1.5833232946240585,0.9601012825086335,8.983247037815113,4.2560660267360095,0.5939927432702629,1.1844479184412051,0.9577832817247712,18.104928265267056
tabb_rp1_joint,21,5.0,ok,10,4,1.126752830570819,1.0851188562354526,2.519151100254329,0.27319960345630817,4.157162188877893,0.4550265472446187,12.17826195620704,1.9111124710321763,0.16265065090957329,0.8340903323614575,1.207683211975736,9.49231865313663,2.634835567757843,0.22674931925009775,1.0990484786195107,1.214914295593614,9.758914142752387,1.274590335491288,0.10940570039529877,1.389424592861102,0.9600946356476893,8.992170898100005,4.2560660267360095,0.5939927432702629,1.1844479184412051,0.9577832817247712,18.104928265267056
shah,21,5.0,ok,10,4,4.347746328193104,1.8395344506307194,10.175802423504106,1.5061170988154968,14.784910961241286,2.1183019633591122,12.953253411182237,3.281216846953367,0.34202534003795754,1.4644735586782702,1.2980810429514131,9.572627443459506,16.139182626260713,1.4186864973655964,4.133668415655178,1.498289852307664,10.162030559597472,8.827498190502075,0.887374234208317,3.964375228709205,1.2211405536292768,8.908875568899102,12.455312030300268,3.3763823236501165,7.828468109729761,3.3406263536345238,19.945814271601396
tabb_c1_sep,22,0.0,ok,10,4,7.406512012838077e-07,6.319287924436583e-08,9.481727608082912e-07,5.158444703885254e-08,1.115514907092421e-06,8.904660782938958e-08,6.914243661797068e-07,1.1545407780226353e-06,5.7250536212473905e-08,1.0269410772070912e-06,7.522593661693438e-08,9.318157325557534e-07,1.452740806037539e-06,1.0209191234966541e-07,9.971796323434094e-07,1.2530321668079448e-07,4.924442952987028e-07,1.185402706748546e-06,4.6993908416498535e-08,9.384827345204176e-07,5.224094266819106e-08,8.952589978122789e-07,6.752424444257127e-12,1.4311767723118752e-12,1.3610643121480628e-12,1.4210115433690067e-12,3.6796652310194025e-12
tabb_c1_sim,22,0.0,ok,10,4,1.2722733140093233e-06,8.533840127477502e-08,1.6785133045889222e-06,7.109241012944799e-08,2.2444212388119215e-06,1.1327449618177434e-07,8.38282303481501e-07,2.5998701502397804e-06,1.4331143142288044e-07,1.4076263567888562e-06,1.6812610318560224e-07,1.0896059636167334e-06,2.246160008322648e-06,1.0426574750712776e-07,2.029649445987906e-06,1.250271682030188e-07,6.712067398319777e-07,1.867941098691095e-06,3.6775286766455195e-08,1.6518012705326947e-06,4.818317174118387e-08,1.083101673740935e-06,8.196110216560229e-11,1.7174821328633453e-11,1.6182727836897477e-11,1.716196929517179e-11,4.5995314282419287e-11
tabb_c2_sep,22,0.0,ok,10,4,2.710745366569052e-07,1.073078133866061e-07,6.790562151311396e-07,9.975720259683454e-08,1.5307705207109457e-06,1.7784975640992197e-07,8.011313906730626e-07,1.1302714429901309e-06,2.3032035963367675e-07,5.570495531262715e-07,2.3936458780263657e-07,1.1854863311954933e-06,9.013708206477934e-07,9.5500088262384e-08,3.0409565237581135e-07,1.17974652477486e-07,4.997148538836361e-07,6.840853946628409e-07,7.309443564383212e-08,2.2305181703435992e-07,7.177809679789568e-08,9.550671095090177e-07,4.972022237939021e-10,1.1392684744531525e-10,1.011240911777487e-10,1.1391646840607184e-10,2.4531167250510573e-10
tabb_c2_sim,22,0.0,ok,10,4,9.310017681540561e-07,4.6968283961434397e-08,9.685979016765968e-07,3.7971497917341763e-08,1.5657078319161157e-06,6.621763081202342e-08,7.602777960586683e-07,1.7419783746226574e-06,3.824860556069498e-08,1.378169208637326e-06,6.149265408656492e-08,8.416678586578747e-07,1.0601611240570092e-06,4.7084591536998116e-08,9.317937585443826e-07,6.50043000970741e-08,8.809269624816484e-07,1.071203366609402e-06,6.646647745897109e-08,1.4129251704930222e-06,6.12898579343822e-08,9.097532317939173e-07,1.0487414173190979e-09,8.631711270286737e-11,1.1189349414934145e-09,8.632372771635707e-11,1.1262481750022366e-09
tabb_c2_sim_joint,22,0.0,ok,10,4,1.659459710037769e-06,1.206221108159477e-07,8.812621740867753e-07,1.0935560271597443e-07,1.2817232299396175e-06,7.526055379563277e-08,9.431307271985141e-07,1.918284315919132e-06,1.4781906231762708e-07,2.2170797216700267e-06,1.630278412324395e-07,9.57920238183556e-07,7.994412183592749e-07,1.4600675081151822e-07,2.134076439152365e-06,1.6112492536676386e-07,6.507360009693286e-07,8.062744206513755e-07,1.435102806220496e-07,2.285563744387192e-06,1.5824935293687102e-07,1.4889299782830102e-06,1.0487414173190979e-09,8.631711270286737e-11,1.1189349414934145e-09,8.632372771635707e-11,1.1262481750022366e-09
tabb_rp1,22,0.0,ok,10,4,6.373812905787162e-07,5.4045058942106e-08,8.950576256606601e-07,3.822353562285905e-08,1.2608451907880222e-06,6.15401576755879e-08,7.29702934709755e-07,1.044742784664371e-06,5.6487934467619787e-08,8.361272374518465e-07,5.876808803868659e-08,7.755137754762458e-07,1.1238359212551612e-06,4.592849757316373e-08,7.50415233758949e-07,7.489630968232786e-08,7.582781156998164e-07,1.362087127246958e-06,4.4219407087452765e-08,9.442367682548788e-07,7.625752951296079e-08,9.76290364938488e-07,4.956466947615027e-08,6.258303363199937e-09,1.8745922849190588e-08,6.258308534448761e-09,1.775664162236313e-08
tabb_rp1_joint,22,0.0,ok,10,4,3.367602236725637e-07,5.308641960859657e-08,3.560359922717388e-07,2.9695648386904676e-08,5.477692394259476e-07,4.958007312114297e-08,6.892296569627708e-07,5.745233593948632e-07,3.2092737169265016e-08,3.9613678216320533e-07,6.45246328401151e-08,8.616686418723336e-07,5.291150588448003e-07,9.022413420960157e-09,4.557219594355678e-07,4.6731456738505894e-08,4.5677267095033505e-07,2.7094088137114144e-07,7.14091395941936e-08,4.764362302422912e-07,9.48312803213165e-08,9.740229260716377e-07,4.956466947615027e-08,6.258303363199937e-09,1.8745922849190588e-08,6.258308534448761e-09,1.775664162236313e-08
shah,22,0.0,ok,10,4,7.068492705457837e-07,5.3124399764532664e-08,7.526493668135652e-07,2.7497080699096066e-08,4.2303839455527007e-07,1.833158266722832e-08,6.692624867921886e-07,1.2849946273750438e-06,3.666254442852951e-08,9.424658382641468e-07,7.083232053443221e-08,9.20148101630151e-07,1.0163575507246495e-06,3.666279254690527e-08,9.424652620373567e-07,7.083252700837148e-08,3.996080400863766e-07,7.092442667090806e-07,3.666268322889389e-08,9.424655508793324e-07,7.083244078243159e-08,8.861658932013119e-07,1.0224454869641665e-12,3.02592055598925e-13,4.310022987914442e-13,3.107328953911441e-13,7.300885677522861e-13
tabb_c1_sep,22,1.0,ok,10,4,0.5605887857394968,0.2655871070905126,2.077836117475543,0.17902717491658748,2.4555027490657313,0.2777774736775256,2.3868148095302675,2.0422674832361634,0.17868767092758667,0.5074575693024292,0.2225822088941172,1.8903296048939533,2.7633674977456257,0.22266237714653297,0.7249186588573037,0.2736494247268467,1.901678637254602,3.1060376078532537,0.2366149398395056,0.7880691884518939,0.34830169803755306,1.819248570596616,0.3996718810671295,0.07814371175272465,0.2219097263463603,0.21781509670353347,3.5054452960822458
tabb_c1_sim,22,1.0,ok,10,4,0.5431929697713763,0.2621203036802868,2.007860056331074,0.17370150379676547,2.376099788299312,0.2695892269433197,2.3849216777424442,1.9852993280846136,0.17361319780322745,0.49111733829916615,0.22000432832406924,1.8859169132541742,2.668508620496628,0.21623559737779796,0.7025236445686296,0.26823966245011255,1.898503919398605,2.98042656377834,0.22779129666294873,0.7572379886770716,0.3427818770825582,1.8171020009166519,0.3972057129647145,0.07716592334308772,0.221892907540638,0.21745534686440746,3.5055022776284175
tabb_c2_sep,22,1.0,ok,10,4,0.587272690357958,0.26558697785174523,2.150478892962922,0.17902693285042828,2.54427592246105,0.27777689345294226,2.3882365120512636,2.1700746263566946,0.17868730223649334,0.6155622625148706,0.22258209354638012,1.8995349523377159,2.862994248185951,0.22266236571553272,0.8080383772612793,0.2736494234705714,1.9015407107641322,3.1976696651226684,0.2366144890606016,0.757721567407307,0.34830134535896295,1.8178484676346087,0.3711770321863732,0.07814357438908552,0.16776855424837514,0.21781504903106652,3.505143561803372
tabb_c2_sim,22,1.0,ok,10,4,0.5676529831618065,0.2618667203204297,2.080219775651365,0.17320864599117317,2.461493394045661,0.26905351763472135,2.3858322724725496,2.0943024362771174,0.17198783510672,0.5938348662894464,0.21928885409165944,1.8939340713502386,2.778762738526957,0.21547613034892427,0.7823728361703017,0.2680564162716447,1.8976782958866514,3.0775901248047193,0.2275624606802922,0.7266284224020227,0.34241159761568596,1.8150416434271908,0.3702238029966666,0.07780815782875614,0.16777580778545498,0.2177100133027286,3.5051729173909085
tabb_c2_sim_joint,22,1.0,ok,10,4,0.34736389251195754,0.2422248296541286,0.9585251124156811,0.0947628089078294,0.6194931088197984,0.11007061783209103,2.371103936240401,1.3520721009777414,0.11617307862520392,0.4959627416838834,0.2772274416551916,1.875846764289172,0.8595957787181097,0.06837764327751242,0.40856970502692347,0.1835811108105124,1.8544017632117813,1.2522087669702062,0.11669235589984518,0.31714731555156817,0.2903807528480817,1.8013026793160245,0.3702238029966666,0.07780815782875614,0.16777580778545498,0.2177100133027286,3.5051729173909085
tabb_rp1,22,1.0,ok,10,4,0.2687017879962784,0.21492624144718347,0.6987828629392,0.061424823662995974,0.6476787659231281,0.07719566148181972,2.3615959913714644,0.3264650176412163,0.01723397628892732,0.3741323689079132,0.21839936064861631,1.8484701901612668,0.5946034850339095,0.050539256601323045,0.21077979195508514,0.18103099511082943,1.8448143580765977,1.2440209591979128,0.0905349778357708,0.3035955814829959,0.25317292654359164,1.7890610306076709,0.6300419898837614,0.08739108392596273,0.1862994096391195,0.20710168348569646,3.5053703192284402
tabb_rp1_joint,22,1.0,ok,10,4,0.28671529349454794,0.21617009441911672,0.7796763146861857,0.06424013988488864,0.6385621707956392,0.07523094492636367,2.362348965295449,0.3759583357880605,0.014032539258690835,0.3691745951836173,0.21791463805000014,1.8485191096849514,0.9525074245919753,0.07370615918963788,0.2647195916178373,0.19059198665584196,1.8495936105937822,1.1601975084809457,0.08183077716526313,0.3266675775376175,0.24907206948492833,1.7880520230637649,0.6300419898837614,0.08739108392596273,0.1862994096391195,0.20710168348569646,3.5053703192284402
shah,22,1.0,ok,10,4,0.6871834844463729,0.26558687527230174,2.196565193735329,0.17902671849526117,2.56919690997935,0.2777766800000861,2.3852807908689773,2.042259395954014,0.17868624805790068,0.5074541271740651,0.2225815176533233,1.8903284736578518,2.7633675844663825,0.22266245530006118,0.7249187295244115,0.2736494714468885,1.901678699236531,3.106032849301527,0.2366146307878709,0.7880685695173358,0.3483014555415869,1.8192484994508684,0.8746009452193927,0.07814353983521195,0.7282925115696793,0.21781505644740817,3.5012667834582856
tabb_c1_sep,22,3.0,ok,10,4,1.6613492492063746,0.7936636278298576,6.204760929748663,0.5359005004634922,7.336732979710578,0.8318174638406143,7.159994589913,6.137016979089153,0.5358041967804882,1.5344704554608635,0.6664918583643801,5.6743166891621994,8.249395376309185,0.6651644734963991,2.164088845465188,0.8170969827473206,5.705988926343507,9.249002040064838,0.7061332077474842,2.3475109774303893,1.0383907337599794,5.458569509935293,1.1836293235314779,0.23650012382959718,0.5993267184690579,0.6526749364477504,10.512370308311972
tabb_c1_sim,22,3.0,ok,10,4,1.6098662591707773,0.7833516821266857,5.996698994379422,0.520048687849991,7.099610682486321,0.8074387694199291,7.154342731452772,5.966469988832354,0.5206278816091838,1.4859728680114068,0.6587773492890578,5.661081403146114,7.968302540109457,0.6460965040332346,2.098347871555574,0.8010882471438867,5.696544685558213,8.875982459652306,0.6799272201147376,2.2557814577205857,1.021966049606858,5.452190779536064,1.1760409889235726,0.2335431456428082,0.5993628393955436,0.6515750824669402,10.512546379079529
tabb_c2_sep,22,3.0,ok,10,4,1.7561279112030428,0.7936637901844044,6.4351253716810985,0.5359007590534808,7.622204984648234,0.8318178581078678,7.164768676376668,6.5272743579520816,0.5358050956019396,1.8496549388555366,0.6664924314642966,5.701376864392848,8.550455919801692,0.6651642587267381,2.4116145972801832,0.817096822351762,5.7040071125404195,9.541873403962963,0.7061335455400418,2.2599825785072496,1.0383909637245075,5.453738628795238,1.1208978050076583,0.2365001363452036,0.5032595301692017,0.6526749431970515,10.514322632628028
tabb_c2_sim,22,3.0,ok,10,4,1.6977094222583582,0.7825925607720005,6.225805375454949,0.5185703872712112,7.375199878255394,0.8058189242242687,7.157589096569774,6.300166847396008,0.5158036553716654,1.7846639499904602,0.6566604776003979,5.684616898291085,8.300668544342502,0.6438364878668984,2.335490211530128,0.800544469785634,5.692495100338586,9.184457085930521,0.6791793945590681,2.167405295757505,1.0208216119304665,5.445372026872255,1.1179290241507653,0.23546201128721306,0.5032782317553387,0.6523436837715033,10.514412986114815
tabb_c2_sim_joint,22,3.0,ok,10,4,1.03759660656668,0.7238054596945613,2.8589164324418634,0.28327495161820865,1.857295191155074,0.3300073391792259,7.113190113550551,4.031598627393484,0.34642921373955127,1.4822401616558702,0.8295635653623605,5.629174252419842,2.553299214959077,0.2031123624068498,1.2190931690894282,0.5480007725825606,5.562861686451282,3.7328388632641287,0.3480962190392204,0.9457748637660823,0.8653138170618206,5.404070781991959,1.1179290241507653,0.23546201128721306,0.5032782317553387,0.6523436837715033,10.514412986114815
tabb_rp1,22,3.0,ok,10,4,0.8118157673581868,0.6421871424147741,2.0974989597718627,0.183884067682063,1.937130275282118,0.23136423621772426,7.085310476504935,0.9872845989326768,0.05150816694766577,1.1268710076583106,0.6538823330790864,5.547989334924942,1.7906226127673142,0.15191088635486372,0.6361495523380836,0.541443552045133,5.534546084537016,3.734896084808875,0.2713095730730227,0.9247099689092797,0.753660899344887,5.36780170338116,1.8771925425785851,0.2608076443526998,0.5595325405270734,0.6197617851899903,10.515788940671822
tabb_rp1_joint,22,3.0,ok,10,4,0.8646886372070794,0.6458990994307399,2.3380110331163104,0.19223522599912446,1.909901999712222,0.22570873865169605,7.08756649522632,1.136398675379543,0.04179014091897121,1.113538527310227,0.6524408986733977,5.548221647651765,2.860197967478805,0.22128591804583242,0.796869903538014,0.5701424055842919,5.548929542357173,3.478254947028308,0.24505720067899436,0.9888135774530034,0.7412513082752794,5.36462447285429,1.8771925425785851,0.2608076443526998,0.5595325405270734,0.6197617851899903,10.515788940671822
shah,22,3.0,ok,10,4,1.9233114946290333,0.7936624833191024,6.4446053829476675,0.5358964423815775,7.465196482028152,0.8318092237648284,7.153401570929684,6.13683321869781,0.535790472249873,1.5344304278227034,0.6664870040067494,5.674309612685401,8.249408751021758,0.6651672884769324,2.164094377227924,0.8170987865939838,5.705991046291218,9.248939697850068,0.7061294713101571,2.3474928862790114,1.0383891987862888,5.4585692743767025,2.1432398642210355,0.23649853748934735,1.6472282871864938,0.6526749438893877,10.4944039476179
tabb_c1_sep,22,5.0,ok,10,4,2.739794898330965,1.3176216899038322,10.295018450400953,0.8911639416614501,12.178545476960865,1.3837624743395047,11.933394612803689,10.245393148205201,0.8925933220672835,2.5779083937902527,1.1087258496766965,9.462962401845697,13.67768073339397,1.1036139445712205,3.5890698424220098,1.35533798730301,9.511661669345353,15.300325105076492,1.1707155401263953,3.8832451396946253,1.7198628625243266,9.09930241454879,1.9566748149281479,0.39773295988090085,0.9089562174169724,1.0865600601112957,17.51590586801938
tabb_c1_sim,22,5.0,ok,10,4,2.6551478193304248,1.3005821500668373,9.951326196385377,0.8649486748624645,11.785074408350226,1.343432761875274,11.924018776595886,9.961549604310157,0.867367572125132,2.497832372045403,1.0958965168522643,9.440897235276882,13.215134949895889,1.072190214189508,3.481998432414506,1.3290344942038135,9.496064069007566,14.684858809287455,1.1274677578579329,3.7316868458325487,1.6927042465050302,9.088761669998426,1.9437614220480053,0.3927691552772853,0.9090736270292403,1.0846933427062413,17.516207724123888
tabb_c2_sep,22,5.0,ok,10,4,2.917076620999184,1.3176220858170051,10.697113567343605,0.8911643820733343,12.685321159710947,1.3837634742078737,11.942118365667936,10.906832010722294,0.8925956632627278,3.0876945401800446,1.1087271322161323,9.507150368194429,14.182977051899485,1.103613827884282,3.997334377800542,1.3553379233182175,9.505684170298865,15.817777594733563,1.170715980574527,3.7445731923821013,1.7198635627121683,9.090140443512393,1.880867612019081,0.3977320565718007,0.838704373634048,1.0865597250215022,17.52376019257237
tabb_c2_sim,22,5.0,ok,10,4,2.8204370136526826,1.2993215488901966,10.350682605726014,0.8624876434915474,12.275841672818927,1.3407204051956112,11.93020993253511,10.528735713628919,0.859410151325522,2.979647627095514,1.0924106138869163,9.479273578060981,13.771652888274621,1.0684614514642619,3.8719657681699013,1.3281435640524764,9.48664033308018,15.226602026254051,1.1261290414169478,3.591404927737944,1.6907514330665285,9.076292505417635,1.8757397947464673,0.3959499297594578,0.8387297316073712,1.0859805845548656,17.523914463286694
tabb_c2_sim_joint,22,5.0,ok,10,4,1.7216896602673093,1.201600319289051,4.736634270762411,0.47042356053511103,3.093950651652944,0.5497193649850041,11.8558866815749,6.677342443446037,0.5738473556741168,2.4607833746968835,1.3789976678992841,9.384890678836891,4.212038842484291,0.3350533876617661,2.0204737763569938,0.9088659605177437,9.27107705091078,6.181416002372849,0.5768435690451034,1.5667717584079888,1.4325570641843104,9.00730676568461,1.8757397947464673,0.3959499297594578,0.8387297316073712,1.0859805845548656,17.523914463286694
tabb_rp1,22,5.0,ok,10,4,1.3627909751606957,1.0660398696453446,3.497865521885581,0.30585741402316696,3.2190395517967474,0.38529337197020275,11.81054842041692,1.6587872483218453,0.08554296836247928,1.8857212858219468,1.0875886590705792,9.251190069564391,2.9962267929611968,0.2536932851288947,1.0668448875003602,0.8997933258079894,9.224664961893161,6.229686542741543,0.4517155047637423,1.5644384583389632,1.2464053041072847,8.947598168795604,3.106761503517739,0.4324778978375517,0.9341592689815129,1.030372189595525,17.52762795164907
tabb_rp1_joint,22,5.0,ok,10,4,1.4489551794759163,1.0721932914193735,3.894891016273072,0.3195923909500407,3.1741886867695204,0.37625760512097733,11.814301730858245,1.9086226921351346,0.06913190250190736,1.8660279228222576,1.0851999770530578,9.251713541213125,4.771063822829915,0.36905122559586045,1.3326895364590383,0.9476384018386852,9.24870482928311,5.7931160466095,0.40770853786484346,1.6629439896408569,1.2255625971902262,8.942058793797989,3.106761503517739,0.4324778978375517,0.9341592689815129,1.030372189595525,17.52762795164907
shah,22,5.0,ok,10,4,2.9835944096802822,1.3176150778747093,10.517333521149286,0.8911434729851223,12.110728018256859,1.3837224120685114,11.923515070755517,10.244557905930675,0.8925267805594801,2.5777175560667307,1.1087009226990545,9.462925383762444,13.677728282332016,1.1036259394946601,3.5890911905251954,1.3553455519800164,9.511671058311741,15.300020138079798,1.1706967581332577,3.88315939240552,1.7198542380448858,9.099300561092116,2.8470277582546575,0.397724413753091,1.884409499723683,1.0865595987748802,17.48898889955802
tabb_c1_sep,23,0.0,ok,10,4,7.406512012838077e-07,6.319287924436583e-08,9.481727608082912e-07,5.158444703885254e-08,1.115514907092421e-06,8.904660782938958e-08,6.914243661797068e-07,1.1545407780226353e-06,5.7250536212473905e-08,1.0269410772070912e-06,7.522593661693438e-08,9.318157325557534e-07,1.452740806037539e-06,1.0209191234966541e-07,9.971796323434094e-07,1.2530321668079448e-07,4.924442952987028e-07,1.185402706748546e-06,4.6993908416498535e-08,9.384827345204176e-07,5.224094266819106e-08,8.952589978122789e-07,6.752424444257127e-12,1.4311767723118752e-12,1.3610643121480628e-12,1.4210115433690067e-12,3.6796652310194025e-12
tabb_c1_sim,23,0.0,ok,10,4,1.2722733140093233e-06,8.533840127477502e-08,1.6785133045889222e-06,7.109241012944799e-08,2.2444212388119215e-06,1.1327449618177434e-07,8.38282303481501e-07,2.5998701502397804e-06,1.4331143142288044e-07,1.4076263567888562e-06,1.6812610318560224e-07,1.0896059636167334e-06,2.246160008322648e-06,1.0426574750712776e-07,2.029649445987906e-06,1.250271682030188e-07,6.712067398319777e-07,1.867941098691095e-06,3.6775286766455195e-08,1.6518012705326947e-06,4.818317174118387e-08,1.083101673740935e-06,8.196110216560229e-11,1.7174821328633453e-11,1.6182727836897477e-11,1.716196929517179e-11,4.5995314282419287e-11
tabb_c2_sep,23,0.0,ok,10,4,2.710745366569052e-07,1.073078133866061e-07,6.790562151311396e-07,9.975720259683454e-08,1.5307705207109457e-06,1.7784975640992197e-07,8.011313906730626e-07,1.1302714429901309e-06,2.3032035963367675e-07,5.570495531262715e-07,2.3936458780263657e-07,1.1854863311954933e-06,9.013708206477934e-07,9.5500088262384e-08,3.0409565237581135e-07,1.17974652477486e-07,4.997148538836361e-07,6.840853946628409e-07,7.309443564383212e-08,2.2305181703435992e-07,7.177809679789568e-08,9.550671095090177e-07,4.972022237939021e-10,1.1392684744531525e-10,1.011240911777487e-10,1.1391646840607184e-10,2.4531167250510573e-10
tabb_c2_sim,23,0.0,ok,10,4,9.310017681540561e-07,4.6968283961434397e-08,9.685979016765968e-07,3.7971497917341763e-08,1.5657078319161157e-06,6.621763081202342e-08,7.602777960586683e-07,1.7419783746226574e-06,3.824860556069498e-08,1.378169208637326e-06,6.149265408656492e-08,8.416678586578747e-07,1.0601611240570092e-06,4.7084591536998116e-08,9.317937585443826e-07,6.50043000970741e-08,8.809269624816484e-07,1.071203366609402e-06,6.646647745897109e-08,1.4129251704930222e-06,6.12898579343822e-08,9.097532317939173e-07,1.0487414173190979e-09,8.631711270286737e-11,1.1189349414934145e-09,8.632372771635707e-11,1.1262481750022366e-09
tabb_c2_sim_joint,23,0.0,ok,10,4,1.659459710037769e-06,1.206221108159477e-07,8.812621740867753e-07,1.0935560271597443e-07,1.2817232299396175e-06,7.526055379563277e-08,9.431307271985141e-07,1.918284315919132e-06,1.4781906231762708e-07,2.2170797216700267e-06,1.630278412324395e-07,9.57920238183556e-07,7.994412183592749e-07,1.4600675081151822e-07,2.134076439152365e-06,1.6112492536676386e-07,6.507360009693286e-07,8.062744206513755e-07,1.435102806220496e-07,2.285563744387192e-06,1.5824935293687102e-07,1.4889299782830102e-06,1.0487414173190979e-09,8.631711270286737e-11,1.1189349414934145e-09,8.632372771635707e-11,1.1262481750022366e-09
tabb_rp1,23,0.0,ok,10,4,6.373812905787162e-07,5.4045058942106e-08,8.950576256606601e-07,3.822353562285905e-08,1.2608451907880222e-06,6.15401576755879e-08,7.29702934709755e-07,1.044742784664371e-06,5.6487934467619787e-08,8.361272374518465e-07,5.876808803868659e-08,7.755137754762458e-07,1.1238359212551612e-06,4.592849757316373e-08,7.50415233758949e-07,7.489630968232786e-08,7.582781156998164e-07,1.362087127246958e-06,4.4219407087452765e-08,9.442367682548788e-07,7.625752951296079e-08,9.76290364938488e-07,4.956466947615027e-08,6.258303363199937e-09,1.8745922849190588e-08,6.258308534448761e-09,1.775664162236313e-08
tabb_rp1_joint,23,0.0,ok,10,4,3.367602236725637e-07,5.308641960859657e-08,3.560359922717388e-07,2.9695648386904676e-08,5.477692394259476e-07,4.958007312114297e-08,6.892296569627708e-07,5.745233593948632e-07,3.2092737169265016e-08,3.9613678216320533e-07,6.45246328401151e-08,8.616686418723336e-07,5.291150588448003e-07,9.022413420960157e-09,4.557219594355678e-07,4.6731456738505894e-08,4.5677267095033505e-07,2.7094088137114144e-07,7.14091395941936e-08,4.764362302422912e-07,9.48312803213165e-08,9.740229260716377e-07,4.956466947615027e-08,6.258303363199937e-09,1.8745922849190588e-08,6.258308534448761e-09,1.775664162236313e-08
shah,23,0.0,ok,10,4,7.068492705457837e-07,5.3124399764532664e-08,7.526493668135652e-07,2.7497080699096066e-08,4.2303839455527007e-07,1.833158266722832e-08,6.692624867921886e-07,1.2849946273750438e-06,3.666254442852951e-08,9.424658382641468e-07,7.083232053443221e-08,9.20148101630151e-07,1.0163575507246495e-06,3.666279254690527e-08,9.424652620373567e-07,7.083252700837148e-08,3.996080400863766e-07,7.092442667090806e-07,3.666268322889389e-08,9.424655508793324e-07,7.083244078243159e-08,8.861658932013119e-07,1.0224454869641665e-12,3.02592055598925e-13,4.310022987914442e-13,3.107328953911441e-13,7.300885677522861e-13
tabb_c1_sep,23,1.0,ok,10,4,0.6591508471941654,0.2953979755023112,2.0926218437171125,0.20696214072301905,2.835751513192198,0.3091109406294351,2.4924829193237694,0.7265259985556581,0.05874415253490328,0.29863327877262597,0.16960311603185665,1.9167296265544156,3.79690130505523,0.31307935885591437,1.1365717854526012,0.4248528302220688,2.2662237422631306,3.1295856179660584,0.1954752778372485,0.8248133458356742,0.3110529916134859,1.8209579988812967,0.717474453291504,0.2605497736640101,0.3765849787157606,0.2760829641418336,3.567124033095099
tabb_c1_sim,23,1.0,ok,10,4,0.6446180529397323,0.29162253349900524,2.0297524449464825,0.20224817595374714,2.7455697901551557,0.3011349741730985,2.488851530702399,0.7091219052288734,0.057841163246217575,0.29775762820295326,0.16960649461963395,1.9160363711341855,3.6572851338645016,0.3025767957769916,1.099502154410068,0.41514289670998406,2.2530761681177176,3.038904602318496,0.18949314562503913,0.8048225078064739,0.307006091988248,1.8186393921747126,0.713698138374058,0.25908159916674023,0.3763899213394337,0.27473465067815495,3.566865701691053
tabb_c2_sep,23,1.0,ok,10,4,0.66560149209308,0.29539820367049485,2.061193119891754,0.20696205384621025,2.8260835162201743,0.30911030463324457,2.4937750088564825,0.671781503710512,0.058743863982017946,0.3055193477611381,0.16960399307371654,1.90956864078911,3.8882769269654887,0.31307944708364693,1.2212304883985046,0.42485311856944624,2.288972146965256,2.9700130239927462,0.19547526871889362,0.7645908960492455,0.3110528655874087,1.8132778125270492,0.7147010248982694,0.2605496356002824,0.3710652361634322,0.2760828374514081,3.5639630848702417
tabb_c2_sim,23,1.0,ok,10,4,0.6508102616693723,0.2914608895362728,1.9997620073161606,0.20212195852941842,2.736425195365974,0.30091844171926657,2.4901187231584268,0.6618102049552385,0.05793384764315087,0.3046930794867341,0.16952665831215286,1.9091257619320976,3.7538245285853145,0.3023193866094954,1.183185988193776,0.414845114201103,2.2752816689489146,2.8713078344803913,0.18872167443772986,0.7444564933130122,0.3063422879245647,1.8112263166508409,0.7121054612436987,0.25951292542729754,0.3709054856839666,0.2751294977072706,3.563784000699294
tabb_c2_sim_joint,23,1.0,ok,10,4,0.35543361769658854,0.24066913216585567,0.8476236794659048,0.117503197942809,0.7277448764198304,0.15284644323306293,2.432292336817237,1.1865567666799686,0.09369157728848085,0.3560938264934559,0.22988761476925715,1.9180639144930425,0.24092302753132963,0.026180281778676626,0.28730657737657056,0.17897480978560124,2.032161119744048,1.2509094624086223,0.09062800727678103,0.40742858123236114,0.27868460640129367,1.7762262374594628,0.7121054612436987,0.25951292542729754,0.3709054856839666,0.2751294977072706,3.563784000699294
tabb_rp1,23,1.0,ok,10,4,0.39403765550458636,0.18235956269660442,0.5747851354722031,0.05916101257219272,0.3157364642613328,0.07388849373788646,2.422480727289343,0.7451445773324961,0.04977144401088729,0.3602434985533043,0.16472735898255253,1.9098980719855867,0.5515505040166616,0.030694014282282918,0.5148190119914229,0.16457231697644056,2.0405514122914963,0.5378695515521837,0.030051129034716118,0.3783818676423554,0.24008667033047046,1.7795235678014052,0.46457590898747103,0.1261274629608846,0.3227062438312629,0.1600519044969541,3.534881420417592
tabb_rp1_joint,23,1.0,ok,10,4,0.3547904055314625,0.18584869599577014,0.6412956487129593,0.06453022515302355,0.29621242029382283,0.08556586790836372,2.4224781877169144,0.9032058844458334,0.06396223618814431,0.3096266599550752,0.17791178255852513,1.920086588378743,0.5264604507655277,0.031187559713819795,0.4146086128168456,0.15954438342077873,2.0340152511514265,0.6709403506530051,0.0368436417492455,0.3722201055226664,0.24588671350682267,1.776025077146969,0.46457590898747103,0.1261274629608846,0.3227062438312629,0.1600519044969541,3.534881420417592
shah,23,1.0,ok,10,4,0.6573716048421752,0.2953983631122248,2.0929011126325587,0.20696221650181423,2.841411453077019,0.30911051927783134,2.4891307300143426,0.7264980716332058,0.05874373009634567,0.2986339999475957,0.1696040771494901,1.9167287915114322,3.7969043208660467,0.3130795415280557,1.136572604772567,0.4248530531321454,2.266223831374507,3.1295892088448842,0.19547553061540213,0.8248143832919658,0.311053093380241,1.8209580825111518,0.7186128491860982,0.2605500637674533,0.36946543135657245,0.2760832287870226,3.5577491637333876
tabb_c1_sep,23,3.0,ok,10,4,1.9844049073869312,0.8872262303066769,6.317632980047186,0.6237425255575445,8.545000799769864,0.9304184772298582,7.475976431483567,2.1761410117262576,0.176670707062696,0.8930213702530545,0.5054723467850647,5.74873707426823,11.388070396526892,0.9394407610824368,3.411352479443286,1.2740089553451326,6.807422943642204,9.449274597884896,0.5892649440516186,2.499252563011699,0.9334434661957784,5.462647202845648,2.2570459140507,0.7895936900334269,1.1339932168396853,0.835980152900732,10.692585976785104
tabb_c1_sim,23,3.0,ok,10,4,1.9407535931614073,0.8758647350583536,6.12951067569155,0.6095846183270722,8.275581942129007,0.9066004468757125,7.464982256137839,2.1246328225721816,0.17396286141006992,0.8903140080315917,0.5054993422000165,5.746678696682294,10.969782376094033,0.9079731425866197,3.3001673494627353,1.2448843250964419,6.767687060221231,9.178066917154858,0.5713779356963258,2.4392299364618646,0.9212936265739374,5.455677091025896,2.2455605869451274,0.7850245336152734,1.1333030786894374,0.8317816463630188,10.691750260283783
tabb_c2_sep,23,3.0,ok,10,4,1.999933702407561,0.8872263571705242,6.199655377997544,0.6237424904995517,8.493811257784733,0.9304186638633604,7.481487274144724,2.0149257109494836,0.17667020700400887,0.9168589221046817,0.5054729651885894,5.7281055046010705,11.664727831629017,0.939441838007587,3.66793319177058,1.2740096705726467,6.876660298291477,8.949441453143866,0.5892640993624034,2.3002964184601766,0.9334425229360082,5.438219566162968,2.1695265162678066,0.7895938176242077,1.114646277294805,0.8359802699848528,10.687222546247492
tabb_c2_sim,23,3.0,ok,10,4,1.9554402195030345,0.8753584639701886,6.014985822851169,0.6091642475531944,8.224400591367194,0.9058320762643923,7.470387717401095,1.9850840104525773,0.17422925035282136,0.9143481033323442,0.505249281380234,5.726776370695282,11.261941046517016,0.9071900239299948,3.5537703720469542,1.2439822881060587,6.835176709342123,8.651567791462318,0.5688632052220495,2.239502658049175,0.9191845047017155,5.431996275478389,2.1613504429727644,0.7863745107079121,1.1141397445836645,0.8330177816927461,10.68665423827732
tabb_c2_sim_joint,23,3.0,ok,10,4,1.0659599909122812,0.7225612817339906,2.546793399747564,0.35457977784429723,2.1893975495608595,0.4628484750451681,7.295325833815755,3.558549746872406,0.2813522521127973,1.0685748101387695,0.6864756004665592,5.753571922724496,0.7049175317143379,0.07817176006552634,0.8594533207315347,0.5357062395518721,6.099734550627237,3.762355877430748,0.2724205884909532,1.2216720881951564,0.8350455052247848,5.326554779553882,2.1613504429727644,0.7863745107079121,1.1141397445836645,0.8330177816927461,10.68665423827732
tabb_rp1,23,3.0,ok,10,4,1.1822056855269905,0.5456361269462812,1.7219781433521963,0.1775726048813522,0.9510728581730898,0.2220405440689677,7.265478773282436,2.230492955222505,0.1490834551597298,1.0865159298360871,0.491009587771509,5.728193053328644,1.6445408001111097,0.09194748658077422,1.5313236247149418,0.4918782966210197,6.125001021588733,1.6129440995551982,0.09014434952596899,1.133409184408767,0.7185496431519145,5.336523511947426,1.3999347185199724,0.37911512825893584,0.9775740031481663,0.48110698024068155,10.599170290916046
tabb_rp1_joint,23,3.0,ok,10,4,1.0633095201821314,0.5561477113991828,1.922645645119359,0.19377714118502165,0.8935792144324209,0.2572611927886132,7.265491346360906,2.709254509846525,0.1919791551126763,0.9296701539457175,0.5308689576130503,5.758833672257239,1.5752003391026956,0.09373298903216037,1.2334200173710117,0.47666430095013046,6.105459615407429,2.0061930130082435,0.11028129233631402,1.1125739062636306,0.7359506067928693,5.32599706911755,1.3999347185199724,0.37911512825893584,0.9775740031481663,0.48110698024068155,10.599170290916046
shah,23,3.0,ok,10,4,2.109479631790828,0.8872300213377107,6.26604719593363,0.6237465092650544,8.532230004844815,0.9304240621091641,7.48581473334543,2.1760980404761447,0.1766668634111706,0.8930154272115773,0.5054714789979131,5.748734893062963,11.388115774677958,0.9394440369819661,3.4113633079876817,1.2740119465013202,6.807425721653079,9.44935994737452,0.5892708778296772,2.4992694113092195,0.9334468537979805,5.462649014434082,2.0506150212058953,0.7896042588374037,1.634270380654833,0.835989806053629,10.720081940285942
tabb_c1_sep,23,5.0,ok,10,4,3.3320650749291914,1.480496339145133,10.601868785986184,1.0443551805957045,14.311994377089384,1.5558512214167013,12.45871633236161,3.621370640424614,0.2952177232260613,1.4841999143801556,0.8369749345359244,9.579076386908422,18.9738321175563,1.5659048778673659,5.686511127038249,2.1223611304192014,11.36017696854447,15.847047998297077,0.9867520696992815,4.2058640675661385,1.556175854009566,9.104361868915007,3.965224387666747,1.32954605159011,1.9516851907322228,1.4064734376158394,17.80945592593966
tabb_c1_sim,23,5.0,ok,10,4,3.2592249260748685,1.461506707025257,10.289292011490526,1.020733040320049,13.865175822740873,1.5163459799172794,12.440237066495943,3.5369213278265983,0.2907021460169232,1.4796132676901825,0.8370585056809452,9.575690731449598,18.277746712063585,1.5135319231928126,5.501335527739212,2.0738367608331605,11.293505034331181,15.396566146004126,0.9570458541269135,4.105779214164558,1.5359158184759427,9.092724523717438,3.94593386006779,1.3216522379435462,1.9501716947055219,1.3992157431109795,17.807954539290364
tabb_c2_sep,23,5.0,ok,10,4,3.3382153206283656,1.4804958637599,10.359023443663279,1.0443552910409748,14.181003105595579,1.5558518363780107,12.470116797484163,3.3577096580148873,0.2952179734056336,1.5286213092167205,0.8369729000062116,9.546121668375685,19.438573457295632,1.5659048874171366,6.119545904548279,2.122361179639114,11.477334047012187,14.97981145433539,0.9867519224898612,3.8443967690692245,1.5561756353398901,9.061364214425238,3.659999205007212,1.329546380851267,1.8602972996792397,1.4064737400543843,17.8058780915456
tabb_c2_sim,23,5.0,ok,10,4,3.263879982979341,1.46062773669344,10.050634534831543,1.019963535680851,13.731324252556204,1.5148665810701012,12.451405301406766,3.308105213725303,0.2911283011507344,1.5244127813450952,0.8366216914072492,9.543898484161959,18.768239851322345,1.5122161453592087,5.929311917008895,2.0723285785884746,11.407540319389897,14.480498150631076,0.9525169364557867,3.7423908771920003,1.532201118968601,9.050877779470564,3.645694923647445,1.3239927597576746,1.8594043563713742,1.4013595578094349,17.804876099714733
tabb_c2_sim_joint,23,5.0,ok,10,4,1.776087503538821,1.2053488526847418,4.252017143248844,0.5945364621512093,3.6602162868113677,0.7787666720053782,12.157089972546371,5.929620014246626,0.46942504470206675,1.7814509916232426,1.1389778370027974,9.588561128049246,1.145488855787873,0.129773454235781,1.4281951163410822,0.8909663993844499,10.172007471576597,6.287264779313433,0.45495458990931453,2.035299549819585,1.3900916165422852,8.874429162938316,3.645694923647445,1.3239927597576746,1.8594043563713742,1.4013595578094349,17.804876099714733
tabb_rp1,23,5.0,ok,10,4,1.9706587436788632,0.907057341646614,2.8661811188513227,0.2960938291857237,1.5921402845786108,0.3706857225063385,12.106627388511505,3.70941643534116,0.24809607503195724,1.8206669351724512,0.8131954797758076,9.544758840397728,2.7241028349593583,0.15300998075635264,2.5302927311780756,0.8168739535409391,10.21425537423719,2.6872312451087312,0.15023857962956186,1.886233568499117,1.1947705124585724,8.891149747791154,2.3439739599960427,0.633030681325023,1.6454417398658088,0.8033894208111373,17.657738498683717
tabb_rp1_joint,23,5.0,ok,10,4,1.7706743924404518,0.9246508181431438,3.202458320350165,0.32324196142748485,1.497998356588783,0.4296714629282019,12.106681623584628,4.5147516598546025,0.32011639116886675,1.5510289344142487,0.8801537464300833,9.59594711644577,2.6184425571235237,0.15647752150036331,2.038523546988095,0.791333122676908,10.181820437638605,3.332665104426492,0.18334325171568638,1.8477033484936545,1.2237269826544466,8.873531561082682,2.3439739599960427,0.633030681325023,1.6454417398658088,0.8033894208111373,17.657738498683717
shah,23,5.0,ok,10,4,4.061382435498519,1.4805128515388901,10.780618326280466,1.0443736489122348,14.61255957573043,1.5558773077432229,12.535160445425658,3.621144653932294,0.29520154804254883,1.4841808224954134,0.8369680226445844,9.579066395214436,18.97404337426423,1.5659200906710689,5.686564519145145,2.1223756075197655,11.360192040280328,15.847447446126425,0.9867799367862734,4.2059464989945035,1.5561914684049998,9.10437052931561,4.679837830798916,1.3295930201490485,4.868837901359013,1.4065163075862104,18.022734272002413
tabb_c1_sep,24,0.0,ok,10,4,7.406512012838077e-07,6.319287924436583e-08,9.481727608082912e-07,5.158444703885254e-08,1.115514907092421e-06,8.904660782938958e-08,6.914243661797068e-07,1.1545407780226353e-06,5.7250536212473905e-08,1.0269410772070912e-06,7.522593661693438e-08,9.318157325557534e-07,1.452740806037539e-06,1.0209191234966541e-07,9.971796323434094e-07,1.2530321668079448e-07,4.924442952987028e-07,1.185402706748546e-06,4.6993908416498535e-08,9.384827345204176e-07,5.224094266819106e-08,8.952589978122789e-07,6.752424444257127e-12,1.4311767723118752e-12,1.3610643121480628e-12,1.4210115433690067e-12,3.6796652310194025e-12
tabb_c1_sim,24,0.0,ok,10,4,1.2722733140093233e-06,8.533840127477502e-08,1.6785133045889222e-06,7.109241012944799e-08,2.2444212388119215e-06,1.1327449618177434e-07,8.38282303481501e-07,2.5998701502397804e-06,1.4331143142288044e-07,1.4076263567888562e-06,1.6812610318560224e-07,1.0896059636167334e-06,2.246160008322648e-06,1.0426574750712776e-07,2.029649445987906e-06,1.250271682030188e-07,6.712067398319777e-07,1.867941098691095e-06,3.6775286766455195e-08,1.6518012705326947e-06,4.818317174118387e-08,1.083101673740935e-06,8.196110216560229e-11,1.7174821328633453e-11,1.6182727836897477e-11,1.716196929517179e-11,4.5995314282419287e-11
tabb_c2_sep,24,0.0,ok,10,4,2.710745366569052e-07,1.073078133866061e-07,6.790562151311396e-07,9.975720259683454e-08,1.5307705207109457e-06,1.7784975640992197e-07,8.011313906730626e-07,1.1302714429901309e-06,2.3032035963367675e-07,5.570495531262715e-07,2.3936458780263657e-07,1.1854863311954933e-06,9.013708206477934e-07,9.5500088262384e-08,3.0409565237581135e-07,1.17974652477486e-07,4.997148538836361e-07,6.840853946628409e-07,7.309443564383212e-08,2.2305181703435992e-07,7.177809679789568e-08,9.550671095090177e-07,4.972022237939021e-10,1.1392684744531525e-10,1.011240911777487e-10,1.1391646840607184e-10,2.4531167250510573e-10
tabb_c2_sim,24,0.0,ok,10,4,9.310017681540561e-07,4.6968283961434397e-08,9.685979016765968e-07,3.7971497917341763e-08,1.5657078319161157e-06,6.621763081202342e-08,7.602777960586683e-07,1.7419783746226574e-06,3.824860556069498e-08,1.378169208637326e-06,6.149265408656492e-08,8.416678586578747e-07,1.0601611240570092e-06,4.7084591536998116e-08,9.317937585443826e-07,6.50043000970741e-08,8.809269624816484e-07,1.071203366609402e-06,6.646647745897109e-08,1.4129251704930222e-06,6.12898579343822e-08,9.097532317939173e-07,1.0487414173190979e-09,8.631711270286737e-11,1.1189349414934145e-09,8.632372771635707e-11,1.1262481750022366e-09
tabb_c2_sim_joint,24,0.0,ok,10,4,1.659459710037769e-06,1.206221108159477e-07,8.812621740867753e-07,1.0935560271597443e-07,1.2817232299396175e-06,7.526055379563277e-08,9.431307271985141e-07,1.918284315919132e-06,1.4781906231762708e-07,2.2170797216700267e-06,1.630278412324395e-07,9.57920238183556e-07,7.994412183592749e-07,1.4600675081151822e-07,2.134076439152365e-06,1.6112492536676386e-07,6.507360009693286e-07,8.062744206513755e-07,1.435102806220496e-07,2.285563744387192e-06,1.5824935293687102e-07,1.4889299782830102e-06,1.0487414173190979e-09,8.631711270286737e-11,1.1189349414934145e-09,8.632372771635707e-11,1.1262481750022366e-09
tabb_rp1,24,0.0,ok,10,4,6.373812905787162e-07,5.4045058942106e-08,8.950576256606601e-07,3.822353562285905e-08,1.2608451907880222e-06,6.15401576755879e-08,7.29702934709755e-07,1.044742784664371e-06,5.6487934467619787e-08,8.361272374518465e-07,5.876808803868659e-08,7.755137754762458e-07,1.1238359212551612e-06,4.592849757316373e-08,7.50415233758949e-07,7.489630968232786e-08,7.582781156998164e-07,1.362087127246958e-06,4.4219407087452765e-08,9.442367682548788e-07,7.625752951296079e-08,9.76290364938488e-07,4.956466947615027e-08,6.258303363199937e-09,1.8745922849190588e-08,6.258308534448761e-09,1.775664162236313e-08
tabb_rp1_joint,24,0.0,ok,10,4,3.367602236725637e-07,5.308641960859657e-08,3.560359922717388e-07,2.9695648386904676e-08,5.477692394259476e-07,4.958007312114297e-08,6.892296569627708e-07,5.745233593948632e-07,3.2092737169265016e-08,3.9613678216320533e-07,6.45246328401151e-08,8.616686418723336e-07,5.291150588448003e-07,9.022413420960157e-09,4.557219594355678e-07,4.6731456738505894e-08,4.5677267095033505e-07,2.7094088137114144e-07,7.14091395941936e-08,4.764362302422912e-07,9.48312803213165e-08,9.740229260716377e-07,4.956466947615027e-08,6.258303363199937e-09,1.8745922849190588e-08,6.258308534448761e-09,1.775664162236313e-08
shah,24,0.0,ok,10,4,7.068492705457837e-07,5.3124399764532664e-08,7.526493668135652e-07,2.7497080699096066e-08,4.2303839455527007e-07,1.833158266722832e-08,6.692624867921886e-07,1.2849946273750438e-06,3.666254442852951e-08,9.424658382641468e-07,7.083232053443221e-08,9.20148101630151e-07,1.0163575507246495e-06,3.666279254690527e-08,9.424652620373567e-07,7.083252700837148e-08,3.996080400863766e-07,7.092442667090806e-07,3.666268322889389e-08,9.424655508793324e-07,7.083244078243159e-08,8.861658932013119e-07,1.0224454869641665e-12,3.02592055598925e-13,4.310022987914442e-13,3.107328953911441e-13,7.300885677522861e-13
tabb_c1_sep,24,1.0,ok,10,4,0.6207749150760994,0.3097051363273155,1.7147617659410956,0.22828182730028385,1.912133565119805,0.3123538570365336,2.40154415070909,1.4126038585187304,0.17872331608593137,0.7984223952699634,0.24652422746504626,1.8550069421289825,1.1111983235382177,0.10149322614152854,0.5103662346875968,0.20818575308747864,2.011666135541786,3.1806577416205286,0.288527571339606,0.817130009294207,0.3233079272607579,1.9079756722878696,1.154587140086906,0.34438319563406944,0.35718102105263017,0.46080263749597916,3.455638098665062
tabb_c1_sim,24,1.0,ok,10,4,0.604428158501255,0.30346616251418324,1.652902857514475,0.22027560139894725,1.8471790103900212,0.3030686753699427,2.396615548389287,1.360022128448972,0.16899576094031926,0.7727811521706106,0.23942509514747307,1.8463145657378848,1.0698543556983364,0.09810383478257466,0.5077026812228675,0.20574543931347028,2.0111584828330327,3.0479706723009987,0.2758774016619657,0.7828691811901792,0.3126801503859024,1.8960422366846574,1.133764273609593,0.33812540821092923,0.35435961942136285,0.45601396520988713,3.453469598115182
tabb_c2_sep,24,1.0,ok,10,4,0.5656488451349151,0.30970574892493474,1.6757790344927863,0.22828259420161084,1.8485585493876642,0.3123548047064158,2.409230995226774,1.2948551381705753,0.17872351754208876,0.6384775668383587,0.2465243830127755,1.864565929703239,1.1233458616238796,0.1014938583834409,0.4509458583215886,0.2081862957315505,2.015278227764024,3.209430391325675,0.2885275149950423,0.7792602247614415,0.3233079288943311,1.9278281338268006,1.0754847468510154,0.3443854858858714,0.39391173061827156,0.4608043880610817,3.4587717759866194
tabb_c2_sim,24,1.0,ok,10,4,0.550096782024894,0.3043514694557934,1.6203306385719813,0.22149181053234734,1.7929347087694678,0.3044034326235435,2.40459619262885,1.2439089990208547,0.17030914371850148,0.6150254462445828,0.24030497186598748,1.8561688171677313,1.0932142222610846,0.09904561992786212,0.4448537388570738,0.20633698145458917,2.0146382973872003,3.083827859916119,0.2767385684962586,0.7482745601137888,0.3133873615311308,1.9161959667972746,1.0603714730898666,0.3398739099867672,0.3922333828841306,0.45737656297146617,3.4572234912029396
tabb_c2_sim_joint,24,1.0,ok,10,4,0.4179412592392709,0.2844921655348425,0.8354071287629361,0.19449240847633958,0.7952414964816307,0.22628069279365323,2.3826355251713087,0.2862034781400772,0.14438464220063932,0.4685170998957201,0.2085867534284208,1.7948734300089897,0.9456883431614267,0.12831238078952897,0.3455288659387139,0.2094750864410671,2.0410059344723646,1.0493652206603743,0.1653987009284229,0.46548568823851894,0.262530259298416,1.8352487735466103,1.0603714730898666,0.3398739099867672,0.3922333828841306,0.45737656297146617,3.4572234912029396
tabb_rp1,24,1.0,ok,10,4,0.36445473869304285,0.2139562124397264,0.3865892484512596,0.05054014118603883,0.5133583182803537,0.07324388422108102,2.3353507236770397,0.3750839082517454,0.026038180968871467,0.3865345347011887,0.16505944070356332,1.7467926602265598,0.27763743450282785,0.024943187137800006,0.3570863919447124,0.15325967768495724,2.005937161117336,0.501319785090977,0.033166080256725475,0.4117492586595042,0.17733276196035802,1.7758135500981893,0.39231586595948814,0.11801311638075836,0.30244876946676613,0.36017296941002697,3.403949140840724
tabb_rp1_joint,24,1.0,ok,10,4,0.35268419023530506,0.21291081689402672,0.44260330856052515,0.0520663834600483,0.573805953597326,0.0703350611500361,2.3353264146372203,0.39103740840979734,0.029181667768825373,0.3804470594467737,0.16194340043785022,1.745849376132521,0.5261028399305512,0.04004326162525593,0.3162158462955227,0.14695119579964336,2.0081331451877187,0.46095711994226396,0.021027488065353553,0.4116250857321576,0.18257570192858621,1.7741305829152505,0.39231586595948814,0.11801311638075836,0.30244876946676613,0.36017296941002697,3.403949140840724
shah,24,1.0,ok,10,4,1.1501132704976649,0.3097059077157074,2.0570994444490087,0.2282828058590202,2.158019199964751,0.3123553248169822,2.4820826835561944,1.4126036178914563,0.17872328512515476,0.7984224850325716,0.2465242130413438,1.8550069895254333,1.1112049963576955,0.10149369252019957,0.5103660124548157,0.2081861903254279,2.0116662413030335,3.180654355742311,0.2885273622797219,0.8171294644101561,0.3233077892377713,1.907975497085646,2.5239348078045722,0.34438688351100455,2.474535120093116,0.4608054382582866,3.6762365670577264
tabb_c1_sep,24,3.0,ok,10,4,1.8487797321914425,0.9299348647611688,5.119510048364872,0.6874424979854086,5.719823598202414,0.9428841923498835,7.209050042667015,4.16873614630932,0.5338935917337333,2.3672552946755188,0.7377612830963044,5.567400767832542,3.30008266510245,0.3008016713160419,1.5551113709725977,0.6211281555959667,6.035000931668808,9.524942394568992,0.8656359411778924,2.434298793406499,0.9707957348510136,5.728161516059578,3.4842789874787266,1.0494387877139668,1.0384534697111547,1.3900542855013909,10.375576521896864
tabb_c1_sim,24,3.0,ok,10,4,1.7996264656496903,0.9110401902003114,4.933419111365782,0.6631912857936784,5.5244603211106265,0.9147381170270347,7.194010084916295,4.011419378145642,0.5045581735760927,2.2902956984310627,0.716408873147654,5.541118160141959,3.1778980984143046,0.2907402489405291,1.547683760736086,0.613922330354616,6.03352830291316,9.12509987767606,0.8274386163218571,2.3311812690859957,0.9387155674042411,5.691820494326352,3.4192590912271235,1.0300281043362347,1.0293451343456166,1.3751139898947344,10.368743878656021
tabb_c2_sep,24,3.0,ok,10,4,1.6898763315084673,0.9299319829040017,5.015235131668712,0.6874387067803376,5.545278871042947,0.9428776165921845,7.2306355571763685,3.848692068257685,0.5338936698839539,1.9063465738180625,0.7377613499391549,5.593243610204001,3.3257107701927344,0.30080193017090345,1.343514831320734,0.6211283078994815,6.045407130328882,9.618201781112228,0.8656355909586487,2.3396674059892515,0.9707955710260662,5.785208624293919,3.268335907112202,1.0494236361078442,1.169976514905821,1.3900427027513045,10.384045548902844
tabb_c2_sim,24,3.0,ok,10,4,1.6432718978413121,0.9137840796145673,4.848896495206892,0.6669520756261409,5.378481445112354,0.9188529742279471,7.216610428141059,3.695819339779098,0.5085913648125958,1.8359189371078473,0.7191020354168186,5.568070390571955,3.236838593726087,0.29357631311502863,1.3256662173495188,0.6157014147962607,6.043527737021324,9.241472451346338,0.8302202047867138,2.2465111863874254,0.9409946518149674,5.750018134350994,3.221455595976045,1.0354204197902253,1.1649912505204574,1.3793382164302224,10.37918688329397
tabb_c2_sim_joint,24,3.0,ok,10,4,1.2492635432075523,0.8543746990070021,2.5199713096239114,0.5865545782536099,2.4126202747496137,0.6854759677518363,7.150479525813917,0.8887468280264559,0.43182050786281767,1.402367569273326,0.624577565893166,5.385583954698014,2.8322408484764026,0.38420471993795935,1.0353569632156772,0.6265737970415122,6.122540199942209,3.137441966016741,0.49477266542343723,1.3943383898207498,0.7870092166631082,5.504534167846117,3.221455595976045,1.0354204197902253,1.1649912505204574,1.3793382164302224,10.37918688329397
tabb_rp1,24,3.0,ok,10,4,1.1004579116246762,0.6406711835467512,1.1647087433404018,0.15164714022202463,1.5493824681222648,0.21972345079905917,7.0079808301796565,1.1206036848433343,0.0784332046249846,1.149631163429802,0.4949176411536633,5.242683309716027,0.8363735210154954,0.07456654618668923,1.082421873154038,0.45888179699927484,6.018020132188063,1.5101437103734854,0.0993847617966995,1.2426073918067457,0.5325273904561185,5.3265934591575155,1.1917140571292912,0.3542040482797252,0.9271712181081199,1.0763579055779484,10.21627568089892
tabb_rp1_joint,24,3.0,ok,10,4,1.0651681970934375,0.6374691917867412,1.334821768891715,0.15633758076532467,1.7329498914758652,0.21103955944997674,7.007900209438784,1.17102239792303,0.08780208908436687,1.132757990867132,0.48551709709629026,5.239853021041352,1.585524090251701,0.12038329164265972,0.9575236592434829,0.4397412651071492,6.024626725852471,1.3910265302628384,0.06296089405454698,1.2432199201550151,0.5482604993655769,5.321483414021872,1.1917140571292912,0.3542040482797252,0.9271712181081199,1.0763579055779484,10.21627568089892
shah,24,3.0,ok,10,4,3.2307128296486187,0.929933164351248,5.951232706691542,0.6874397493556266,6.078372379108058,0.9428764080785418,7.400679174487182,4.168664844324391,0.533891699159329,2.3672512992114836,0.7377595390171262,5.567397856432424,3.3000985690607045,0.30080139047843135,1.5550998562093876,0.621129974327416,6.035001596838439,9.524843720107842,0.8656294621607713,2.4342801677684798,0.9707907746533166,5.728155718465847,6.811323693273229,1.0494364456239744,6.566219995405124,1.390052369407133,10.901893316030442
tabb_c1_sep,24,5.0,ok,10,4,3.0589342059572946,1.5514474941368874,8.491955954433337,1.1503005567459887,9.503998629150955,1.5815942487672057,12.023704030452926,6.832958073834013,0.8861215640799437,3.8975754580136135,1.22664286505519,9.283314593406077,5.444645997628113,0.4952015685333542,2.6317324227457117,1.0295176885411466,10.058644542238707,15.845585546423804,1.442751949877772,4.028263149551799,1.619381744525784,9.554304057379335,5.8446341998474205,1.7771271444928853,1.6781657935180532,2.3302476784254305,17.31002162215893
tabb_c1_sim,24,5.0,ok,10,4,2.97679061373828,1.5196558751356963,8.180933926913779,1.109493145787837,9.177544786088598,1.5341997493881383,11.998170883511474,6.571326421147971,0.8369681426321287,3.7692795758095112,1.1909579932530865,9.239158078003836,5.244154172719475,0.4786148962087782,2.620241058054125,1.0177008209768694,10.056274554236854,15.176248707827758,1.378674493420254,3.855722908413449,1.5655848242351598,9.492658305137063,5.732006405959914,1.7437150508901875,1.6619189126760359,2.304379862077669,17.29806800198066
tabb_c2_sep,24,5.0,ok,10,4,2.8046441951288097,1.5514485701701888,8.339547263903185,1.1503020237893888,9.24331970683802,1.5815971859988094,12.056985834725802,6.35552355040981,0.8861216228296432,3.1623361634825846,1.2266429340994554,9.321657335429201,5.4690734399124254,0.4952016013615319,2.223773664513791,1.029517594496959,10.075243101847157,16.0133133437195,1.442752117033011,3.9024311148365376,1.619381767553234,9.645000836963993,5.520278721571007,1.7771327539333688,1.9300358376823252,2.330251984531107,17.322060197609254
tabb_c2_sim,24,5.0,ok,10,4,2.7270553115033396,1.5243837255002197,8.062272010738962,1.1159570169890152,8.965380013201722,1.5412592364355036,12.033405080590274,6.100665317479953,0.8438484327107639,3.0448316122029957,1.195538615444609,9.279734841381577,5.323436103117858,0.4833556311751543,2.194742925681945,1.0206711707526048,10.07217856249622,15.38553013821358,1.3836478297048171,3.746831385087314,1.569652517394124,9.585861719483786,5.439456484144457,1.7529761743653252,1.9218153230411033,2.311672598409541,17.3135884988664
tabb_c2_sim_joint,24,5.0,ok,10,4,2.0744348297193556,1.425653245811283,4.223444072193796,0.9829586858420108,4.0681600677544045,1.1540144768392624,11.922802933947448,1.5307917196375285,0.7175024513665909,2.331976524271092,1.0390125686521,8.977932048796328,4.712231178313877,0.639094594157003,1.7235713394669931,1.0411779865823176,10.203715599386323,5.211296906679319,0.8222615234791243,2.3203761320982332,1.310749829601173,9.172431334871934,5.439456484144457,1.7529761743653252,1.9218153230411033,2.311672598409541,17.3135884988664
tabb_rp1,24,5.0,ok,10,4,1.8459211471101797,1.0657810868992361,1.9496776702247212,0.25279065200049344,2.5981610404716053,0.36618360108748593,11.684136300999448,1.8600313721963995,0.13127459285339946,1.8994174160844408,0.8244232957232802,8.741954038976449,1.400130485577327,0.12384847756069745,1.8227950034112608,0.7633135106945592,10.030662972991342,2.5272591409552083,0.16544671168530484,2.0831605817550494,0.8884538867446495,8.87646288753397,2.0112896821699495,0.5905928259025721,1.578311587189968,1.7869336544344554,17.03668426984101
tabb_rp1_joint,24,5.0,ok,10,4,1.7872129139128778,1.0603313798074685,2.236630630610186,0.26079271849782426,2.907711651404773,0.3517784906668451,11.683991394670887,1.9485541888893654,0.14678049198496657,1.8736824401733534,0.8086714600300089,8.737240068743734,2.6547094848663155,0.20106456208453294,1.6108715689901254,0.731049514918535,10.041704514720756,2.331969166515116,0.10473299401922545,2.085986059298065,0.9146708898468741,8.86785290546144,2.0112896821699495,0.5905928259025721,1.578311587189968,1.7869336544344554,17.03668426984101
shah,24,5.0,ok,10,4,4.990864533971283,1.551443569052789,9.540025845972455,1.1502929090970508,9.477500706082102,1.581567217187647,12.262399980001028,6.8326294827295255,0.8861127660739133,3.897557142266378,1.226634821512953,9.283301399608929,5.444706836804125,0.4951991368539424,2.6316755377797456,1.0295254625049897,10.058647734394944,15.845139685079609,1.442722256096217,4.028178304472579,1.619358884953149,9.554276950362095,10.037627379276563,1.7771374773641306,9.40604715136643,2.3302551072400646,17.96734610100409
tabb_c1_sep,25,0.0,ok,10,4,7.406512012838077e-07,6.319287924436583e-08,9.481727608082912e-07,5.158444703885254e-08,1.115514907092421e-06,8.904660782938958e-08,6.914243661797068e-07,1.1545407780226353e-06,5.7250536212473905e-08,1.0269410772070912e-06,7.522593661693438e-08,9.318157325557534e-07,1.452740806037539e-06,1.0209191234966541e-07,9.971796323434094e-07,1.2530321668079448e-07,4.924442952987028e-07,1.185402706748546e-06,4.6993908416498535e-08,9.384827345204176e-07,5.224094266819106e-08,8.952589978122789e-07,6.752424444257127e-12,1.4311767723118752e-12,1.3610643121480628e-12,1.4210115433690067e-12,3.6796652310194025e-12
tabb_c1_sim,25,0.0,ok,10,4,1.2722733140093233e-06,8.533840127477502e-08,1.6785133045889222e-06,7.109241012944799e-08,2.2444212388119215e-06,1.1327449618177434e-07,8.38282303481501e-07,2.5998701502397804e-06,1.4331143142288044e-07,1.4076263567888562e-06,1.6812610318560224e-07,1.0896059636167334e-06,2.246160008322648e-06,1.0426574750712776e-07,2.029649445987906e-06,1.250271682030188e-07,6.712067398319777e-07,1.867941098691095e-06,3.6775286766455195e-08,1.6518012705326947e-06,4.818317174118387e-08,1.083101673740935e-06,8.196110216560229e-11,1.7174821328633453e-11,1.6182727836897477e-11,1.716196929517179e-11,4.5995314282419287e-11
tabb_c2_sep,25,0.0,ok,10,4,2.710745366569052e-07,1.073078133866061e-07,6.790562151311396e-07,9.975720259683454e-08,1.5307705207109457e-06,1.7784975640992197e-07,8.011313906730626e-07,1.1302714429901309e-06,2.3032035963367675e-07,5.570495531262715e-07,2.3936458780263657e-07,1.1854863311954933e-06,9.013708206477934e-07,9.5500088262384e-08,3.0409565237581135e-07,1.17974652477486e-07,4.997148538836361e-07,6.840853946628409e-07,7.309443564383212e-08,2.2305181703435992e-07,7.177809679789568e-08,9.550671095090177e-07,4.972022237939021e-10,1.1392684744531525e-10,1.011240911777487e-10,1.1391646840607184e-10,2.4531167250510573e-10
tabb_c2_sim,25,0.0,ok,10,4,9.310017681540561e-07,4.6968283961434397e-08,9.685979016765968e-07,3.7971497917341763e-08,1.5657078319161157e-06,6.621763081202342e-08,7.602777960586683e-07,1.7419783746226574e-06,3.824860556069498e-08,1.378169208637326e-06,6.149265408656492e-08,8.416678586578747e-07,1.0601611240570092e-06,4.7084591536998116e-08,9.317937585443826e-07,6.50043000970741e-08,8.809269624816484e-07,1.071203366609402e-06,6.646647745897109e-08,1.4129251704930222e-06,6.12898579343822e-08,9.097532317939173e-07,1.0487414173190979e-09,8.631711270286737e-11,1.1189349414934145e-09,8.632372771635707e-11,1.1262481750022366e-09
tabb_c2_sim_joint,25,0.0,ok,10,4,1.659459710037769e-06,1.206221108159477e-07,8.812621740867753e-07,1.0935560271597443e-07,1.2817232299396175e-06,7.526055379563277e-08,9.431307271985141e-07,1.918284315919132e-06,1.4781906231762708e-07,2.2170797216700267e-06,1.630278412324395e-07,9.57920238183556e-07,7.994412183592749e-07,1.4600675081151822e-07,2.134076439152365e-06,1.6112492536676386e-07,6.507360009693286e-07,8.062744206513755e-07,1.435102806220496e-07,2.285563744387192e-06,1.5824935293687102e-07,1.4889299782830102e-06,1.0487414173190979e-09,8.631711270286737e-11,1.1189349414934145e-09,8.632372771635707e-11,1.1262481750022366e-09
tabb_rp1,25,0.0,ok,10,4,6.373812905787162e-07,5.4045058942106e-08,8.950576256606601e-07,3.822353562285905e-08,1.2608451907880222e-06,6.15401576755879e-08,7.29702934709755e-07,1.044742784664371e-06,5.6487934467619787e-08,8.361272374518465e-07,5.876808803868659e-08,7.755137754762458e-07,1.1238359212551612e-06,4.592849757316373e-08,7.50415233758949e-07,7.489630968232786e-08,7.582781156998164e-07,1.362087127246958e-06,4.4219407087452765e-08,9.442367682548788e-07,7.625752951296079e-08,9.76290364938488e-07,4.956466947615027e-08,6.258303363199937e-09,1.8745922849190588e-08,6.258308534448761e-09,1.775664162236313e-08
tabb_rp1_joint,25,0.0,ok,10,4,3.367602236725637e-07,5.308641960859657e-08,3.560359922717388e-07,2.9695648386904676e-08,5.477692394259476e-07,4.958007312114297e-08,6.892296569627708e-07,5.745233593948632e-07,3.2092737169265016e-08,3.9613678216320533e-07,6.45246328401151e-08,8.616686418723336e-07,5.291150588448003e-07,9.022413420960157e-09,4.557219594355678e-07,4.6731456738505894e-08,4.5677267095033505e-07,2.7094088137114144e-07,7.14091395941936e-08,4.764362302422912e-07,9.48312803213165e-08,9.740229260716377e-07,4.956466947615027e-08,6.258303363199937e-09,1.8745922849190588e-08,6.258308534448761e-09,1.775664162236313e-08
shah,25,0.0,ok,10,4,7.068492705457837e-07,5.3124399764532664e-08,7.526493668135652e-07,2.7497080699096066e-08,4.2303839455527007e-07,1.833158266722832e-08,6.692624867921886e-07,1.2849946273750438e-06,3.666254442852951e-08,9.424658382641468e-07,7.083232053443221e-08,9.20148101630151e-07,1.0163575507246495e-06,3.666279254690527e-08,9.424652620373567e-07,7.083252700837148e-08,3.996080400863766e-07,7.092442667090806e-07,3.666268322889389e-08,9.424655508793324e-07,7.083244078243159e-08,8.861658932013119e-07,1.0224454869641665e-12,3.02592055598925e-13,4.310022987914442e-13,3.107328953911441e-13,7.300885677522861e-13
tabb_c1_sep,25,1.0,ok,10,4,0.6113861731081414,0.31139325995718103,1.6520178707470463,0.2664203847839808,2.2079177985878684,0.41314884984007155,2.5233359676846843,2.1258278224033047,0.16944056907410096,0.38509255278606347,0.23119981759695646,1.781530566695018,1.3182126528628082,0.27982920566489927,0.9259351027207594,0.32284383701455527,2.200775395881953,1.6304905433728003,0.17544698970843478,0.6627519239068677,0.22320234913836104,1.9031528142932972,1.5335404643492725,0.4409647746884882,0.47176511301887514,0.46832703607885134,3.718822862883399
tabb_c1_sim,25,1.0,ok,10,4,0.5955175047240949,0.3068362383834996,1.6075206254766812,0.2591040944704906,2.137606921141908,0.40242975671234893,2.5181254700615088,2.0822569820487695,0.1661142666254778,0.3791200837552986,0.22884762374432227,1.7788455097457703,1.2964839918742785,0.26941463902168256,0.8976800884193743,0.31454488655932866,2.186051433994366,1.5332298190405633,0.16441697542407446,0.6355745087987904,0.21981967222944923,1.8983868273273232,1.5181117089431135,0.4364704968107276,0.46969533792291634,0.4641327710008982,3.717100854982086
tabb_c2_sep,25,1.0,ok,10,4,0.5450987393199922,0.3113932999479188,1.6636604160819473,0.2664203871873607,2.1874432081961612,0.41314882098828964,2.523450248495826,2.140639467546099,0.1694404471301171,0.4428604497034625,0.23119967925169943,1.7698484444402365,1.3774288010763949,0.27982931204148503,0.818258328074239,0.3228439472914022,2.212823056700244,1.658320509452198,0.17544670076382837,0.5520494628573283,0.22320224077302367,1.9137778080174475,1.4782528862530975,0.44096508881401236,0.367226716644939,0.4683273324755499,3.712103141282955
tabb_c2_sim,25,1.0,ok,10,4,0.52869164903228,0.30692456150352687,1.6216249742541105,0.25968969895319227,2.127300966168282,0.40369033735074117,2.5183209190385525,2.0829775100405663,0.16447637562560335,0.429839383196737,0.22685656899197743,1.7658306744139822,1.3595413163727028,0.2701970892919696,0.7901376848672503,0.31512235375532655,2.198787681318206,1.5768352317532002,0.16632481593512083,0.529362170293451,0.22038040105956394,1.9088705928953202,1.4671458388499734,0.4377605149600752,0.3654273577716821,0.46533892220723966,3.710949855014233
tabb_c2_sim_joint,25,1.0,ok,10,4,0.26771605748393795,0.25942970128524295,0.5594932556731209,0.15390884503570226,1.0468582794722796,0.27094756271787873,2.461224069925364,0.236012662116104,0.0715009367963093,0.2373446611689981,0.21036499784938867,1.7134943157793339,0.103033629182759,0.04347946585969661,0.25165200858551384,0.1329339061415786,2.00194589572201,0.431780892543647,0.062894462526728,0.21644020240955775,0.2290809789427648,1.8749657926168801,1.4671458388499734,0.4377605149600752,0.3654273577716821,0.46533892220723966,3.710949855014233
tabb_rp1,25,1.0,ok,10,4,0.42605545260658306,0.2083206401312691,0.7749226969842408,0.10198884042776885,0.9466915772347061,0.13929513993077472,2.452370187516695,0.9648448990378097,0.06581340804714111,0.6186084454960272,0.1658144865695378,1.7264877411020372,0.5753988206626254,0.050798941308271055,0.2304734000943163,0.15232132202821874,1.9944735672879657,0.8021471538451989,0.07166292130395063,0.5466356389374156,0.23749268200207851,1.875290247194618,0.7572999143913289,0.21968009105171257,0.308504325898573,0.2776540699252413,3.685251674509279
tabb_rp1_joint,25,1.0,ok,10,4,0.36624681421656274,0.2118901169441859,0.6700859380266002,0.09786104960199249,0.7291484729993728,0.12403710826795168,2.45199370571694,0.8842912718716281,0.05866743653741147,0.5299390433800945,0.17621207724654483,1.716260421206647,0.6833886696435717,0.06331400637134169,0.2065297669872252,0.15557919328449055,1.9977953418488348,0.35536389619987196,0.04978266444750427,0.4200141206003583,0.23811512732046702,1.879169115783674,0.7572999143913289,0.21968009105171257,0.308504325898573,0.2776540699252413,3.685251674509279
shah,25,1.0,ok,10,4,0.5747802821539475,0.31139329707486196,1.6249299342562809,0.2664203327589028,2.2000373420621497,0.4131488358874347,2.5167020116542838,2.1258273472426574,0.16944053368509318,0.3850924672900583,0.23119979240535754,1.7815305335925267,1.3182120564794182,0.27982916702907484,0.9259346244111022,0.32284380942356694,2.200775227629544,1.630485682955502,0.17544647306359168,0.6627504178829486,0.22320219000887534,1.903152658218719,1.4251946503475457,0.4409651572578515,0.32534361903168096,0.4683273964616479,3.7007976676256655
tabb_c1_sep,25,3.0,ok,10,4,1.8345993290948102,0.9361411421627102,4.967043420645211,0.8017716955573313,6.628324806946305,1.2431160164024238,7.570408892022773,6.421144643029824,0.5116059046711646,1.1680083250479414,0.6954637418595906,5.3450597453706346,3.9508954463441763,0.8450828278474343,2.777447513585702,0.9734151898416922,6.615834690373092,4.916799651486711,0.5249360357363942,2.0348419946348004,0.6676910179498623,5.706080280271365,4.579333941720136,1.325462013974332,1.3580994831107982,1.4079946189996952,11.151057289461052
tabb_c1_sim,25,3.0,ok,10,4,1.7865532304133507,0.9223680383690007,4.833717501073649,0.7797715694902456,6.416466388412676,1.2108870938632865,7.554598987005575,6.289277892175981,0.5015184456801794,1.1493152391535797,0.6882566906726916,5.336913366122104,3.88484350839001,0.8133674910648199,2.691185520343415,0.9481029551797997,6.570509444507947,4.627935830108945,0.49223416612682214,1.9539729018563157,0.6577125225296703,5.692287701760021,4.532812773619661,1.311966175089161,1.351739260300092,1.3953999850938412,11.145917885055201
tabb_c2_sep,25,3.0,ok,10,4,1.6431652395663625,0.9361410853960569,5.008450363650221,0.8017716186942333,6.576776803114169,1.2431157938164659,7.5714341339705316,6.457077306124548,0.5116059807621113,1.3410657659516292,0.6954638812095466,5.311009409395113,4.146389900084575,0.8450825871664626,2.4717788211175598,0.9734149366756535,6.648372309568357,4.989640369470082,0.5249360241141544,1.6567810016598774,0.6676910264277052,5.739124261136169,4.440693878921678,1.325461882734205,1.103035369536384,1.4079944972713223,11.133788069751278
tabb_c2_sim,25,3.0,ok,10,4,1.5935374036570462,0.9226034371544585,4.881803290273792,0.7814601227863456,6.3961061995095285,1.2146015916811566,7.555851300155063,6.2829226472534145,0.49654126538712823,1.3013597917499946,0.6822220312356821,5.298851125069294,4.091147052326563,0.815765972272224,2.386203637835946,0.9498792908586364,6.605350050469854,4.745861810011037,0.497715925035815,1.5890276444301847,0.6593115635444,5.7246040530502,4.407281651504156,1.315817328450215,1.0975585406120603,1.3990008629791153,11.130318566021858
tabb_c2_sim_joint,25,3.0,ok,10,4,0.8035414450842431,0.7785134075428708,1.6765764574101494,0.4624317001943359,3.140863206295067,0.8145121779021847,7.382794498827706,0.7122859056671738,0.2154216432567034,0.7120387590239974,0.6293592172513198,5.141032614115601,0.29930930984728993,0.1304383639915222,0.7558881342448732,0.3995124228563387,6.00642617889525,1.287428962621978,0.1880494650789029,0.6486803464560412,0.6861811270847096,5.624167074743888,4.407281651504156,1.315817328450215,1.0975585406120603,1.3990008629791153,11.130318566021858
tabb_rp1,25,3.0,ok,10,4,1.2751365158962722,0.6242263277449343,2.3163703763797754,0.3058814254399498,2.8279432522403547,0.4183471378977746,7.356965634950566,2.890755944614323,0.19740762589213776,1.8497696832138277,0.4947943303441369,5.178916082800222,1.723392654594393,0.15134661320803802,0.6974219928029108,0.45690733917017934,5.984075032358163,2.394348021512679,0.21509778675711289,1.6284809356949932,0.7119938528904317,5.625214671339091,2.2569848847977068,0.6596736759025104,0.9248734518733573,0.8332097885749892,11.055605253949086
tabb_rp1_joint,25,3.0,ok,10,4,1.0945880830100179,0.6350847028525415,2.0021354786498935,0.29369231370149435,2.1745066889131444,0.37230576266246257,7.355880993127088,2.6514401590978314,0.1761896929971713,1.584433575784432,0.5263470158757689,5.148359117552588,2.047806315887734,0.18940870556020878,0.6195805560127717,0.46694619062222975,5.994051753212814,1.0523105548163005,0.14949718034608697,1.2494647483695105,0.7138358163371776,5.636956198656004,2.2569848847977068,0.6596736759025104,0.9248734518733573,0.8332097885749892,11.055605253949086
shah,25,3.0,ok,10,4,1.783416501061549,0.9361415023078412,4.916233896797268,0.8017694093795281,6.582806636076005,1.2431117179132145,7.555105709369248,6.421220366779622,0.511613252029644,1.168027696447547,0.695472059870088,5.345067372846608,3.9508699390032693,0.8450811061081547,2.777434104241835,0.9734136547963781,6.615829498015546,4.916636905241917,0.5249218108692254,2.034799993214925,0.6676861934722133,5.706075627856185,4.376208376164264,1.3254614685110884,1.1534042103418902,1.4079941010926857,11.109466453483666
tabb_c1_sep,25,5.0,ok,10,4,3.0591146832717317,1.5635102314849019,8.297609525831234,1.3404366532851841,11.05526616476969,2.0779116249979857,12.618907034575884,10.77623636394386,0.8583015812970299,1.9706872065993266,1.1623797234154845,8.909387704685122,6.579846719627309,1.4177723083445153,4.626234508656913,1.630461600428803,11.04944982498667,8.236642143117963,0.8725725195977825,3.4680853406673706,1.1097425189774761,9.505041933186522,7.597712876635802,2.213100203901409,2.1714516771633146,2.3514570831178436,18.577779903157115
tabb_c1_sim,25,5.0,ok,10,4,2.978305940435144,1.5403824040638574,8.07565707211189,1.3036823205535883,10.700647606167877,2.0240775671700457,12.592245481471636,10.554419138965278,0.8412966121783124,1.938257123120056,1.150105059535472,8.895648995595366,6.468226570151699,1.3641140860086265,4.4799402615436525,1.5875707609001868,10.971944280787456,7.760130391036457,0.8187183699683308,3.33445599356759,1.093392918224005,9.482875639698586,7.5198521882941245,2.1906002140590837,2.160570383509278,2.330460877595766,18.56926283703909
tabb_c2_sep,25,5.0,ok,10,4,2.751798096700621,1.5635102368481406,8.376706189712447,1.3404366134643704,10.98446900945701,2.0779115037471025,12.621517960334382,10.821571936489793,0.8583018526339794,2.2564449807555773,1.1623800302724476,8.854379821576016,6.934181187054903,1.4177725650502264,4.147866462556514,1.6304618487292986,11.097392018927515,8.34112078769084,0.8725723095450609,2.762396652254283,1.1097424329768302,9.56186987898234,7.409950847614254,2.2130997266282146,1.8404842912361077,2.351456635413985,18.553418964252796
tabb_c2_sim,25,5.0,ok,10,4,2.668392718685886,1.540727010153522,8.164671522307302,1.3063827668348817,10.68293278200592,2.030153942276009,12.59521840504058,10.529297061332295,0.8328959595406885,2.1891697018646274,1.1399469860206102,8.833937037069058,6.839355267092858,1.368205192699775,4.003208915402908,1.590612320880954,11.024142980324696,7.9358833882735,0.8274455911571816,2.6499619856376437,1.0959186929212756,9.538001588164832,7.354150372530557,2.196984323941882,1.831230271838363,2.336430040791248,18.54762681211034
tabb_c2_sim_joint,25,5.0,ok,10,4,1.339872199860944,1.2978963353668607,2.7912309037595957,0.7718397996262817,5.234844663459027,1.3601990969785385,12.303857232157435,1.1947995108651053,0.36060681694326363,1.186783162269077,1.0460937998249653,8.569541214255725,0.483016753160296,0.2173589610469425,1.261358737290313,0.6670946045079884,10.011972805156029,2.132956978482423,0.3124090965730389,1.0801166280460235,1.1419668963432414,9.372753849425763,7.354150372530557,2.196984323941882,1.831230271838363,2.336430040791248,18.54762681211034
tabb_rp1,25,5.0,ok,10,4,2.1206373035483495,1.0392091860250292,3.8468784406775525,0.509655582979434,4.693243477027203,0.6979903485997324,12.262112007620413,4.811638330557765,0.3289589810746883,3.0729176570814047,0.8202582529558216,8.630832147688054,2.8685584903683385,0.2505379748181735,1.1729284818143773,0.761447637742933,9.974851377198071,3.9702997331440733,0.35868754550697474,2.6951058010945914,1.1859700474643142,9.37462453969041,3.737017208640034,1.1004378305178995,1.5415972742030242,1.3891608059370475,18.42729103071836
tabb_rp1_joint,25,5.0,ok,10,4,1.8177796780745272,1.0575748810321994,3.32374055081607,0.4896773265759492,3.6029460207920248,0.6208291834250148,12.260376245866393,4.417287516904346,0.2940223495710136,2.6318251775501147,0.8735230776160419,8.58011087222833,3.409676222897253,0.31482597120275496,1.032861085769892,0.7786273684481413,9.991487047267984,1.730981254822648,0.24942315501212897,2.064835174775078,1.1889882721275669,9.39436703746301,3.737017208640034,1.1004378305178995,1.5415972742030242,1.3891608059370475,18.42729103071836
shah,25,5.0,ok,10,4,3.128403250635138,1.563511872340566,8.283422003290063,1.3404257013333882,10.972844510917069,2.0778916497172966,12.603444656016483,10.776589900548046,0.8583361032426253,1.9707821634414282,1.1624186149237414,8.909423440129002,6.579722669928496,1.4177640187219205,4.626170210281451,1.6304543144519696,11.049424974998228,8.235875385469146,0.8725048957861075,3.4678859948821765,1.1097197787787667,9.5050206826201,7.5415000572145665,2.2130977875828997,2.4487746339354977,2.351454781207787,18.53575550924243
tabb_c1_sep,26,0.0,ok,10,4,7.406512012838077e-07,6.319287924436583e-08,9.481727608082912e-07,5.158444703885254e-08,1.115514907092421e-06,8.904660782938958e-08,6.914243661797068e-07,1.1545407780226353e-06,5.7250536212473905e-08,1.0269410772070912e-06,7.522593661693438e-08,9.318157325557534e-07,1.452740806037539e-06,1.0209191234966541e-07,9.971796323434094e-07,1.2530321668079448e-07,4.924442952987028e-07,1.185402706748546e-06,4.6993908416498535e-08,9.384827345204176e-07,5.224094266819106e-08,8.952589978122789e-07,6.752424444257127e-12,1.4311767723118752e-12,1.3610643121480628e-12,1.4210115433690067e-12,3.6796652310194025e-12
tabb_c1_sim,26,0.0,ok,10,4,1.2722733140093233e-06,8.533840127477502e-08,1.6785133045889222e-06,7.109241012944799e-08,2.2444212388119215e-06,1.1327449618177434e-07,8.38282303481501e-07,2.5998701502397804e-06,1.4331143142288044e-07,1.4076263567888562e-06,1.6812610318560224e-07,1.0896059636167334e-06,2.246160008322648e-06,1.0426574750712776e-07,2.029649445987906e-06,1.250271682030188e-07,6.712067398319777e-07,1.867941098691095e-06,3.6775286766455195e-08,1.6518012705326947e-06,4.818317174118387e-08,1.083101673740935e-06,8.196110216560229e-11,1.7174821328633453e-11,1.6182727836897477e-11,1.716196929517179e-11,4.5995314282419287e-11
tabb_c2_sep,26,0.0,ok,10,4,2.710745366569052e-07,1.073078133866061e-07,6.790562151311396e-07,9.975720259683454e-08,1.5307705207109457e-06,1.7784975640992197e-07,8.011313906730626e-07,1.1302714429901309e-06,2.3032035963367675e-07,5.570495531262715e-07,2.3936458780263657e-07,1.1854863311954933e-06,9.013708206477934e-07,9.5500088262384e-08,3.0409565237581135e-07,1.17974652477486e-07,4.997148538836361e-07,6.840853946628409e-07,7.309443564383212e-08,2.2305181703435992e-07,7.177809679789568e-08,9.550671095090177e-07,4.972022237939021e-10,1.1392684744531525e-10,1.011240911777487e-10,1.1391646840607184e-10,2.4531167250510573e-10
tabb_c2_sim,26,0.0,ok,10,4,9.310017681540561e-07,4.6968283961434397e-08,9.685979016765968e-07,3.7971497917341763e-08,1.5657078319161157e-06,6.621763081202342e-08,7.602777960586683e-07,1.7419783746226574e-06,3.824860556069498e-08,1.378169208637326e-06,6.149265408656492e-08,8.416678586578747e-07,1.0601611240570092e-06,4.7084591536998116e-08,9.317937585443826e-07,6.50043000970741e-08,8.809269624816484e-07,1.071203366609402e-06,6.646647745897109e-08,1.4129251704930222e-06,6.12898579343822e-08,9.097532317939173e-07,1.0487414173190979e-09,8.631711270286737e-11,1.1189349414934145e-09,8.632372771635707e-11,1.1262481750022366e-09
tabb_c2_sim_joint,26,0.0,ok,10,4,1.659459710037769e-06,1.206221108159477e-07,8.812621740867753e-07,1.0935560271597443e-07,1.2817232299396175e-06,7.526055379563277e-08,9.431307271985141e-07,1.918284315919132e-06,1.4781906231762708e-07,2.2170797216700267e-06,1.630278412324395e-07,9.57920238183556e-07,7.994412183592749e-07,1.4600675081151822e-07,2.134076439152365e-06,1.6112492536676386e-07,6.507360009693286e-07,8.062744206513755e-07,1.435102806220496e-07,2.285563744387192e-06,1.5824935293687102e-07,1.4889299782830102e-06,1.0487414173190979e-09,8.631711270286737e-11,1.1189349414934145e-09,8.632372771635707e-11,1.1262481750022366e-09
tabb_rp1,26,0.0,ok,10,4,6.373812905787162e-07,5.4045058942106e-08,8.950576256606601e-07,3.822353562285905e-08,1.2608451907880222e-06,6.15401576755879e-08,7.29702934709755e-07,1.044742784664371e-06,5.6487934467619787e-08,8.361272374518465e-07,5.876808803868659e-08,7.755137754762458e-07,1.1238359212551612e-06,4.592849757316373e-08,7.50415233758949e-07,7.489630968232786e-08,7.582781156998164e-07,1.362087127246958e-06,4.4219407087452765e-08,9.442367682548788e-07,7.625752951296079e-08,9.76290364938488e-07,4.956466947615027e-08,6.258303363199937e-09,1.8745922849190588e-08,6.258308534448761e-09,1.775664162236313e-08
tabb_rp1_joint,26,0.0,ok,10,4,3.367602236725637e-07,5.308641960859657e-08,3.560359922717388e-07,2.9695648386904676e-08,5.477692394259476e-07,4.958007312114297e-08,6.892296569627708e-07,5.745233593948632e-07,3.2092737169265016e-08,3.9613678216320533e-07,6.45246328401151e-08,8.616686418723336e-07,5.291150588448003e-07,9.022413420960157e-09,4.557219594355678e-07,4.6731456738505894e-08,4.5677267095033505e-07,2.7094088137114144e-07,7.14091395941936e-08,4.764362302422912e-07,9.48312803213165e-08,9.740229260716377e-07,4.956466947615027e-08,6.258303363199937e-09,1.8745922849190588e-08,6.258308534448761e-09,1.775664162236313e-08
shah,26,0.0,ok,10,4,7.068492705457837e-07,5.3124399764532664e-08,7.526493668135652e-07,2.7497080699096066e-08,4.2303839455527007e-07,1.833158266722832e-08,6.692624867921886e-07,1.2849946273750438e-06,3.666254442852951e-08,9.424658382641468e-07,7.083232053443221e-08,9.20148101630151e-07,1.0163575507246495e-06,3.666279254690527e-08,9.424652620373567e-07,7.083252700837148e-08,3.996080400863766e-07,7.092442667090806e-07,3.666268322889389e-08,9.424655508793324e-07,7.083244078243159e-08,8.861658932013119e-07,1.0224454869641665e-12,3.02592055598925e-13,4.310022987914442e-13,3.107328953911441e-13,7.300885677522861e-13
tabb_c1_sep,26,1.0,ok,10,4,0.6554278317087401,0.24026915038205474,1.782974305625698,0.20181290656586248,2.033272649095544,0.2685889435424074,2.4153860049038633,3.1726028168064855,0.3428501660788782,1.1247273650480936,0.3358629584243382,1.9050188655913092,2.2657475604684483,0.1778721312761202,0.6579463792287894,0.27028776775765734,1.9688959714785412,1.4189094738424244,0.15569457044051413,0.6368666020945575,0.21862574190728168,2.059253687019495,0.2746373713854341,0.1308347584679373,0.20217098046351964,0.13630013343894176,3.404435964807559
tabb_c1_sim,26,1.0,ok,10,4,0.6389611002189535,0.23576724773809293,1.7328607709968342,0.19552653010659204,1.9774194152392603,0.25936385873490764,2.4110599032437023,3.052581115794923,0.3272918358095326,1.0839380663215252,0.32355145494245346,1.8864234644664029,2.19088685727289,0.172259879450884,0.6379786184420683,0.26688549701595393,1.9668755835536222,1.4046491698522194,0.15355202172705534,0.6311141130350677,0.21820519698418292,2.057752931337512,0.2833259410673047,0.1290023834388963,0.20281360307715302,0.13442684200978147,3.404599719970202
tabb_c2_sep,26,1.0,ok,10,4,0.6653611908010677,0.24026896137340967,1.757270986048728,0.20181261703697653,2.058814220421167,0.26858822915602,2.417982293034477,3.031439905725083,0.34285140725788504,1.0826794024054023,0.33586301452410006,1.922300379567869,2.2288466067759862,0.17787118843852515,0.6252166069771457,0.27028840663232223,1.9610737860239378,1.3624710208115356,0.15569395812577866,0.60603862836461,0.21862514089908175,2.062668142318408,0.4063264108823056,0.13083391432571725,0.34751012545711285,0.13629928343813472,3.4045417413891057
tabb_c2_sim,26,1.0,ok,10,4,0.6474339599241643,0.2357556902572951,1.7028730972169224,0.19514994843940142,1.992371839674818,0.2585202220394454,2.4132983817515994,2.9187721421132546,0.3279513105136206,1.0424744064903206,0.32398520722645635,1.9045172395819816,2.1584504015421944,0.1723034779189929,0.6065846905794787,0.2664135595248016,1.958991904581726,1.3237495345077184,0.15081453385782093,0.5929764212569901,0.2176647217132877,2.059059922584221,0.4105203107045226,0.12953047146717123,0.34770032136986795,0.13495927256463475,3.404625288425336
tabb_c2_sim_joint,26,1.0,ok,10,4,0.4367193702369076,0.19448259774154006,1.0350766976142307,0.12222779936992002,0.8409847960280761,0.09482882029962758,2.3752519554990412,0.9795352979308767,0.13565237130659605,0.5324708078091716,0.1833735601110221,1.7831918640481037,1.0671648437955523,0.10678825128716588,0.4036304800779459,0.18741335164693512,1.9523834413676868,1.6830863380259709,0.11694010341874693,0.463075871690645,0.2721842066435682,1.996056043223408,0.4105203107045226,0.12953047146717123,0.34770032136986795,0.13495927256463475,3.404625288425336
tabb_rp1,26,1.0,ok,10,4,0.3428102243920478,0.1900789103913539,0.6539182955375358,0.05976515355730037,1.0480277477014321,0.09416819453598031,2.3821253503957167,0.4687156795317147,0.04351465044601713,0.38443672223019015,0.20530462152032686,1.7086130422729757,0.7120521615938039,0.05382124107090164,0.31308964141203505,0.215813298375154,1.938036444900806,0.5844915832303935,0.04046494716704936,0.2590235242575323,0.2197596845593255,2.000874086130423,0.850413757794231,0.10125977554523333,0.4146910096684336,0.11943803711060932,3.4668781117100633
tabb_rp1_joint,26,1.0,ok,10,4,0.313951331678278,0.18804353270894408,0.5693531607710448,0.05391507830330789,0.8674613795061942,0.08741561781044094,2.382943874912919,0.251090393820779,0.02601405375978576,0.22852527658151695,0.19886593947936418,1.7107808024089437,0.6180137880153064,0.05078234685812047,0.3155337411224564,0.20710394175509583,1.9435408567694583,0.5578947034538627,0.03760413705009201,0.29705529934070496,0.22676621249070705,1.9975785808479498,0.850413757794231,0.10125977554523333,0.4146910096684336,0.11943803711060932,3.4668781117100633
shah,26,1.0,ok,10,4,1.0976452376498238,0.2402692617682023,2.210165380072341,0.20181265439480658,2.728802259719346,0.2685891037510391,2.450520220014143,3.1726057488167685,0.34284927697212264,1.124725608798781,0.33586303697047243,1.9050147884516466,2.265741007124593,0.1778716511706261,0.6579445139471731,0.27028785230973995,1.9688964279497687,1.4189105825800823,0.1556948043667627,0.6368673736073907,0.21862588919403003,2.059253801889349,1.9834041817679204,0.13083488506971488,1.9710434542459514,0.13630026859856673,3.503432129495886
tabb_c1_sep,26,3.0,ok,10,4,1.9750707483574812,0.7184380714388707,5.351213243056874,0.6031775406818232,6.081038957460232,0.8042954791820148,7.248618406246972,9.509391979210463,1.0277335178821794,3.3472365085209095,1.0061570578878716,5.718742912904926,6.776598126519659,0.5311313365582511,1.9771359454007194,0.8082221054791736,5.907645613621659,4.2537449946812815,0.4642504760565463,1.9130792091057907,0.6538062293885823,6.175933060117426,0.8651178718160942,0.3895948322303159,0.6628313304025052,0.4055668929998554,10.218778245682534
tabb_c1_sim,26,3.0,ok,10,4,1.9258005253122972,0.7049573300033105,5.201033139598023,0.5843626954829133,5.913404052686452,0.7765682900465599,7.235596603869295,9.14768495532225,0.9808865560538149,3.224711891806365,0.9690289859391756,5.662486749629777,6.555221749976524,0.5145345810501529,1.9180151345260879,0.7981694836370249,5.90177970254652,4.211276908270122,0.4578318959564638,1.896007547726911,0.6525788059979188,6.171444917104026,0.8899489448231958,0.3841977488712214,0.6644675271898249,0.40005204443912235,10.219292570610138
tabb_c2_sep,26,3.0,ok,10,4,1.991868407976241,0.7184385115804418,5.258809362906709,0.603177368364589,6.1707345925458945,0.8042966102479681,7.254637991015911,9.08802271313578,1.0277330042875228,3.24550052659352,1.0061571312876134,5.766549283473105,6.65693110862136,0.5311317956250391,1.8688086594667497,0.8082251115942596,5.882293791368466,4.06442293693736,0.46424903017447794,1.8117473722885553,0.6538040897521574,6.1865476892739455,1.2258606929323383,0.3895956433713167,1.041417073556139,0.40556771368773675,10.217203449301008
tabb_c2_sim,26,3.0,ok,10,4,1.9382925603107852,0.7049452316408042,5.096099077420973,0.5832789927098234,5.971822227716264,0.7741478551634696,7.240633441471059,8.749042821407297,0.9829994223024074,3.12491414915389,0.9704323984190136,5.71306920091713,6.447808820802782,0.5145960266152991,1.8134521902740879,0.7967338319431603,5.876225033146886,3.949235133606943,0.4497446980096798,1.7728671378133471,0.6509725690663238,6.175879680861903,1.238309533866873,0.38577582391190735,1.0419367640018151,0.40164212713471903,10.21745664869018
tabb_c2_sim_joint,26,3.0,ok,10,4,1.306136156051598,0.5809871537886224,3.0861923535364038,0.36448189309101797,2.5164420919332,0.2831654260623427,7.12686653969584,2.9144868883910346,0.405439180581609,1.593454526198218,0.5475591267289781,5.34843215435716,3.1819172555677087,0.31857645606201174,1.2066536472533813,0.5608773811155352,5.857403873569333,5.010055736319998,0.34813611180854365,1.3824996867529782,0.8138699801752571,5.988119878794586,1.238309533866873,0.38577582391190735,1.0419367640018151,0.40164212713471903,10.21745664869018
tabb_rp1,26,3.0,ok,10,4,1.0280120394091175,0.5686000818211956,1.9578095279565975,0.17861394092663657,3.138748912478905,0.2810598022286199,7.148785176057464,1.4043430262892476,0.13066001108822872,1.150055142587576,0.6131076450157719,5.125841150267635,2.135452726009113,0.16134413019243674,0.9331457954413013,0.6465319594406107,5.815667069513474,1.7544384598885896,0.12167730442001772,0.7746288349595467,0.6577357794306375,6.003614755117985,2.5370038996394397,0.3007743180058631,1.2542183846480457,0.3570249433977621,10.405810726925845
tabb_rp1_joint,26,3.0,ok,10,4,0.9390116292498611,0.5625236631976418,1.7016904496767185,0.1610117350345867,2.5951468785759473,0.2607243553496026,7.151185240793508,0.7487467949000779,0.078101800508774,0.6816890552926906,0.5938779358618651,5.132417555587975,1.8541366430342583,0.15243604819634946,0.9392501717652508,0.6205236064261935,5.832035827944787,1.6668744611330977,0.1127347734273603,0.8808889052934571,0.6786681671047463,5.993542578861631,2.5370038996394397,0.3007743180058631,1.2542183846480457,0.3570249433977621,10.405810726925845
shah,26,3.0,ok,10,4,3.462468256002292,0.7184382348853331,6.796840431885558,0.6031779151408466,8.510064867373293,0.8042982672871238,7.383883081097083,9.509424824115383,1.0277338659365753,3.3472361145658214,1.006157700418822,5.718743369642064,6.776627559648425,0.5311337460430794,1.9771428400259101,0.8082250316044057,5.907649543777456,4.253751559159399,0.46425057737663594,1.9130770249699294,0.6538045186673382,6.175933983720668,6.647557784619027,0.3895934712070958,6.612417044447507,0.4055656888507666,10.599075808298199
tabb_c1_sep,26,5.0,ok,10,4,3.3128659267972216,1.1934561002486759,8.929923177326353,1.0015018394439974,10.107382339239953,1.338030204420505,12.086083241095169,15.83475665101726,1.711572955359597,5.533682442549969,1.674613058788539,9.53793204283427,11.25909471220198,0.8810082733808491,3.3006333167961066,1.3425902284320672,9.847812556513093,7.08349640739711,0.7690309915732744,3.1918888966158425,1.0862675478411292,10.29057366292595,1.5423449386890637,0.6443951374622686,1.2252590512269672,0.6703535659329685,17.042481225710038
tabb_c1_sim,26,5.0,ok,10,4,3.2310041458496115,1.171029190712475,8.679712756197164,0.9702140487389119,9.827961594448496,1.2917286188484052,12.064302574854516,15.229227376796825,1.6332065143658496,5.329252694471364,1.6124102625198617,9.443365960573345,10.895379946979077,0.853735973901468,3.203471657088334,1.3260894297857204,9.838362627596782,7.013178267286268,0.7583465563268358,3.1637499265801585,1.0842783014916213,10.283112438198302,1.5810654337264876,0.6355671503614941,1.2275423052585899,0.661338769052697,17.043375405022566
tabb_c2_sep,26,5.0,ok,10,4,3.3126708820785344,1.1934564550115465,8.742881999250333,1.0015011512329168,10.274405463397542,1.3380294442594876,12.092901904973688,15.136464607092737,1.7115729859404591,5.405027021484387,1.674613094617883,9.610590285184003,11.044514242927617,0.8810067867581899,3.102937245731878,1.3425926818485392,9.80246532950464,6.735860909324761,0.7690298966860749,3.0089731007205582,1.0862666834183523,10.308785694027476,2.054688237656214,0.6443949355469437,1.7337461603773132,0.6703533601614119,17.036146021975327
tabb_c2_sim,26,5.0,ok,10,4,3.223731839267943,1.1710473900145013,8.472547686580675,0.9684856276535996,9.943710387575335,1.28787531208707,12.069631697521286,14.569907541118756,1.6369534318390275,5.2040833644847915,1.6149223300435716,9.521201715957599,10.699357600330856,0.8537196331928657,3.01158629379368,1.3236590256300031,9.792640433337471,6.5457246770971524,0.7450874860236474,2.9447276334052592,1.0816366146658951,10.291266320056218,2.075200927775935,0.6381819595588575,1.7345300653880418,0.6639715897185352,17.036572014707918
tabb_c2_sim_joint,26,5.0,ok,10,4,2.1700819407214254,0.964212485332153,5.111483789443914,0.6037482671327575,4.18297725657404,0.4697323313716996,11.880645679875352,4.816905894315059,0.6731846591118898,2.649062667622232,0.9083590796410568,8.912373394452466,5.269756188253433,0.52791030534655,2.0039466242056205,0.9325270790987175,9.762952750968566,8.284072147431226,0.5757161445137328,2.2927884056698082,1.3519921928703023,9.980407563363611,2.075200927775935,0.6381819595588575,1.7345300653880418,0.6639715897185352,17.036572014707918
tabb_rp1,26,5.0,ok,10,4,1.6884839648962764,0.9444701365837453,3.204457129265699,0.293152268957787,5.17223385614162,0.4646962006166839,11.905445459894556,2.3375201129323844,0.217969149984227,1.9114295244691244,1.017199064798767,8.543344681157736,3.5579655353069968,0.26869998618209157,1.5455857141884555,1.076037125604277,9.695584135638446,2.9290185002956592,0.203257849872345,1.2880048723524002,1.0936176853655444,10.007909720807769,3.993324368527755,0.4826820897924844,2.008915748575126,0.5910266705663932,17.314940928052483
tabb_rp1_joint,26,5.0,ok,10,4,1.5359236143588588,0.9344092408988091,2.772827840112217,0.2637270830379037,4.25301623311656,0.43006045483258876,11.909368630287236,1.2406602901133497,0.1302709549454459,1.1298064717662595,0.9853017729196514,8.55443071678025,3.0904415288751705,0.25419692792992843,1.553544637603459,1.0328901917116489,9.72262272195283,2.766885172932594,0.1877583594837561,1.4514275994905912,1.128418328397543,9.990865221025901,3.993324368527755,0.4826820897924844,2.008915748575126,0.5910266705663932,17.314940928052483
shah,26,5.0,ok,10,4,6.035093457448772,1.1934572521932827,11.587047205510181,1.001502878383596,14.695285737525753,1.3380362962603722,12.363032435346327,15.834889888994717,1.711575847641709,5.533683430080195,1.6746157089876905,9.537940360692994,11.25915107722245,0.8810130302766958,3.300642267433905,1.3426007002332747,9.847827909762717,7.0836862829739395,0.7690351706982825,3.191897195070853,1.0862660056330802,10.29057650547624,12.17046157284962,0.644387464917696,12.114150937210132,0.6703465939190852,17.819379852009543
tabb_c1_sep,27,0.0,ok,10,4,7.406512012838077e-07,6.319287924436583e-08,9.481727608082912e-07,5.158444703885254e-08,1.115514907092421e-06,8.904660782938958e-08,6.914243661797068e-07,1.1545407780226353e-06,5.7250536212473905e-08,1.0269410772070912e-06,7.522593661693438e-08,9.318157325557534e-07,1.452740806037539e-06,1.0209191234966541e-07,9.971796323434094e-07,1.2530321668079448e-07,4.924442952987028e-07,1.185402706748546e-06,4.6993908416498535e-08,9.384827345204176e-07,5.224094266819106e-08,8.952589978122789e-07,6.752424444257127e-12,1.4311767723118752e-12,1.3610643121480628e-12,1.4210115433690067e-12,3.6796652310194025e-12
tabb_c1_sim,27,0.0,ok,10,4,1.2722733140093233e-06,8.533840127477502e-08,1.6785133045889222e-06,7.109241012944799e-08,2.2444212388119215e-06,1.1327449618177434e-07,8.38282303481501e-07,2.5998701502397804e-06,1.4331143142288044e-07,1.4076263567888562e-06,1.6812610318560224e-07,1.0896059636167334e-06,2.246160008322648e-06,1.0426574750712776e-07,2.029649445987906e-06,1.250271682030188e-07,6.712067398319777e-07,1.867941098691095e-06,3.6775286766455195e-08,1.6518012705326947e-06,4.818317174118387e-08,1.083101673740935e-06,8.196110216560229e-11,1.7174821328633453e-11,1.6182727836897477e-11,1.716196929517179e-11,4.5995314282419287e-11
tabb_c2_sep,27,0.0,ok,10,4,2.710745366569052e-07,1.073078133866061e-07,6.790562151311396e-07,9.975720259683454e-08,1.5307705207109457e-06,1.7784975640992197e-07,8.011313906730626e-07,1.1302714429901309e-06,2.3032035963367675e-07,5.570495531262715e-07,2.3936458780263657e-07,1.1854863311954933e-06,9.013708206477934e-07,9.5500088262384e-08,3.0409565237581135e-07,1.17974652477486e-07,4.997148538836361e-07,6.840853946628409e-07,7.309443564383212e-08,2.2305181703435992e-07,7.177809679789568e-08,9.550671095090177e-07,4.972022237939021e-10,1.1392684744531525e-10,1.011240911777487e-10,1.1391646840607184e-10,2.4531167250510573e-10
tabb_c2_sim,27,0.0,ok,10,4,9.310017681540561e-07,4.6968283961434397e-08,9.685979016765968e-07,3.7971497917341763e-08,1.5657078319161157e-06,6.621763081202342e-08,7.602777960586683e-07,1.7419783746226574e-06,3.824860556069498e-08,1.378169208637326e-06,6.149265408656492e-08,8.416678586578747e-07,1.0601611240570092e-06,4.7084591536998116e-08,9.317937585443826e-07,6.50043000970741e-08,8.809269624816484e-07,1.071203366609402e-06,6.646647745897109e-08,1.4129251704930222e-06,6.12898579343822e-08,9.097532317939173e-07,1.0487414173190979e-09,8.631711270286737e-11,1.1189349414934145e-09,8.632372771635707e-11,1.1262481750022366e-09
tabb_c2_sim_joint,27,0.0,ok,10,4,1.659459710037769e-06,1.206221108159477e-07,8.812621740867753e-07,1.0935560271597443e-07,1.2817232299396175e-06,7.526055379563277e-08,9.431307271985141e-07,1.918284315919132e-06,1.4781906231762708e-07,2.2170797216700267e-06,1.630278412324395e-07,9.57920238183556e-07,7.994412183592749e-07,1.4600675081151822e-07,2.134076439152365e-06,1.6112492536676386e-07,6.507360009693286e-07,8.062744206513755e-07,1.435102806220496e-07,2.285563744387192e-06,1.5824935293687102e-07,1.4889299782830102e-06,1.0487414173190979e-09,8.631711270286737e-11,1.1189349414934145e-09,8.632372771635707e-11,1.1262481750022366e-09
tabb_rp1,27,0.0,ok,10,4,6.373812905787162e-07,5.4045058942106e-08,8.950576256606601e-07,3.822353562285905e-08,1.2608451907880222e-06,6.15401576755879e-08,7.29702934709755e-07,1.044742784664371e-06,5.6487934467619787e-08,8.361272374518465e-07,5.876808803868659e-08,7.755137754762458e-07,1.1238359212551612e-06,4.592849757316373e-08,7.50415233758949e-07,7.489630968232786e-08,7.582781156998164e-07,1.362087127246958e-06,4.4219407087452765e-08,9.442367682548788e-07,7.625752951296079e-08,9.76290364938488e-07,4.956466947615027e-08,6.258303363199937e-09,1.8745922849190588e-08,6.258308534448761e-09,1.775664162236313e-08
tabb_rp1_joint,27,0.0,ok,10,4,3.367602236725637e-07,5.308641960859657e-08,3.560359922717388e-07,2.9695648386904676e-08,5.477692394259476e-07,4.958007312114297e-08,6.892296569627708e-07,5.745233593948632e-07,3.2092737169265016e-08,3.9613678216320533e-07,6.45246328401151e-08,8.616686418723336e-07,5.291150588448003e-07,9.022413420960157e-09,4.557219594355678e-07,4.6731456738505894e-08,4.5677267095033505e-07,2.7094088137114144e-07,7.14091395941936e-08,4.764362302422912e-07,9.48312803213165e-08,9.740229260716377e-07,4.956466947615027e-08,6.258303363199937e-09,1.8745922849190588e-08,6.258308534448761e-09,1.775664162236313e-08
shah,27,0.0,ok,10,4,7.068492705457837e-07,5.3124399764532664e-08,7.526493668135652e-07,2.7497080699096066e-08,4.2303839455527007e-07,1.833158266722832e-08,6.692624867921886e-07,1.2849946273750438e-06,3.666254442852951e-08,9.424658382641468e-07,7.083232053443221e-08,9.20148101630151e-07,1.0163575507246495e-06,3.666279254690527e-08,9.424652620373567e-07,7.083252700837148e-08,3.996080400863766e-07,7.092442667090806e-07,3.666268322889389e-08,9.424655508793324e-07,7.083244078243159e-08,8.861658932013119e-07,1.0224454869641665e-12,3.02592055598925e-13,4.310022987914442e-13,3.107328953911441e-13,7.300885677522861e-13
tabb_c1_sep,27,1.0,ok,10,4,0.6147602152366289,0.33186953530101,1.8105848290087478,0.20958349659859882,1.989614167921535,0.31403418757710616,2.342909843110746,1.9253207686874096,0.13207851499128637,0.7015149262151588,0.21914065649538927,1.8240396587466987,2.5007389825239303,0.1998153640527337,0.7577451696657002,0.3786690669284793,2.0283214724232024,1.634831160373713,0.15302304901941519,0.3949341875893069,0.27909547676145635,1.722944611534524,1.181448404449939,0.35341705833096004,0.60484657747635,0.4505729410187149,3.398111140794429
tabb_c1_sim,27,1.0,ok,10,4,0.6047012223370163,0.32921812873062173,1.7643505253078198,0.20528147164579835,1.9407001911358408,0.30734605994759917,2.340718939231495,1.8799095569360245,0.1283347793354742,0.6912527594463125,0.21729032115698524,1.822294260378834,2.396753275177388,0.19207685116935586,0.7336039619924251,0.37429749413472363,2.021739133932388,1.608027410430606,0.14979962116216927,0.3898651358492434,0.27697878273364496,1.7225086340803133,1.1727118586872607,0.3509146349161941,0.6040830320600844,0.44830591689713295,3.3971516183920185
tabb_c2_sep,27,1.0,ok,10,4,0.5705984290854287,0.3318693086817096,1.8530278304649188,0.2095832499236859,2.0784218353054498,0.31403423653618695,2.345031792255301,1.8572589992567865,0.13207741979788193,0.63929224633927,0.21913995492722027,1.819079870297215,2.5640111783694683,0.1998153111763198,0.8012832054882044,0.37866884262641143,2.047878655460538,1.867207653076452,0.15302315678509118,0.4042191241312719,0.2790954472192552,1.7266170866825499,1.1236334911569683,0.3534171119354508,0.43759914038296804,0.4505729899539517,3.393026864131333
tabb_c2_sim,27,1.0,ok,10,4,0.5578363247922173,0.32901556697796286,1.8022173766572271,0.20512968033565798,2.0196714319994413,0.30782207764566083,2.342756395988717,1.8166512885265211,0.12864092404290953,0.6294575548934833,0.21734911820388206,1.8174872845842367,2.463518634880583,0.19189242558196004,0.7746959860552172,0.3742346925907229,2.0410893426092858,1.8133795068770682,0.1489724946677666,0.3905730599466197,0.27609016803486836,1.725745120405167,1.1153200763447364,0.35101287704999573,0.436618698273549,0.44838828908237804,3.392127381016717
tabb_c2_sim_joint,27,1.0,ok,10,4,0.3097264480119901,0.28562193997440566,0.6666870510331814,0.11879946913605596,0.7992336700628994,0.19845921179402082,2.3078699892920866,0.5878152898204256,0.043848804870819644,0.30543679493085735,0.18289131474038794,1.7772189956839124,0.13126820382652604,0.027195140163859596,0.24754982406270234,0.2982059668005601,1.9265580693109245,0.8323446341410374,0.05314105445954889,0.2493004747808518,0.21300218927429665,1.7112551030778904,1.1153200763447364,0.35101287704999573,0.436618698273549,0.44838828908237804,3.392127381016717
tabb_rp1,27,1.0,ok,10,4,0.3829899231651811,0.24052474852591332,0.6852272469584016,0.07651827248994883,0.877970897330068,0.0955854775925789,2.2978868683470295,1.2908854860070476,0.08268192959068232,0.5862768086361022,0.20259595337008157,1.8189160301301939,0.7934177119866854,0.07445145810107351,0.41366221015781107,0.2969466436159315,1.9369667702848075,0.30652127342720503,0.020834669978863473,0.29267399808932243,0.18812147007788332,1.7127855010510655,0.3500845164126689,0.12810503228917602,0.23934667577748858,0.2744349270397569,3.3357467338549527
tabb_rp1_joint,27,1.0,ok,10,4,0.32236168183585123,0.23992413354621003,0.6876151000363027,0.07717287676285031,0.7786213959789862,0.09146956449357148,2.2927869585620493,0.9356722652834154,0.07189599402348892,0.5160233648156676,0.1920451334022173,1.811704781211024,1.020363943539109,0.0835855357847499,0.31074142876947985,0.29316649124454774,1.9208035799834537,0.4443396749100177,0.025104944953986418,0.2233352579807691,0.20004998249831812,1.7112922806594801,0.3500845164126689,0.12810503228917602,0.23934667577748858,0.2744349270397569,3.3357467338549527
shah,27,1.0,ok,10,4,0.544844712291922,0.33186932270799263,1.802323343522057,0.2095832363286873,1.9489400758581379,0.3140340404348824,2.342833980685651,1.9253050512427303,0.13207758044142937,0.7015116158558403,0.21914005571204012,1.8240389340859062,2.5007327822665406,0.19981489509933478,0.7577432786613331,0.3786687223821179,2.0283209736981385,1.6348310390286898,0.1530233407649816,0.39493444011511314,0.27909553362135797,1.7229447552044497,1.148424501550266,0.35341712900900346,0.32518951453540107,0.45057297911645444,3.397902530875475
tabb_c1_sep,27,3.0,ok,10,4,1.8836000355311047,0.9957507708743203,5.449681123780918,0.6289202574723047,6.0061436997060325,0.9433501334143316,7.028598194327513,5.780168669379513,0.39632639529304486,2.116749696924359,0.6572394311816592,5.471941006697773,7.5295020727057995,0.6017828219037107,2.2911707817131086,1.1362003897287032,6.091750894865022,4.878680369443133,0.4549120849478892,1.1631885957659678,0.835430215201529,5.166812007942523,3.6103733835952254,1.062659727744574,1.9632910677209825,1.35413304738539,10.191038054973959
tabb_c1_sim,27,3.0,ok,10,4,1.8539400649049087,0.9877865378675933,5.311973054578184,0.6160469673303421,5.861006422063948,0.9232820693980065,7.021972013724346,5.644840225389444,0.38520420099237734,2.08621667843545,0.6517258809075949,5.466794326828239,7.2168907958930335,0.5784983858202839,2.2188323195489366,1.1229392819010473,6.0717148211329315,4.801808466245739,0.44542410121119447,1.1494648800064626,0.8292349925374082,5.165548277486328,3.5843527307845195,1.0550611812975126,1.961246381628785,1.3472459961243228,10.188126116124744
tabb_c2_sep,27,3.0,ok,10,4,1.7081999220414539,0.9957508836280504,5.5544704157205835,0.6289203367064817,6.230158761839767,0.943350288341623,7.0333464274646476,5.580108182244633,0.39632627400796444,1.9164420507779174,0.6572393217688013,5.458002186165716,7.712863779085399,0.601782646943584,2.4111856160466796,1.1362004834782518,6.150849522929077,5.547505554858356,0.4549123125207405,1.1952149230688058,0.8354303296163206,5.176922817630788,3.3774041466939497,1.062660113353638,1.309957098272413,1.3541333996488283,10.170967520216845
tabb_c2_sim,27,3.0,ok,10,4,1.6701058718133737,0.9871852797316661,5.402601766078345,0.6155963610546786,6.055617913396637,0.9247446686010793,7.026444224867917,5.458571077139868,0.3860736657161959,1.8870688846067807,0.6518872812064377,5.453249454143416,7.41050751855673,0.5779286790473213,2.3311043478265967,1.122733029951028,6.130103526367954,5.389039923818302,0.4429902709925044,1.1551823373166468,0.8265931503458218,5.1744208684913815,3.35228854479848,1.0553928284626932,1.3070679175034705,1.3475276574233768,10.168232078554043
tabb_c2_sim_joint,27,3.0,ok,10,4,0.9305448316917811,0.8571144926946864,2.0074283827108976,0.3578037626321975,2.402059091053024,0.5974357394963358,6.9212254810676335,1.7903542364970164,0.13378547240160016,0.9195563605040189,0.5485252579911007,5.332697400254588,0.3905487361653461,0.08309047409484864,0.7433289531339999,0.8933075634390558,5.782876252026718,2.4965220133827475,0.15894627556964783,0.7522260956256352,0.6390974919252127,5.132366484074131,3.35228854479848,1.0553928284626932,1.3070679175034705,1.3475276574233768,10.168232078554043
tabb_rp1,27,3.0,ok,10,4,1.14972280074244,0.7209679936648234,2.0508454695192615,0.22921879974186754,2.63714524656841,0.2865569010075298,6.8897683410847925,3.870682190788832,0.24799203718235324,1.7538039318990806,0.6072107903873086,5.456564796636078,2.3842811508757715,0.22322438419710477,1.2460042377922786,0.88917828172697,5.813543073757094,0.9077243420538793,0.06253163313544675,0.8747606074255665,0.5651534424135393,5.136748092899119,1.0406941943585633,0.38312714445256535,0.7243224258528345,0.8223294601314759,9.99590254829634
tabb_rp1_joint,27,3.0,ok,10,4,0.9678548211744845,0.7191802830411319,2.058713276427349,0.23113498027204682,2.338827953531908,0.2743519779263837,6.87440668743608,2.8023992227689347,0.21582798111315357,1.5385959454429146,0.5757792119418396,5.434373363942282,3.064184152362215,0.25075756201615385,0.9359281519976006,0.8777305172113953,5.76532358153238,1.3275755362196835,0.07482723350631452,0.6725727614045885,0.6008819428798169,5.132293016140795,1.0406941943585633,0.38312714445256535,0.7243224258528345,0.8223294601314759,9.99590254829634
shah,27,3.0,ok,10,4,1.784940840208883,0.9957475387741085,5.486775250154077,0.628916924121274,5.977749231765711,0.943346225006977,7.036825650356285,5.780125656989157,0.3963235429722798,2.1167369214037763,0.6572371472606546,5.471939026693659,7.529354265030133,0.601772475696867,2.2911358621205773,1.1361937288150439,6.091742244400041,4.878657148431595,0.45491562506456523,1.163195405178016,0.8354303400233392,5.166813968742411,3.7589639301654207,1.0626560527513838,1.568695172133163,1.354128938997396,10.213728705149537
tabb_c1_sep,27,5.0,ok,10,4,3.2035174687566217,1.6598697752495966,9.114381860394262,1.048534607925378,10.07808318963311,1.5744495891323158,11.71514486987325,9.64057934411397,0.6607426461175034,3.5478763296708413,1.0951252516116332,9.119876397361713,12.594897182040295,1.0069262135681223,3.846795281396491,1.8940376385043625,10.164304401373835,8.089606904568733,0.751274056760784,1.905618295035791,1.3892898597639143,8.608282661985571,6.132444010854053,1.775195515255102,3.513779968923365,2.261026351118476,16.98207046955364
tabb_c1_sim,27,5.0,ok,10,4,3.1549028145978437,1.646575250712341,8.886496805179512,1.0271286336617074,9.83864700362359,1.5409876082369347,11.704010019681935,9.41653907372362,0.6423813484979314,3.4974251701959584,1.0859945048774,9.111445571788357,12.072640118195814,0.9679907661783632,3.7263695664545526,1.8716845207732593,10.130433928343473,7.967414095454557,0.7357748066776036,1.8850709705305861,1.379227679655834,8.606246654651379,6.089393933344055,1.762367613292931,3.510745551210277,2.249394297542871,16.977154905883623
tabb_c2_sep,27,5.0,ok,10,4,2.8409483630837054,1.659869707494972,9.25001997429796,1.0485343990979081,10.376283178901934,1.5744495597597163,11.720066508603976,9.314369622879113,0.6607421683421549,3.1917786751530457,1.0951249230732714,9.098203908632103,12.889979096063492,1.0069257981175723,4.0307825470453995,1.8940376760541322,10.263684233809812,9.155679025616564,0.7512737595868372,1.9629029122305803,1.389289553687703,8.623629735135502,5.640052152632668,1.7751958703450679,2.1783293179057974,2.26102667716478,16.939666987319566
tabb_c2_sim,27,5.0,ok,10,4,2.7777781640406416,1.6455853717751636,8.99782720184992,1.0263863548647867,10.088220414336888,1.5434851907850196,11.708436564961485,9.112288269833034,0.6437481024450677,3.143045706438034,1.086238505771773,9.090324300220802,12.384554952920361,0.967021159422437,3.896784843330386,1.8713168262164124,10.22848462863475,8.896562317156754,0.7317833184486235,1.8976774562510546,1.374854968590204,8.619642819033812,5.597903267489534,1.762992839143018,2.173604650143092,2.2499311865222653,16.935046831165984
tabb_c2_sim_joint,27,5.0,ok,10,4,1.5531421384565092,1.4289733360748795,3.358542275133435,0.5987087976306501,4.010672564391396,0.9991936954812343,11.532153424787122,3.0285720151630207,0.22669908305600683,1.5379673076172238,0.9139985819525276,8.889816757013078,0.6477577702606905,0.14101134894544112,1.2400837811776966,1.4866734366011702,9.643825818761671,4.159936047620494,0.26413191937813446,1.2609128148880242,1.0652901392235552,8.551854821127845,5.597903267489534,1.762992839143018,2.173604650143092,2.2499311865222653,16.935046831165984
tabb_rp1,27,5.0,ok,10,4,1.9178197810821582,1.2006365818856202,3.410241614016531,0.3814881063330817,4.400803319251424,0.47728984425148785,11.477257013300108,6.4477919555513665,0.41322482991549286,2.9146182943939425,1.0110808408290202,9.094216699336506,3.98035803771805,0.37180549378882893,2.085246614544189,1.4791972691729924,9.694001285191174,1.4936258107351217,0.10427269889210364,1.45286929446035,0.9432244502025479,8.558815734894868,1.7191906520615872,0.6366494027359013,1.218544920930151,1.36904376733792,16.64265450947423
tabb_rp1_joint,27,5.0,ok,10,4,1.6147058411146218,1.1976822026804008,3.4245986139444504,0.38460827099364475,3.90328727954175,0.4571840220551562,11.451552123226044,4.662994400164616,0.35995469292059457,2.548443902882654,0.9590614492290737,9.05630547947384,5.112191377912073,0.4179219011638842,1.5662600831112903,1.4599299810822806,9.614091793616126,2.2040180256395248,0.12390708715419897,1.125574457534391,1.002693613072329,8.551421229743266,1.7191906520615872,0.6366494027359013,1.218544920930151,1.36904376733792,16.64265450947423
shah,27,5.0,ok,10,4,3.2800273167857763,1.6598547362621912,9.331417790600048,1.0485191152430167,10.289593836881513,1.5744312294047944,11.750524991515421,9.640373860980093,0.6607293294088389,3.5478174932228583,1.0951146795482156,9.119866736797007,12.594209197288958,1.0068784369841979,3.8466354851985525,1.8940066160522702,10.164264669336445,8.08950406262162,0.7512897405622629,1.9056563653103538,1.3892899652043804,8.60829152196455,7.001584041509517,1.7751789540167668,3.8199999234113404,2.2610076842438986,17.07959079757269
tabb_c1_sep,28,0.0,ok,10,4,7.406512012838077e-07,6.319287924436583e-08,9.481727608082912e-07,5.158444703885254e-08,1.115514907092421e-06,8.904660782938958e-08,6.914243661797068e-07,1.1545407780226353e-06,5.7250536212473905e-08,1.0269410772070912e-06,7.522593661693438e-08,9.318157325557534e-07,1.452740806037539e-06,1.0209191234966541e-07,9.971796323434094e-07,1.2530321668079448e-07,4.924442952987028e-07,1.185402706748546e-06,4.6993908416498535e-08,9.384827345204176e-07,5.224094266819106e-08,8.952589978122789e-07,6.752424444257127e-12,1.4311767723118752e-12,1.3610643121480628e-12,1.4210115433690067e-12,3.6796652310194025e-12
tabb_c1_sim,28,0.0,ok,10,4,1.2722733140093233e-06,8.533840127477502e-08,1.6785133045889222e-06,7.109241012944799e-08,2.2444212388119215e-06,1.1327449618177434e-07,8.38282303481501e-07,2.5998701502397804e-06,1.4331143142288044e-07,1.4076263567888562e-06,1.6812610318560224e-07,1.0896059636167334e-06,2.246160008322648e-06,1.0426574750712776e-07,2.029649445987906e-06,1.250271682030188e-07,6.712067398319777e-07,1.867941098691095e-06,3.6775286766455195e-08,1.6518012705326947e-06,4.818317174118387e-08,1.083101673740935e-06,8.196110216560229e-11,1.7174821328633453e-11,1.6182727836897477e-11,1.716196929517179e-11,4.5995314282419287e-11
tabb_c2_sep,28,0.0,ok,10,4,2.710745366569052e-07,1.073078133866061e-07,6.790562151311396e-07,9.975720259683454e-08,1.5307705207109457e-06,1.7784975640992197e-07,8.011313906730626e-07,1.1302714429901309e-06,2.3032035963367675e-07,5.570495531262715e-07,2.3936458780263657e-07,1.1854863311954933e-06,9.013708206477934e-07,9.5500088262384e-08,3.0409565237581135e-07,1.17974652477486e-07,4.997148538836361e-07,6.840853946628409e-07,7.309443564383212e-08,2.2305181703435992e-07,7.177809679789568e-08,9.550671095090177e-07,4.972022237939021e-10,1.1392684744531525e-10,1.011240911777487e-10,1.1391646840607184e-10,2.4531167250510573e-10
tabb_c2_sim,28,0.0,ok,10,4,9.310017681540561e-07,4.6968283961434397e-08,9.685979016765968e-07,3.7971497917341763e-08,1.5657078319161157e-06,6.621763081202342e-08,7.602777960586683e-07,1.7419783746226574e-06,3.824860556069498e-08,1.378169208637326e-06,6.149265408656492e-08,8.416678586578747e-07,1.0601611240570092e-06,4.7084591536998116e-08,9.317937585443826e-07,6.50043000970741e-08,8.809269624816484e-07,1.071203366609402e-06,6.646647745897109e-08,1.4129251704930222e-06,6.12898579343822e-08,9.097532317939173e-07,1.0487414173190979e-09,8.631711270286737e-11,1.1189349414934145e-09,8.632372771635707e-11,1.1262481750022366e-09
tabb_c2_sim_joint,28,0.0,ok,10,4,1.659459710037769e-06,1.206221108159477e-07,8.812621740867753e-07,1.0935560271597443e-07,1.2817232299396175e-06,7.526055379563277e-08,9.431307271985141e-07,1.918284315919132e-06,1.4781906231762708e-07,2.2170797216700267e-06,1.630278412324395e-07,9.57920238183556e-07,7.994412183592749e-07,1.4600675081151822e-07,2.134076439152365e-06,1.6112492536676386e-07,6.507360009693286e-07,8.062744206513755e-07,1.435102806220496e-07,2.285563744387192e-06,1.5824935293687102e-07,1.4889299782830102e-06,1.0487414173190979e-09,8.631711270286737e-11,1.1189349414934145e-09,8.632372771635707e-11,1.1262481750022366e-09
tabb_rp1,28,0.0,ok,10,4,6.373812905787162e-07,5.4045058942106e-08,8.950576256606601e-07,3.822353562285905e-08,1.2608451907880222e-06,6.15401576755879e-08,7.29702934709755e-07,1.044742784664371e-06,5.6487934467619787e-08,8.361272374518465e-07,5.876808803868659e-08,7.755137754762458e-07,1.1238359212551612e-06,4.592849757316373e-08,7.50415233758949e-07,7.489630968232786e-08,7.582781156998164e-07,1.362087127246958e-06,4.4219407087452765e-08,9.442367682548788e-07,7.625752951296079e-08,9.76290364938488e-07,4.956466947615027e-08,6.258303363199937e-09,1.8745922849190588e-08,6.258308534448761e-09,1.775664162236313e-08
tabb_rp1_joint,28,0.0,ok,10,4,3.367602236725637e-07,5.308641960859657e-08,3.560359922717388e-07,2.9695648386904676e-08,5.477692394259476e-07,4.958007312114297e-08,6.892296569627708e-07,5.745233593948632e-07,3.2092737169265016e-08,3.9613678216320533e-07,6.45246328401151e-08,8.616686418723336e-07,5.291150588448003e-07,9.022413420960157e-09,4.557219594355678e-07,4.6731456738505894e-08,4.5677267095033505e-07,2.7094088137114144e-07,7.14091395941936e-08,4.764362302422912e-07,9.48312803213165e-08,9.740229260716377e-07,4.956466947615027e-08,6.258303363199937e-09,1.8745922849190588e-08,6.258308534448761e-09,1.775664162236313e-08
shah,28,0.0,ok,10,4,7.068492705457837e-07,5.3124399764532664e-08,7.526493668135652e-07,2.7497080699096066e-08,4.2303839455527007e-07,1.833158266722832e-08,6.692624867921886e-07,1.2849946273750438e-06,3.666254442852951e-08,9.424658382641468e-07,7.083232053443221e-08,9.20148101630151e-07,1.0163575507246495e-06,3.666279254690527e-08,9.424652620373567e-07,7.083252700837148e-08,3.996080400863766e-07,7.092442667090806e-07,3.666268322889389e-08,9.424655508793324e-07,7.083244078243159e-08,8.861658932013119e-07,1.0224454869641665e-12,3.02592055598925e-13,4.310022987914442e-13,3.107328953911441e-13,7.300885677522861e-13
tabb_c1_sep,28,1.0,ok,10,4,0.665357455120644,0.26635678367600735,2.094101991267354,0.20410630359039675,2.299092732579305,0.2650824080489234,2.4259368601358737,2.025680858758229,0.16250324470269986,0.640820172497101,0.2330083102977883,1.8199364078461915,1.1812475779705833,0.12216690251908718,0.43578858279700383,0.13453229335197545,1.96431597726277,4.34591635225687,0.303330797836055,1.2252544972817911,0.34714657190356424,1.9001582142708675,0.8235631760837338,0.22842426930374493,0.35956656790667996,0.35073995915070144,3.5720262556521987
tabb_c1_sim,28,1.0,ok,10,4,0.6537179000459201,0.26212234208116414,2.0401647893503494,0.19914925826383967,2.227259313311094,0.25727758847654086,2.4243631994533,1.952090255992916,0.15698712265527887,0.626134893932994,0.22847293124542126,1.8180325762089702,1.1779586979500305,0.1207342521207657,0.4346110316187272,0.1339440216382567,1.9635581620887612,4.221373841225595,0.294640586908686,1.1959286719870392,0.3389206481994023,1.8949789843570057,0.8092363622328561,0.22423507137062804,0.35819700264492055,0.34715176724157637,3.571890148959881
tabb_c2_sep,28,1.0,ok,10,4,0.661817548119328,0.2663566983162341,2.0742300531669655,0.2041061735403482,2.2309249519205925,0.26508470347700025,2.4217647993271516,2.0699548864547657,0.16250329517689027,0.6118405321695799,0.2330082288883288,1.8243100867479105,1.28096144360508,0.12216596004528481,0.47545889609339353,0.1345316912440935,1.9593920983642534,4.163492065317967,0.303330944050013,1.251577302755108,0.347146724643924,1.8773701860743293,0.7825118172900487,0.2284244948892048,0.30839346145923097,0.3507401484885899,3.5732247997764026
tabb_c2_sim,28,1.0,ok,10,4,0.6495542028196398,0.2625857285650786,2.024408463445581,0.19966813297456223,2.16985341879773,0.25827034789437137,2.420368263571588,2.0113263011061817,0.15727919978305024,0.5970875311346706,0.2285162070895137,1.8218421077030176,1.2666745625978761,0.12024798721481057,0.4720821090663114,0.13376185092265364,1.958806973095175,4.04468682380758,0.29492857826748975,1.2213198769302023,0.3391938678386883,1.87332697527428,0.774946166270685,0.22621676663289833,0.3077272941473751,0.34887098840945874,3.573141859160064
tabb_c2_sim_joint,28,1.0,ok,10,4,0.4239827607038811,0.22499378713095516,1.1080861743121582,0.14162830421565345,0.8101032332403352,0.12510459488000025,2.4123443091238426,0.5456069304321591,0.06355695468398412,0.3751486695289005,0.19013458605039185,1.8280190256099094,1.6219910542539064,0.14330669746737532,0.44163813532958396,0.1781952673189201,1.9692283243474944,1.4898005462918815,0.133432798078356,0.5714169438096647,0.1827743067450499,1.8140462414069467,0.774946166270685,0.22621676663289833,0.3077272941473751,0.34887098840945874,3.573141859160064
tabb_rp1,28,1.0,ok,10,4,0.44858949308371243,0.1730879899952219,0.7752284802790068,0.056726644707722984,1.007165590325969,0.07889345710067265,2.411382800246046,1.02934257141317,0.08048596113822964,0.38004500831754906,0.18237836254993292,1.7878265669036655,0.769453118020765,0.052768933017182496,0.3796838482663083,0.12047299234752401,1.9482635734129863,0.3675450457681829,0.026485147137490356,0.40208325430577274,0.12579946022684635,1.7961127508416996,0.9345731859139095,0.06716653753798942,0.6325458614452197,0.2637011448565843,3.6112314019928475
tabb_rp1_joint,28,1.0,ok,10,4,0.4012825568952219,0.17121569932268557,0.6477272008820729,0.04673526232910885,0.8591031731274424,0.06078658600335568,2.4108192319300192,0.7518533916421045,0.05931879362574055,0.2573679145212703,0.17533986281275277,1.7868457954820616,0.5373464983342466,0.0406109321973698,0.26616842386557826,0.11942183767584977,1.9461092526822814,0.36713572763803104,0.019844785955335637,0.44904802774881947,0.12639995194555545,1.7963980954197898,0.9345731859139095,0.06716653753798942,0.6325458614452197,0.2637011448565843,3.6112314019928475
shah,28,1.0,ok,10,4,0.7686120555603637,0.26635661650735926,2.1281086578199595,0.20410599750485112,2.594196268219768,0.26508413296495975,2.4375375167318794,2.0256829133415466,0.16250318284692095,0.6408198838609233,0.23300820004394196,1.8199361942161005,1.181216412119664,0.12216553412789342,0.43577819844732985,0.13453153449131422,1.9643158160444443,4.345918176382966,0.303330891060248,1.2252550666342032,0.34714665730159644,1.9001582182217247,0.9596171294356615,0.22842438198434198,0.7725950732989983,0.3507400741925843,3.6034776191126783
tabb_c1_sep,28,3.0,ok,10,4,2.0070023007416395,0.7960109367696868,6.284356911868557,0.6097025296874744,6.847770878936373,0.7947068381064177,7.280587139296417,6.085754246794411,0.48667189499311775,1.8751162625955502,0.6968806027496414,5.4666381489665214,3.5390649211037206,0.37119789844668477,1.3169778636125589,0.40562154465905953,5.893886971264666,13.00711192837025,0.9069031437094905,3.6663890094240923,1.038168847115058,5.701354101718758,2.5054965512058494,0.6740371816006047,1.1695260673343573,1.0433727525549885,10.719156753056122
tabb_c1_sim,28,3.0,ok,10,4,1.9721990162075955,0.7833646259781153,6.123497759534709,0.5948844443228886,6.633533533262773,0.7712526243425479,7.27586375043243,5.863899477685431,0.4700614710417596,1.8305047512969628,0.683233753874751,5.460714105459982,3.5294953184622977,0.36670592070316255,1.3133773905635637,0.403666185055358,5.891522476727448,12.63622363564717,0.8810443545236175,3.5793191097054895,1.0136963312681253,5.685998874052469,2.4643726063439404,0.6617260310230145,1.1655948132643663,1.0328622337142268,10.71880377786376
tabb_c2_sep,28,3.0,ok,10,4,1.982630519196496,0.7960109844070271,6.204732226829834,0.6097026155471712,6.680249201258785,0.7947022689377562,7.267318803061442,6.200940190685546,0.486671234779791,1.8328780909793487,0.6968800765395171,5.475102137292856,3.85287713845325,0.37119901086846235,1.4281990793103887,0.40562238403114215,5.8802681524765825,12.449392379830654,0.9069031122209547,3.7472723310829243,1.0381687938380526,5.631848835864904,2.3157191983498846,0.6740371043194769,0.9221725754133215,1.0433726832193964,10.72304397419266
tabb_c2_sim,28,3.0,ok,10,4,1.9460115518976229,0.7847450945920942,6.0562182738548715,0.5964261591976551,6.497771596126559,0.7742098417456219,7.263145735677075,6.025769382174734,0.47105132584637294,1.7887969209558805,0.6834522020912338,5.467697326438325,3.809534749320479,0.3651909522386507,1.4177542026913175,0.4031031229094761,5.878358551239416,12.096132075501163,0.8819366734529164,3.657246507380977,1.0145468993778501,5.619938085929986,2.2934368884231087,0.6675256852526803,0.920248576562317,1.0378781539898163,10.722808704373104
tabb_c2_sim_joint,28,3.0,ok,10,4,1.265227741034507,0.6708785637081152,3.3011353694353645,0.420342428775562,2.4125406655865294,0.37059431740187637,7.238172105789074,1.6128247471527446,0.18794567019883923,1.1177574762148519,0.5679359360413903,5.483885439183534,4.847485099931209,0.4274997231453461,1.3180344698122557,0.5319558349014851,5.906294002403776,4.450794742234394,0.3983986365053823,1.7048704415486036,0.5457443298997691,5.44321659210733,2.2934368884231087,0.6675256852526803,0.920248576562317,1.0378781539898163,10.722808704373104
tabb_rp1,28,3.0,ok,10,4,1.3489249135500154,0.5192336394534989,2.3283929941822508,0.17045774133424382,3.0295220196034456,0.23684153505940944,7.237310880842181,3.0821640642678427,0.24113725101856187,1.134138634339513,0.5459276248514436,5.3659040969029626,2.3126906714846807,0.1583412200878803,1.146048019268461,0.3613707453093081,5.845324679087934,1.0930702234033691,0.07958117901112793,1.1975054693056002,0.37741143444458414,5.390439392476516,2.8256470175731114,0.20277131521940514,1.918007531286488,0.7922247532086596,10.839607507596828
tabb_rp1_joint,28,3.0,ok,10,4,1.207475594498398,0.5136237203656229,1.946234253167706,0.14049030579522945,2.5832857469890667,0.1825529288167417,7.2355741118022765,2.253620527832727,0.1779494322354722,0.7674693260687968,0.5248392262859154,5.362925752845492,1.6118184646727354,0.12151423423182617,0.8038574698830926,0.3582243045825448,5.838682911781349,1.0938510025922508,0.059726241494214245,1.340568050755214,0.3792065973853716,5.391275286601745,2.8256470175731114,0.20277131521940514,1.918007531286488,0.7922247532086596,10.839607507596828
shah,28,3.0,ok,10,4,2.4524103089791853,0.7960100199486024,6.490661638076474,0.6097016243649611,8.024914454466995,0.7947015990621001,7.333054430240835,6.085733127395285,0.486667273151239,1.8751006884237045,0.6968759379464131,5.466634473996184,3.539100648276123,0.37119923695616897,1.3169998968570342,0.40562242973767526,5.893887319200951,13.007109245358734,0.9069032114361363,3.666387618727108,1.038168749147697,5.701354026891506,3.3307035312757525,0.6740367759163002,2.9511530319088948,1.0433729629626245,10.861275761337875
tabb_c1_sep,28,5.0,ok,10,4,3.3672355831683336,1.3218144838727548,10.48166110731788,1.012000003319798,11.344065772428175,1.3240603744160986,12.140375700243162,10.158169572589332,0.8095574052011532,3.0473172441683083,1.1577555388910776,9.123008169724844,5.899338112083486,0.6272731233047624,2.2157149663695304,0.6802307997724005,9.825216314408044,21.62723892970302,1.5064108325830041,6.094921509646835,1.7249247570723978,9.503986593955345,4.241897814895679,1.1047586521902721,2.110988612488661,1.724346839755143,17.873583124386656
tabb_c1_sim,28,5.0,ok,10,4,3.3093646853007517,1.3008246918367812,10.214970077882022,0.9873799132391383,10.989532612898365,1.2849122560286699,12.132487362486724,9.78680228030065,0.7817806332169683,2.9721241848664457,1.134954977530805,9.11277329881035,5.882902340951851,0.6193938709905265,2.209332871614836,0.6766016877173155,9.821091888491923,21.013707423305462,1.4636653968246742,5.951312598765426,1.6844794055054662,9.478690091311542,4.176468266970128,1.0846797519243843,2.1046890859562994,1.707262696593538,17.873078903164945
tabb_c2_sep,28,5.0,ok,10,4,3.2999670637347593,1.3218148132908891,10.312501681969339,1.0120005128222709,11.116780960866883,1.3240691031472207,12.116758307966437,10.31888722894513,0.8095576806355275,3.0499740392575845,1.1577557685800508,9.128923508376134,6.443236647736286,0.6272750223306767,2.3847536640719365,0.6802319861613979,9.804720317850666,20.680829217188855,1.506410792211902,6.233059551848438,1.7249247430553416,9.386312270425181,3.8070536340070804,1.1047585561109774,1.5320809997610778,1.724346755366766,17.87989610159143
tabb_c2_sim,28,5.0,ok,10,4,3.2391916019536433,1.3031029409121815,10.066494565671121,0.9899217774584682,10.813609833432196,1.2897985764867663,12.10982189225399,10.028033923757633,0.7836176778164282,2.9768126087355804,1.1354661086758677,9.116589666005732,6.36995923507552,0.6167823278839134,2.36672381003802,0.6756248654760963,9.801233208182877,20.097380591478604,1.4651954332305848,6.08423489211187,1.6859440397168295,9.366819056856874,3.7706045123727248,1.0940916709029467,1.5289950969291015,1.7153767497799324,17.879526455279784
tabb_c2_sim_joint,28,5.0,ok,10,4,2.097205479076268,1.1112758726627612,5.462735260787471,0.6929185906013754,3.9907373418064367,0.609838588240646,12.06658090074367,2.6466859774883487,0.3084707708967353,1.8495632233100734,0.9424033781720035,9.139666574074887,8.047284683246811,0.7083676963039778,2.185000056258347,0.8820983301199543,9.841783137903862,7.386365870041997,0.6607442243018419,2.8252635398075516,0.9052250325791547,9.07401960836141,3.7706045123727248,1.0940916709029467,1.5289950969291015,1.7153767497799324,17.879526455279784
tabb_rp1,28,5.0,ok,10,4,2.253741725310285,0.8653707068335216,3.8854187924547476,0.28452932062290065,5.062892053467864,0.39497440770478737,12.06859722329636,5.127445603545389,0.40136060745949925,1.880444773710729,0.9078987675251211,8.94749067428692,3.8618972862414136,0.2639512722640019,1.921810974637479,0.6022689468651137,9.743404169140684,1.8066053773675474,0.13274275727350787,1.9822343202278714,0.6290699511262511,8.98777082702358,4.745726902664641,0.3400626454945936,3.2304768326650612,1.3222451618176003,18.078512581068466
tabb_rp1_joint,28,5.0,ok,10,4,2.018590910690549,0.856036280844154,3.248871368399093,0.23462426150944277,4.31510085660249,0.3045348580050743,12.065630595060323,3.7524086797763765,0.2965463035405314,1.2715113025753835,0.8728028164679091,8.942477281776815,2.6863612784521567,0.20201380775355351,1.3488639058940837,0.5970285909147681,9.732032257109857,1.8109886127031964,0.09987428924909245,2.2235116016276657,0.6320685541763384,8.989148885931899,4.745726902664641,0.3400626454945936,3.2304768326650612,1.3222451618176003,18.078512581068466
shah,28,5.0,ok,10,4,4.324173850968144,1.3218090403318812,11.011517571255498,1.011994339742748,13.775328166214734,1.3240511160353252,12.261072567638402,10.158045633954385,0.8095348376458171,3.0472443172795316,1.157733199396528,9.122990573495272,5.899384166839719,0.6272759405853876,2.215721744645749,0.6802320028823687,9.825216706591101,21.627219890562067,1.5064106403326614,6.094913665462439,1.7249238300231935,9.50398592241848,6.361420593665822,1.1047559404071257,5.938815676484857,1.7243471290254337,18.200165199428568
tabb_c1_sep,29,0.0,ok,10,4,7.406512012838077e-07,6.319287924436583e-08,9.481727608082912e-07,5.158444703885254e-08,1.115514907092421e-06,8.904660782938958e-08,6.914243661797068e-07,1.1545407780226353e-06,5.7250536212473905e-08,1.0269410772070912e-06,7.522593661693438e-08,9.318157325557534e-07,1.452740806037539e-06,1.0209191234966541e-07,9.971796323434094e-07,1.2530321668079448e-07,4.924442952987028e-07,1.185402706748546e-06,4.6993908416498535e-08,9.384827345204176e-07,5.224094266819106e-08,8.952589978122789e-07,6.752424444257127e-12,1.4311767723118752e-12,1.3610643121480628e-12,1.4210115433690067e-12,3.6796652310194025e-12
tabb_c1_sim,29,0.0,ok,10,4,1.2722733140093233e-06,8.533840127477502e-08,1.6785133045889222e-06,7.109241012944799e-08,2.2444212388119215e-06,1.1327449618177434e-07,8.38282303481501e-07,2.5998701502397804e-06,1.4331143142288044e-07,1.4076263567888562e-06,1.6812610318560224e-07,1.0896059636167334e-06,2.246160008322648e-06,1.0426574750712776e-07,2.029649445987906e-06,1.250271682030188e-07,6.712067398319777e-07,1.867941098691095e-06,3.6775286766455195e-08,1.6518012705326947e-06,4.818317174118387e-08,1.083101673740935e-06,8.196110216560229e-11,1.7174821328633453e-11,1.6182727836897477e-11,1.716196929517179e-11,4.5995314282419287e-11
tabb_c2_sep,29,0.0,ok,10,4,2.710745366569052e-07,1.073078133866061e-07,6.790562151311396e-07,9.975720259683454e-08,1.5307705207109457e-06,1.7784975640992197e-07,8.011313906730626e-07,1.1302714429901309e-06,2.3032035963367675e-07,5.570495531262715e-07,2.3936458780263657e-07,1.1854863311954933e-06,9.013708206477934e-07,9.5500088262384e-08,3.0409565237581135e-07,1.17974652477486e-07,4.997148538836361e-07,6.840853946628409e-07,7.309443564383212e-08,2.2305181703435992e-07,7.177809679789568e-08,9.550671095090177e-07,4.972022237939021e-10,1.1392684744531525e-10,1.011240911777487e-10,1.1391646840607184e-10,2.4531167250510573e-10
tabb_c2_sim,29,0.0,ok,10,4,9.310017681540561e-07,4.6968283961434397e-08,9.685979016765968e-07,3.7971497917341763e-08,1.5657078319161157e-06,6.621763081202342e-08,7.602777960586683e-07,1.7419783746226574e-06,3.824860556069498e-08,1.378169208637326e-06,6.149265408656492e-08,8.416678586578747e-07,1.0601611240570092e-06,4.7084591536998116e-08,9.317937585443826e-07,6.50043000970741e-08,8.809269624816484e-07,1.071203366609402e-06,6.646647745897109e-08,1.4129251704930222e-06,6.12898579343822e-08,9.097532317939173e-07,1.0487414173190979e-09,8.631711270286737e-11,1.1189349414934145e-09,8.632372771635707e-11,1.1262481750022366e-09
tabb_c2_sim_joint,29,0.0,ok,10,4,1.659459710037769e-06,1.206221108159477e-07,8.812621740867753e-07,1.0935560271597443e-07,1.2817232299396175e-06,7.526055379563277e-08,9.431307271985141e-07,1.918284315919132e-06,1.4781906231762708e-07,2.2170797216700267e-06,1.630278412324395e-07,9.57920238183556e-07,7.994412183592749e-07,1.4600675081151822e-07,2.134076439152365e-06,1.6112492536676386e-07,6.507360009693286e-07,8.062744206513755e-07,1.435102806220496e-07,2.285563744387192e-06,1.5824935293687102e-07,1.4889299782830102e-06,1.0487414173190979e-09,8.631711270286737e-11,1.1189349414934145e-09,8.632372771635707e-11,1.1262481750022366e-09
tabb_rp1,29,0.0,ok,10,4,6.373812905787162e-07,5.4045058942106e-08,8.950576256606601e-07,3.822353562285905e-08,1.2608451907880222e-06,6.15401576755879e-08,7.29702934709755e-07,1.044742784664371e-06,5.6487934467619787e-08,8.361272374518465e-07,5.876808803868659e-08,7.755137754762458e-07,1.1238359212551612e-06,4.592849757316373e-08,7.50415233758949e-07,7.489630968232786e-08,7.582781156998164e-07,1.362087127246958e-06,4.4219407087452765e-08,9.442367682548788e-07,7.625752951296079e-08,9.76290364938488e-07,4.956466947615027e-08,6.258303363199937e-09,1.8745922849190588e-08,6.258308534448761e-09,1.775664162236313e-08
tabb_rp1_joint,29,0.0,ok,10,4,3.367602236725637e-07,5.308641960859657e-08,3.560359922717388e-07,2.9695648386904676e-08,5.477692394259476e-07,4.958007312114297e-08,6.892296569627708e-07,5.745233593948632e-07,3.2092737169265016e-08,3.9613678216320533e-07,6.45246328401151e-08,8.616686418723336e-07,5.291150588448003e-07,9.022413420960157e-09,4.557219594355678e-07,4.6731456738505894e-08,4.5677267095033505e-07,2.7094088137114144e-07,7.14091395941936e-08,4.764362302422912e-07,9.48312803213165e-08,9.740229260716377e-07,4.956466947615027e-08,6.258303363199937e-09,1.8745922849190588e-08,6.258308534448761e-09,1.775664162236313e-08
shah,29,0.0,ok,10,4,7.068492705457837e-07,5.3124399764532664e-08,7.526493668135652e-07,2.7497080699096066e-08,4.2303839455527007e-07,1.833158266722832e-08,6.692624867921886e-07,1.2849946273750438e-06,3.666254442852951e-08,9.424658382641468e-07,7.083232053443221e-08,9.20148101630151e-07,1.0163575507246495e-06,3.666279254690527e-08,9.424652620373567e-07,7.083252700837148e-08,3.996080400863766e-07,7.092442667090806e-07,3.666268322889389e-08,9.424655508793324e-07,7.083244078243159e-08,8.861658932013119e-07,1.0224454869641665e-12,3.02592055598925e-13,4.310022987914442e-13,3.107328953911441e-13,7.300885677522861e-13
tabb_c1_sep,29,1.0,ok,10,4,0.7092501354428175,0.32893847813835253,1.6228722789403147,0.28314637497530465,2.27162591343899,0.3364786982338995,2.4735565280965592,1.2880439668752013,0.21152313079241014,0.5999002575101546,0.3142508238860023,1.9301105482062841,0.8651472772806308,0.33088917650049887,1.0756545270413986,0.294892756222939,2.2005131440312438,2.6197819352092746,0.2279753328906569,0.8257827749903808,0.3137574137452239,1.9464071794957005,1.7185159363961529,0.3621978597176527,0.33566298222933577,0.3928529186992451,3.4810690681186687
tabb_c1_sim,29,1.0,ok,10,4,0.6889018954821358,0.3223179800691093,1.5837341384404315,0.27422631076940185,2.2194672028074107,0.3275363816319152,2.466065169335037,1.2360845378454453,0.2016706817959324,0.5759415143825148,0.3087009613675066,1.920536596850705,0.8390118259068222,0.31513513167506546,1.035456074616769,0.2820037880143237,2.1801389671183213,2.5596424217041505,0.22321032975156344,0.8104372806366348,0.3105309076742809,1.94283489953694,1.7001977683053073,0.35688909985504624,0.33377271229262434,0.388036263220326,3.479918892011772
tabb_c2_sep,29,1.0,ok,10,4,0.6879976226709461,0.328939178329821,1.5533071365669753,0.2831470505802578,2.192187031764519,0.3364797700418687,2.4652121558408315,1.3101276068489587,0.2115232263796105,0.6909429864578305,0.31425123921558984,1.9003447601102281,0.6903135367801221,0.3308894428053544,0.9249921413111686,0.29489298477100084,2.204047127615722,2.48665324014043,0.2279752482579541,0.7594091493863054,0.3137573694523943,1.9292085556288507,1.7261341624983904,0.36220028487811223,0.3766462135284797,0.39285511988029903,3.481106762809858
tabb_c2_sim,29,1.0,ok,10,4,0.6681053334215263,0.3230047702681792,1.5117420006349287,0.27502720500912703,2.1465597215002643,0.3292345275835003,2.4584099603069,1.246778366343967,0.20203760749813332,0.6651594820817888,0.30870348097219363,1.892035216766129,0.659181973842759,0.31772278819994343,0.8904985494135327,0.28392778363189763,2.1859184910556464,2.4285229700233475,0.22209363894957426,0.7414230835709901,0.31010730725537217,1.924803625936159,1.7124846923296415,0.35825478538885724,0.3753402186197939,0.3892805092132532,3.4802603670279417
tabb_c2_sim_joint,29,1.0,ok,10,4,0.6007842160963972,0.32768810191090386,1.738656745772514,0.2569925268437811,1.5256039067186025,0.2664331297329212,2.453331100099651,2.1950261501587205,0.19915690064391361,0.6567363198428964,0.35869256233081204,1.9222182467196516,1.3134192577135562,0.26140823371486904,0.6900285932534649,0.24229271130216007,2.1316372260492606,1.7336968828881376,0.20915018762748452,0.6810317326694338,0.3204866247973901,1.9298501167340014,1.7124846923296415,0.35825478538885724,0.3753402186197939,0.3892805092132532,3.4802603670279417
tabb_rp1,29,1.0,ok,10,4,0.42676294777326823,0.23557182288264145,0.8505276765221991,0.07843370041235365,1.051670690090679,0.10363352505387857,2.3982777658911725,0.46071262584610734,0.02465976591767563,0.21775639754283643,0.2740210678963086,1.802688745522905,0.9462949157346052,0.07537017723215596,0.607799193060304,0.15339303578793734,1.9969730951846592,1.1806698271308873,0.07768317057833124,0.40799991732730095,0.26459457487792964,1.8492587582017233,0.8144333373771963,0.13602168792125172,0.47349628316263154,0.2502786129683902,3.5141995900289564
tabb_rp1_joint,29,1.0,ok,10,4,0.38219787990825765,0.2373675548452153,0.6726439439477009,0.07651455997379805,0.7486504340194697,0.08629305357093679,2.3880833860928115,0.37462916800950763,0.04266368144826999,0.22195649333760742,0.2650614711438747,1.7916248074578809,0.8457610847974302,0.06846366408631349,0.491760755577123,0.17481894435436485,1.9758249787917344,0.6557521856066697,0.05890920643935703,0.3415779875556686,0.2593111909142314,1.829854223607582,0.8144333373771963,0.13602168792125172,0.47349628316263154,0.2502786129683902,3.5141995900289564
shah,29,1.0,ok,10,4,0.7927220266663499,0.3289385498320263,1.6510607165055393,0.28314634584796355,2.41988458680222,0.33647894487900726,2.4755745795137627,1.2880240901183437,0.21152281288889133,0.5998994276416735,0.3142508173319555,1.9301108146137202,0.8651495660295576,0.3308887994785725,1.0756536787867828,0.294892486774161,2.20051279278214,2.6197855264468495,0.22797541063800433,0.8257835506244446,0.3137575193723975,1.9464071111810468,1.8312836834274073,0.36219836038638614,0.669551449612499,0.3928533758495912,3.4868026965396437
tabb_c1_sep,29,3.0,ok,10,4,2.1603431359081786,0.9869965122732953,4.890515394057835,0.8512160078967957,6.839922736883236,1.0118557918003255,7.419913676402133,3.878465785953,0.6396176718258981,1.817690886507329,0.9428407500053847,5.795152634334531,2.6310986328723702,0.9893664055239685,3.2614284799141684,0.8823222975073386,6.585977429725829,7.8741766837156515,0.6862485234122402,2.484911862019557,0.9418305111948896,5.838504042885682,5.178320473690318,1.0896314308250763,1.0773413151916604,1.1809924903855684,10.448610129684843
tabb_c1_sim,29,3.0,ok,10,4,2.0990630765946627,0.9671207379265516,4.771344706028226,0.8244705327475702,6.682891999864961,0.985097182847371,7.3977988198491635,3.719866227711967,0.6097442334557638,1.7439912233279107,0.9258426489276579,5.76611222434546,2.552466320941964,0.9427990177781915,3.1424439871514562,0.8442169526483714,6.526728617379326,7.689887026347617,0.6717590331233173,2.437731549733238,0.9320028331866564,5.8277421807839085,5.123159249111356,1.0735798466330082,1.0720855461660463,1.1664205169435204,10.44513733569331
tabb_c2_sep,29,3.0,ok,10,4,2.0646350420251345,0.9869965063684709,4.674517769411557,0.8512161530985907,6.589667300821563,1.011855950700771,7.3992097174763565,3.9435533860014718,0.6396177302891386,2.0862696149005817,0.9428403853196334,5.708066351257688,2.0750668793988694,0.9893663331986936,2.768808197444232,0.8823221962607355,6.610470729050168,7.49541839234043,0.6862487242469733,2.286354547953831,0.9418305964531203,5.78971160257855,5.184032419905458,1.0896318246595573,1.1171078078018937,1.180992847440394,10.449502983480322
tabb_c2_sim,29,3.0,ok,10,4,2.0048036845645285,0.9691267776952657,4.549227134569401,0.8267872796994495,6.452870768016839,0.9901086470129407,7.378859336758082,3.751851014138639,0.61082393702573,2.007997084111688,0.9258697256169165,5.682784164147939,1.9830782124898547,0.9501699511698082,2.6659205498193543,0.8497285040150011,6.5567242554285565,7.319344938438164,0.6685065688621615,2.2319286266838327,0.9307790056355143,5.776464820744616,5.142634373210948,1.0776486617400982,1.1133684776432393,1.1701298755136307,10.446915611956092
tabb_c2_sim_joint,29,3.0,ok,10,4,1.800761020023708,0.982889639293904,5.223015609667732,0.7719912178489496,4.581847189532329,0.8019900369873395,7.363497276286104,6.589343519476357,0.5976807568234598,1.9716604466430823,1.0735893818916344,5.768715658701708,3.971201894863846,0.7844296109905406,2.0729229322862435,0.7274971774850859,6.397633793983738,5.1888826511197745,0.6282058418416999,2.0450922235222677,0.9603421222852652,5.791245482215937,5.142634373210948,1.0776486617400982,1.1133684776432393,1.1701298755136307,10.446915611956092
tabb_rp1,29,3.0,ok,10,4,1.2888908293062928,0.7055766433223025,2.554754813972252,0.23495695298449526,3.1553137550731756,0.31017750493697865,7.199531836744884,1.3897315598561506,0.07393432624823607,0.6594033838075605,0.819835465241735,5.4120821075645,2.8463965642641247,0.2261494642262713,1.8352977131467232,0.458997200801915,5.994904564097423,3.5370039445686934,0.23287881665722762,1.2277417308212566,0.7929063504494644,5.54877363675025,2.445887187200037,0.40686520480624605,1.433120489449631,0.7505675567960959,10.55057497625898
tabb_rp1_joint,29,3.0,ok,10,4,1.1554346508429674,0.710955936568687,2.0207501540399466,0.22917324105914055,2.2513520442650843,0.25823329095695496,7.169007565145419,1.1196063166877377,0.12747239165140306,0.6704717998638285,0.7929866142596194,5.378843669727155,2.545703429324137,0.20570180467226423,1.4859099953210757,0.5232516301005715,5.931349474454727,1.9718036829478742,0.1766535631066489,1.0322363187373345,0.7770179451184611,5.491008990641751,2.445887187200037,0.40686520480624605,1.433120489449631,0.7505675567960959,10.55057497625898
shah,29,3.0,ok,10,4,2.236172642352188,0.9869897957576619,4.922012291876832,0.8512091925680225,6.995844562793523,1.0118531154847594,7.425981143157288,3.8781342286235367,0.6396051897715848,1.8176487335150062,0.9428249615675812,5.795132877443223,2.631171896022635,0.9893506328616829,3.2613916395389957,0.8823106006305119,6.585962185015738,7.874286233964385,0.6862538771462064,2.4849376059250003,0.9418349817103325,5.838505983169263,5.30445680889677,1.0896270704926159,1.3807125904297495,1.1809886391222222,10.465857283038336
tabb_c1_sep,29,5.0,ok,10,4,3.6544641410172627,1.645362960638124,8.187996380952452,1.42169224556874,11.440950329847333,1.6905299274353105,12.366359505948735,6.4896408692951955,1.0745711642468776,3.061830462559794,1.571697078299059,9.666909948892785,4.444386146655315,1.6434771360059262,5.489608206178914,1.4666745162357635,10.952085882992975,13.14755898830964,1.1476159396658245,4.153028244697559,1.5707138135208438,9.729809500297916,8.670399519549658,1.8211047423563318,1.9133896506327823,1.9723664344968295,17.42529378980253
tabb_c1_sim,29,5.0,ok,10,4,3.5519601242497396,1.6122047283735936,7.9863704115931515,1.377130582767231,11.178253988452964,1.6460241431165705,12.330068636175865,6.2206440237147245,1.024251727660638,2.9360291048759573,1.5427848604913321,9.617989350467694,4.312950642369013,1.5670074091802793,5.2940389026990955,1.4040882683690665,10.856337112710285,12.833752902200516,1.123124815278007,4.072488461815715,1.554073587375548,9.711788744445581,8.578134078088356,1.7941383789500005,1.905284027608192,1.9478721972584283,17.419464831732643
tabb_c2_sep,29,5.0,ok,10,4,3.4421138779704563,1.6453631525415047,7.81567492156875,1.4216927370568462,11.004845342263186,1.6905300997600985,12.338737369891927,6.594821505828617,1.0745729899435246,3.499776664310388,1.5716977341793301,9.5255221607649,3.4668106215034853,1.6434767473776157,4.604326654000985,1.4666742175026037,11.015008955983127,12.551745250807265,1.1476159766951377,3.824126284036171,1.570713777731909,9.653255580770445,8.64932230813563,1.8211052342111065,1.8402259095342821,1.9723668807521761,17.427748606443192
tabb_c2_sim,29,5.0,ok,10,4,3.3421271893691764,1.6154632317293278,7.60585405697252,1.3808564107913603,10.776893561183549,1.6542530262777682,12.304909142989402,6.272639439587138,1.0260122659376314,3.367748729859702,1.5428569825235476,9.482790405255676,3.3157498053757886,1.5786490257080812,4.433836395883446,1.4128490587036282,10.926480942611729,12.255472312958407,1.1178819038568315,3.7326300841722304,1.5521227236224318,9.631125048909409,8.579554669968745,1.8008824476628977,1.834293547561327,1.9540241620677035,17.423354633993423
tabb_c2_sim_joint,29,5.0,ok,10,4,2.9985279534697593,1.6378851070569467,8.716774293848859,1.288335875430545,7.644620924692597,1.3411374940330578,12.279051498551492,10.98908399372956,0.9964717641565223,3.2884595988457495,1.7852278734033191,9.618224408347261,6.670749555343992,1.3077365643489351,3.45962585906272,1.2135559690168933,10.667487382319383,8.627708956353137,1.048252725553825,3.4117328084092393,1.5987324237398708,9.655133779142995,8.579554669968745,1.8008824476628977,1.834293547561327,1.9540241620677035,17.423354633993423
tabb_rp1,29,5.0,ok,10,4,2.1626415972258277,1.1740671813603787,4.263103254932774,0.390985261040084,5.259636162286761,0.5157590326587955,12.007811107098087,2.327788812746561,0.12303174907405202,1.1095608868064826,1.3627985209097082,9.027161853307188,4.757077100264678,0.3770400419185418,3.0785673387865065,0.7629622051535219,9.998397914976119,5.886729993816419,0.3878377826857436,2.052836875993869,1.320057739611907,9.249872924375875,4.0808171129034365,0.6760314704819987,2.4096012873164527,1.2504502597663782,17.59921444911356
tabb_rp1_joint,29,5.0,ok,10,4,1.940533934625667,1.1830470889533669,3.372779832863368,0.38132687687772754,3.761313286000395,0.42927893686187835,11.957036153348593,1.8591173019491483,0.21159200014683355,1.1253310343934255,1.3181070507265942,8.971673511325662,4.257066296107054,0.34337216972798545,2.494186255839566,0.8701066726781308,9.892298674070892,3.294118620493834,0.29431186715409235,1.7330171609532234,1.2935243726423644,9.154343581776166,4.0808171129034365,0.6760314704819987,2.4096012873164527,1.2504502597663782,17.59921444911356
shah,29,5.0,ok,10,4,3.546721647367899,1.6453322323561665,8.189480098679395,1.4216608757554705,11.251583516109056,1.6905177302419812,12.383106136196078,6.488103409951643,1.0745139827671324,3.061635895277118,1.5716253821993476,9.666820768856356,4.444683425224834,1.643404185492222,5.489433675354123,1.4666200808775947,10.95201575833762,13.148066564310207,1.1476403282788672,4.153147802511765,1.570734454203726,9.729817851460531,8.677066995230893,1.821085006483661,1.4826692163285893,1.9723490121439977,17.472888769477123
