method,split,key,source_session,source_event_id,event_id,camera,chain_translation_mm,chain_rotation_deg,corner_count,pixel_sse,reprojection_rmse_px,pixel_failure
shah,heldout,cam0-1_02:3,cam0-1_02,3,3,0,2.0876974645407267,0.3172427259551993,20,115.3823240210596,2.401898457689871,
shah,heldout,cam0-1_02:7,cam0-1_02,7,7,0,1.1760364460839086,0.10100267552102082,32,28.353219393329653,0.941295971542188,
shah,heldout,cam0-1_02:11,cam0-1_02,11,11,0,1.41678613642659,0.3239107877428817,16,51.454978787072264,1.7933031462059104,
shah,heldout,cam0-1_02:20,cam0-1_02,20,20,0,1.5361458020632293,0.42593758152771993,25,71.0912895726209,1.6863130145097132,
shah,heldout,cam0-1_02:24,cam0-1_02,24,24,0,0.8226061186013203,0.3474030285352223,32,77.98887956929292,1.5611382022551379,
shah,heldout,cam0-1_02:28,cam0-1_02,28,28,0,1.0844596782971967,0.3898295081740975,25,178.44279976831544,2.671649675899259,
shah,heldout,cam0-3_01:2,cam0-3_01,2,32,0,0.7760952876249921,0.05031666969156526,32,136.71416660356178,2.0669585642584387,
shah,heldout,cam0-3_01:6,cam0-3_01,6,36,0,0.8715234435010545,0.15115952254066234,32,144.33503585263827,2.1237866819421733,
shah,heldout,cam0-3_01:10,cam0-3_01,10,40,0,2.102849232987419,0.19373568703373054,35,43.5545095623017,1.115533306953632,
shah,heldout,cam0-3_01:14,cam0-3_01,14,44,0,0.9178364797107449,0.23759289111374537,32,35.42426159023328,1.0521445597895709,
shah,heldout,cam0-3_01:18,cam0-3_01,18,48,0,1.0187808246502803,0.15552187535470996,26,41.22729937867565,1.2592320519738587,
shah,heldout,cam0-3_01:22,cam0-3_01,22,52,0,1.2249277441925683,0.4196299154824257,18,46.62569804405764,1.609446040724324,
shah,heldout,cam0-3_01:26,cam0-3_01,26,56,0,1.5447486348613555,0.3095683591856013,9,48.2970251765036,2.3165353722148563,
shah,heldout,cam0-3_01:30,cam0-3_01,30,60,0,1.8637405037069494,1.1007070420776184,6,45.114063832143174,2.7420814427530282,
shah,heldout,cam0-3_01:38,cam0-3_01,38,68,0,0.7330769087171447,0.1281490054603423,20,39.65776536465506,1.4081506553748975,
shah,heldout,cam0-1_02:3,cam0-1_02,3,3,1,3.0079863792878228,0.42150257677936587,40,112.79308091405568,1.6792340583883452,
shah,heldout,cam0-1_02:7,cam0-1_02,7,7,1,5.783909132010176,1.2739184452917995,23,333.94171451027785,3.810407455733275,
shah,heldout,cam0-1_02:11,cam0-1_02,11,11,1,2.894909772651347,0.3517801891634707,36,226.7132856340608,2.509500202752094,
shah,heldout,cam0-1_02:15,cam0-1_02,15,15,1,1.1190969176390335,0.2969840678602351,40,114.96170332965823,1.6953001454732008,
shah,heldout,cam0-1_02:20,cam0-1_02,20,20,1,4.195749737921055,1.0305672424182122,31,528.6152578857166,4.12941946199313,
shah,heldout,cam0-1_02:24,cam0-1_02,24,24,1,6.426548001954733,1.5397020041861234,15,422.8446566973367,5.309392034858836,
shah,heldout,cam0-1_02:28,cam0-1_02,28,28,1,2.9751357177777398,0.5511379459595712,33,135.39684137915617,2.025570188180888,
shah,heldout,cam1-3_02:2,cam1-3_02,2,72,1,1.1910668537893083,0.19561363489853595,34,83.077613230998,1.5631568100086477,
shah,heldout,cam1-3_02:6,cam1-3_02,6,76,1,1.892820586951618,0.5484169651762079,36,239.8552389544668,2.5812100895729055,
shah,heldout,cam1-3_02:10,cam1-3_02,10,80,1,0.2973051482863943,0.5237333004176238,30,86.38270422770188,1.6968864058200035,
shah,heldout,cam1-3_02:14,cam1-3_02,14,84,1,1.1479376488399367,0.8749239471525772,38,22.898474410327122,0.7762676290112281,
shah,heldout,cam1-3_02:18,cam1-3_02,18,88,1,0.7063118478029576,0.5276230482116371,38,67.93620821675094,1.3370844973569895,
shah,heldout,cam1-3_02:22,cam1-3_02,22,92,1,1.704331034215902,0.24581291422845258,29,36.944374092809525,1.1286912484088867,
shah,heldout,cam1-3_02:26,cam1-3_02,26,96,1,1.4721541487201695,0.27685102875133305,32,21.30905280125282,0.8160318008749112,
shah,heldout,cam1-3_02:30,cam1-3_02,30,100,1,1.8887906569686745,0.20641362777815225,4,4.970282323259605,1.1147064998531682,
shah,heldout,cam1-3_02:34,cam1-3_02,34,104,1,3.333258513218212,0.2642165956131912,24,12.645716280434588,0.7258821150972848,
shah,heldout,cam1-3_02:38,cam1-3_02,38,108,1,5.211532759536953,0.4175395133730661,14,28.436076342546663,1.425183605779236,
shah,heldout,cam1-3_02:42,cam1-3_02,42,112,1,2.496073529070735,0.4613871967193524,14,24.198096323458316,1.3146997572356944,
shah,heldout,cam0-3_01:2,cam0-3_01,2,32,3,27.116828422496482,4.938655950226892,17,2157.905373786746,11.266570472985547,
shah,heldout,cam0-3_01:6,cam0-3_01,6,36,3,13.695452101964754,2.3038080096320956,21,10504.23420355081,22.365187876262404,
shah,heldout,cam0-3_01:10,cam0-3_01,10,40,3,8.018265002418817,1.661963003722393,25,2178.1675794912912,9.334168585345544,
shah,heldout,cam0-3_01:14,cam0-3_01,14,44,3,14.700302686736288,2.578713193204587,24,7168.2788235509415,17.2823113128604,
shah,heldout,cam0-3_01:18,cam0-3_01,18,48,3,17.8490671018282,2.129634536878243,22,19491.04369739187,29.76502195026287,
shah,heldout,cam0-3_01:22,cam0-3_01,22,52,3,26.2528132647735,4.713970259497764,10,4935.796218744429,22.21665190514635,
shah,heldout,cam0-3_01:30,cam0-3_01,30,60,3,19.73570127578697,5.942020309160961,25,4454.467381743232,13.348359272574637,
shah,heldout,cam0-3_01:34,cam0-3_01,34,64,3,41.06430522363028,12.130207802457374,25,12717.373087689006,22.55426619306335,
shah,heldout,cam0-3_01:38,cam0-3_01,38,68,3,8.919774816200322,2.5794399890279354,26,7065.524303036836,16.484869873074096,
shah,heldout,cam1-3_02:2,cam1-3_02,2,72,3,7.998536469820842,1.4941986737175805,40,1976.0403213890436,7.028585066336332,
shah,heldout,cam1-3_02:6,cam1-3_02,6,76,3,7.6592621477887795,1.603797110169001,17,1495.4409913442064,9.379078693448227,
shah,heldout,cam1-3_02:10,cam1-3_02,10,80,3,9.756688264679967,1.4060147822164548,29,3929.621844787228,11.640627197208369,
shah,heldout,cam1-3_02:14,cam1-3_02,14,84,3,6.539508313720317,1.4611972076077284,19,3541.8785497508347,13.65337542563017,
shah,heldout,cam1-3_02:18,cam1-3_02,18,88,3,11.17850865745639,1.5251483189554698,35,7242.0351708510225,14.384550413403385,
shah,heldout,cam1-3_02:22,cam1-3_02,22,92,3,10.475960615957145,1.8733052537177877,36,4087.4131224728817,10.655479970513975,
shah,heldout,cam1-3_02:26,cam1-3_02,26,96,3,11.447679688938248,1.8617139546756245,36,4466.213053814701,11.138288635022663,
shah,heldout,cam1-3_02:30,cam1-3_02,30,100,3,13.89163818740015,1.2537181087474163,26,5387.312389365244,14.394593522149002,
shah,heldout,cam1-3_02:34,cam1-3_02,34,104,3,13.213881388503816,1.7497212596268261,40,6819.448430885332,13.057036829699658,
shah,heldout,cam1-3_02:38,cam1-3_02,38,108,3,7.007739833469415,3.748191300732448,23,3557.437366617009,12.436687253964113,
shah,heldout,cam1-3_02:42,cam1-3_02,42,112,3,52.5020197155763,10.373818743841221,7,1259.854883932676,13.41563524896378,
shah,train,cam0-1_02:0,cam0-1_02,0,0,0,0.5561033872218379,0.08502471454293291,27,59.603383719814644,1.4857768104138338,
shah,train,cam0-1_02:1,cam0-1_02,1,1,0,1.4171791393675677,0.20165517298689856,15,97.93740899765426,2.555222221225312,
shah,train,cam0-1_02:5,cam0-1_02,5,5,0,1.3774580689932654,0.4042620191666539,15,94.492266648408,2.5098773761335833,
shah,train,cam0-1_02:6,cam0-1_02,6,6,0,0.8465473481275422,0.3544617355093069,17,15.034409734315012,0.9404132300191235,
shah,train,cam0-1_02:12,cam0-1_02,12,12,0,1.1834668620543225,0.07133629631994198,24,46.31048680037962,1.389101730141635,
shah,train,cam0-1_02:16,cam0-1_02,16,16,0,1.3303119088177429,0.1867130718729907,16,32.898548392851865,1.4339314051073857,
shah,train,cam0-1_02:19,cam0-1_02,19,19,0,1.742332525923715,0.4850415879217073,21,54.04947329908802,1.60430185526718,
shah,train,cam0-1_02:21,cam0-1_02,21,21,0,0.8428474480173899,0.14325215916790313,18,42.392460877765956,1.5346454689704205,
shah,train,cam0-1_02:22,cam0-1_02,22,22,0,1.2205290453481519,0.18417152237954054,15,36.91859807304841,1.5688339209542101,
shah,train,cam0-1_02:23,cam0-1_02,23,23,0,0.6807714736883748,0.1600443229185958,27,67.88172536749175,1.5856033478060547,
shah,train,cam0-1_02:25,cam0-1_02,25,25,0,0.6313658644509318,0.06636211003475016,16,29.209415277340803,1.3511433879621364,
shah,train,cam0-1_02:26,cam0-1_02,26,26,0,1.1894854499608392,0.15997803040091083,32,241.43485734617127,2.7467870853176537,
shah,train,cam0-1_02:27,cam0-1_02,27,27,0,1.0866963307677073,0.1340472751067713,16,136.27019457970695,2.9183706346575797,
shah,train,cam0-1_02:29,cam0-1_02,29,29,0,1.0659500937634818,0.4504641512457123,24,180.55233257466946,2.7428113054451804,
shah,train,cam0-3_01:0,cam0-3_01,0,30,0,0.7460032009232292,0.1453816330103034,32,119.98722386445093,1.9363885833592624,
shah,train,cam0-3_01:1,cam0-3_01,1,31,0,0.9950666501922483,0.0932066039301854,27,121.46603602739202,2.1210238270911983,
shah,train,cam0-3_01:3,cam0-3_01,3,33,0,0.8673505343424344,0.12802925257945252,40,185.2054224160872,2.151774979035257,
shah,train,cam0-3_01:4,cam0-3_01,4,34,0,0.4537788389395445,0.16270014733686664,36,60.03230442256728,1.2913419422205645,
shah,train,cam0-3_01:5,cam0-3_01,5,35,0,0.3583042387888821,0.11128120561467235,36,80.7078846891354,1.4972927855998361,
shah,train,cam0-3_01:7,cam0-3_01,7,37,0,0.36148013926958694,0.1972984293621627,36,75.21661036236154,1.4454585043657864,
shah,train,cam0-3_01:8,cam0-3_01,8,38,0,0.5236683328356211,0.16539251448993214,30,10.705866707797123,0.5973794636520722,
shah,train,cam0-3_01:9,cam0-3_01,9,39,0,1.0211430749652375,0.14075735958896696,35,59.931916705934334,1.3085642809248652,
shah,train,cam0-3_01:11,cam0-3_01,11,41,0,1.7231949798967363,0.35309626208595135,24,20.140098924392063,0.9160626553442379,
shah,train,cam0-3_01:12,cam0-3_01,12,42,0,0.677287318374831,0.1947636303594795,18,45.13999814081775,1.583596436750814,
shah,train,cam0-3_01:13,cam0-3_01,13,43,0,0.8129465131564771,0.13070759643703422,27,17.92072749458125,0.8146966600811947,
shah,train,cam0-3_01:15,cam0-3_01,15,45,0,0.8776565017832084,0.1928691900449696,40,51.22793114481135,1.1316794062897335,
shah,train,cam0-3_01:16,cam0-3_01,16,46,0,0.44591723106471465,0.22720366898853542,40,27.163449310823097,0.8240668861024434,
shah,train,cam0-3_01:17,cam0-3_01,17,47,0,0.8688928164220613,0.20988636361882576,36,13.69544876196591,0.6167893743222486,
shah,train,cam0-3_01:19,cam0-3_01,19,49,0,0.9600968110097424,0.401296514393337,10,39.86503872245292,1.9966231172270075,
shah,train,cam0-3_01:20,cam0-3_01,20,50,0,0.4736048023617843,0.18444981463111587,34,98.88779068814233,1.7054220685813193,
shah,train,cam0-3_01:21,cam0-3_01,21,51,0,0.6339334548398723,0.3964282407524099,22,195.73312930563395,2.982777300266207,
shah,train,cam0-3_01:23,cam0-3_01,23,53,0,0.6747891131935769,0.13439977186566196,35,77.7850643618297,1.4907818117813187,
shah,train,cam0-3_01:24,cam0-3_01,24,54,0,0.8968187489022525,0.275979062936641,37,29.92482313948405,0.8993214129385774,
shah,train,cam0-3_01:25,cam0-3_01,25,55,0,1.740851807645827,0.2292810333173359,30,63.4889131722405,1.4547498430112822,
shah,train,cam0-3_01:27,cam0-3_01,27,57,0,1.1425077933058196,0.7333198005514512,17,53.55277848772952,1.774869978464529,
shah,train,cam0-3_01:28,cam0-3_01,28,58,0,1.0145833790647967,0.38967433217272496,24,65.85632847011108,1.6565064703328594,
shah,train,cam0-3_01:29,cam0-3_01,29,59,0,0.9373628880435442,0.2886844469296972,33,105.94785222601219,1.7917982521885167,
shah,train,cam0-3_01:31,cam0-3_01,31,61,0,1.8268396565918195,0.16453710566679208,37,100.05353061587329,1.644429833135085,
shah,train,cam0-3_01:32,cam0-3_01,32,62,0,2.011161639547049,0.3342133200322698,28,89.46297222834383,1.7874859862422081,
shah,train,cam0-3_01:33,cam0-3_01,33,63,0,0.6795719459384321,0.26407195059749805,23,41.66848006911729,1.3459840439185602,
shah,train,cam0-3_01:35,cam0-3_01,35,65,0,0.35733255474837333,0.26637174504791356,2,4.714122424956463,1.5352723577522756,
shah,train,cam0-3_01:36,cam0-3_01,36,66,0,4.389149125609597,0.3915627237069074,20,13.981681289025065,0.836112471173139,
shah,train,cam0-3_01:37,cam0-3_01,37,67,0,1.9463509267863157,0.322285115263256,27,26.032041734913907,0.9819112454217541,
shah,train,cam0-3_01:39,cam0-3_01,39,69,0,0.7951740090553183,0.2125867521175895,33,80.00688577595366,1.5570648939976162,
shah,train,cam0-1_02:0,cam0-1_02,0,0,1,3.5197401488580775,0.38209552304075134,40,251.71446879847787,2.5085576971562658,
shah,train,cam0-1_02:1,cam0-1_02,1,1,1,2.8293475047577314,0.3361288187027213,38,561.5339040278312,3.844113421939108,
shah,train,cam0-1_02:2,cam0-1_02,2,2,1,2.9911239737082362,0.37474560481808555,31,520.6922153012923,4.098356142923066,
shah,train,cam0-1_02:4,cam0-1_02,4,4,1,2.245556150007275,0.1219327769232232,31,468.0252322559747,3.8855614957544433,
shah,train,cam0-1_02:5,cam0-1_02,5,5,1,4.536214972053754,1.023863218035464,29,61.72548580222797,1.458925984299078,
shah,train,cam0-1_02:6,cam0-1_02,6,6,1,3.2157793315827843,1.3919927926900035,25,206.78135510423405,2.8759788254035112,
shah,train,cam0-1_02:8,cam0-1_02,8,8,1,3.539983670700441,1.0519763538964921,29,257.2202113143293,2.9781978542593177,
shah,train,cam0-1_02:9,cam0-1_02,9,9,1,4.351379451920839,1.0019621013789584,19,264.97918479487487,3.734470897455325,
shah,train,cam0-1_02:10,cam0-1_02,10,10,1,4.049196198513694,1.2573725645327039,10,42.12862099996084,2.052525785464359,
shah,train,cam0-1_02:12,cam0-1_02,12,12,1,3.584260837317611,0.7467531820367382,28,129.04392219335298,2.146790978857854,
shah,train,cam0-1_02:13,cam0-1_02,13,13,1,2.1510250329924494,0.5397414008995906,32,93.63777203475243,1.7106081889450937,
shah,train,cam0-1_02:14,cam0-1_02,14,14,1,1.5043881928423646,0.17403571873070445,31,302.37273215916974,3.1231328985345312,
shah,train,cam0-1_02:16,cam0-1_02,16,16,1,3.345688970521448,0.5404687091254825,22,92.17293460391308,2.0468705004548804,
shah,train,cam0-1_02:17,cam0-1_02,17,17,1,3.7395747672395125,1.2134136971321094,26,347.9485423396774,3.6582285663738596,
shah,train,cam0-1_02:18,cam0-1_02,18,18,1,4.080043295598403,1.576809157671701,24,305.1134032890765,3.5655376130926157,
shah,train,cam0-1_02:19,cam0-1_02,19,19,1,4.379360704801962,1.1785879384690796,30,511.22735085555433,4.1280639160731445,
shah,train,cam0-1_02:21,cam0-1_02,21,21,1,4.342021788517752,0.9562949635481053,25,376.3104814176788,3.8797447411791346,
shah,train,cam0-1_02:22,cam0-1_02,22,22,1,10.707540835539637,1.1095733680129187,18,315.123369756117,4.184119247265765,
shah,train,cam0-1_02:23,cam0-1_02,23,23,1,11.463150540999383,2.193410817774484,15,375.52645640113815,5.003508478398853,
shah,train,cam0-1_02:25,cam0-1_02,25,25,1,6.183941290183626,0.755692745668055,18,257.4726767725085,3.7820678997702695,
shah,train,cam0-1_02:26,cam0-1_02,26,26,1,2.0814853837257417,0.2850712135531563,36,172.26906487448818,2.1875218403639116,
shah,train,cam0-1_02:27,cam0-1_02,27,27,1,0.8643320532983232,0.21197025723244758,40,132.9975586099445,1.8234415168161036,
shah,train,cam0-1_02:29,cam0-1_02,29,29,1,1.032527244727095,0.7944725799143654,10,37.91328555415525,1.947133420034571,
shah,train,cam1-3_02:0,cam1-3_02,0,70,1,1.5514330546986224,0.41438780460555025,38,229.30580950226198,2.4564941294361486,
shah,train,cam1-3_02:1,cam1-3_02,1,71,1,1.2754929490082212,0.29215777383820246,34,141.68588512588354,2.041379904737764,
shah,train,cam1-3_02:3,cam1-3_02,3,73,1,1.101731186485149,0.19217125336427854,30,74.60210041448161,1.5769390224364164,
shah,train,cam1-3_02:4,cam1-3_02,4,74,1,2.0753854448705455,0.4565095311088805,40,165.81966664678137,2.036048051046324,
shah,train,cam1-3_02:5,cam1-3_02,5,75,1,2.1717626531892975,0.5181077712459331,40,236.6341090601802,2.43225260335034,
shah,train,cam1-3_02:7,cam1-3_02,7,77,1,1.1477435487688317,0.46320489213849014,40,189.19417855813185,2.1748228580629956,
shah,train,cam1-3_02:8,cam1-3_02,8,78,1,2.051862840830976,0.655215350333316,34,264.717167702175,2.790304472645229,
shah,train,cam1-3_02:9,cam1-3_02,9,79,1,1.3498358410292743,0.7047533991402243,36,148.21646505973965,2.0290697448429937,
shah,train,cam1-3_02:11,cam1-3_02,11,81,1,1.162248599466263,0.5192275802122057,40,182.22721085712453,2.13440396163147,
shah,train,cam1-3_02:12,cam1-3_02,12,82,1,1.4390416977706633,0.5843140847112358,27,157.9619929401823,2.41876914627455,
shah,train,cam1-3_02:13,cam1-3_02,13,83,1,0.7218312792364185,0.300033312929093,36,52.35266954600508,1.2059190771865098,
shah,train,cam1-3_02:15,cam1-3_02,15,85,1,1.8648663542905195,0.26020432561980866,31,21.994394609549044,0.8423162115904179,
shah,train,cam1-3_02:16,cam1-3_02,16,86,1,2.0117596899071866,0.8439428276869729,32,36.42458776709864,1.0668966059191642,
shah,train,cam1-3_02:17,cam1-3_02,17,87,1,0.9464924295812743,0.2628533183221981,23,33.62303194231808,1.2090785557662618,
shah,train,cam1-3_02:19,cam1-3_02,19,89,1,0.7373881107171469,0.5275858759806868,30,88.58273724541914,1.7183590742858834,
shah,train,cam1-3_02:20,cam1-3_02,20,90,1,1.1991692786108163,0.5877506219492072,34,58.29349271706331,1.309394704311245,
shah,train,cam1-3_02:21,cam1-3_02,21,91,1,1.8132038548642861,0.7593231074333853,38,158.19297388255754,2.0403364910988113,
shah,train,cam1-3_02:23,cam1-3_02,23,93,1,1.6758166245222776,0.5284758063795892,38,112.66917506975597,1.721911232122425,
shah,train,cam1-3_02:24,cam1-3_02,24,94,1,1.720182680245512,0.19691243444968973,33,33.072694553973676,1.0011008267262242,
shah,train,cam1-3_02:25,cam1-3_02,25,95,1,1.5880312107599046,0.36489069127354906,40,71.20597100748535,1.3342223484813667,
shah,train,cam1-3_02:27,cam1-3_02,27,97,1,2.1295959530030206,0.5074003565625789,32,83.23304720541947,1.612771752347293,
shah,train,cam1-3_02:28,cam1-3_02,28,98,1,2.028371184028783,0.2694022747453886,30,68.2958336498334,1.5088166847989786,
shah,train,cam1-3_02:29,cam1-3_02,29,99,1,1.409187660554212,0.3480419678514606,36,99.76885279098144,1.6647393255316902,
shah,train,cam1-3_02:32,cam1-3_02,32,102,1,1.3933578257673267,0.22847695576614813,14,25.362825216111744,1.3459681915184365,
shah,train,cam1-3_02:33,cam1-3_02,33,103,1,2.7326079909850236,0.29273832751256773,26,13.099295944429803,0.7098021377720426,
shah,train,cam1-3_02:36,cam1-3_02,36,106,1,3.0547741193175604,0.1641502523807211,18,16.96723248037646,0.9708882668400011,
shah,train,cam1-3_02:37,cam1-3_02,37,107,1,1.9263278618468338,0.35738862589417436,13,26.421637418902158,1.4256344719484928,
shah,train,cam1-3_02:39,cam1-3_02,39,109,1,3.9658126695779026,0.5092002859550908,20,49.23319130116537,1.5689676749564565,
shah,train,cam1-3_02:40,cam1-3_02,40,110,1,3.96441678043976,0.3467950834843005,18,40.29665567277092,1.4962296257365437,
shah,train,cam1-3_02:41,cam1-3_02,41,111,1,3.668320000744129,0.6489074036896588,11,21.13809179164696,1.386234002011039,
shah,train,cam1-3_02:43,cam1-3_02,43,113,1,1.8024202142048935,0.5064230669286941,14,22.46063142520598,1.2666218125731696,
shah,train,cam1-3_02:44,cam1-3_02,44,114,1,2.6371884791119324,0.45562402464192425,36,32.81929074292225,0.9548020554445689,
shah,train,cam1-3_02:45,cam1-3_02,45,115,1,3.1671233077023926,0.411466139311229,26,30.038758302223012,1.0748659720066536,
shah,train,cam1-3_02:46,cam1-3_02,46,116,1,3.5923120738556547,0.33589487244196653,28,32.331767375653556,1.0745724627506108,
shah,train,cam0-3_01:0,cam0-3_01,0,30,3,27.89673732944991,4.840190207708418,40,4674.971306282719,10.810840978252708,
shah,train,cam0-3_01:1,cam0-3_01,1,31,3,25.21752570417405,4.563229764008268,22,1685.9951779851433,8.754207243027215,
shah,train,cam0-3_01:3,cam0-3_01,3,33,3,21.78250048993669,3.6353996285283086,25,6440.116954466819,16.05006785588998,
shah,train,cam0-3_01:4,cam0-3_01,4,34,3,14.056304557613398,2.0321839268530173,18,7804.849836007266,20.82313061638596,
shah,train,cam0-3_01:5,cam0-3_01,5,35,3,10.575289342320472,2.1478990679486683,34,9535.811729768944,16.74709081827519,
shah,train,cam0-3_01:7,cam0-3_01,7,37,3,18.634898049079805,3.2432521468488864,18,2257.722524977197,11.199510219889074,
shah,train,cam0-3_01:8,cam0-3_01,8,38,3,20.44385900232997,2.138302447705166,22,11392.135248943152,22.755753766847977,
shah,train,cam0-3_01:9,cam0-3_01,9,39,3,10.621228138818326,1.6362808146406307,24,4915.089050639262,14.310673537956529,
shah,train,cam0-3_01:11,cam0-3_01,11,41,3,13.0358577550042,2.71807513234191,18,1822.8672198183392,10.063319586548905,
shah,train,cam0-3_01:12,cam0-3_01,12,42,3,31.78232249722085,3.8382186351882757,11,3945.7496830008977,18.939496208623005,
shah,train,cam0-3_01:13,cam0-3_01,13,43,3,27.631685701138615,4.549799037962833,18,6094.729401549421,18.40098035061873,
shah,train,cam0-3_01:15,cam0-3_01,15,45,3,10.61727805687011,1.3916864992183715,30,8853.143056089668,17.17861369657989,
shah,train,cam0-3_01:16,cam0-3_01,16,46,3,12.994116960143911,1.520363078695729,34,14398.402462255259,20.578688621009086,
shah,train,cam0-3_01:17,cam0-3_01,17,47,3,14.773675945159322,1.0671717220849708,28,17196.254376839574,24.78208913772172,
shah,train,cam0-3_01:20,cam0-3_01,20,50,3,15.626003568449672,2.9098530825699958,29,11397.333204072314,19.8245173912405,
shah,train,cam0-3_01:21,cam0-3_01,21,51,3,24.113941566548043,4.518097770782831,20,7283.094142866424,19.08283802643939,
shah,train,cam0-3_01:23,cam0-3_01,23,53,3,22.85549600432335,4.099678414469369,21,1881.0349425481359,9.464306234600198,
shah,train,cam0-3_01:24,cam0-3_01,24,54,3,21.174326453709025,3.788074829408852,30,1593.878857488922,7.288984514294891,
shah,train,cam0-3_01:25,cam0-3_01,25,55,3,5.771883792780973,2.290760365548055,30,1140.6873226341604,6.166272030528009,
shah,train,cam0-3_01:27,cam0-3_01,27,57,3,20.795251232243125,2.3950945961916323,14,985.8519647536975,8.391543212211147,
shah,train,cam0-3_01:28,cam0-3_01,28,58,3,19.36414425586044,1.5814139495724193,23,1767.2605853372643,8.765695451804957,
shah,train,cam0-3_01:29,cam0-3_01,29,59,3,21.44694602864917,2.2350984677034025,27,2123.149946892431,8.867648122148182,
shah,train,cam0-3_01:31,cam0-3_01,31,61,3,28.683700450069992,8.915030796492049,22,3550.9727399845283,12.704638988081422,
shah,train,cam0-3_01:32,cam0-3_01,32,62,3,69.12456828650828,22.607149578653267,20,6167.625841629371,17.560788481200625,
shah,train,cam0-3_01:33,cam0-3_01,33,63,3,12.638524408211516,2.6674661872799184,28,8070.2154755460615,16.977101674593992,
shah,train,cam0-3_01:35,cam0-3_01,35,65,3,15.807152437651258,10.146065978490073,13,6709.461029110903,22.718107026217762,
shah,train,cam0-3_01:37,cam0-3_01,37,67,3,14.914503573864435,3.3208839620581205,20,8437.441689695592,20.539524933278752,
shah,train,cam0-3_01:39,cam0-3_01,39,69,3,39.380379383894,12.030640107547086,15,8456.414316780014,23.743650823999264,
shah,train,cam1-3_02:0,cam1-3_02,0,70,3,4.783358547428417,1.356298070191383,33,986.5663148468234,5.4677188053842185,
shah,train,cam1-3_02:1,cam1-3_02,1,71,3,7.9720082080804655,1.4595358143889965,25,1742.7282136067295,8.349199275635309,
shah,train,cam1-3_02:3,cam1-3_02,3,73,3,8.304681190262402,1.1716772533960904,36,3424.4551713912424,9.753140763921529,
shah,train,cam1-3_02:4,cam1-3_02,4,74,3,5.992187020229283,1.3311339916126315,31,1527.6080522456764,7.019806201363342,
shah,train,cam1-3_02:5,cam1-3_02,5,75,3,6.666445228098199,1.5121385933651528,23,1417.5561608961693,7.850660899612403,
shah,train,cam1-3_02:7,cam1-3_02,7,77,3,8.214040352742593,1.5024610477265752,27,2468.3008948522174,9.561304914141857,
shah,train,cam1-3_02:8,cam1-3_02,8,78,3,10.31080098444676,1.9810309266913682,9,1601.248912506649,13.33853612035714,
shah,train,cam1-3_02:9,cam1-3_02,9,79,3,7.829031902729084,1.5561851468651606,24,2210.2792788527004,9.596612420651146,
shah,train,cam1-3_02:11,cam1-3_02,11,81,3,11.101195413638116,1.6531185415907688,15,3083.5154287308264,14.337632135353514,
shah,train,cam1-3_02:13,cam1-3_02,13,83,3,9.25754630315426,1.3554326246394288,40,3981.4454112345948,9.976779805170848,
shah,train,cam1-3_02:15,cam1-3_02,15,85,3,9.825328178633551,1.5184740953938554,38,10877.488865832123,16.91891565661293,
shah,train,cam1-3_02:16,cam1-3_02,16,86,3,8.538841867143478,1.5012451017397919,19,5539.746018003116,17.075291502486884,
shah,train,cam1-3_02:17,cam1-3_02,17,87,3,12.037072133776533,1.4355347951790973,38,6685.401071772712,13.263921258508491,
shah,train,cam1-3_02:19,cam1-3_02,19,89,3,11.938819126348488,1.6272067426059893,23,5504.922596794967,15.470761478680226,
shah,train,cam1-3_02:20,cam1-3_02,20,90,3,9.681550253814905,1.7609113540353767,34,4803.0697896127795,11.88556933924593,
shah,train,cam1-3_02:21,cam1-3_02,21,91,3,9.099847296147118,1.8634475888743793,12,1563.7129185532087,11.415314707857776,
shah,train,cam1-3_02:23,cam1-3_02,23,93,3,9.654383219875657,1.58008579888173,26,4369.112334764162,12.963131647341777,
shah,train,cam1-3_02:24,cam1-3_02,24,94,3,10.233312703674347,1.5135268820804728,38,7106.690070367366,13.675458301150629,
shah,train,cam1-3_02:25,cam1-3_02,25,95,3,5.9135365781382685,1.59350793429977,33,2452.5935397171233,8.620963771821822,
shah,train,cam1-3_02:27,cam1-3_02,27,97,3,5.50748100837083,1.5608114767499242,30,1605.691318433607,7.3159445014151725,
shah,train,cam1-3_02:28,cam1-3_02,28,98,3,8.272500560689355,1.527635828251828,34,2339.523849651942,8.295150691202842,
shah,train,cam1-3_02:29,cam1-3_02,29,99,3,8.992063852565183,1.2669120722013245,31,3065.132603690824,9.94360323425815,
shah,train,cam1-3_02:31,cam1-3_02,31,101,3,14.833329951160147,0.9885275657645554,29,8697.68954325921,17.318208021556497,
shah,train,cam1-3_02:32,cam1-3_02,32,102,3,12.873847182638743,1.3572036018278242,35,7466.731243744462,14.605998027957519,
shah,train,cam1-3_02:33,cam1-3_02,33,103,3,11.523084588126993,1.7561755860443244,36,5840.6760748302895,12.737385998650552,
shah,train,cam1-3_02:35,cam1-3_02,35,105,3,18.782435518466393,2.6838270303403653,33,5873.796017713509,13.341432408800458,
shah,train,cam1-3_02:36,cam1-3_02,36,106,3,9.606344798742981,2.010058760645542,28,3774.9515607917356,11.611188509351868,
shah,train,cam1-3_02:37,cam1-3_02,37,107,3,13.388845508613468,2.5934393478288285,27,4886.252795555678,13.45259550277646,
shah,train,cam1-3_02:39,cam1-3_02,39,109,3,10.346866363243478,2.7518118131735636,29,2976.133705833495,10.130414611512947,
shah,train,cam1-3_02:40,cam1-3_02,40,110,3,7.14895392733882,4.399078966756933,22,2782.8620349735256,11.24694308967699,
shah,train,cam1-3_02:41,cam1-3_02,41,111,3,8.350144379346856,6.484520288230999,19,2348.6744540395416,11.118203314809888,
shah,train,cam1-3_02:43,cam1-3_02,43,113,3,8.005806491296735,6.708731049713961,22,2403.9479470478427,10.453246444499785,
shah,train,cam1-3_02:44,cam1-3_02,44,114,3,9.956655201579954,2.4742772658463466,24,1348.7290028176376,7.496468620895324,
shah,train,cam1-3_02:45,cam1-3_02,45,115,3,9.508590346365184,2.273396334143189,37,3161.8426601003575,9.244198560704946,
tsai,heldout,cam0-1_02:3,cam0-1_02,3,3,0,0.8929772377621933,0.4201344989738607,20,105.91136522368684,2.3012101731880863,
tsai,heldout,cam0-1_02:7,cam0-1_02,7,7,0,0.7055412146226445,0.08908128620250762,32,53.62628849778012,1.2945352507968366,
tsai,heldout,cam0-1_02:11,cam0-1_02,11,11,0,0.5517816809356643,0.25420633568274936,16,38.30205926068648,1.5472164372811275,
tsai,heldout,cam0-1_02:20,cam0-1_02,20,20,0,2.2957109982957378,0.3406992650206011,25,122.45337592746588,2.213173069847597,
tsai,heldout,cam0-1_02:24,cam0-1_02,24,24,0,1.195684798753487,0.27746472199881644,32,63.74853709920082,1.4114325291525718,
tsai,heldout,cam0-1_02:28,cam0-1_02,28,28,0,1.6631174593919582,0.3201581933672422,25,276.6094637498442,3.326316062852983,
tsai,heldout,cam0-3_01:2,cam0-3_01,2,32,0,1.0891374401427618,0.10423769992190057,32,206.60501939038878,2.5409460553009877,
tsai,heldout,cam0-3_01:6,cam0-3_01,6,36,0,1.0020680171393386,0.17774480838220083,32,216.16673173824302,2.599078753485568,
tsai,heldout,cam0-3_01:10,cam0-3_01,10,40,0,2.6015985268556374,0.20449039953994638,35,179.47002428517501,2.2644458438161927,
tsai,heldout,cam0-3_01:14,cam0-3_01,14,44,0,0.6824236344588487,0.27442611502112324,32,15.874710463006675,0.7043328062563596,
tsai,heldout,cam0-3_01:18,cam0-3_01,18,48,0,0.8394728875126029,0.14794537795949725,26,132.66019277108347,2.2588304731829996,
tsai,heldout,cam0-3_01:22,cam0-3_01,22,52,0,1.3547048471886602,0.3977629847120075,18,175.9018717053013,3.126072009063462,
tsai,heldout,cam0-3_01:26,cam0-3_01,26,56,0,2.282593514696194,0.38644830118754925,9,99.54534827886268,3.3257471721715355,
tsai,heldout,cam0-3_01:30,cam0-3_01,30,60,0,0.44676866456237135,1.1353888248850428,6,89.72312531397002,3.867021362624598,
tsai,heldout,cam0-3_01:38,cam0-3_01,38,68,0,0.6135237908897231,0.14712359706670047,20,43.08208626887644,1.4676867218326335,
tsai,heldout,cam0-1_02:3,cam0-1_02,3,3,1,7.185999811549358,0.6692647495432574,40,4675.4581006618455,10.811403818031502,
tsai,heldout,cam0-1_02:7,cam0-1_02,7,7,1,7.694329828933762,1.374044625258274,23,1931.292638783337,9.16347342247976,
tsai,heldout,cam0-1_02:11,cam0-1_02,11,11,1,8.972059488224383,0.5901229480448154,36,7349.525570893418,14.288229004336847,
tsai,heldout,cam0-1_02:15,cam0-1_02,15,15,1,7.518522231745133,0.6101967263959651,40,6767.127338953044,13.00685140507979,
tsai,heldout,cam0-1_02:20,cam0-1_02,20,20,1,7.087840556988671,1.039552846241509,31,4685.758022692263,12.294449341185485,
tsai,heldout,cam0-1_02:24,cam0-1_02,24,24,1,5.474939385860231,1.6189483617381815,15,1620.262148825385,10.393145654149132,
tsai,heldout,cam0-1_02:28,cam0-1_02,28,28,1,8.701673465539727,0.7229484499477116,33,3778.444436418651,10.70038860299525,
tsai,heldout,cam1-3_02:2,cam1-3_02,2,72,1,5.222808555542442,0.40904857445255155,34,245.71117478094905,2.688270681732628,
tsai,heldout,cam1-3_02:6,cam1-3_02,6,76,1,5.407476446324366,0.6040932585094945,36,108.33660789398098,1.734747883491215,
tsai,heldout,cam1-3_02:10,cam1-3_02,10,80,1,4.682528363129419,0.6113904292171356,30,28.70591498012826,0.9781941692071886,
tsai,heldout,cam1-3_02:14,cam1-3_02,14,84,1,2.6677588957713696,0.959106687232783,38,22.72330034940621,0.7732926924148893,
tsai,heldout,cam1-3_02:18,cam1-3_02,18,88,1,4.127207599845043,0.5880787603906382,38,46.7142961392443,1.1087486561938606,
tsai,heldout,cam1-3_02:22,cam1-3_02,22,92,1,4.159781473696541,0.3680316148435266,29,16.930414973362865,0.764072910705897,
tsai,heldout,cam1-3_02:26,cam1-3_02,26,96,1,4.059585106983545,0.3623746474190753,32,17.78263080105096,0.7454577201510777,
tsai,heldout,cam1-3_02:30,cam1-3_02,30,100,1,4.033418663495521,0.5889147471079772,4,18.080094682983116,2.126034729430773,
tsai,heldout,cam1-3_02:34,cam1-3_02,34,104,1,3.6466254006188557,0.39739625134147133,24,71.53070269738416,1.726396810042332,
tsai,heldout,cam1-3_02:38,cam1-3_02,38,108,1,4.326131135553886,0.4166635981024392,14,180.5905235524825,3.591562767221479,
tsai,heldout,cam1-3_02:42,cam1-3_02,42,112,1,6.640652260867225,0.6078624405953224,14,16.964539526904918,1.1007964495538454,
tsai,heldout,cam0-3_01:2,cam0-3_01,2,32,3,46.75766333864014,5.643907763518208,17,29451.671881260565,41.622725609130576,
tsai,heldout,cam0-3_01:6,cam0-3_01,6,36,3,25.784915181783376,2.7243846951105395,21,23138.65814643522,33.19398837313713,
tsai,heldout,cam0-3_01:10,cam0-3_01,10,40,3,28.468655419400736,2.455159397013724,25,40179.56628040779,40.08968260308769,
tsai,heldout,cam0-3_01:14,cam0-3_01,14,44,3,26.31247800394556,2.786888685613218,24,32954.783021598385,37.05557932664481,
tsai,heldout,cam0-3_01:18,cam0-3_01,18,48,3,23.75723545058414,1.9454202228619661,22,22065.048147071688,31.66949216450753,
tsai,heldout,cam0-3_01:22,cam0-3_01,22,52,3,38.23706159189613,5.8749242673667945,10,6111.3867528140145,24.721219130160257,
tsai,heldout,cam0-3_01:30,cam0-3_01,30,60,3,22.30590363703809,5.6515298328650765,25,13607.480796704058,23.330221427756797,
tsai,heldout,cam0-3_01:34,cam0-3_01,34,64,3,38.34066852481631,11.188683083487724,25,18648.920593079558,27.312210158154215,
tsai,heldout,cam0-3_01:38,cam0-3_01,38,68,3,23.537433903703963,2.988944175030694,26,49832.93856032728,43.779578379531145,
tsai,heldout,cam1-3_02:2,cam1-3_02,2,72,3,25.758022022729026,2.82141230309723,40,19434.905139447925,22.042518651147788,
tsai,heldout,cam1-3_02:6,cam1-3_02,6,76,3,15.501761673013865,2.2041019333909193,17,2909.2640362740053,13.081788050735009,
tsai,heldout,cam1-3_02:10,cam1-3_02,10,80,3,22.46539810997475,2.1658249691127383,29,8791.871027782247,17.41171922801565,
tsai,heldout,cam1-3_02:14,cam1-3_02,14,84,3,32.411477417870294,1.8739224882871433,19,31769.61268940981,40.89113447178973,
tsai,heldout,cam1-3_02:18,cam1-3_02,18,88,3,24.20949070617367,2.1028120582562573,35,14622.762599736141,20.43999063442345,
tsai,heldout,cam1-3_02:22,cam1-3_02,22,92,3,30.074209640616203,2.576862772040068,36,29025.56121310211,28.394816239110202,
tsai,heldout,cam1-3_02:26,cam1-3_02,26,96,3,30.29807719794826,2.5610419618443245,36,24009.47828008117,25.82498697433315,
tsai,heldout,cam1-3_02:30,cam1-3_02,30,100,3,27.224782821332095,2.052667552170496,26,13353.434383809632,22.66260422251874,
tsai,heldout,cam1-3_02:34,cam1-3_02,34,104,3,34.235608008025814,2.5486426090997845,40,38224.6463952489,30.91304190598561,
tsai,heldout,cam1-3_02:38,cam1-3_02,38,108,3,27.965872967179905,3.3663733803877167,23,44360.34329248638,43.91708753929603,
tsai,heldout,cam1-3_02:42,cam1-3_02,42,112,3,38.022345473748814,9.366620003042692,7,5610.385282858915,28.310485898991345,
tsai,train,cam0-1_02:0,cam0-1_02,0,0,0,1.3060110397926485,0.1941766722068116,27,166.3842947711552,2.482414406947511,
tsai,train,cam0-1_02:1,cam0-1_02,1,1,0,0.8523093351144243,0.3078939531544197,15,126.20680925435671,2.900652906437408,
tsai,train,cam0-1_02:5,cam0-1_02,5,5,0,1.2529580326341307,0.46884566588125065,15,42.979725630940536,1.692724148248232,
tsai,train,cam0-1_02:6,cam0-1_02,6,6,0,0.9376594772735497,0.4490124217119388,17,58.010830200687096,1.8472687342428025,
tsai,train,cam0-1_02:12,cam0-1_02,12,12,0,0.25300278142153854,0.1502892136359131,24,36.78134004559351,1.2379643917468155,
tsai,train,cam0-1_02:16,cam0-1_02,16,16,0,0.22270904014330412,0.27325979294619157,16,20.783541209795544,1.139724232265078,
tsai,train,cam0-1_02:19,cam0-1_02,19,19,0,2.5317559118018784,0.40613661102232457,21,91.99133762631305,2.092973933656912,
tsai,train,cam0-1_02:21,cam0-1_02,21,21,0,0.7607096212305996,0.13682504340616458,18,59.48350827099038,1.8178667025908017,
tsai,train,cam0-1_02:22,cam0-1_02,22,22,0,2.270766366667067,0.2207473581787893,15,71.58133766180165,2.1845111987475465,
tsai,train,cam0-1_02:23,cam0-1_02,23,23,0,1.1283841990428132,0.20866055916527704,27,80.0317544317118,1.7216675210464891,
tsai,train,cam0-1_02:25,cam0-1_02,25,25,0,1.0650283808577075,0.17692910548607824,16,55.26935564711902,1.858584065342469,
tsai,train,cam0-1_02:26,cam0-1_02,26,26,0,1.5535562719722644,0.19308310314643934,32,388.00395907123396,3.482114834547543,
tsai,train,cam0-1_02:27,cam0-1_02,27,27,0,1.6600102894819526,0.17921844570393364,16,114.0553095059542,2.6699170107181494,
tsai,train,cam0-1_02:29,cam0-1_02,29,29,0,1.4819143453990797,0.38078254826247526,24,210.46426076040785,2.961307852681029,
tsai,train,cam0-3_01:0,cam0-3_01,0,30,0,1.0495544184648586,0.20836259975801363,32,188.6603262774505,2.4280929134138027,
tsai,train,cam0-3_01:1,cam0-3_01,1,31,0,1.2070028634918573,0.1535382086912668,27,193.2427356987778,2.6752828559264517,
tsai,train,cam0-3_01:3,cam0-3_01,3,33,0,1.056308893652401,0.1612703399982728,40,267.73018693532634,2.5871325194862282,
tsai,train,cam0-3_01:4,cam0-3_01,4,34,0,0.5648723840666996,0.18446494711959938,36,111.78994068813006,1.7621793694813916,
tsai,train,cam0-3_01:5,cam0-3_01,5,35,0,0.778534859623259,0.1443036571339828,36,163.95352963188841,2.1340723305447966,
tsai,train,cam0-3_01:7,cam0-3_01,7,37,0,0.8091228207616938,0.19187359326979186,36,119.14843076482862,1.8192522179061237,
tsai,train,cam0-3_01:8,cam0-3_01,8,38,0,0.7270880550168846,0.16110537866566896,30,23.966638963713752,0.8938053286130739,
tsai,train,cam0-3_01:9,cam0-3_01,9,39,0,1.5810813417390106,0.14737715997127476,35,166.34960351337918,2.180102248672749,
tsai,train,cam0-3_01:11,cam0-3_01,11,41,0,2.04615973098009,0.36788058634042525,24,96.20732113554611,2.0021584304564297,
tsai,train,cam0-3_01:12,cam0-3_01,12,42,0,1.1962734464068179,0.22470598035597086,18,115.26530446320697,2.530539078088643,
tsai,train,cam0-3_01:13,cam0-3_01,13,43,0,0.9000561027328221,0.1708787126369823,27,20.203334038089253,0.8650269539386288,
tsai,train,cam0-3_01:15,cam0-3_01,15,45,0,0.6923817827658266,0.22945981562677384,40,29.615460340816,0.8604571508915478,
tsai,train,cam0-3_01:16,cam0-3_01,16,46,0,0.45557914245158737,0.260767624130891,40,62.911108725246095,1.2541043489802404,
tsai,train,cam0-3_01:17,cam0-3_01,17,47,0,0.6351760970323878,0.24125290389145443,36,71.16359881198422,1.405975331812841,
tsai,train,cam0-3_01:19,cam0-3_01,19,49,0,0.37036566561010187,0.32534936948094356,10,65.73321779292557,2.563849016477483,
tsai,train,cam0-3_01:20,cam0-3_01,20,50,0,0.9422137941405864,0.14761775556882778,34,228.00194407992942,2.589582887602293,
tsai,train,cam0-3_01:21,cam0-3_01,21,51,0,1.015815959316853,0.3396924372115713,22,378.86590507204215,4.149840659986193,
tsai,train,cam0-3_01:23,cam0-3_01,23,53,0,1.216841671207141,0.1140314224914407,35,170.608184996583,2.207831418231687,
tsai,train,cam0-3_01:24,cam0-3_01,24,54,0,1.4336650376114963,0.3586105491187788,37,155.3077982023693,2.0487820917617117,
tsai,train,cam0-3_01:25,cam0-3_01,25,55,0,2.2689118113414213,0.24762437259726816,30,167.52589080076095,2.3630904256979597,
tsai,train,cam0-3_01:27,cam0-3_01,27,57,0,0.9972602043690278,0.7648674028705742,17,90.74577382262332,2.3104083395470227,
tsai,train,cam0-3_01:28,cam0-3_01,28,58,0,0.9838118571328105,0.4266663303914478,24,102.5294199748378,2.0668960219658468,
tsai,train,cam0-3_01:29,cam0-3_01,29,59,0,1.43395286429131,0.32806726358619204,33,226.01156714797858,2.6170279647188646,
tsai,train,cam0-3_01:31,cam0-3_01,31,61,0,1.9861837704053358,0.21137085484822055,37,56.51714019050076,1.235916775280172,
tsai,train,cam0-3_01:32,cam0-3_01,32,62,0,1.4566204947127273,0.3521985081925378,28,214.92713370938236,2.7705539267535237,
tsai,train,cam0-3_01:33,cam0-3_01,33,63,0,0.8289511699619319,0.31354906475449335,23,79.38979657134169,1.8578832809707149,
tsai,train,cam0-3_01:35,cam0-3_01,35,65,0,0.8865945518547257,0.34099571811855645,2,18.94228166749717,3.077521865681637,
tsai,train,cam0-3_01:36,cam0-3_01,36,66,0,3.7014445215231606,0.2775942955646685,20,22.646292677872314,1.0641027365314006,
tsai,train,cam0-3_01:37,cam0-3_01,37,67,0,1.9909211849510424,0.33298764772683526,27,139.68267906668868,2.2745180935805953,
tsai,train,cam0-3_01:39,cam0-3_01,39,69,0,1.392846489002624,0.2630135942814594,33,266.46249838119394,2.841587789083153,
tsai,train,cam0-1_02:0,cam0-1_02,0,0,1,8.31467900493907,0.596366608890921,40,6164.141619635568,12.413844710277683,
tsai,train,cam0-1_02:1,cam0-1_02,1,1,1,8.18825567305613,0.6002281571713762,38,7330.118605823011,13.888767333639583,
tsai,train,cam0-1_02:2,cam0-1_02,2,2,1,8.36499231977404,0.6467388949946385,31,6066.912763367227,13.989526916033533,
tsai,train,cam0-1_02:4,cam0-1_02,4,4,1,7.314920009881598,0.4496652975082893,31,5230.771176488231,12.989786529434019,
tsai,train,cam0-1_02:5,cam0-1_02,5,5,1,7.419333705500679,1.2116525065314208,29,2638.6791734130074,9.538812138533899,
tsai,train,cam0-1_02:6,cam0-1_02,6,6,1,4.914849432627466,1.3793234684966058,25,2514.6039603053164,10.02916538961307,
tsai,train,cam0-1_02:8,cam0-1_02,8,8,1,5.650584721920571,1.1305448224629,29,3264.789163839274,10.610322176263683,
tsai,train,cam0-1_02:9,cam0-1_02,9,9,1,5.955736960591269,1.1733636100645932,19,1869.2585968698108,9.918771668619081,
tsai,train,cam0-1_02:10,cam0-1_02,10,10,1,5.026185105433301,1.2447785460561387,10,948.0241918146547,9.736653387148248,
tsai,train,cam0-1_02:12,cam0-1_02,12,12,1,7.674285881341822,0.9747501218027728,28,4136.838798218034,12.155008959005386,
tsai,train,cam0-1_02:13,cam0-1_02,13,13,1,7.270068502260287,0.7666766273397319,32,5806.4201434624665,13.470361148952247,
tsai,train,cam0-1_02:14,cam0-1_02,14,14,1,7.9393565454067945,0.5022022619741647,31,6393.929255096376,14.3616079330437,
tsai,train,cam0-1_02:16,cam0-1_02,16,16,1,8.241128626418652,0.8118766300597782,22,3348.5996852581984,12.337304268058132,
tsai,train,cam0-1_02:17,cam0-1_02,17,17,1,4.725219050235164,1.2412722441867798,26,2505.675427740958,9.816930876612645,
tsai,train,cam0-1_02:18,cam0-1_02,18,18,1,4.4733696395225895,1.5855026011244702,24,2356.7594072462325,9.909505973319744,
tsai,train,cam0-1_02:19,cam0-1_02,19,19,1,7.023120694907533,1.1771496480360821,30,4412.665503038767,12.12801921590217,
tsai,train,cam0-1_02:21,cam0-1_02,21,21,1,6.234201239105072,1.0044641718611471,25,3517.9460542834854,11.862455149392112,
tsai,train,cam0-1_02:22,cam0-1_02,22,22,1,11.256339304886861,1.0530106701380424,18,2486.548087578524,11.753363791741883,
tsai,train,cam0-1_02:23,cam0-1_02,23,23,1,10.665570090702538,2.148802237081674,15,1633.2206129625918,10.434623816770115,
tsai,train,cam0-1_02:25,cam0-1_02,25,25,1,7.6852345638859125,0.8161126358326114,18,2957.763006773606,12.818742802747003,
tsai,train,cam0-1_02:26,cam0-1_02,26,26,1,6.9426475588596475,0.481308760554398,36,2837.7426570434436,8.878411170804911,
tsai,train,cam0-1_02:27,cam0-1_02,27,27,1,6.578896615973003,0.4240028427024813,40,3566.6751066572824,9.442821488645862,
tsai,train,cam0-1_02:29,cam0-1_02,29,29,1,8.886364414903962,0.9912515548841636,10,1619.0955486437242,12.724368544818734,
tsai,train,cam1-3_02:0,cam1-3_02,0,70,1,5.4366514564196455,0.5627213209568884,38,774.1248823185434,4.513502789346137,
tsai,train,cam1-3_02:1,cam1-3_02,1,71,1,4.819710777765226,0.4242627241276174,34,319.8478542574564,3.0671305533187954,
tsai,train,cam1-3_02:3,cam1-3_02,3,73,1,5.8822561276988115,0.40177823084172126,30,340.812037920746,3.3705194353429957,
tsai,train,cam1-3_02:4,cam1-3_02,4,74,1,6.09321557164819,0.486645975640266,40,198.54764572488585,2.2279342771101094,
tsai,train,cam1-3_02:5,cam1-3_02,5,75,1,5.873023953222289,0.5614669680046404,40,188.08758668264497,2.1684532891132617,
tsai,train,cam1-3_02:7,cam1-3_02,7,77,1,5.359813087614822,0.539525771001341,40,91.2642317047314,1.510498524533634,
tsai,train,cam1-3_02:8,cam1-3_02,8,78,1,6.300677286073367,0.7423151249654115,34,81.34767385536432,1.546796251225362,
tsai,train,cam1-3_02:9,cam1-3_02,9,79,1,5.3069925126105435,0.7684070274200682,36,50.042469937356465,1.1790117087506014,
tsai,train,cam1-3_02:11,cam1-3_02,11,81,1,4.477906091658737,0.6147115108026744,40,88.96118124281949,1.4913180516142381,
tsai,train,cam1-3_02:12,cam1-3_02,12,82,1,4.2420920446851405,0.6812279949782345,27,85.77146013960379,1.7823357556620052,
tsai,train,cam1-3_02:13,cam1-3_02,13,83,1,5.49240888567951,0.38930318253924723,36,21.331982599547416,0.7697759883301443,
tsai,train,cam1-3_02:15,cam1-3_02,15,85,1,2.258368945438903,0.3571403451980016,31,33.099245530585534,1.0333042135599873,
tsai,train,cam1-3_02:16,cam1-3_02,16,86,1,1.3021174513651748,0.9411678762203134,32,40.3066340073384,1.1223111479127903,
tsai,train,cam1-3_02:17,cam1-3_02,17,87,1,4.083028680785602,0.3067966052610792,23,13.560036827801124,0.7678325459369698,
tsai,train,cam1-3_02:19,cam1-3_02,19,89,1,3.96269540480241,0.6215532540703793,30,32.41811514882514,1.0395209657790319,
tsai,train,cam1-3_02:20,cam1-3_02,20,90,1,3.812518282715537,0.6676380622125115,34,16.426604738828182,0.6950794440169746,
tsai,train,cam1-3_02:21,cam1-3_02,21,91,1,4.242169740905289,0.8481635709294334,38,46.09437622526306,1.101367286905153,
tsai,train,cam1-3_02:23,cam1-3_02,23,93,1,3.0334476753526918,0.5743099146121384,38,29.099614003898356,0.8750881760668818,
tsai,train,cam1-3_02:24,cam1-3_02,24,94,1,3.2040962320931468,0.2695680785227619,33,3.7281008294124427,0.33611419548486443,
tsai,train,cam1-3_02:25,cam1-3_02,25,95,1,4.341793685779704,0.4392569524892045,40,16.819357175448285,0.6484473219824469,
tsai,train,cam1-3_02:27,cam1-3_02,27,97,1,4.835085004918961,0.5767672668095208,32,26.190581223312243,0.9046853946143419,
tsai,train,cam1-3_02:28,cam1-3_02,28,98,1,6.334432942237769,0.3162253899725554,30,69.43269139498956,1.5213227949714196,
tsai,train,cam1-3_02:29,cam1-3_02,29,99,1,5.586019881596899,0.36711422678783856,36,143.40903587402798,1.9958918632616625,
tsai,train,cam1-3_02:32,cam1-3_02,32,102,1,3.9152844009628294,0.47416009397925185,14,13.832366042037194,0.9939950431766748,
tsai,train,cam1-3_02:33,cam1-3_02,33,103,1,3.4634095108698157,0.3751951847595562,26,53.28024112526443,1.4315166933289325,
tsai,train,cam1-3_02:36,cam1-3_02,36,106,1,4.535603793084186,0.2871126952891953,18,75.33319482104514,2.045770634762867,
tsai,train,cam1-3_02:37,cam1-3_02,37,107,1,7.294228143243695,0.51609700768684,13,97.41424445621865,2.737408157310328,
tsai,train,cam1-3_02:39,cam1-3_02,39,109,1,3.9832982479052284,0.5191292790235225,20,249.70589710478555,3.533453672434277,
tsai,train,cam1-3_02:40,cam1-3_02,40,110,1,4.005250286100003,0.3555941995441076,18,110.05203177948509,2.4726507568856038,
tsai,train,cam1-3_02:41,cam1-3_02,41,111,1,9.051034256023827,0.6720605617739441,11,47.16729332927803,2.0707331448564523,
tsai,train,cam1-3_02:43,cam1-3_02,43,113,1,6.459712351548353,0.5984625153330605,14,21.766346093262808,1.2468917381479554,
tsai,train,cam1-3_02:44,cam1-3_02,44,114,1,3.6779517747475317,0.5519408590782164,36,177.40938414477182,2.2199185679807907,
tsai,train,cam1-3_02:45,cam1-3_02,45,115,1,3.8282461559002523,0.47496624437381707,26,157.4777293494136,2.4610639455748027,
tsai,train,cam1-3_02:46,cam1-3_02,46,116,1,3.4031689836089103,0.4272524770609906,28,174.08150965454587,2.4934307235968354,
tsai,train,cam0-3_01:0,cam0-3_01,0,30,3,51.19163525669376,5.6052603168156265,40,108758.72103680174,52.1437247031706,
tsai,train,cam0-3_01:1,cam0-3_01,1,31,3,47.658069514951194,5.2546207976475126,22,63614.3568689505,53.77324312203409,
tsai,train,cam0-3_01:3,cam0-3_01,3,33,3,40.43174122813723,4.4098167373409325,25,47557.7601099053,43.61548353963546,
tsai,train,cam0-3_01:4,cam0-3_01,4,34,3,32.80769751166302,2.8958500618974186,18,27403.359652662108,39.0180582498968,
tsai,train,cam0-3_01:5,cam0-3_01,5,35,3,32.10289467715664,2.8575072133285264,34,53053.082336435284,39.50170597076838,
tsai,train,cam0-3_01:7,cam0-3_01,7,37,3,39.85929873920228,4.113864263967687,18,35659.309772196924,44.50924359188832,
tsai,train,cam0-3_01:8,cam0-3_01,8,38,3,23.35931618317919,3.140991404339135,22,18251.234354064345,28.80280475141925,
tsai,train,cam0-3_01:9,cam0-3_01,9,39,3,26.332758412339576,2.451481674494706,24,29696.63328281381,35.176124290735075,
tsai,train,cam0-3_01:11,cam0-3_01,11,41,3,27.85459435186031,2.949895813152159,18,31283.61362071802,41.689069724381405,
tsai,train,cam0-3_01:12,cam0-3_01,12,42,3,30.785653919502636,3.5238279420501657,11,10504.454633059284,30.902272103960378,
tsai,train,cam0-3_01:13,cam0-3_01,13,43,3,29.491896498051464,4.433814213072779,18,20072.399563249957,33.39361180030459,
tsai,train,cam0-3_01:15,cam0-3_01,15,45,3,29.117384748723808,2.292609491797197,30,43580.65921540201,38.114152758698445,
tsai,train,cam0-3_01:16,cam0-3_01,16,46,3,28.88104495753207,2.436453081567546,34,43663.548908777455,35.83604368130987,
tsai,train,cam0-3_01:17,cam0-3_01,17,47,3,25.332147305670183,1.8358199678547087,28,31911.020160292777,33.759136414295725,
tsai,train,cam0-3_01:20,cam0-3_01,20,50,3,29.519869278598808,3.9283703155086256,29,43379.94779841287,38.6763528387927,
tsai,train,cam0-3_01:21,cam0-3_01,21,51,3,37.427708390131066,5.59663660673123,20,12440.59465709273,24.94052390898468,
tsai,train,cam0-3_01:23,cam0-3_01,23,53,3,44.6631723634011,4.693368951104296,21,26656.837809297496,35.62826446817423,
tsai,train,cam0-3_01:24,cam0-3_01,24,54,3,50.60181109333597,4.459407222544749,30,79919.403088888,51.613758853264436,
tsai,train,cam0-3_01:25,cam0-3_01,25,55,3,34.21434676802138,2.9037690613485263,30,39905.7204988633,36.47177927241066,
tsai,train,cam0-3_01:27,cam0-3_01,27,57,3,24.52885697860042,2.4974309159189967,14,13110.716799975675,30.601956986879678,
tsai,train,cam0-3_01:28,cam0-3_01,28,58,3,23.486275389799097,1.8604784145496336,23,21172.228139742358,30.340264637106706,
tsai,train,cam0-3_01:29,cam0-3_01,29,59,3,24.92853428118726,2.280179986064213,27,25723.150621773242,30.865989086499365,
tsai,train,cam0-3_01:31,cam0-3_01,31,61,3,32.764138129035224,8.825568132762179,22,26168.385830824183,34.488724001030846,
tsai,train,cam0-3_01:32,cam0-3_01,32,62,3,65.70367020092974,22.309425571229845,20,15354.918182721558,27.70822818471217,
tsai,train,cam0-3_01:33,cam0-3_01,33,63,3,23.39226480312279,2.7482948784910293,28,27298.830954470926,31.224321423754937,
tsai,train,cam0-3_01:35,cam0-3_01,35,65,3,24.445769648904356,9.875477294646918,13,12757.18472030786,31.326057868205233,
tsai,train,cam0-3_01:37,cam0-3_01,37,67,3,24.870468918542223,4.100644979050375,20,17582.468214022974,29.65001535751961,
tsai,train,cam0-3_01:39,cam0-3_01,39,69,3,39.40104560227949,11.719032994843184,15,17709.837303326458,34.3606725810448,
tsai,train,cam1-3_02:0,cam1-3_02,0,70,3,22.34542545407376,2.8220971484122916,33,17037.67111284429,22.72208317970834,
tsai,train,cam1-3_02:1,cam1-3_02,1,71,3,22.96098934675685,2.657572496621913,25,10840.119961955006,20.82317935566517,
tsai,train,cam1-3_02:3,cam1-3_02,3,73,3,30.925123585007206,2.839977246779565,36,37954.99101152731,32.47006784525956,
tsai,train,cam1-3_02:4,cam1-3_02,4,74,3,20.45043453323295,2.2677354487439514,31,9655.40001746703,17.64835733694456,
tsai,train,cam1-3_02:5,cam1-3_02,5,75,3,17.562362241123083,2.264389867545237,23,4979.531210466254,14.713985081438464,
tsai,train,cam1-3_02:7,cam1-3_02,7,77,3,19.061355812155774,2.2417665025087494,27,5656.553698977388,14.474183529685341,
tsai,train,cam1-3_02:8,cam1-3_02,8,78,3,18.0222582651935,2.507175352675341,9,2619.9118277170824,17.06169142232935,
tsai,train,cam1-3_02:9,cam1-3_02,9,79,3,17.82235938081098,2.141055116232779,24,4063.107432038475,13.011385130016063,
tsai,train,cam1-3_02:11,cam1-3_02,11,81,3,20.919735564765595,2.269347364381535,15,5279.7692250470245,18.761253023269393,
tsai,train,cam1-3_02:13,cam1-3_02,13,83,3,26.183637486736526,2.2515321407768605,40,17532.017928149482,20.93562629117498,
tsai,train,cam1-3_02:15,cam1-3_02,15,85,3,36.069652660208156,1.992318089717967,38,77167.09397951548,45.06343306341555,
tsai,train,cam1-3_02:16,cam1-3_02,16,86,3,36.0780052859782,1.8089796921942638,19,47900.0408054919,50.21010634559955,
tsai,train,cam1-3_02:17,cam1-3_02,17,87,3,28.45560322367906,2.240036182687933,38,22391.450510053604,24.274445362005483,
tsai,train,cam1-3_02:19,cam1-3_02,19,89,3,23.811636645406455,2.21117334311853,23,9903.44894150379,20.750535814458413,
tsai,train,cam1-3_02:20,cam1-3_02,20,90,3,27.433749004030158,2.3128900637452445,34,23428.880454298192,26.250423220284745,
tsai,train,cam1-3_02:21,cam1-3_02,21,91,3,21.956049523709517,2.376756466454456,12,4582.203702498619,19.540990469818862,
tsai,train,cam1-3_02:23,cam1-3_02,23,93,3,23.32208221865308,2.1260241035257663,26,14019.206829149662,23.22068609364509,
tsai,train,cam1-3_02:24,cam1-3_02,24,94,3,33.58326684036821,2.223500367037631,38,51138.51076679786,36.68446923885891,
tsai,train,cam1-3_02:25,cam1-3_02,25,95,3,25.57843130890942,2.236073702456862,33,21944.798478398592,25.78747551205441,
tsai,train,cam1-3_02:27,cam1-3_02,27,97,3,21.796781491304827,2.1581638052614673,30,13920.615048208148,21.541135104885683,
tsai,train,cam1-3_02:28,cam1-3_02,28,98,3,23.600511423266525,2.370460492877444,34,11055.618478059969,18.03233898735006,
tsai,train,cam1-3_02:29,cam1-3_02,29,99,3,23.622376314420713,2.2501944211774214,31,12484.162473993823,20.067758183612085,
tsai,train,cam1-3_02:31,cam1-3_02,31,101,3,29.26362837291905,1.6445388723742347,29,19584.516686545252,25.98707681916165,
tsai,train,cam1-3_02:32,cam1-3_02,32,102,3,26.144708481256355,2.0317308647509984,35,13217.320654801837,19.4329033598775,
tsai,train,cam1-3_02:33,cam1-3_02,33,103,3,34.95556308530075,2.549696707532046,36,49442.7672119308,37.05954938111648,
tsai,train,cam1-3_02:35,cam1-3_02,35,105,3,18.662117001800365,2.594343361210064,33,24609.397409582703,27.308227980627013,
tsai,train,cam1-3_02:36,cam1-3_02,36,106,3,30.629125292768606,2.357154526431494,28,32870.158358284854,34.262723579447126,
tsai,train,cam1-3_02:37,cam1-3_02,37,107,3,22.683833772635026,2.250372361228202,27,33127.02097164256,35.02751350943181,
tsai,train,cam1-3_02:39,cam1-3_02,39,109,3,34.02659186545532,3.067573040355584,29,51129.82047524992,41.98925169334694,
tsai,train,cam1-3_02:40,cam1-3_02,40,110,3,24.915448064542105,3.7620647921354156,22,32252.22110012634,38.2885106788674,
tsai,train,cam1-3_02:41,cam1-3_02,41,111,3,30.77526908275618,5.645376600542222,19,32571.58468875724,41.40403278652,
tsai,train,cam1-3_02:43,cam1-3_02,43,113,3,29.526599516899324,5.946965199867094,22,35208.779287468176,40.00498792052412,
tsai,train,cam1-3_02:44,cam1-3_02,44,114,3,31.669601883123317,3.0384047385105366,24,28397.47705161355,34.398084401371804,
tsai,train,cam1-3_02:45,cam1-3_02,45,115,3,35.71469089045733,2.991881710928298,37,78059.27278955137,45.931580371170334,
park,heldout,cam0-1_02:3,cam0-1_02,3,3,0,1.2943876933983869,0.3169174992168996,20,57.62779514497213,1.6974656866189097,
park,heldout,cam0-1_02:7,cam0-1_02,7,7,0,1.1187752840712148,0.10218969676782216,32,51.95589904960758,1.2742142069919944,
park,heldout,cam0-1_02:11,cam0-1_02,11,11,0,1.0824953174538514,0.3210153550182751,16,32.63558284107896,1.428189037756359,
park,heldout,cam0-1_02:20,cam0-1_02,20,20,0,1.8477883755836115,0.4196373354908152,25,135.5678999944062,2.3286725832062025,
park,heldout,cam0-1_02:24,cam0-1_02,24,24,0,1.1735498766273285,0.3444029843679202,32,91.14380758067102,1.6876741352808513,
park,heldout,cam0-1_02:28,cam0-1_02,28,28,0,1.3783260253803586,0.3871807751208694,25,187.69753900917047,2.7400550287114345,
park,heldout,cam0-3_01:2,cam0-3_01,2,32,0,0.7826518179930572,0.0554823497324672,32,141.05282816640445,2.0995001500833808,
park,heldout,cam0-3_01:6,cam0-3_01,6,36,0,0.6123901520828877,0.15703239621976775,32,109.3758823475923,1.8487823894018083,
park,heldout,cam0-3_01:10,cam0-3_01,10,40,0,2.4908559211778303,0.19594993470564015,35,72.27608229297458,1.4370215456479478,
park,heldout,cam0-3_01:14,cam0-3_01,14,44,0,0.9448240872869197,0.2378333141203644,32,32.18455054905331,1.002879456693533,
park,heldout,cam0-3_01:18,cam0-3_01,18,48,0,0.9590178012551965,0.15783072480554705,26,20.963228305508643,0.8979298479003426,
park,heldout,cam0-3_01:22,cam0-3_01,22,52,0,1.0175216124238733,0.42125131413040356,18,50.27486090020859,1.6712414032058223,
park,heldout,cam0-3_01:26,cam0-3_01,26,56,0,1.7969581618178017,0.31108465602773666,9,45.88793698279565,2.258021183415929,
park,heldout,cam0-3_01:30,cam0-3_01,30,60,0,1.095355891231874,1.1013300162509674,6,45.89422141924507,2.765689227517711,
park,heldout,cam0-3_01:38,cam0-3_01,38,68,0,0.6807109304757786,0.13151220852216883,20,47.01417226451746,1.5332020784051505,
park,heldout,cam0-1_02:3,cam0-1_02,3,3,1,6.691292565467258,0.4135363468981703,40,5306.0904566911895,11.517476347589334,
park,heldout,cam0-1_02:7,cam0-1_02,7,7,1,5.337221046804195,1.271952981231655,23,1784.9343243661626,8.80941769868095,
park,heldout,cam0-1_02:11,cam0-1_02,11,11,1,7.332644657987423,0.35076264789885075,36,6385.551677882661,13.318274493970328,
park,heldout,cam0-1_02:15,cam0-1_02,15,15,1,6.504856166488892,0.292197190042342,40,6107.580414433705,12.356759703127784,
park,heldout,cam0-1_02:20,cam0-1_02,20,20,1,6.018844582746495,1.0237793367156542,31,3051.55787926695,9.921559904777835,
park,heldout,cam0-1_02:24,cam0-1_02,24,24,1,5.333010622204268,1.5376157033640825,15,922.3515780628497,7.841562676162831,
park,heldout,cam0-1_02:28,cam0-1_02,28,28,1,6.825008071411621,0.5529081250121386,33,2676.432900936529,9.005777440127362,
park,heldout,cam1-3_02:2,cam1-3_02,2,72,1,4.13725125707464,0.2078240467165742,34,131.53001625452666,1.9668578723026784,
park,heldout,cam1-3_02:6,cam1-3_02,6,76,1,5.7932662741861565,0.5526215256302285,36,174.34024233408107,2.2006327520238425,
park,heldout,cam1-3_02:10,cam1-3_02,10,80,1,4.351602055707206,0.5254197476247461,30,40.22434822659915,1.1579341982830047,
park,heldout,cam1-3_02:14,cam1-3_02,14,84,1,2.4211956897055025,0.8751170653284327,38,18.116352885627286,0.6904680503608687,
park,heldout,cam1-3_02:18,cam1-3_02,18,88,1,4.447226005642246,0.5300570033521704,38,24.685436881719834,0.8059880644558323,
park,heldout,cam1-3_02:22,cam1-3_02,22,92,1,3.7937010307355017,0.24708960553875406,29,16.46056807121234,0.7533961743724521,
park,heldout,cam1-3_02:26,cam1-3_02,26,96,1,3.482512347723948,0.27848348097625797,32,5.220801416975938,0.4039183633860908,
park,heldout,cam1-3_02:30,cam1-3_02,30,100,1,4.343003090482482,0.20237825796419845,4,8.726757936688157,1.477054326750387,
park,heldout,cam1-3_02:34,cam1-3_02,34,104,1,2.318489884319421,0.2650977432219324,24,22.85117088369283,0.9757725760410916,
park,heldout,cam1-3_02:38,cam1-3_02,38,108,1,2.390527853737924,0.42822175789306866,14,34.735977581608154,1.5751638822132616,
park,heldout,cam1-3_02:42,cam1-3_02,42,112,1,5.676018187783644,0.4667541484069743,14,19.894987166383952,1.1920866209653425,
park,heldout,cam0-3_01:2,cam0-3_01,2,32,3,31.079866465454334,4.865893035083383,17,19816.960685016977,34.142401346520444,
park,heldout,cam0-3_01:6,cam0-3_01,6,36,3,22.564985933509675,2.297381424290551,21,19210.70108219259,30.24558297715914,
park,heldout,cam0-3_01:10,cam0-3_01,10,40,3,23.388892733830016,1.6478178595011765,25,35098.208175075946,37.46903157279406,
park,heldout,cam0-3_01:14,cam0-3_01,14,44,3,23.388681321467214,2.6095772249686906,24,25173.466223824318,32.38663962180516,
park,heldout,cam0-3_01:18,cam0-3_01,18,48,3,14.526381560192046,2.1788904269296356,22,6955.55563988322,17.78093417103533,
park,heldout,cam0-3_01:22,cam0-3_01,22,52,3,18.323868688958356,4.639696978499252,10,1241.0097297876164,11.140061623651892,
park,heldout,cam0-3_01:30,cam0-3_01,30,60,3,27.420721533655765,5.987327859440829,25,22347.459622028673,29.898133468180703,
park,heldout,cam0-3_01:34,cam0-3_01,34,64,3,42.64558315637472,12.210798832099174,25,8480.936492668712,18.418400031130513,
park,heldout,cam0-3_01:38,cam0-3_01,38,68,3,11.687406271097775,2.599812699784688,26,19875.931901616746,27.648850234556804,
park,heldout,cam1-3_02:2,cam1-3_02,2,72,3,16.196358470981973,1.450739810887511,40,13484.827195660306,18.360846382765356,
park,heldout,cam1-3_02:6,cam1-3_02,6,76,3,17.18166460770215,1.596967848033107,17,5882.98396557137,18.602631005525204,
park,heldout,cam1-3_02:10,cam1-3_02,10,80,3,19.579766517574626,1.379160229571918,29,8215.871004159048,16.831693221275735,
park,heldout,cam1-3_02:14,cam1-3_02,14,84,3,22.60664158191905,1.4927926454789078,19,9257.214023231194,22.07310106660092,
park,heldout,cam1-3_02:18,cam1-3_02,18,88,3,22.990545341275173,1.5097044172894685,35,11336.472949035393,17.997200535508206,
park,heldout,cam1-3_02:22,cam1-3_02,22,92,3,26.081670723064367,1.8658163513501311,36,15995.222348018153,21.07870327817613,
park,heldout,cam1-3_02:26,cam1-3_02,26,96,3,25.22061972306333,1.85080437413628,36,11333.143609415361,17.74287306796682,
park,heldout,cam1-3_02:30,cam1-3_02,30,100,3,23.771567279153313,1.1987864655123968,26,16594.318238128937,25.26347183501914,
park,heldout,cam1-3_02:34,cam1-3_02,34,104,3,27.187002993623185,1.7305625835285758,40,20788.352960798795,22.797123152274494,
park,heldout,cam1-3_02:38,cam1-3_02,38,108,3,25.329397681843673,3.7492073704771625,23,42005.43486875756,42.7355034504494,
park,heldout,cam1-3_02:42,cam1-3_02,42,112,3,38.84460744575046,10.391981126364472,7,6238.117384270177,29.852296834989282,
park,train,cam0-1_02:0,cam0-1_02,0,0,0,0.961873368702433,0.07772739009568269,27,102.31315655807775,1.9466320065224691,
park,train,cam0-1_02:1,cam0-1_02,1,1,0,0.6201317968276029,0.19480100838541733,15,52.55807281637932,1.8718631149450953,
park,train,cam0-1_02:5,cam0-1_02,5,5,0,0.7858583069522443,0.406196386575642,15,46.07819188304424,1.7526777966499194,
park,train,cam0-1_02:6,cam0-1_02,6,6,0,1.0071938767700144,0.3564978565160295,17,46.28259283559043,1.650001654822529,
park,train,cam0-1_02:12,cam0-1_02,12,12,0,0.6940517156655204,0.07188080374502524,24,28.06736926322322,1.0814220819370055,
park,train,cam0-1_02:16,cam0-1_02,16,16,0,0.943356306374089,0.18922147147753193,16,18.001718338374754,1.0607107976015056,
park,train,cam0-1_02:19,cam0-1_02,19,19,0,1.9878906121146138,0.4772421594239248,21,101.53457883105403,2.198858782263178,
park,train,cam0-1_02:21,cam0-1_02,21,21,0,1.0762576181255612,0.13611190962965528,18,55.01009118842275,1.7481750991060927,
park,train,cam0-1_02:22,cam0-1_02,22,22,0,1.7730523997739431,0.17861375397810245,15,73.3172645688461,2.210840934559308,
park,train,cam0-1_02:23,cam0-1_02,23,23,0,1.3327821545366847,0.15703704543381652,27,104.71154301595699,1.969315946436045,
park,train,cam0-1_02:25,cam0-1_02,25,25,0,1.130193326882339,0.0605903307314114,16,54.91792158182207,1.8526656737965108,
park,train,cam0-1_02:26,cam0-1_02,26,26,0,1.5241859351544196,0.1605319337796597,32,270.9656373786061,2.909927175735063,
park,train,cam0-1_02:27,cam0-1_02,27,27,0,1.161795653049405,0.13842616386942722,16,83.46856965450675,2.2840283718480103,
park,train,cam0-1_02:29,cam0-1_02,29,29,0,1.2172153276727762,0.45066985821373234,24,160.8331803759748,2.588702863533321,
park,train,cam0-3_01:0,cam0-3_01,0,30,0,0.9437759064757958,0.14732144088014837,32,160.57485905622332,2.2400813256457854,
park,train,cam0-3_01:1,cam0-3_01,1,31,0,0.9916999118559473,0.08947130242903031,27,143.85706547323,2.3082546354272706,
park,train,cam0-3_01:3,cam0-3_01,3,33,0,0.7712023231924197,0.1334469125825322,40,174.32284163434048,2.087599348739722,
park,train,cam0-3_01:4,cam0-3_01,4,34,0,0.2583359256876172,0.16779185582965261,36,52.55089703594814,1.2081999585695442,
park,train,cam0-3_01:5,cam0-3_01,5,35,0,0.47198369917008126,0.11368913300636886,36,87.0550529109336,1.555054955360935,
park,train,cam0-3_01:7,cam0-3_01,7,37,0,0.5585064945910525,0.20130068086815878,36,77.61205596091153,1.468295080478939,
park,train,cam0-3_01:8,cam0-3_01,8,38,0,0.5895489709060926,0.16941658311609284,30,4.344080721790773,0.38052948732832664,
park,train,cam0-3_01:9,cam0-3_01,9,39,0,1.3495904808131125,0.1431680959246951,35,75.11223145597889,1.4649449668452093,
park,train,cam0-3_01:11,cam0-3_01,11,41,0,2.0268819224935295,0.3520521236488703,24,25.225866906136314,1.0252208482837637,
park,train,cam0-3_01:12,cam0-3_01,12,42,0,0.8677702872443285,0.19215382175616313,18,42.45523194446692,1.53578123341667,
park,train,cam0-3_01:13,cam0-3_01,13,43,0,0.9418081307261187,0.1283172577453301,27,11.497628429760224,0.6525627096234655,
park,train,cam0-3_01:15,cam0-3_01,15,45,0,0.9197563874393334,0.19368099163346456,40,52.775161867939964,1.1486422622812114,
park,train,cam0-3_01:16,cam0-3_01,16,46,0,0.46982173176726044,0.23051453319595996,40,44.263790170278334,1.0519480758369009,
park,train,cam0-3_01:17,cam0-3_01,17,47,0,0.7865352272921803,0.21593220725960058,36,33.10639275028119,0.9589692491634673,
park,train,cam0-3_01:19,cam0-3_01,19,49,0,0.9519086760091168,0.3958747399250955,10,8.959402890616154,0.946541224174423,
park,train,cam0-3_01:20,cam0-3_01,20,50,0,0.4578605349587531,0.1870250309979895,34,116.3542005249212,1.8499141516243491,
park,train,cam0-3_01:21,cam0-3_01,21,51,0,0.4893303659743713,0.3957468586325105,22,205.02086499324116,3.052725049355986,
park,train,cam0-3_01:23,cam0-3_01,23,53,0,1.0215840437895427,0.13752493811826677,35,114.31882243763971,1.807277529779765,
park,train,cam0-3_01:24,cam0-3_01,24,54,0,1.2804644572959216,0.28095803415235987,37,81.26158667745729,1.4819781035463166,
park,train,cam0-3_01:25,cam0-3_01,25,55,0,2.0166548346285893,0.23247914186389096,30,70.24371278704946,1.5301820456735364,
park,train,cam0-3_01:27,cam0-3_01,27,57,0,0.6991647071199675,0.7359122994995968,17,33.730269331583614,1.40859273393453,
park,train,cam0-3_01:28,cam0-3_01,28,58,0,0.7424362957377031,0.39113512482764434,24,37.60894083488105,1.2518143638149295,
park,train,cam0-3_01:29,cam0-3_01,29,59,0,1.0935295521300685,0.2890020337916609,33,83.27665427124447,1.5885638098346881,
park,train,cam0-3_01:31,cam0-3_01,31,61,0,2.0037555006460854,0.15890033931339012,37,39.379000719625644,1.031647864703184,
park,train,cam0-3_01:32,cam0-3_01,32,62,0,1.3118098588997558,0.3320177880634852,28,73.44475596908102,1.6195761787874476,
park,train,cam0-3_01:33,cam0-3_01,33,63,0,0.7934049949447525,0.2594647977362213,23,34.060599049448825,1.2169205441792825,
park,train,cam0-3_01:35,cam0-3_01,35,65,0,0.23441971886700658,0.26892466471396725,2,3.9959083573116034,1.4134900702360105,
park,train,cam0-3_01:36,cam0-3_01,36,66,0,4.102687707288654,0.38945795104391245,20,18.13178768976243,0.9521498750134463,
park,train,cam0-3_01:37,cam0-3_01,37,67,0,1.7828553561481446,0.3274302526332939,27,41.732665062593796,1.2432434442125757,
park,train,cam0-3_01:39,cam0-3_01,39,69,0,1.0406862527012783,0.216216859847412,33,97.24584317423847,1.716637332855336,
park,train,cam0-1_02:0,cam0-1_02,0,0,1,7.14847611642777,0.3786137386024691,40,6039.145523081914,12.287336492383035,
park,train,cam0-1_02:1,cam0-1_02,1,1,1,7.756346641162468,0.3326204019243685,38,7075.408475879687,13.645327401406341,
park,train,cam0-1_02:2,cam0-1_02,2,2,1,7.891286172870497,0.371293269759385,31,5629.599187929292,13.475903450387685,
park,train,cam0-1_02:4,cam0-1_02,4,4,1,7.115993192625982,0.11561957042533225,31,5347.1593189518235,13.133507158743566,
park,train,cam0-1_02:5,cam0-1_02,5,5,1,6.462381285298083,1.0142827767767582,29,3422.1388577416174,10.863000883641076,
park,train,cam0-1_02:6,cam0-1_02,6,6,1,4.246739298478975,1.3921528687140234,25,2495.7597100841426,9.991515821103707,
park,train,cam0-1_02:8,cam0-1_02,8,8,1,4.483455854908744,1.0502660746533996,29,3137.247248717476,10.401006663345017,
park,train,cam0-1_02:9,cam0-1_02,9,9,1,4.2403720331752375,0.9977894935378654,19,1761.281106589979,9.628032281312672,
park,train,cam0-1_02:10,cam0-1_02,10,10,1,4.606023814171133,1.2574412662719274,10,975.7909056276246,9.87821292353847,
park,train,cam0-1_02:12,cam0-1_02,12,12,1,6.297759319752341,0.7402779163545751,28,4384.188957578426,12.513120196672466,
park,train,cam0-1_02:13,cam0-1_02,13,13,1,6.556517502500958,0.5354498053664174,32,5929.83198639668,13.612760542039085,
park,train,cam0-1_02:14,cam0-1_02,14,14,1,7.224613687580187,0.17059135083850963,31,5693.381829776567,13.552028570656471,
park,train,cam0-1_02:16,cam0-1_02,16,16,1,6.7718482004007114,0.5352393056339492,22,3070.719940043093,11.814320932362888,
park,train,cam0-1_02:17,cam0-1_02,17,17,1,3.8692312970023814,1.2127980159024414,26,1866.2750461579787,8.472296587561992,
park,train,cam0-1_02:18,cam0-1_02,18,18,1,3.8222339053171077,1.5763964370403234,24,1759.6284926772714,8.562584531644227,
park,train,cam0-1_02:19,cam0-1_02,19,19,1,6.091031285443163,1.171448082743614,30,2912.6415342292958,9.853326907241865,
park,train,cam0-1_02:21,cam0-1_02,21,21,1,5.911129620150251,0.9557640228407995,25,2606.2315399264676,10.210252768519432,
park,train,cam0-1_02:22,cam0-1_02,22,22,1,11.603515659365561,1.108972163060749,18,1758.743957321909,9.88473558720692,
park,train,cam0-1_02:23,cam0-1_02,23,23,1,11.411761644812886,2.1903025108715406,15,981.6205386739379,8.089583997025384,
park,train,cam0-1_02:25,cam0-1_02,25,25,1,7.815146289691594,0.7559045753327827,18,2290.8331893553623,11.281334607205938,
park,train,cam0-1_02:26,cam0-1_02,26,26,1,5.486849792702047,0.28399631772885614,36,2083.7945796862687,7.608099813295237,
park,train,cam0-1_02:27,cam0-1_02,27,27,1,5.426995304428022,0.21049405175044086,40,2703.7255719083582,8.221504685743904,
park,train,cam0-1_02:29,cam0-1_02,29,29,1,6.984223867802032,0.7942390625127433,10,1112.231044191946,10.546236504990517,
park,train,cam1-3_02:0,cam1-3_02,0,70,1,4.34009029663206,0.42714051307449863,38,456.23530839337747,3.4649952851542976,
park,train,cam1-3_02:1,cam1-3_02,1,71,1,3.9922417849077463,0.30298463608424997,34,188.31480367114096,2.3534380587153825,
park,train,cam1-3_02:3,cam1-3_02,3,73,1,5.055126500476874,0.2011296573477841,30,233.97630045183726,2.7927065751813673,
park,train,cam1-3_02:4,cam1-3_02,4,74,1,5.972857173991393,0.4628130713800671,40,148.73499423172456,1.9283088071657801,
park,train,cam1-3_02:5,cam1-3_02,5,75,1,6.044611386966549,0.5232206308315861,40,186.92188772992753,2.1617231999606674,
park,train,cam1-3_02:7,cam1-3_02,7,77,1,5.3565567608747084,0.46655679067360706,40,123.59412679625731,1.757797818267628,
park,train,cam1-3_02:8,cam1-3_02,8,78,1,6.546478283490808,0.6569356165670347,34,209.98377925490033,2.4851546244644553,
park,train,cam1-3_02:9,cam1-3_02,9,79,1,5.373838967412821,0.706388558270295,36,122.42058530848857,1.8440639398146375,
park,train,cam1-3_02:11,cam1-3_02,11,81,1,5.034720297977184,0.5231352534533924,40,106.74410044768169,1.6335857832363878,
park,train,cam1-3_02:12,cam1-3_02,12,82,1,5.220204760633623,0.5885202172970789,27,88.3731303312313,1.8091652498201247,
park,train,cam1-3_02:13,cam1-3_02,13,83,1,5.095292751039988,0.30027413725428775,36,17.6500408572653,0.7001991950165424,
park,train,cam1-3_02:15,cam1-3_02,15,85,1,2.3205403336538715,0.2616928020749109,31,6.756958198161142,0.46686871119091833,
park,train,cam1-3_02:16,cam1-3_02,16,86,1,1.4694393044164915,0.8440809840310999,32,17.96340897921811,0.7492372992587635,
park,train,cam1-3_02:17,cam1-3_02,17,87,1,4.233223946568268,0.26477034220010787,23,11.124030752913546,0.6954520191905702,
park,train,cam1-3_02:19,cam1-3_02,19,89,1,4.401106681879269,0.5293455131456223,30,30.91998374081986,1.0152172795485679,
park,train,cam1-3_02:20,cam1-3_02,20,90,1,3.9795433126349034,0.5884625959433248,34,20.90463204420439,0.7841186893240002,
park,train,cam1-3_02:21,cam1-3_02,21,91,1,4.943291321180477,0.7601246260947074,38,86.6756160175815,1.5102772141632033,
park,train,cam1-3_02:23,cam1-3_02,23,93,1,4.151636242375624,0.530348737199745,38,35.731366583979955,0.9696902189003721,
park,train,cam1-3_02:24,cam1-3_02,24,94,1,3.3490064480983794,0.1987916881975513,33,20.125328036959395,0.7809343284568849,
park,train,cam1-3_02:25,cam1-3_02,25,95,1,4.392958043246945,0.36642383887706176,40,30.161478260907145,0.8683530137695605,
park,train,cam1-3_02:27,cam1-3_02,27,97,1,5.136663337825443,0.5091800752722521,32,39.27039807302158,1.1077905667507395,
park,train,cam1-3_02:28,cam1-3_02,28,98,1,6.280433776748711,0.27114800734060335,30,50.264374880640354,1.2944030140138008,
park,train,cam1-3_02:29,cam1-3_02,29,99,1,5.766284962152294,0.3509379196172886,36,83.90938491446103,1.5267010996340826,
park,train,cam1-3_02:32,cam1-3_02,32,102,1,3.9525393322814955,0.22505969483304827,14,11.229204426375897,0.8955925582849722,
park,train,cam1-3_02:33,cam1-3_02,33,103,1,2.4054801698732784,0.29426223606528457,26,15.36023812721362,0.7686210961899342,
park,train,cam1-3_02:36,cam1-3_02,36,106,1,2.7575592558866258,0.16964837408307734,18,24.200282584359933,1.1595085784829502,
park,train,cam1-3_02:37,cam1-3_02,37,107,1,5.118415811365932,0.3561376741661615,13,35.58752433094101,1.6545397763761518,
park,train,cam1-3_02:39,cam1-3_02,39,109,1,1.7266957999119343,0.5195350322344933,20,33.90465385893083,1.3020110187500493,
park,train,cam1-3_02:40,cam1-3_02,40,110,1,2.322808620475477,0.3556952640868629,18,31.38203848663239,1.3203963732874642,
park,train,cam1-3_02:41,cam1-3_02,41,111,1,7.250160268374782,0.6589755406271729,11,21.73902559216278,1.4058005028569949,
park,train,cam1-3_02:43,cam1-3_02,43,113,1,4.952669556889815,0.5001500348305834,14,27.011259737598614,1.3890196886807467,
park,train,cam1-3_02:44,cam1-3_02,44,114,1,1.9314390336526421,0.46141183090916854,36,5.0777595685902295,0.37556474395939266,
park,train,cam1-3_02:45,cam1-3_02,45,115,1,1.8670299813039466,0.41856751076742466,26,14.654171892016546,0.750747624602829,
park,train,cam1-3_02:46,cam1-3_02,46,116,1,1.5624455280093819,0.34138660105167085,28,16.308366931928926,0.7631786659363053,
park,train,cam0-3_01:0,cam0-3_01,0,30,3,36.10980893903133,4.765152921845293,40,58488.19050958973,38.23878610442208,
park,train,cam0-3_01:1,cam0-3_01,1,31,3,34.64698590181214,4.490251049839121,22,40206.651189917386,42.750146831176544,
park,train,cam0-3_01:3,cam0-3_01,3,33,3,25.951231315835734,3.5582316420174602,25,32732.86904463262,36.18445469791282,
park,train,cam0-3_01:4,cam0-3_01,4,34,3,22.356832980244565,1.9556477634931921,18,19952.31769122293,33.29357436438493,
park,train,cam0-3_01:5,cam0-3_01,5,35,3,23.141875489265082,2.093391978369313,34,42276.0087507283,35.26204789969301,
park,train,cam0-3_01:7,cam0-3_01,7,37,3,26.753996926391412,3.1591387746732558,18,26929.80782732559,38.67945753046986,
park,train,cam0-3_01:8,cam0-3_01,8,38,3,24.494638200064443,2.1203018445751374,22,16915.985243143743,27.729197971504647,
park,train,cam0-3_01:9,cam0-3_01,9,39,3,22.033754744735383,1.616458444150483,24,26687.98127441844,33.34665230225419,
park,train,cam0-3_01:11,cam0-3_01,11,41,3,24.92336188810407,2.7544459133361583,18,27504.94065142614,39.09030900891631,
park,train,cam0-3_01:12,cam0-3_01,12,42,3,35.65302503481658,3.882376165454493,11,9650.927310860838,29.620213170402337,
park,train,cam0-3_01:13,cam0-3_01,13,43,3,32.5644471899433,4.60498386040029,18,16913.591396093292,30.653612616617103,
park,train,cam0-3_01:15,cam0-3_01,15,45,3,20.49913972704779,1.338048195791264,30,30625.6396939589,31.95081620968855,
park,train,cam0-3_01:16,cam0-3_01,16,46,3,18.810754955208715,1.452183738168636,34,27984.88286417272,28.689454336440892,
park,train,cam0-3_01:17,cam0-3_01,17,47,3,17.095997833936718,1.0455970884673362,28,16529.3634825105,24.296798350598802,
park,train,cam0-3_01:20,cam0-3_01,20,50,3,12.276113377879156,2.8580703732577732,29,14070.244192727772,22.026820792660754,
park,train,cam0-3_01:21,cam0-3_01,21,51,3,21.031434215628956,4.445942297936377,20,3071.8804964321184,12.393305645452545,
park,train,cam0-3_01:23,cam0-3_01,23,53,3,33.7185490722337,4.027833443771969,21,23693.507654789,33.58961549758595,
park,train,cam0-3_01:24,cam0-3_01,24,54,3,44.05611734383508,3.7117721019560377,30,66895.13637869433,47.22115923280379,
park,train,cam0-3_01:25,cam0-3_01,25,55,3,30.683073247212164,2.239821466426723,30,46593.31273433567,39.40952200265636,
park,train,cam0-3_01:27,cam0-3_01,27,57,3,27.90225736224214,2.4505389749739352,14,17719.676154166624,35.57655342875479,
park,train,cam0-3_01:28,cam0-3_01,28,58,3,25.870815298070394,1.6356760087346252,23,27263.05330725947,34.42891435688744,
park,train,cam0-3_01:29,cam0-3_01,29,59,3,27.429335567278464,2.2981347589683274,27,33011.0429494143,34.96614391591784,
park,train,cam0-3_01:31,cam0-3_01,31,61,3,34.82267029574206,8.961535413312552,22,29713.874150176456,36.75092710653487,
park,train,cam0-3_01:32,cam0-3_01,32,62,3,72.06506081595634,22.666616949940238,20,20209.26389829789,31.787783737072555,
park,train,cam0-3_01:33,cam0-3_01,33,63,3,19.816926699703636,2.680016092439088,28,21737.507354526435,27.862870425997823,
park,train,cam0-3_01:35,cam0-3_01,35,65,3,19.52396809912554,10.168293387538608,13,5361.624673906542,20.308438325572457,
park,train,cam0-3_01:37,cam0-3_01,37,67,3,8.857515946020323,3.2926737407845943,20,4752.790361559943,15.415560907018504,
park,train,cam0-3_01:39,cam0-3_01,39,69,3,41.861076652838086,12.08085536537135,15,11300.028257685173,27.44695278494521,
park,train,cam1-3_02:0,cam1-3_02,0,70,3,13.816835998110333,1.315293119508034,33,11514.716942916477,18.67968994528588,
park,train,cam1-3_02:1,cam1-3_02,1,71,3,15.202110375657922,1.421028530691249,25,6848.440750344373,16.551061295692637,
park,train,cam1-3_02:3,cam1-3_02,3,73,3,20.43715475020576,1.1217075307031104,36,26777.85552092783,27.273234498786042,
park,train,cam1-3_02:4,cam1-3_02,4,74,3,14.35316579755414,1.313614634396681,31,4313.967224685704,11.796619560466361,
park,train,cam1-3_02:5,cam1-3_02,5,75,3,15.207492220246307,1.500570272335698,23,4205.546010371121,13.522197548397036,
park,train,cam1-3_02:7,cam1-3_02,7,77,3,17.615105528307666,1.4815253098012608,27,7207.764248327869,16.33873408252765,
park,train,cam1-3_02:8,cam1-3_02,8,78,3,22.70391761554025,1.9645022161798764,9,7018.562728771571,27.925620909781777,
park,train,cam1-3_02:9,cam1-3_02,9,79,3,19.031634379778087,1.5448595392766002,24,6901.459096237864,16.957617629743208,
park,train,cam1-3_02:11,cam1-3_02,11,81,3,21.61475599467712,1.6382776048294987,15,7059.503889204859,21.69409119123586,
park,train,cam1-3_02:13,cam1-3_02,13,83,3,18.530309560212395,1.331464792055084,40,7913.124416247891,14.06513812254246,
park,train,cam1-3_02:15,cam1-3_02,15,85,3,26.164730024633243,1.5381376044901665,38,27972.142715702907,27.131329101875696,
park,train,cam1-3_02:16,cam1-3_02,16,86,3,25.991225253114646,1.538202666526111,19,15233.867232282622,28.315763911814418,
park,train,cam1-3_02:17,cam1-3_02,17,87,3,21.604481639787142,1.412401877362028,38,10815.566910540083,16.870690023123476,
park,train,cam1-3_02:19,cam1-3_02,19,89,3,23.829043857175048,1.6098041816860191,23,9765.461564058663,20.605467366547522,
park,train,cam1-3_02:20,cam1-3_02,20,90,3,23.829793609428265,1.7599888195787368,34,9084.709526268123,16.34617199860218,
park,train,cam1-3_02:21,cam1-3_02,21,91,3,22.530945755452574,1.851853496237225,12,2928.7832429982955,15.622588461898943,
park,train,cam1-3_02:23,cam1-3_02,23,93,3,21.137293589285754,1.573710038075896,26,6475.072489499286,15.781040827401924,
park,train,cam1-3_02:24,cam1-3_02,24,94,3,24.7476200336599,1.5191995761876134,38,20915.53206368765,23.460791515166235,
park,train,cam1-3_02:25,cam1-3_02,25,95,3,19.674259647700094,1.5945358004059673,33,6964.385564529439,14.527284219836906,
park,train,cam1-3_02:27,cam1-3_02,27,97,3,17.533832169500215,1.5624628759720343,30,3612.8328637572286,10.973958361741717,
park,train,cam1-3_02:28,cam1-3_02,28,98,3,18.09020389087287,1.5064323932064418,34,5494.093429887373,12.711844210498395,
park,train,cam1-3_02:29,cam1-3_02,29,99,3,16.797389476243943,1.2357020221137627,31,7284.929465141876,15.329635503885799,
park,train,cam1-3_02:31,cam1-3_02,31,101,3,26.741351321327986,0.9311800914768665,29,24758.342861718644,29.21876042457857,
park,train,cam1-3_02:32,cam1-3_02,32,102,3,23.677509301596295,1.319411832908093,35,15822.54329815834,21.26200050939861,
park,train,cam1-3_02:33,cam1-3_02,33,103,3,27.802362621450488,1.750158831647459,36,27140.4065212293,27.457242781190875,
park,train,cam1-3_02:35,cam1-3_02,35,105,3,16.185610411575627,2.6760021347855,33,20578.44385266715,24.971768212455046,
park,train,cam1-3_02:36,cam1-3_02,36,106,3,26.08187128223638,2.008755831934083,28,32103.885844912762,33.86100045190672,
park,train,cam1-3_02:37,cam1-3_02,37,107,3,18.5436149885519,2.5877027775658217,27,30543.857677496235,33.63411940359694,
park,train,cam1-3_02:39,cam1-3_02,39,109,3,34.145601802352736,2.7557086908463138,29,45771.321645984324,39.72809378850721,
park,train,cam1-3_02:40,cam1-3_02,40,110,3,22.322095409781536,4.414029541633236,22,33914.741085968504,39.26294869557425,
park,train,cam1-3_02:41,cam1-3_02,41,111,3,27.608171266434447,6.511216208599741,19,35881.55093905844,43.456906021978554,
park,train,cam1-3_02:43,cam1-3_02,43,113,3,25.87675305227876,6.738216946429291,22,36832.48503743369,40.91703637041538,
park,train,cam1-3_02:44,cam1-3_02,44,114,3,32.70039601902599,2.4752288409140375,24,25087.149705690805,32.331067170815494,
park,train,cam1-3_02:45,cam1-3_02,45,115,3,33.866278712402114,2.280928043502785,37,67762.77061764832,42.795165999320695,
horaud,heldout,cam0-1_02:3,cam0-1_02,3,3,0,1.3277471382356236,0.31724309344213303,20,58.48905478685165,1.7101031370483426,
horaud,heldout,cam0-1_02:7,cam0-1_02,7,7,0,1.128547922946367,0.10100245851794167,32,53.29108774015059,1.290483045948185,
horaud,heldout,cam0-1_02:11,cam0-1_02,11,11,0,1.1057361789232483,0.3239104894905168,16,34.08539010669551,1.4595673611274231,
horaud,heldout,cam0-1_02:20,cam0-1_02,20,20,0,1.8320979968634463,0.42593746253405806,25,138.60161884573324,2.354583775071367,
horaud,heldout,cam0-1_02:24,cam0-1_02,24,24,0,1.1666710881841096,0.3474027868909407,32,95.1976820920176,1.7247978331896032,
horaud,heldout,cam0-1_02:28,cam0-1_02,28,28,0,1.373151490762658,0.38982927441787174,25,197.01600925987282,2.8072478284602718,
horaud,heldout,cam0-3_01:2,cam0-3_01,2,32,0,0.7893938912506058,0.05031672678366222,32,142.55735685002645,2.110667525112216,
horaud,heldout,cam0-3_01:6,cam0-3_01,6,36,0,0.6164236937990373,0.1511595382867969,32,109.0861649122121,1.8463322164514782,
horaud,heldout,cam0-3_01:10,cam0-3_01,10,40,0,2.474024381824792,0.1937358175139943,35,69.03790987417483,1.4044613596289182,
horaud,heldout,cam0-3_01:14,cam0-3_01,14,44,0,0.9496513873513482,0.23759315534866532,32,32.80655263027606,1.0125239600602678,
horaud,heldout,cam0-3_01:18,cam0-3_01,18,48,0,0.9595740723933464,0.1555217474050203,26,18.639729117902444,0.8467069495290938,
horaud,heldout,cam0-3_01:22,cam0-3_01,22,52,0,1.0144259759343177,0.419629825577837,18,49.063960771648986,1.6509923071973849,
horaud,heldout,cam0-3_01:26,cam0-3_01,26,56,0,1.7709333458176997,0.30956804291410506,9,44.48189173415552,2.2231582073496634,
horaud,heldout,cam0-3_01:30,cam0-3_01,30,60,0,1.1567558808382867,1.1007066686738305,6,45.461208959275055,2.7526111530470803,
horaud,heldout,cam0-3_01:38,cam0-3_01,38,68,0,0.6926858706841874,0.12814925139777483,20,46.78903769505763,1.5295266865121646,
horaud,heldout,cam0-1_02:3,cam0-1_02,3,3,1,6.659548793535489,0.4215092227439229,40,5268.098658522473,11.476169503064245,
horaud,heldout,cam0-1_02:7,cam0-1_02,7,7,1,5.359034123045657,1.2739271965535541,23,1795.9866249807515,8.836649534702794,
horaud,heldout,cam0-1_02:11,cam0-1_02,11,11,1,7.3241818502689044,0.35179521484409904,36,6384.5701109937545,13.31725083302956,
horaud,heldout,cam0-1_02:15,cam0-1_02,15,15,1,6.505412045970146,0.29699400355739436,40,6126.515752688783,12.37589971748396,
horaud,heldout,cam0-1_02:20,cam0-1_02,20,20,1,6.031963635688206,1.0305458618966366,31,3063.7853454971523,9.941417672475984,
horaud,heldout,cam0-1_02:24,cam0-1_02,24,24,1,5.347261284608282,1.539689389736135,15,936.4457519323797,7.901247799904265,
horaud,heldout,cam0-1_02:28,cam0-1_02,28,28,1,6.835278427288143,0.5511584727577975,33,2716.2853343122943,9.072578288300534,
horaud,heldout,cam1-3_02:2,cam1-3_02,2,72,1,4.161963339798219,0.1956220132167384,34,132.86046193689674,1.9767803735374463,
horaud,heldout,cam1-3_02:6,cam1-3_02,6,76,1,5.786598618290807,0.5484217385498233,36,164.00267819760325,2.134392173414582,
horaud,heldout,cam1-3_02:10,cam1-3_02,10,80,1,4.370800940744016,0.523736151187362,30,39.10856928000889,1.1417613480935045,
horaud,heldout,cam1-3_02:14,cam1-3_02,14,84,1,2.374861337036956,0.8749253549075565,38,18.859377262089637,0.7044852032753689,
horaud,heldout,cam1-3_02:18,cam1-3_02,18,88,1,4.433349680751922,0.5276299599523814,38,24.64948564247852,0.8054009404030184,
horaud,heldout,cam1-3_02:22,cam1-3_02,22,92,1,3.7828233233002844,0.24581267881527935,29,15.763364120991266,0.7372681195021127,
horaud,heldout,cam1-3_02:26,cam1-3_02,26,96,1,3.4819815948057924,0.27685280657713546,32,5.107878500852452,0.39952622335916715,
horaud,heldout,cam1-3_02:30,cam1-3_02,30,100,1,4.354757652191453,0.20640703654254378,4,9.3095338259394,1.5255764341667217,
horaud,heldout,cam1-3_02:34,cam1-3_02,34,104,1,2.297236482070395,0.2642231598773838,24,20.74320132596431,0.9296773931039266,
horaud,heldout,cam1-3_02:38,cam1-3_02,38,108,1,2.2840491912174588,0.41755942459352996,14,32.75049408416301,1.529483901847824,
horaud,heldout,cam1-3_02:42,cam1-3_02,42,112,1,5.659327830770719,0.46139564460473187,14,17.414579838566574,1.1153020038974253,
horaud,heldout,cam0-3_01:2,cam0-3_01,2,32,3,31.478819067459273,4.9446927061679045,17,20047.46966183569,34.34039780323537,
horaud,heldout,cam0-3_01:6,cam0-3_01,6,36,3,22.673766165125187,2.3052349796456006,21,19428.77295776451,30.416766176821838,
horaud,heldout,cam0-3_01:10,cam0-3_01,10,40,3,23.431714586953486,1.6634812122907283,25,34922.68366027678,37.375223697137535,
horaud,heldout,cam0-3_01:14,cam0-3_01,14,44,3,23.488355476541695,2.575604265387677,24,25432.97628458773,32.55314647144198,
horaud,heldout,cam0-3_01:18,cam0-3_01,18,48,3,14.927356245715913,2.132764450215,22,7630.691902333834,18.623899482231565,
horaud,heldout,cam0-3_01:22,cam0-3_01,22,52,3,19.002627077564288,4.713467261612125,10,1438.6696470869435,11.994455582005143,
horaud,heldout,cam0-3_01:30,cam0-3_01,30,60,3,27.226297254301357,5.9373904362654955,25,21891.632570772075,29.591642449024064,
horaud,heldout,cam0-3_01:34,cam0-3_01,34,64,3,42.63367333567841,12.127904335301968,25,9158.616133729902,19.14013180072687,
horaud,heldout,cam0-3_01:38,cam0-3_01,38,68,3,12.142200892873076,2.57790759829869,26,20781.84587017325,28.271925371955703,
horaud,heldout,cam1-3_02:2,cam1-3_02,2,72,3,16.553901662703367,1.4911523269729554,40,13434.901573971885,18.32682567574912,
horaud,heldout,cam1-3_02:6,cam1-3_02,6,76,3,17.019766377460638,1.604203433689589,17,5683.79199660177,18.284985799350707,
horaud,heldout,cam1-3_02:10,cam1-3_02,10,80,3,19.64917236255158,1.40678175219561,29,8246.93060326152,16.863478803433342,
horaud,heldout,cam1-3_02:14,cam1-3_02,14,84,3,22.797624726530024,1.4583433424912122,19,9548.74194057483,22.41796969605883,
horaud,heldout,cam1-3_02:18,cam1-3_02,18,88,3,22.92243875367331,1.5260294685345843,35,11280.141037849193,17.952430028788537,
horaud,heldout,cam1-3_02:22,cam1-3_02,22,92,3,26.130628584014225,1.870648492262085,36,16220.866590808182,21.226860990793,
horaud,heldout,cam1-3_02:26,cam1-3_02,26,96,3,25.35553220928637,1.8597921038109,36,11691.629475062766,18.02130642929114,
horaud,heldout,cam1-3_02:30,cam1-3_02,30,100,3,23.778880663408977,1.2569570657918583,26,16350.709530087075,25.077349211288013,
horaud,heldout,cam1-3_02:34,cam1-3_02,34,104,3,27.437959797626867,1.74765829290785,40,21406.575976107997,23.13362054246373,
horaud,heldout,cam1-3_02:38,cam1-3_02,38,108,3,25.30427411740701,3.7553181332436156,23,41635.87071541083,42.547094477721075,
horaud,heldout,cam1-3_02:42,cam1-3_02,42,112,3,39.11138005280939,10.382803906849212,7,6185.83830334994,29.726943774845886,
horaud,train,cam0-1_02:0,cam0-1_02,0,0,0,0.9374042832765574,0.08502477649220709,27,101.85334872891734,1.9422528798328915,
horaud,train,cam0-1_02:1,cam0-1_02,1,1,0,0.6574958169120583,0.20165569518505863,15,53.35057376162922,1.885922829132186,
horaud,train,cam0-1_02:5,cam0-1_02,5,5,0,0.7916338390075,0.4042626453599543,15,46.79766025081959,1.766308018642645,
horaud,train,cam0-1_02:6,cam0-1_02,6,6,0,1.006585880547085,0.3544623032812456,17,46.17446644191083,1.6480731430425908,
horaud,train,cam0-1_02:12,cam0-1_02,12,12,0,0.7149169581093995,0.07133610424410115,24,28.1305364913354,1.0826382993128292,
horaud,train,cam0-1_02:16,cam0-1_02,16,16,0,0.9591345916833381,0.18671327421643835,16,18.935246334967758,1.087866212332879,
horaud,train,cam0-1_02:19,cam0-1_02,19,19,0,1.971920196923587,0.48504150172754396,21,104.43306899128088,2.230023158018564,
horaud,train,cam0-1_02:21,cam0-1_02,21,21,0,1.0666539626935574,0.14325193004188888,18,56.30952172655923,1.768701999373163,
horaud,train,cam0-1_02:22,cam0-1_02,22,22,0,1.7497010853507142,0.18417171704146212,15,73.86778440010116,2.219125719738912,
horaud,train,cam0-1_02:23,cam0-1_02,23,23,0,1.3193441855827304,0.16004449239578222,27,108.10023777079122,2.000927912252039,
horaud,train,cam0-1_02:25,cam0-1_02,25,25,0,1.1130482164166333,0.06636266308861992,16,54.91980058817474,1.8526973678291123,
horaud,train,cam0-1_02:26,cam0-1_02,26,26,0,1.5153358848406568,0.1599780116411043,32,280.5434193594421,2.960908957563972,
horaud,train,cam0-1_02:27,cam0-1_02,27,27,0,1.1659641384790154,0.1340473844967823,16,89.5565531565588,2.365858104850104,
horaud,train,cam0-1_02:29,cam0-1_02,29,29,0,1.213365873835607,0.45046385886745915,24,169.38126990228085,2.656605524460686,
horaud,train,cam0-3_01:0,cam0-3_01,0,30,0,0.9571415491775184,0.14538186422679805,32,162.3864446239039,2.2526820446962765,
horaud,train,cam0-3_01:1,cam0-3_01,1,31,0,0.9999953558917822,0.09320657019006397,27,145.38357530612845,2.3204691041231174,
horaud,train,cam0-3_01:3,cam0-3_01,3,33,0,0.7731811818704232,0.12802930830388878,40,173.67665245538188,2.083726544291392,
horaud,train,cam0-3_01:4,cam0-3_01,4,34,0,0.2514617889825278,0.16270021214081604,36,50.85190897962994,1.188508740906832,
horaud,train,cam0-3_01:5,cam0-3_01,5,35,0,0.4543707345661128,0.11128145992046992,36,85.21594694467687,1.5385413992974435,
horaud,train,cam0-3_01:7,cam0-3_01,7,37,0,0.5465525940409046,0.1972985108389472,36,77.2485099736409,1.4648521917627892,
horaud,train,cam0-3_01:8,cam0-3_01,8,38,0,0.5861560001844521,0.16539243126007655,30,4.446957579901196,0.38500898603804024,
horaud,train,cam0-3_01:9,cam0-3_01,9,39,0,1.329712045061723,0.14075765542742338,35,73.35033276752564,1.4476614912878891,
horaud,train,cam0-3_01:11,cam0-3_01,11,41,0,2.0194813340343787,0.3530968183772156,24,23.76628789044257,0.9951190860570945,
horaud,train,cam0-3_01:12,cam0-3_01,12,42,0,0.8547661175716578,0.19476361430785233,18,42.013818728127696,1.5277765021270417,
horaud,train,cam0-3_01:13,cam0-3_01,13,43,0,0.9403572858261304,0.1307078093543096,27,12.225320913357267,0.6728964730608094,
horaud,train,cam0-3_01:15,cam0-3_01,15,45,0,0.9198331956897516,0.19286942374582686,40,52.66236661897057,1.1474141211760749,
horaud,train,cam0-3_01:16,cam0-3_01,16,46,0,0.46802267317653545,0.22720378737442276,40,42.13489863412552,1.0263393521896829,
horaud,train,cam0-3_01:17,cam0-3_01,17,47,0,0.7928911974177218,0.20988632641066102,36,30.36664677286796,0.9184323414999054,
horaud,train,cam0-3_01:19,cam0-3_01,19,49,0,0.9583179433193613,0.40129663831788953,10,9.057298289578217,0.9516983918016367,
horaud,train,cam0-3_01:20,cam0-3_01,20,50,0,0.44907142886063267,0.18444988776178145,34,113.7406174575503,1.8290194854520399,
horaud,train,cam0-3_01:21,cam0-3_01,21,51,0,0.5040135844250098,0.396428209077148,22,207.82505308646816,3.0735310836417757,
horaud,train,cam0-3_01:23,cam0-3_01,23,53,0,1.0037931766738803,0.1343999471523746,35,114.27262642369455,1.8069123342138462,
horaud,train,cam0-3_01:24,cam0-3_01,24,54,0,1.258398706726134,0.27597850631148596,37,77.34087418097768,1.4457848722348634,
horaud,train,cam0-3_01:25,cam0-3_01,25,55,0,1.987730338773046,0.22928115817326022,30,67.17167405121634,1.4963474869518816,
horaud,train,cam0-3_01:27,cam0-3_01,27,57,0,0.6976080066552848,0.7333191795850109,17,33.45561457402272,1.402846152606796,
horaud,train,cam0-3_01:28,cam0-3_01,28,58,0,0.729786891093234,0.38967370665141216,24,37.29873116363242,1.2466410062582909,
horaud,train,cam0-3_01:29,cam0-3_01,29,59,0,1.0605944491822243,0.2886837854794066,33,81.34069419292655,1.5699902932813865,
horaud,train,cam0-3_01:31,cam0-3_01,31,61,0,1.9952295561118327,0.16453716127544504,37,42.93440231730085,1.077213651890349,
horaud,train,cam0-3_01:32,cam0-3_01,32,62,0,1.349682662551826,0.3342129006123614,28,73.17307848174347,1.6165779385760646,
horaud,train,cam0-3_01:33,cam0-3_01,33,63,0,0.7821847370551096,0.2640720288663407,23,34.39051998658701,1.2228000651851578,
horaud,train,cam0-3_01:35,cam0-3_01,35,65,0,0.23170826579076578,0.2663718513335284,2,3.8885030643510627,1.394364203562158,
horaud,train,cam0-3_01:36,cam0-3_01,36,66,0,4.086847003507561,0.39156291496193096,20,15.564333877454409,0.882165910627202,
horaud,train,cam0-3_01:37,cam0-3_01,37,67,0,1.79385608439474,0.3222851154372066,27,39.7368697208622,1.2131512336009427,
horaud,train,cam0-3_01:39,cam0-3_01,39,69,0,1.0219735209710612,0.21258697878327215,33,92.6277346358997,1.6753808670188155,
horaud,train,cam0-1_02:0,cam0-1_02,0,0,1,7.115206370748504,0.38210639659446627,40,5993.472752777695,12.240785057317295,
horaud,train,cam0-1_02:1,cam0-1_02,1,1,1,7.697812176317648,0.3361405648596313,38,6998.271360926199,13.570741903589772,
horaud,train,cam0-1_02:2,cam0-1_02,2,2,1,7.839288278513878,0.37475769560251815,31,5579.686582518538,13.416031073259427,
horaud,train,cam0-1_02:4,cam0-1_02,4,4,1,7.063823352292593,0.12193894598692383,31,5287.023558654575,13.059446659540113,
horaud,train,cam0-1_02:5,cam0-1_02,5,5,1,6.455301583489677,1.0238705596210358,29,3414.966230879195,10.851610766942096,
horaud,train,cam0-1_02:6,cam0-1_02,6,6,1,4.24804525708483,1.3919895174700954,25,2493.6437293865106,9.98727936804916,
horaud,train,cam0-1_02:8,cam0-1_02,8,8,1,4.497428047748093,1.051977805260064,29,3155.9318456735114,10.431933476480152,
horaud,train,cam0-1_02:9,cam0-1_02,9,9,1,4.270816156946348,1.0019720724771843,19,1782.5011071615286,9.685858131592864,
horaud,train,cam0-1_02:10,cam0-1_02,10,10,1,4.621017853923608,1.257372624646565,10,983.6312038488873,9.917818327882838,
horaud,train,cam0-1_02:12,cam0-1_02,12,12,1,6.292022047409325,0.7467631559511021,28,4379.560943755592,12.506513936681717,
horaud,train,cam0-1_02:13,cam0-1_02,13,13,1,6.533954000043915,0.5397437423547964,32,5907.128923773629,13.58667652032409,
horaud,train,cam0-1_02:14,cam0-1_02,14,14,1,7.199652577859733,0.17404982069530162,31,5669.415569098739,13.523474893559477,
horaud,train,cam0-1_02:16,cam0-1_02,16,16,1,6.781913437412577,0.5404808486509456,22,3090.4101836264053,11.852138632535336,
horaud,train,cam0-1_02:17,cam0-1_02,17,17,1,3.9035452618522966,1.2134074124977703,26,1895.7567853107732,8.538953244511461,
horaud,train,cam0-1_02:18,cam0-1_02,18,18,1,3.853666895968046,1.576801220151736,24,1787.0830295858486,8.629124689063795,
horaud,train,cam0-1_02:19,cam0-1_02,19,19,1,6.098413427637016,1.1785662704505488,30,2919.0123628467904,9.864097125175372,
horaud,train,cam0-1_02:21,cam0-1_02,21,21,1,5.924928330286535,0.9562812924323222,25,2622.1341203846805,10.241355614145386,
horaud,train,cam0-1_02:22,cam0-1_02,22,22,1,11.6060829200015,1.1095546687031554,18,1767.1920812063952,9.908447801991981,
horaud,train,cam0-1_02:23,cam0-1_02,23,23,1,11.408231352624139,2.193391688392447,15,990.9070398930593,8.127759182345645,
horaud,train,cam0-1_02:25,cam0-1_02,25,25,1,7.814865806740323,0.7556770748526731,18,2294.4682963044406,11.290281701791248,
horaud,train,cam0-1_02:26,cam0-1_02,26,26,1,5.504659417518082,0.2850868303170733,36,2112.890877644972,7.661032128108842,
horaud,train,cam0-1_02:27,cam0-1_02,27,27,1,5.45979859962299,0.21198409250441733,40,2743.6497155643456,8.281983028786563,
horaud,train,cam0-1_02:29,cam0-1_02,29,29,1,7.028808177803889,0.7944910295644625,10,1135.2968478529801,10.655030961254782,
horaud,train,cam1-3_02:0,cam1-3_02,0,70,1,4.350689816467366,0.4143975690213939,38,452.3891104606343,3.4503589075731416,
horaud,train,cam1-3_02:1,cam1-3_02,1,71,1,4.0169603031059955,0.2921630483065803,34,186.04637677342484,2.339220438103666,
horaud,train,cam1-3_02:3,cam1-3_02,3,73,1,5.061317349309316,0.19218183134289443,30,242.7723809496188,2.8447166288262573,
horaud,train,cam1-3_02:4,cam1-3_02,4,74,1,5.958904367836143,0.4565123947867096,40,146.4266554041398,1.9132868015808542,
horaud,train,cam1-3_02:5,cam1-3_02,5,75,1,6.032401126569346,0.5181114319992826,40,179.7922199461688,2.1200956343179946,
horaud,train,cam1-3_02:7,cam1-3_02,7,77,1,5.362949075266619,0.46320835467734534,40,118.04170103851803,1.717859867964483,
horaud,train,cam1-3_02:8,cam1-3_02,8,78,1,6.569261457908499,0.6552207979133128,34,198.42989004719107,2.4158173020081817,
horaud,train,cam1-3_02:9,cam1-3_02,9,79,1,5.380589457220481,0.7047581001320948,36,115.840283068191,1.79381873130567,
horaud,train,cam1-3_02:11,cam1-3_02,11,81,1,5.032298107683745,0.5192309498185649,40,106.76328091987864,1.6337325432875989,
horaud,train,cam1-3_02:12,cam1-3_02,12,82,1,5.213081082850452,0.584318307747553,27,90.18524285919521,1.8276198127537886,
horaud,train,cam1-3_02:13,cam1-3_02,13,83,1,5.092719341592584,0.30003594574540915,36,18.316083476490583,0.7132882282564201,
horaud,train,cam1-3_02:15,cam1-3_02,15,85,1,2.2731387375446577,0.26020398196865707,31,6.968763791271783,0.4741295518911568,
horaud,train,cam1-3_02:16,cam1-3_02,16,86,1,1.4245266703450667,0.8439444695868883,32,19.96459006793493,0.7898692547649684,
horaud,train,cam1-3_02:17,cam1-3_02,17,87,1,4.219653179144527,0.2628574895036397,23,12.302324905015636,0.7313574307562746,
horaud,train,cam1-3_02:19,cam1-3_02,19,89,1,4.393117118509941,0.5275910093058432,30,31.94585950216419,1.0319215006023825,
horaud,train,cam1-3_02:20,cam1-3_02,20,90,1,3.9605142231535364,0.5877535181479263,34,22.124844399388316,0.8066788193755109,
horaud,train,cam1-3_02:21,cam1-3_02,21,91,1,4.924511301878189,0.7593261858531491,38,87.69967968940605,1.5191729024755374,
horaud,train,cam1-3_02:23,cam1-3_02,23,93,1,4.105934700044746,0.5284827830726523,38,37.831284672769755,0.9977775919350089,
horaud,train,cam1-3_02:24,cam1-3_02,24,94,1,3.3099729842125707,0.19691322557653684,33,20.40681268235912,0.7863766674449284,
horaud,train,cam1-3_02:25,cam1-3_02,25,95,1,4.363359315200323,0.364891963633363,40,30.899509123054674,0.8789128102811831,
horaud,train,cam1-3_02:27,cam1-3_02,27,97,1,5.104208222813864,0.5074017797258064,32,39.35052870064039,1.1089202053777414,
horaud,train,cam1-3_02:28,cam1-3_02,28,98,1,6.269313336994341,0.26940469927880384,30,52.247138354410545,1.319686052999103,
horaud,train,cam1-3_02:29,cam1-3_02,29,99,1,5.748458092317748,0.3480451777661955,36,88.2348421287213,1.5655567178831065,
horaud,train,cam1-3_02:32,cam1-3_02,32,102,1,3.9544908505066534,0.2284814549884201,14,11.746031913730086,0.9159706761420635,
horaud,train,cam1-3_02:33,cam1-3_02,33,103,1,2.3788099092487442,0.292738453231585,26,13.599769852979339,0.7232344511072714,
horaud,train,cam1-3_02:36,cam1-3_02,36,106,1,2.7400529606594985,0.16416844903457462,18,21.28388726545663,1.0873997339590704,
horaud,train,cam1-3_02:37,cam1-3_02,37,107,1,5.1297645666453935,0.3573780008860095,13,32.79138236159282,1.5882109519251,
horaud,train,cam1-3_02:39,cam1-3_02,39,109,1,1.6714015123846735,0.509216823983123,20,33.315350395375006,1.290646163659409,
horaud,train,cam1-3_02:40,cam1-3_02,40,110,1,2.251213142795532,0.3468144562119886,18,27.85624324990306,1.244013291504178,
horaud,train,cam1-3_02:41,cam1-3_02,41,111,1,7.245291096538863,0.6489255571235991,11,19.244491975018803,1.3226863840140848,
horaud,train,cam1-3_02:43,cam1-3_02,43,113,1,4.947342499739295,0.5064029705466138,14,24.317402555320346,1.3179367683542427,
horaud,train,cam1-3_02:44,cam1-3_02,44,114,1,1.929514594843552,0.45563138777124723,36,5.404916197798588,0.387474594070322,
horaud,train,cam1-3_02:45,cam1-3_02,45,115,1,1.836747917558651,0.4114744633348366,26,13.794925178492786,0.7284051381797396,
horaud,train,cam1-3_02:46,cam1-3_02,46,116,1,1.5153318902261927,0.3358994795857859,28,15.445948478456316,0.7427253981706332,
horaud,train,cam0-3_01:0,cam0-3_01,0,30,3,36.45471794946326,4.84655438452444,40,59454.4138591861,38.55334416726586,
horaud,train,cam0-3_01:1,cam0-3_01,1,31,3,34.88292911200864,4.5704877224213645,22,40607.95622755436,42.962963028189314,
horaud,train,cam0-3_01:3,cam0-3_01,3,33,3,26.397148159816176,3.6422326663556643,25,33029.17024768494,36.347858395060875,
horaud,train,cam0-3_01:4,cam0-3_01,4,34,3,22.688528004229212,2.0399905320054157,18,20157.19423600763,33.46407214047098,
horaud,train,cam0-3_01:5,cam0-3_01,5,35,3,23.370139996269483,2.154368213598489,34,42395.07912949631,35.311670762568134,
horaud,train,cam0-3_01:7,cam0-3_01,7,37,3,27.091766938500314,3.252098727077478,18,26996.339788435136,38.72720819931464,
horaud,train,cam0-3_01:8,cam0-3_01,8,38,3,24.54768635366932,2.1374046319331956,22,17093.990295936568,27.874711817455758,
horaud,train,cam0-3_01:9,cam0-3_01,9,39,3,22.12369909809079,1.6380072819013975,24,26677.315662766665,33.339988291568794,
horaud,train,cam0-3_01:11,cam0-3_01,11,41,3,24.94020429212399,2.7132458485978663,18,27377.62018339098,38.999729474411446,
horaud,train,cam0-3_01:12,cam0-3_01,12,42,3,35.61011152377769,3.835019306684852,11,9753.33752519028,29.776954977710044,
horaud,train,cam0-3_01:13,cam0-3_01,13,43,3,32.54358592355298,4.5438421784466065,18,17092.44462639005,30.815260132305706,
horaud,train,cam0-3_01:15,cam0-3_01,15,45,3,20.78865512971616,1.3966812586496942,30,31036.810606697807,32.16458228481436,
horaud,train,cam0-3_01:16,cam0-3_01,16,46,3,19.208929426956715,1.5262140499603734,34,28657.90489115459,29.032388045460433,
horaud,train,cam0-3_01:17,cam0-3_01,17,47,3,17.46144548731674,1.07062040611678,28,17278.35030930425,24.841174280174616,
horaud,train,cam0-3_01:20,cam0-3_01,20,50,3,12.923018910447391,2.9100888814973933,29,15041.436631148219,22.774332672117605,
horaud,train,cam0-3_01:21,cam0-3_01,21,51,3,21.542003222221123,4.518583836388303,20,3495.5274562769623,13.220301540201271,
horaud,train,cam0-3_01:23,cam0-3_01,23,53,3,33.90153659571488,4.109409060801192,21,23611.640777039407,33.53153510541511,
horaud,train,cam0-3_01:24,cam0-3_01,24,54,3,43.91795746631527,3.801578179726844,30,66079.96298655208,46.93256260726735,
horaud,train,cam0-3_01:25,cam0-3_01,25,55,3,30.46287010786441,2.303106213442669,30,45442.37052216601,38.91973386435473,
horaud,train,cam0-3_01:27,cam0-3_01,27,57,3,27.76107746784817,2.387397942948369,14,17361.155116459755,35.21480524322907,
horaud,train,cam0-3_01:28,cam0-3_01,28,58,3,25.75013071632657,1.574429552805191,23,26753.70713775307,34.105786285660926,
horaud,train,cam0-3_01:29,cam0-3_01,29,59,3,27.30310624126636,2.226021688939821,27,32394.529168984427,34.63809141146569,
horaud,train,cam0-3_01:31,cam0-3_01,31,61,3,34.70884390112201,8.908147435729994,22,29310.514086146883,36.50063143049526,
horaud,train,cam0-3_01:32,cam0-3_01,32,62,3,71.878918777726,22.59870995925105,20,20019.486186148537,31.638178033942264,
horaud,train,cam0-3_01:33,cam0-3_01,33,63,3,20.00363579739668,2.667114250761922,28,22096.520593660996,28.09201754544531,
horaud,train,cam0-3_01:35,cam0-3_01,35,65,3,19.845355100211737,10.147336762289859,13,5748.214607827895,21.027847118720917,
horaud,train,cam0-3_01:37,cam0-3_01,37,67,3,9.573443726073178,3.3197818862874047,20,5290.971914186981,16.26494991413589,
horaud,train,cam0-3_01:39,cam0-3_01,39,69,3,41.8522159726114,12.026692142886585,15,11708.779894722813,27.938957144368402,
horaud,train,cam1-3_02:0,cam1-3_02,0,70,3,14.04811580706485,1.352455842460261,33,11303.353879889455,18.507454583171757,
horaud,train,cam1-3_02:1,cam1-3_02,1,71,3,15.500111741417307,1.4575112092060027,25,6910.494693301858,16.625877051514436,
horaud,train,cam1-3_02:3,cam1-3_02,3,73,3,20.690864065168306,1.1664115176934022,36,26385.293253075633,27.072584150491327,
horaud,train,cam1-3_02:4,cam1-3_02,4,74,3,14.507228789016535,1.3300120095305712,31,4295.411623925458,11.771221911421007,
horaud,train,cam1-3_02:5,cam1-3_02,5,75,3,15.199398406999313,1.5118123439303457,23,4118.442832819782,13.38143235463714,
horaud,train,cam1-3_02:7,cam1-3_02,7,77,3,17.60152545742094,1.5030968381652343,27,7077.578318236722,16.190507413452604,
horaud,train,cam1-3_02:8,cam1-3_02,8,78,3,22.457122786424833,1.9828870883275993,9,6794.301971945122,27.4758519672682,
horaud,train,cam1-3_02:9,cam1-3_02,9,79,3,18.892012192776658,1.5564885219358324,24,6707.100663600284,16.717132758042325,
horaud,train,cam1-3_02:11,cam1-3_02,11,81,3,21.521296466579408,1.6539793981287405,15,6970.3734929741595,21.556705829005445,
horaud,train,cam1-3_02:13,cam1-3_02,13,83,3,18.79623315811133,1.3548007799145116,40,8088.014816615229,14.219717662998121,
horaud,train,cam1-3_02:15,cam1-3_02,15,85,3,26.39723437240883,1.5159987968631745,38,28819.04025504805,27.538986840213912,
horaud,train,cam1-3_02:16,cam1-3_02,16,86,3,26.160883977428558,1.4979154480993153,19,15756.36103648901,28.797259588634663,
horaud,train,cam1-3_02:17,cam1-3_02,17,87,3,21.812633725102515,1.4356296429327196,38,11064.751336259333,17.063928819110405,
horaud,train,cam1-3_02:19,cam1-3_02,19,89,3,23.737552123091117,1.6282064768054478,23,9727.880309849977,20.565780262843525,
horaud,train,cam1-3_02:20,cam1-3_02,20,90,3,23.85261644810261,1.7595197431344884,34,9371.401326558525,16.602091759207124,
horaud,train,cam1-3_02:21,cam1-3_02,21,91,3,22.382785663843062,1.8635764362944383,12,2939.7021199294386,15.651682869927647,
horaud,train,cam1-3_02:23,cam1-3_02,23,93,3,21.03756297626887,1.5798817026429381,26,6463.307329598891,15.76669729036843,
horaud,train,cam1-3_02:24,cam1-3_02,24,94,3,24.971536672485723,1.510696278989954,38,21340.426814832972,23.69789398528295,
horaud,train,cam1-3_02:25,cam1-3_02,25,95,3,19.750512480316747,1.5916500111715555,33,7083.928563683046,14.65143344283382,
horaud,train,cam1-3_02:27,cam1-3_02,27,97,3,17.52108232985664,1.5592191373055135,30,3652.594262892024,11.034180626417205,
horaud,train,cam1-3_02:28,cam1-3_02,28,98,3,18.23152816257974,1.5267371343100333,34,5534.103543676818,12.758046530900108,
horaud,train,cam1-3_02:29,cam1-3_02,29,99,3,16.971165809102835,1.2668677167933347,31,7271.813867617074,15.315829748690515,
horaud,train,cam1-3_02:31,cam1-3_02,31,101,3,26.699468916813608,0.9942980390113537,29,24414.004609750857,29.01486219030591,
horaud,train,cam1-3_02:32,cam1-3_02,32,102,3,23.664171059753745,1.3604786334630272,35,15594.919559086762,21.10850848022242,
horaud,train,cam1-3_02:33,cam1-3_02,33,103,3,28.01700482086052,1.7527514505046708,36,27561.492522908673,27.669423819899844,
horaud,train,cam1-3_02:35,cam1-3_02,35,105,3,16.447992590404482,2.689568227126723,33,20935.435974366264,25.187440337167484,
horaud,train,cam1-3_02:36,cam1-3_02,36,106,3,26.186375378802857,2.0115796780120823,28,31913.702575561052,33.760555267713286,
horaud,train,cam1-3_02:37,cam1-3_02,37,107,3,18.75274370793841,2.6023933269990103,27,30561.3652087719,33.64375744680876,
horaud,train,cam1-3_02:39,cam1-3_02,39,109,3,33.94626892745297,2.7506945068715596,29,45456.14777839843,39.59107691979231,
horaud,train,cam1-3_02:40,cam1-3_02,40,110,3,22.31460518350508,4.406078731247336,22,33457.00326515542,38.99708804114588,
horaud,train,cam1-3_02:41,cam1-3_02,41,111,3,27.56811418790238,6.490974013598301,19,35221.63526551164,43.05543260881479,
horaud,train,cam1-3_02:43,cam1-3_02,43,113,3,25.85469645188391,6.7138245904370315,22,36138.15251036551,40.529536093146994,
horaud,train,cam1-3_02:44,cam1-3_02,44,114,3,32.45448817588988,2.471165710040337,24,24845.496816453022,32.174975276119106,
horaud,train,cam1-3_02:45,cam1-3_02,45,115,3,33.74448299422685,2.2683850807674397,37,66886.18063711637,42.51746243385129,
andreff,heldout,cam0-1_02:3,cam0-1_02,3,3,0,8.467354752378807,0.31566741465397635,20,2519.8856984990107,11.224717587759192,
andreff,heldout,cam0-1_02:7,cam0-1_02,7,7,0,10.191909596694945,0.10571005936323065,32,5656.4950302996895,13.29531758540823,
andreff,heldout,cam0-1_02:11,cam0-1_02,11,11,0,8.997756618852131,0.3258189255009624,16,2123.0507029967844,11.519143585236666,
andreff,heldout,cam0-1_02:20,cam0-1_02,20,20,0,12.971649551942527,0.42883074194905996,25,5528.2127245502215,14.870390343969081,
andreff,heldout,cam0-1_02:24,cam0-1_02,24,24,0,11.436745242596682,0.34935520500747325,32,6278.43067225588,14.007175250848983,
andreff,heldout,cam0-1_02:28,cam0-1_02,28,28,0,11.211918166488813,0.3918906748125993,25,8933.779449365766,18.903734498099325,
andreff,heldout,cam0-3_01:2,cam0-3_01,2,32,0,5.033164800614471,0.049223583548461826,32,1294.4916004049437,6.360256481672299,
andreff,heldout,cam0-3_01:6,cam0-3_01,6,36,0,4.949575766145533,0.15038865475097699,32,1345.3232893088289,6.483930350559057,
andreff,heldout,cam0-3_01:10,cam0-3_01,10,40,0,6.796385703676319,0.19426676419046485,35,975.1510696072227,5.27839550731422,
andreff,heldout,cam0-3_01:14,cam0-3_01,14,44,0,5.221311902161957,0.2375352668737531,32,887.2367373821473,5.2655624621869315,
andreff,heldout,cam0-3_01:18,cam0-3_01,18,48,0,5.859475774899888,0.15724570349972408,26,2473.4243624535243,9.753548392672919,
andreff,heldout,cam0-3_01:22,cam0-3_01,22,52,0,6.7349109718731945,0.420519521653365,18,2159.0509895237115,10.952044429957438,
andreff,heldout,cam0-3_01:26,cam0-3_01,26,56,0,6.016890298856791,0.3061394066513525,9,553.9626803653978,7.845470599619161,
andreff,heldout,cam0-3_01:30,cam0-3_01,30,60,0,4.6047121512479565,1.0983269475976325,6,684.7804593232596,10.683167908157047,
andreff,heldout,cam0-3_01:38,cam0-3_01,38,68,0,6.2124736025121825,0.13006818270631157,20,815.4800274448194,6.385452323229809,
andreff,heldout,cam0-1_02:3,cam0-1_02,3,3,1,30.995654910410444,0.436412508517548,40,80289.85430049352,44.80230303803966,
andreff,heldout,cam0-1_02:7,cam0-1_02,7,7,1,33.210400712289264,1.2729488979739265,23,40807.03941653891,42.12148032853201,
andreff,heldout,cam0-1_02:11,cam0-1_02,11,11,1,36.54022906738783,0.34466128888664865,36,110617.48665828689,55.43201207542616,
andreff,heldout,cam0-1_02:15,cam0-1_02,15,15,1,34.98121450184544,0.30182494392709824,40,110875.47610612094,52.648712260159066,
andreff,heldout,cam0-1_02:20,cam0-1_02,20,20,1,28.53082040828386,1.0591301269233138,31,57416.92761649239,43.03671636371347,
andreff,heldout,cam0-1_02:24,cam0-1_02,24,24,1,27.677654689613412,1.5519967623314177,15,24108.930831958845,40.090672923560696,
andreff,heldout,cam0-1_02:28,cam0-1_02,28,28,1,33.91755725439875,0.5343578178837411,33,48777.35731434027,38.446088706111446,
andreff,heldout,cam1-3_02:2,cam1-3_02,2,72,1,25.34338570829446,0.16135913131799456,34,7552.202366929259,14.90381156038049,
andreff,heldout,cam1-3_02:6,cam1-3_02,6,76,1,23.922793295637028,0.5375550814668123,36,10707.33454174492,17.246041850027922,
andreff,heldout,cam1-3_02:10,cam1-3_02,10,80,1,24.93360708480552,0.5187698234976326,30,8788.064305202111,17.115357923224114,
andreff,heldout,cam1-3_02:14,cam1-3_02,14,84,1,15.216149509651133,0.8736116251758181,38,2029.4709746181743,7.308018261540169,
andreff,heldout,cam1-3_02:18,cam1-3_02,18,88,1,23.57029946546454,0.5194538276432021,38,10295.642171337233,16.460192947754155,
andreff,heldout,cam1-3_02:22,cam1-3_02,22,92,1,22.88728755799951,0.24389529516187677,29,5823.217253559094,14.17041265984564,
andreff,heldout,cam1-3_02:26,cam1-3_02,26,96,1,23.230314706365927,0.27267372742105783,32,7220.841819700873,15.021694540418943,
andreff,heldout,cam1-3_02:30,cam1-3_02,30,100,1,29.532950770139912,0.22101001586599348,4,2361.374955081491,24.296990323296686,
andreff,heldout,cam1-3_02:34,cam1-3_02,34,104,1,24.291158120158684,0.2566611379798919,24,5692.219421756059,15.400513278453928,
andreff,heldout,cam1-3_02:38,cam1-3_02,38,108,1,22.103999540690623,0.3785188742424836,14,2880.1291034505084,14.343064783696756,
andreff,heldout,cam1-3_02:42,cam1-3_02,42,112,1,29.588003382092374,0.44266636076452426,14,3530.0393055069544,15.879095209711043,
andreff,heldout,cam0-3_01:2,cam0-3_01,2,32,3,334.6699757482917,5.273172548232004,17,12915892166.558298,27563.71460341881,
andreff,heldout,cam0-3_01:6,cam0-3_01,6,36,3,306.57954872782545,2.408802918233682,21,41299249863.234505,44346.71290939509,
andreff,heldout,cam0-3_01:10,cam0-3_01,10,40,3,254.0306020354769,1.7960436410233906,25,1102569347.31142,6640.991935882531,
andreff,heldout,cam0-3_01:14,cam0-3_01,14,44,3,265.27011648367915,2.4673519888597157,24,1685208415.3290405,8379.559493516153,
andreff,heldout,cam0-3_01:18,cam0-3_01,18,48,3,332.8410871044511,2.1345667330360465,22,12819165072.770262,24138.958583368036,
andreff,heldout,cam0-3_01:22,cam0-3_01,22,52,3,344.71963261949765,4.89386439899552,10,13320500.52299452,1154.1447276227761,
andreff,heldout,cam0-3_01:30,cam0-3_01,30,60,3,197.46482022510298,5.751523678065232,25,1453546.7813541116,241.12625583740245,
andreff,heldout,cam0-3_01:34,cam0-3_01,34,64,3,223.47489610499483,11.896407771520733,25,17557300.623136267,838.028654000238,
andreff,heldout,cam0-3_01:38,cam0-3_01,38,68,3,281.9859689016212,2.5194628770218985,26,44023171077.339005,41148.49799919751,
andreff,heldout,cam1-3_02:2,cam1-3_02,2,72,3,245.2475037065251,1.5247617394510764,40,3193620.9589982843,282.5606553909392,
andreff,heldout,cam1-3_02:6,cam1-3_02,6,76,3,242.3008858482951,1.6448473482520305,17,1702280.9803308109,316.4398446997108,
andreff,heldout,cam1-3_02:10,cam1-3_02,10,80,3,227.66547163433592,1.5008016268211222,29,3023794.054907155,322.90673655722924,
andreff,heldout,cam1-3_02:14,cam1-3_02,14,84,3,284.91748196112843,1.3928923580527035,19,2648626.146459629,373.3649369309525,
andreff,heldout,cam1-3_02:18,cam1-3_02,18,88,3,244.83766592025026,1.607240003568399,35,4479463.5806163,357.74945664793717,
andreff,heldout,cam1-3_02:22,cam1-3_02,22,92,3,223.2595517094078,1.8521622199464332,36,3111156.11810993,293.9744942691991,
andreff,heldout,cam1-3_02:26,cam1-3_02,26,96,3,225.19197909884,1.859173989300873,36,3397885.369960689,307.22256544910607,
andreff,heldout,cam1-3_02:30,cam1-3_02,30,100,3,208.33217189382583,1.454111246698539,26,1519034.4244566578,241.71140010483717,
andreff,heldout,cam1-3_02:34,cam1-3_02,34,104,3,210.5800049553397,1.7624323849045682,40,3716488.353859368,304.81504038758357,
andreff,heldout,cam1-3_02:38,cam1-3_02,38,108,3,193.38158620339163,3.958220121382911,23,13835062.877713667,775.5800880270666,
andreff,heldout,cam1-3_02:42,cam1-3_02,42,112,3,147.03826074047316,10.582616885541293,7,481452.3246792845,262.2573231115045,
andreff,train,cam0-1_02:0,cam0-1_02,0,0,0,10.619397036186657,0.08284025551263109,27,4497.2629222112355,12.906017721018012,
andreff,train,cam0-1_02:1,cam0-1_02,1,1,0,9.43924509715313,0.19980411320600872,15,2066.8755485890492,11.738471077583739,
andreff,train,cam0-1_02:5,cam0-1_02,5,5,0,8.579017462365988,0.40563870196686486,15,1434.814426513182,9.780301380881818,
andreff,train,cam0-1_02:6,cam0-1_02,6,6,0,10.424338973648002,0.35404220395356084,17,3008.793593821584,13.303678380812322,
andreff,train,cam0-1_02:12,cam0-1_02,12,12,0,8.32898266689834,0.07117559011362759,24,2222.1548127248825,9.622358539544074,
andreff,train,cam0-1_02:16,cam0-1_02,16,16,0,8.424778916898285,0.18575547417648045,16,2123.430234493213,11.520173160843798,
andreff,train,cam0-1_02:19,cam0-1_02,19,19,0,13.323614729575329,0.48775984581673926,21,4680.661124125038,14.929454945118898,
andreff,train,cam0-1_02:21,cam0-1_02,21,21,0,10.098914630991331,0.14400460688281957,18,3165.91971571474,13.26214268701777,
andreff,train,cam0-1_02:22,cam0-1_02,22,22,0,12.15329143990569,0.18446003306351455,15,2806.414542689279,13.678241950117418,
andreff,train,cam0-1_02:23,cam0-1_02,23,23,0,11.699926458049857,0.16037180219984054,27,5532.048517674781,14.314003138179293,
andreff,train,cam0-1_02:25,cam0-1_02,25,25,0,10.296148608821241,0.06460777147378298,16,2339.6607132804415,12.092509854452366,
andreff,train,cam0-1_02:26,cam0-1_02,26,26,0,11.31026552253686,0.16085359286854936,32,11597.308863396736,19.037224114380436,
andreff,train,cam0-1_02:27,cam0-1_02,27,27,0,11.338229205448236,0.13536444653995955,16,5239.803374465448,18.09662153287432,
andreff,train,cam0-1_02:29,cam0-1_02,29,29,0,9.687398976668483,0.4518907883249111,24,5927.5954846401,15.715697413520582,
andreff,train,cam0-3_01:0,cam0-3_01,0,30,0,5.847202167037452,0.1445099671195915,32,1470.784743379204,6.779529720459976,
andreff,train,cam0-3_01:1,cam0-3_01,1,31,0,5.204494543049376,0.09144604259403595,27,1125.3936805469002,6.456101565779691,
andreff,train,cam0-3_01:3,cam0-3_01,3,33,0,4.904664595437724,0.12739426514787572,40,1513.855101611334,6.1519409571519255,
andreff,train,cam0-3_01:4,cam0-3_01,4,34,0,4.530675601397,0.16239835006237463,36,856.6860943809716,4.878200073287994,
andreff,train,cam0-3_01:5,cam0-3_01,5,35,0,4.983928708644201,0.11124863314424102,36,1069.4483300667193,5.450403476570232,
andreff,train,cam0-3_01:7,cam0-3_01,7,37,0,4.714588097670238,0.19788836636183982,36,612.4632938568059,4.124665959056583,
andreff,train,cam0-3_01:8,cam0-3_01,8,38,0,4.355725923678088,0.16519596101759926,30,418.1557006895452,3.733433186266787,
andreff,train,cam0-3_01:9,cam0-3_01,9,39,0,5.652560278859809,0.14185704047245054,35,1058.2719523138721,5.498758177505359,
andreff,train,cam0-3_01:11,cam0-3_01,11,41,0,6.5485489221650255,0.3547147762322353,24,887.9578243222697,6.08261807777659,
andreff,train,cam0-3_01:12,cam0-3_01,12,42,0,5.888595265463434,0.19385102014817313,18,1291.577410276971,8.470791023921132,
andreff,train,cam0-3_01:13,cam0-3_01,13,43,0,5.449847145377125,0.1304486792748074,27,942.6197806006119,5.908624520643412,
andreff,train,cam0-3_01:15,cam0-3_01,15,45,0,5.349289858442986,0.1928407762060528,40,1091.8295912224391,5.224532493971205,
andreff,train,cam0-3_01:16,cam0-3_01,16,46,0,5.174963560937239,0.22691593226564827,40,1486.0124397204718,6.095105494822201,
andreff,train,cam0-3_01:17,cam0-3_01,17,47,0,5.153506392117576,0.20951390428483818,36,1888.2730420521107,7.242377299332862,
andreff,train,cam0-3_01:19,cam0-3_01,19,49,0,6.493926592392325,0.40504668733113197,10,1105.21919214406,10.512940559824639,
andreff,train,cam0-3_01:20,cam0-3_01,20,50,0,6.3129161043496955,0.18704058399462825,34,2221.154600157285,8.08257857835074,
andreff,train,cam0-3_01:21,cam0-3_01,21,51,0,7.282237231750668,0.3986904080860751,22,4387.906755773477,14.122687671991214,
andreff,train,cam0-3_01:23,cam0-3_01,23,53,0,5.258375607921819,0.13600396587725888,35,1172.3277079961001,5.787493185422955,
andreff,train,cam0-3_01:24,cam0-3_01,24,54,0,5.244240137226566,0.2718454465479279,37,361.2311998368021,3.124580836047397,
andreff,train,cam0-3_01:25,cam0-3_01,25,55,0,6.02595628525314,0.2299424513747814,30,809.52013765597,5.1946130354947835,
andreff,train,cam0-3_01:27,cam0-3_01,27,57,0,5.425234176489137,0.7302235373138621,17,1186.766592589635,8.355225883487302,
andreff,train,cam0-3_01:28,cam0-3_01,28,58,0,5.550243368101734,0.38644781073727275,24,1643.3251870914637,8.27477388183373,
andreff,train,cam0-3_01:29,cam0-3_01,29,59,0,6.569974879537668,0.28528525844171587,33,2968.891914139421,9.485063080474927,
andreff,train,cam0-3_01:31,cam0-3_01,31,61,0,6.114623097554438,0.16343282182836422,37,934.5111398032162,5.025640042076169,
andreff,train,cam0-3_01:32,cam0-3_01,32,62,0,5.466144761389511,0.3322822368773283,28,2502.8003819579035,9.454402568489877,
andreff,train,cam0-3_01:33,cam0-3_01,33,63,0,6.6695106411450595,0.26302192090452214,23,2174.166168068512,9.722600672097242,
andreff,train,cam0-3_01:35,cam0-3_01,35,65,0,7.612557480940079,0.2651213102935843,2,422.91582036433283,14.54159242250196,
andreff,train,cam0-3_01:36,cam0-3_01,36,66,0,1.2878962714854552,0.396644600637238,20,26.897786920820153,1.15969364318384,
andreff,train,cam0-3_01:37,cam0-3_01,37,67,0,7.844498525503014,0.3227159572570753,27,2649.9805929171976,9.90693844572094,
andreff,train,cam0-3_01:39,cam0-3_01,39,69,0,6.749979682292949,0.211895922493929,33,2180.8896377488845,8.129425857972334,
andreff,train,cam0-1_02:0,cam0-1_02,0,0,1,32.92633184819276,0.3833316652943353,40,97162.05288417907,49.28540678643605,
andreff,train,cam0-1_02:1,cam0-1_02,1,1,1,31.1417269024381,0.33733553005938727,38,85615.01900635744,47.46605962113113,
andreff,train,cam0-1_02:2,cam0-1_02,2,2,1,31.213073362909796,0.37560142405736974,31,64952.38758542635,45.77377315895317,
andreff,train,cam0-1_02:4,cam0-1_02,4,4,1,28.943151720296875,0.13343364362793453,31,60847.79941141004,44.30386257514962,
andreff,train,cam0-1_02:5,cam0-1_02,5,5,1,34.20381301098288,1.042511639395435,29,64884.08450733258,47.300974877805416,
andreff,train,cam0-1_02:6,cam0-1_02,6,6,1,28.286636171221907,1.3937366010606973,25,45252.39710448049,42.545221637443845,
andreff,train,cam0-1_02:8,cam0-1_02,8,8,1,33.369059781826365,1.0551414023575605,29,70578.86576936419,49.33309226114901,
andreff,train,cam0-1_02:9,cam0-1_02,9,9,1,35.57288228511319,1.0056132025431637,19,46025.49010914609,49.21782417245653,
andreff,train,cam0-1_02:10,cam0-1_02,10,10,1,31.78893139420302,1.257819746094734,10,20377.770568388994,45.14174406066849,
andreff,train,cam0-1_02:12,cam0-1_02,12,12,1,36.53215519254497,0.7558009092522513,28,89475.81608958382,56.529327435785746,
andreff,train,cam0-1_02:13,cam0-1_02,13,13,1,34.952876943283556,0.5486330564775349,32,101300.86266641242,56.26412674453757,
andreff,train,cam0-1_02:14,cam0-1_02,14,14,1,32.30641739030062,0.17356391272391294,31,79352.77173191335,50.59413829745222,
andreff,train,cam0-1_02:16,cam0-1_02,16,16,1,37.159827247668716,0.5450841051051836,22,65940.25818569728,54.74746079030734,
andreff,train,cam0-1_02:17,cam0-1_02,17,17,1,29.54487251302916,1.2184815055212297,26,43917.415929203424,41.09904356420523,
andreff,train,cam0-1_02:18,cam0-1_02,18,18,1,29.100018862936576,1.582442535602379,24,40043.84326705598,40.8471965924305,
andreff,train,cam0-1_02:19,cam0-1_02,19,19,1,27.354513954183584,1.208098210838131,30,51758.2907263982,41.53644613525098,
andreff,train,cam0-1_02:21,cam0-1_02,21,21,1,30.448067820720524,0.9658345822928107,25,56894.64065030474,47.705194958329116,
andreff,train,cam0-1_02:22,cam0-1_02,22,22,1,27.049231808545862,1.1226640366370269,18,34764.71112437007,43.947387183344375,
andreff,train,cam0-1_02:23,cam0-1_02,23,23,1,24.348800861390465,2.212261834620966,15,21795.069199175003,38.11829761778893,
andreff,train,cam0-1_02:25,cam0-1_02,25,25,1,30.46713518746341,0.7649268641897029,18,46992.62020603442,51.09502052604997,
andreff,train,cam0-1_02:26,cam0-1_02,26,26,1,29.287839437502054,0.2778678149274093,36,38788.96211107807,32.824855974583784,
andreff,train,cam0-1_02:27,cam0-1_02,27,27,1,28.621879731774246,0.20685280366581157,40,46269.74480243905,34.01093383106345,
andreff,train,cam0-1_02:29,cam0-1_02,29,29,1,38.263768587623275,0.7835919371829957,10,22194.355459922135,47.11088564219753,
andreff,train,cam1-3_02:0,cam1-3_02,0,70,1,23.46580168542057,0.379022741120231,38,7485.264488994533,14.034979317662872,
andreff,train,cam1-3_02:1,cam1-3_02,1,71,1,24.276596651416515,0.2644250225367631,34,7468.902208117978,14.821389757927935,
andreff,train,cam1-3_02:3,cam1-3_02,3,73,1,24.442825686864403,0.16704442647711784,30,5823.713242451821,13.9328308232173,
andreff,train,cam1-3_02:4,cam1-3_02,4,74,1,22.91328600610083,0.44181476074320186,40,7607.0693236574,13.790458045019207,
andreff,train,cam1-3_02:5,cam1-3_02,5,75,1,23.261615169084926,0.5056124941034021,40,9096.105334940234,15.079875111336493,
andreff,train,cam1-3_02:7,cam1-3_02,7,77,1,24.70947058411464,0.4546757413550031,40,11414.277612041667,16.89251136749778,
andreff,train,cam1-3_02:8,cam1-3_02,8,78,1,27.37349102799837,0.6494020413912769,34,13810.780288038814,20.154389602179364,
andreff,train,cam1-3_02:9,cam1-3_02,9,79,1,23.847275201719306,0.6991539490777896,36,10287.271003646223,16.90436416666009,
andreff,train,cam1-3_02:11,cam1-3_02,11,81,1,24.145324991671067,0.5098471056640788,40,10420.428311519221,16.140344103766207,
andreff,train,cam1-3_02:12,cam1-3_02,12,82,1,24.441588394950703,0.5741410304021507,27,7364.807584606607,16.515769775633416,
andreff,train,cam1-3_02:13,cam1-3_02,13,83,1,24.43110205061012,0.2982958385471249,36,8402.45177643153,15.277481410042991,
andreff,train,cam1-3_02:15,cam1-3_02,15,85,1,15.805638884577151,0.25913814815915426,31,2159.391479775238,8.346124230453857,
andreff,train,cam1-3_02:16,cam1-3_02,16,86,1,13.254643622174973,0.84292922020359,32,1011.5445012994901,5.622345210462362,
andreff,train,cam1-3_02:17,cam1-3_02,17,87,1,23.328853813042777,0.2577344993624025,23,5564.711618431164,15.554548640511902,
andreff,train,cam1-3_02:19,cam1-3_02,19,89,1,23.71935686886462,0.5218657161317349,30,7955.452339983243,16.284401882356875,
andreff,train,cam1-3_02:20,cam1-3_02,20,90,1,20.18217984147751,0.5845877873958504,34,4769.322902775432,11.843741090669234,
andreff,train,cam1-3_02:21,cam1-3_02,21,91,1,20.888989778496853,0.7563434425257385,38,5839.50633946075,12.396419622596413,
andreff,train,cam1-3_02:23,cam1-3_02,23,93,1,19.8815417229595,0.5211484915090288,38,6334.509365776106,12.911143051211418,
andreff,train,cam1-3_02:24,cam1-3_02,24,94,1,19.254687389070018,0.19323780624141815,33,3946.561174811692,10.935847606522394,
andreff,train,cam1-3_02:25,cam1-3_02,25,95,1,20.190463389141964,0.3613168078473394,40,5975.511828096742,12.222430024443526,
andreff,train,cam1-3_02:27,cam1-3_02,27,97,1,20.45988084093396,0.5035513538420648,32,5051.101106194006,12.563714003771445,
andreff,train,cam1-3_02:28,cam1-3_02,28,98,1,25.623803505615825,0.2652453196428273,30,8423.09674448581,16.75618964689945,
andreff,train,cam1-3_02:29,cam1-3_02,29,99,1,24.71154310548705,0.3413810794405403,36,9205.701292475653,15.991057650793156,
andreff,train,cam1-3_02:32,cam1-3_02,32,102,1,27.676702541585666,0.23533179981197277,14,5920.615979355954,20.564560325535,
andreff,train,cam1-3_02:33,cam1-3_02,33,103,1,21.95284487743799,0.2897611003235236,26,4693.038444097282,13.435083870937547,
andreff,train,cam1-3_02:36,cam1-3_02,36,106,1,27.120246735165587,0.1382333207064518,18,4622.3647744276395,16.02491943891631,
andreff,train,cam1-3_02:37,cam1-3_02,37,107,1,29.582118318051652,0.3692074237199077,13,3536.7079396370573,16.494073386982315,
andreff,train,cam1-3_02:39,cam1-3_02,39,109,1,19.855589451307985,0.4735771627725672,20,3017.854664162369,12.283840328175812,
andreff,train,cam1-3_02:40,cam1-3_02,40,110,1,25.38474636088948,0.3123789154045864,18,3657.870160147185,14.255350185003026,
andreff,train,cam1-3_02:41,cam1-3_02,41,111,1,31.62281823430515,0.6120580827220129,11,2577.510348560008,15.307485835249508,
andreff,train,cam1-3_02:43,cam1-3_02,43,113,1,28.779217261975475,0.5371917327704503,14,2977.814872358873,14.584274486972195,
andreff,train,cam1-3_02:44,cam1-3_02,44,114,1,20.69331206988644,0.4377480611988953,36,5160.666571317381,11.972963259079206,
andreff,train,cam1-3_02:45,cam1-3_02,45,115,1,20.878051395064446,0.3896798981961653,26,3668.986506313288,11.879177817821995,
andreff,train,cam1-3_02:46,cam1-3_02,46,116,1,20.33140718166453,0.32151495985586453,28,3909.0114170380753,11.815563914113566,
andreff,train,cam0-3_01:0,cam0-3_01,0,30,3,302.5363751702274,5.178377689712365,40,32753509546.823135,28615.340967225577,
andreff,train,cam0-3_01:1,cam0-3_01,1,31,3,301.8001566981794,4.919374945449688,22,18528468298.55987,29020.73576737837,
andreff,train,cam0-3_01:3,cam0-3_01,3,33,3,327.5753543050297,3.99990139618455,25,316074578685.6783,112441.02075055674,
andreff,train,cam0-3_01:4,cam0-3_01,4,34,3,319.56308380654696,2.4268301170940294,18,130242809790.74033,85062.98639855722,
andreff,train,cam0-3_01:5,cam0-3_01,5,35,3,296.5367251818599,2.468961939863397,34,74473057869.5205,46801.53902368913,
andreff,train,cam0-3_01:7,cam0-3_01,7,37,3,327.60069004671766,3.6676703460990314,18,602297414135.4943,182923.39230391476,
andreff,train,cam0-3_01:8,cam0-3_01,8,38,3,307.16919297760194,2.191333136317552,22,195893660720.07492,94362.37229668375,
andreff,train,cam0-3_01:9,cam0-3_01,9,39,3,274.90070155962934,1.789256726364654,24,4428025283.377096,13583.116486066283,
andreff,train,cam0-3_01:11,cam0-3_01,11,41,3,233.97646527318383,2.5514719343197334,18,132567757.10572793,2713.8303916720115,
andreff,train,cam0-3_01:12,cam0-3_01,12,42,3,246.40718689209342,3.7008274621850354,11,201193657.7128986,4276.719831758262,
andreff,train,cam0-3_01:13,cam0-3_01,13,43,3,255.2172085483647,4.290398296371969,18,915755140.1602598,7132.69132687367,
andreff,train,cam0-3_01:15,cam0-3_01,15,45,3,273.7005227917406,1.6767545556898067,30,1270063982.4186356,6506.570992513736,
andreff,train,cam0-3_01:16,cam0-3_01,16,46,3,295.39351105834845,1.8541062585262578,34,6141846397.5309,13440.332626235484,
andreff,train,cam0-3_01:17,cam0-3_01,17,47,3,310.6585171191241,1.2801063372157493,28,12829473995.745705,21405.501625705034,
andreff,train,cam0-3_01:20,cam0-3_01,20,50,3,328.96228698620405,3.0641657913008373,29,1313977161756.1345,212860.4174146421,
andreff,train,cam0-3_01:21,cam0-3_01,21,51,3,301.5774510996741,4.708812134828055,20,2533181.2470684526,355.8919251028641,
andreff,train,cam0-3_01:23,cam0-3_01,23,53,3,298.0307566837641,4.516768942106358,21,1099203280.6808643,7234.847155659575,
andreff,train,cam0-3_01:24,cam0-3_01,24,54,3,267.4016260610951,4.297205561491521,30,2944464473.058042,9907.008416701856,
andreff,train,cam0-3_01:25,cam0-3_01,25,55,3,246.4041795103678,2.7365400382976843,30,363111660.1436451,3479.0403856218986,
andreff,train,cam0-3_01:27,cam0-3_01,27,57,3,205.9830555397496,2.1174237779447362,14,4003052.4105868484,534.7263926924851,
andreff,train,cam0-3_01:28,cam0-3_01,28,58,3,207.31117246573618,1.3442681992768124,23,10993742.021067256,691.3673289393008,
andreff,train,cam0-3_01:29,cam0-3_01,29,59,3,189.68431493401147,1.8915789947995796,27,4156654.5235288297,392.36483983418395,
andreff,train,cam0-3_01:31,cam0-3_01,31,61,3,212.08466444736038,8.65208258571552,22,38638306.24558561,1325.2496547921146,
andreff,train,cam0-3_01:32,cam0-3_01,32,62,3,184.27506604131497,22.271955145619472,20,11636977.77399837,762.7901996616885,
andreff,train,cam0-3_01:33,cam0-3_01,33,63,3,229.23656249606634,2.6672600644070465,28,10109857.451370936,600.8879575669345,
andreff,train,cam0-3_01:35,cam0-3_01,35,65,3,265.0726530954564,10.13552416683527,13,124101024.37254067,3089.6978240665526,
andreff,train,cam0-3_01:37,cam0-3_01,37,67,3,303.85079575442126,3.3851542778736294,20,503454831.66184175,5017.244421302603,
andreff,train,cam0-3_01:39,cam0-3_01,39,69,3,246.66854754605023,11.823182474479651,15,132156690.7107845,2968.2395535713813,
andreff,train,cam1-3_02:0,cam1-3_02,0,70,3,258.0159126791065,1.3682199502228694,33,2586491.142577047,279.9616392865846,
andreff,train,cam1-3_02:1,cam1-3_02,1,71,3,242.763142892713,1.5040843620152247,25,2098814.2293950114,289.74569742413854,
andreff,train,cam1-3_02:3,cam1-3_02,3,73,3,264.120386290705,1.1814634312992054,36,3263257.8180965297,301.07482542165724,
andreff,train,cam1-3_02:4,cam1-3_02,4,74,3,248.8133767058193,1.3662324742651724,31,2951557.1954968413,308.5636440596688,
andreff,train,cam1-3_02:5,cam1-3_02,5,75,3,245.94446567062926,1.5473484954785386,23,2268535.8524296195,314.0573093941558,
andreff,train,cam1-3_02:7,cam1-3_02,7,77,3,233.76918203976513,1.5778497780389056,27,2392160.835022499,297.6550846958233,
andreff,train,cam1-3_02:8,cam1-3_02,8,78,3,229.26853513089497,2.069592440765014,9,809623.1868298667,299.93021166595605,
andreff,train,cam1-3_02:9,cam1-3_02,9,79,3,243.28988343874548,1.6143433965830656,24,2997547.9767628536,353.4088742025572,
andreff,train,cam1-3_02:11,cam1-3_02,11,81,3,236.67447558953853,1.7209811186849024,15,1801773.9026954928,346.5808133461798,
andreff,train,cam1-3_02:13,cam1-3_02,13,83,3,236.3087444600158,1.41210654322339,40,4109612.5549210696,320.53129936564187,
andreff,train,cam1-3_02:15,cam1-3_02,15,85,3,276.21816564534873,1.4774769732901079,38,15793673.98096237,644.6882963874943,
andreff,train,cam1-3_02:16,cam1-3_02,16,86,3,295.4209604822921,1.4177492343292284,19,23619448.516863,1114.9568912332795,
andreff,train,cam1-3_02:17,cam1-3_02,17,87,3,238.2125946628318,1.5064488961330376,38,3779118.0814552545,315.3576950508261,
andreff,train,cam1-3_02:19,cam1-3_02,19,89,3,240.72832686092332,1.711695737653182,23,2986117.902857962,360.32098629935155,
andreff,train,cam1-3_02:20,cam1-3_02,20,90,3,253.54516155684237,1.7636365643583216,34,4032299.116471601,344.3791991938538,
andreff,train,cam1-3_02:21,cam1-3_02,21,91,3,256.1524350379721,1.9271311851544815,12,1771694.5407006585,384.24108542041006,
andreff,train,cam1-3_02:23,cam1-3_02,23,93,3,266.57608249182397,1.6288322971959206,26,3330846.7877151035,357.9238631820967,
andreff,train,cam1-3_02:24,cam1-3_02,24,94,3,253.35920937982115,1.472438507300379,38,3450792.688484294,301.34753011677634,
andreff,train,cam1-3_02:25,cam1-3_02,25,95,3,250.95673060134072,1.5852262083118143,33,4065019.7814623434,350.9735283751055,
andreff,train,cam1-3_02:27,cam1-3_02,27,97,3,253.3911966840297,1.559614092313582,30,3767532.9395585307,354.3789374647112,
andreff,train,cam1-3_02:28,cam1-3_02,28,98,3,228.6236679031759,1.568046078995512,34,2854005.328182469,289.72630736927795,
andreff,train,cam1-3_02:29,cam1-3_02,29,99,3,240.1798712373253,1.34851381498398,31,2771236.416215423,298.98950333368447,
andreff,train,cam1-3_02:31,cam1-3_02,31,101,3,192.3025438641187,1.2537446538427046,29,1558141.999683173,231.79524255651484,
andreff,train,cam1-3_02:32,cam1-3_02,32,102,3,212.83891120929087,1.52674825468404,35,2760814.318996151,280.85656323856085,
andreff,train,cam1-3_02:33,cam1-3_02,33,103,3,224.87779160804936,1.7155345826272739,36,4864811.832801792,367.605307391327,
andreff,train,cam1-3_02:35,cam1-3_02,35,105,3,165.74037786006258,2.875841676782932,33,4115440.9326589927,353.14349957587604,
andreff,train,cam1-3_02:36,cam1-3_02,36,106,3,179.8555475772758,2.089768047865808,28,2276962.7361561316,285.1667893003353,
andreff,train,cam1-3_02:37,cam1-3_02,37,107,3,171.30782821329922,2.861988189666849,27,3743892.2890482303,372.3743779748503,
andreff,train,cam1-3_02:39,cam1-3_02,39,109,3,218.48396767635936,2.7599056813007166,29,148150767.0853914,2260.231656462577,
andreff,train,cam1-3_02:40,cam1-3_02,40,110,3,175.98403379721105,4.572630539492767,22,3496999.999778842,398.691040085544,
andreff,train,cam1-3_02:41,cam1-3_02,41,111,3,172.23326091869362,6.614974195517028,19,884159.0124713009,215.71899514625636,
andreff,train,cam1-3_02:43,cam1-3_02,43,113,3,178.25139207240872,6.798218089484177,22,1903904.2424113657,294.1786904719466,
andreff,train,cam1-3_02:44,cam1-3_02,44,114,3,218.00075512556816,2.436859615211624,24,22296831.66149336,963.8644368178667,
andreff,train,cam1-3_02:45,cam1-3_02,45,115,3,216.3408600553405,2.1764681552782252,37,65586752.16712769,1331.395855272159,
daniilidis,heldout,cam0-1_02:3,cam0-1_02,3,3,0,0.9604580175259397,0.31662296890253017,20,88.596106822604,2.104710274866876,
daniilidis,heldout,cam0-1_02:7,cam0-1_02,7,7,0,0.9003614044904716,0.08440207731032653,32,67.03530982814414,1.4473608506967102,
daniilidis,heldout,cam0-1_02:11,cam0-1_02,11,11,0,0.8819425333224356,0.318364013824697,16,40.470077361250766,1.5904024129377359,
daniilidis,heldout,cam0-1_02:20,cam0-1_02,20,20,0,1.999125753983744,0.4020012831683886,25,144.630548628058,2.405248832267115,
daniilidis,heldout,cam0-1_02:24,cam0-1_02,24,24,0,1.2863287735733078,0.3386475846454612,32,103.39121977060971,1.7974914792097216,
daniilidis,heldout,cam0-1_02:28,cam0-1_02,28,28,0,1.6060999372484535,0.3801893807775847,25,231.1951321666816,3.041020435095309,
daniilidis,heldout,cam0-3_01:2,cam0-3_01,2,32,0,0.8713743245157661,0.06612378330648634,32,157.54046397831746,2.2188148862224675,
daniilidis,heldout,cam0-3_01:6,cam0-3_01,6,36,0,0.6817076540755318,0.16879408881355834,32,124.00007378187843,1.9685025541471113,
daniilidis,heldout,cam0-3_01:10,cam0-3_01,10,40,0,2.712442805918984,0.1942415640208089,35,150.91184633433554,2.076479481748826,
daniilidis,heldout,cam0-3_01:14,cam0-3_01,14,44,0,0.8180322329958857,0.2300528137622924,32,18.616625103738308,0.7627381821384204,
daniilidis,heldout,cam0-3_01:18,cam0-3_01,18,48,0,1.0212748125895503,0.16686865710685372,26,55.634543401378366,1.4628021502657989,
daniilidis,heldout,cam0-3_01:22,cam0-3_01,22,52,0,1.0037635896762824,0.42641875990775624,18,86.67398331239357,2.194361249916015,
daniilidis,heldout,cam0-3_01:26,cam0-3_01,26,56,0,2.253687376600483,0.3437502203549331,9,78.61071129924872,2.9554227240268527,
daniilidis,heldout,cam0-3_01:30,cam0-3_01,30,60,0,0.39788374651463027,1.1268073304973094,6,70.82448635397478,3.435706777214231,
daniilidis,heldout,cam0-3_01:38,cam0-3_01,38,68,0,0.5480649484066207,0.11983780781725056,20,46.48905771335526,1.5246156517849878,
daniilidis,heldout,cam0-1_02:3,cam0-1_02,3,3,1,6.014013535037251,0.5231485539582035,40,65.08518111294488,1.2755898744595076,
daniilidis,heldout,cam0-1_02:7,cam0-1_02,7,7,1,8.638735709393005,1.298325742690708,23,408.3925315332528,4.213810273752831,
daniilidis,heldout,cam0-1_02:11,cam0-1_02,11,11,1,6.178647384506721,0.4332352480281807,36,85.85531250014105,1.54430236406948,
daniilidis,heldout,cam0-1_02:15,cam0-1_02,15,15,1,4.390725076287447,0.43424496389643186,40,30.22245547042106,0.869230341601423,
daniilidis,heldout,cam0-1_02:20,cam0-1_02,20,20,1,3.585202352591511,1.0467303840637965,31,823.0705750084376,5.1527336152715675,
daniilidis,heldout,cam0-1_02:24,cam0-1_02,24,24,1,5.458110550291765,1.5902329057351687,15,642.7300687324641,6.545889645329422,
daniilidis,heldout,cam0-1_02:28,cam0-1_02,28,28,1,5.906841189685467,0.6001916146371339,33,205.3573091756772,2.4945838857210854,
daniilidis,heldout,cam1-3_02:2,cam1-3_02,2,72,1,1.8573590696399174,0.28967288854739526,34,70.68873190836538,1.4419016437489907,
daniilidis,heldout,cam1-3_02:6,cam1-3_02,6,76,1,1.9797126992294791,0.5565566640165605,36,57.37696535556199,1.2624597392432184,
daniilidis,heldout,cam1-3_02:10,cam1-3_02,10,80,1,2.627478870826525,0.5476235426936276,30,101.44151108914846,1.8388539101765577,
daniilidis,heldout,cam1-3_02:14,cam1-3_02,14,84,1,2.0869126974037253,0.9157564149756137,38,76.13449672880847,1.4154643717170077,
daniilidis,heldout,cam1-3_02:18,cam1-3_02,18,88,1,1.9616855624376264,0.5314789732594274,38,74.89073415568706,1.4038549759753363,
daniilidis,heldout,cam1-3_02:22,cam1-3_02,22,92,1,2.645380578203117,0.2931940805144921,29,98.86993347617428,1.8464311660342396,
daniilidis,heldout,cam1-3_02:26,cam1-3_02,26,96,1,2.65322848083676,0.29499212261718677,32,96.12149806053061,1.733146506903436,
daniilidis,heldout,cam1-3_02:30,cam1-3_02,30,100,1,3.1119856529450467,0.40501387768975655,4,34.22260337071248,2.9250044175484793,
daniilidis,heldout,cam1-3_02:34,cam1-3_02,34,104,1,4.440086439186382,0.3011797264356366,24,159.17570789884854,2.575329330872466,
daniilidis,heldout,cam1-3_02:38,cam1-3_02,38,108,1,5.875426482487616,0.3662604965653918,14,157.73589945297695,3.35661287027964,
daniilidis,heldout,cam1-3_02:42,cam1-3_02,42,112,1,3.930859169093958,0.5192691678306118,14,69.18535038096934,2.2230183853260885,
daniilidis,heldout,cam0-3_01:2,cam0-3_01,2,32,3,34.40862434432686,4.463161441626898,17,1520.920378151782,9.458641794526509,
daniilidis,heldout,cam0-3_01:6,cam0-3_01,6,36,3,10.745677354042993,2.4228498847561033,21,4946.993073549408,15.348325600548355,
daniilidis,heldout,cam0-3_01:10,cam0-3_01,10,40,3,10.664206708981583,1.723565575220488,25,3668.0505138452777,12.11288654920086,
daniilidis,heldout,cam0-3_01:14,cam0-3_01,14,44,3,10.603904116177857,2.8184410468063583,24,5364.962236298179,14.951257244094585,
daniilidis,heldout,cam0-3_01:18,cam0-3_01,18,48,3,12.99499573155768,2.7194234026369806,22,8686.430022750592,19.87052410750268,
daniilidis,heldout,cam0-3_01:22,cam0-3_01,22,52,3,28.870340459567224,4.122325742362612,10,3306.134997946151,18.182780309804524,
daniilidis,heldout,cam0-3_01:30,cam0-3_01,30,60,3,12.496159871050676,6.0275987827660735,25,2590.390610484862,10.179176018686114,
daniilidis,heldout,cam0-3_01:34,cam0-3_01,34,64,3,34.73639491229418,12.493129127547864,25,7126.1158879074155,16.88326495427637,
daniilidis,heldout,cam0-3_01:38,cam0-3_01,38,68,3,8.585508918745946,2.6531818480071205,26,5463.677416328114,14.496256036975302,
daniilidis,heldout,cam1-3_02:2,cam1-3_02,2,72,3,12.091526406864809,1.676367162482545,40,10969.618942149878,16.56020753353493,
daniilidis,heldout,cam1-3_02:6,cam1-3_02,6,76,3,8.842783328328377,1.9420390192680512,17,2018.7116403469975,10.89714382532521,
daniilidis,heldout,cam1-3_02:10,cam1-3_02,10,80,3,11.710753350537813,1.6277922303795305,29,4949.874466448988,13.064659445591204,
daniilidis,heldout,cam1-3_02:14,cam1-3_02,14,84,3,14.68914074040524,1.552511889873124,19,13336.627956533246,26.493919815421055,
daniilidis,heldout,cam1-3_02:18,cam1-3_02,18,88,3,13.07442940287081,1.7657110306187158,35,8606.273198102066,15.68099231381016,
daniilidis,heldout,cam1-3_02:22,cam1-3_02,22,92,3,14.400945960172258,1.996714405747488,36,13669.763458650561,19.48629394290208,
daniilidis,heldout,cam1-3_02:26,cam1-3_02,26,96,3,14.900786790909127,2.0260255620610588,36,11817.527255835888,18.118075118384994,
daniilidis,heldout,cam1-3_02:30,cam1-3_02,30,100,3,16.224484748649882,1.3971658046698765,26,6924.402572752381,16.319411014956746,
daniilidis,heldout,cam1-3_02:34,cam1-3_02,34,104,3,16.765319837303355,1.8747710580332988,40,19030.264551524007,21.81184572171966,
daniilidis,heldout,cam1-3_02:38,cam1-3_02,38,108,3,12.498635996079415,3.571863143476531,23,24988.122562368717,32.961190988908996,
daniilidis,heldout,cam1-3_02:42,cam1-3_02,42,112,3,51.5844472457631,10.25421536639775,7,2723.8337820383113,19.72610229416239,
daniilidis,train,cam0-1_02:0,cam0-1_02,0,0,0,1.2283068792971508,0.08329370260056339,27,149.29040887709078,2.351440920553866,
daniilidis,train,cam0-1_02:1,cam0-1_02,1,1,0,0.5162422149763363,0.18514708812685662,15,80.22338026508407,2.3126230455925163,
daniilidis,train,cam0-1_02:5,cam0-1_02,5,5,0,1.105074543236369,0.38161744490031324,15,51.926753415842896,1.8605868861883859,
daniilidis,train,cam0-1_02:6,cam0-1_02,6,6,0,1.0313035471452192,0.34262017563907227,17,69.57729895568633,2.0230626019752727,
daniilidis,train,cam0-1_02:12,cam0-1_02,12,12,0,0.4895241223914547,0.0838738995826027,24,47.425359419296186,1.4057228185067903,
daniilidis,train,cam0-1_02:16,cam0-1_02,16,16,0,0.6466866291181104,0.191577494830957,16,27.27151158718533,1.3055533210861527,
daniilidis,train,cam0-1_02:19,cam0-1_02,19,19,0,2.1626214007101456,0.45827343493117545,21,108.80107852063259,2.2761818334829367,
daniilidis,train,cam0-1_02:21,cam0-1_02,21,21,0,1.1005208956880617,0.13480923114958704,18,72.38053336899657,2.0052782207768653,
daniilidis,train,cam0-1_02:22,cam0-1_02,22,22,0,2.094677835365187,0.1675963542194445,15,96.34124406287054,2.534314424887206,
daniilidis,train,cam0-1_02:23,cam0-1_02,23,23,0,1.4267388626444582,0.14872166024557,27,122.70812731830634,2.1318408609072037,
daniilidis,train,cam0-1_02:25,cam0-1_02,25,25,0,1.2472374557327852,0.049879347473475534,16,73.26132777738506,2.1398207836373975,
daniilidis,train,cam0-1_02:26,cam0-1_02,26,26,0,1.7211478273769836,0.15514961056031878,32,354.5924799662984,3.328815855367615,
daniilidis,train,cam0-1_02:27,cam0-1_02,27,27,0,1.4989036836850158,0.12919430220172987,16,102.68595645835555,2.533351984752064,
daniilidis,train,cam0-1_02:29,cam0-1_02,29,29,0,1.4860872554793818,0.45234398458347036,24,196.39735358220474,2.8606333330095275,
daniilidis,train,cam0-3_01:0,cam0-3_01,0,30,0,1.0327791116091676,0.14782900634569573,32,189.97666483624417,2.436548948027236,
daniilidis,train,cam0-3_01:1,cam0-3_01,1,31,0,1.109991292459077,0.09548091501491024,27,168.6306726172373,2.4991159371475917,
daniilidis,train,cam0-3_01:3,cam0-3_01,3,33,0,0.8436126197983508,0.14191317449493257,40,199.1109016527332,2.2310922305719076,
daniilidis,train,cam0-3_01:4,cam0-3_01,4,34,0,0.360399430834197,0.17371924087622384,36,70.69816836691436,1.4013700475577697,
daniilidis,train,cam0-3_01:5,cam0-3_01,5,35,0,0.7002729054288657,0.10957957599422752,36,121.9387143883724,1.8404310665678631,
daniilidis,train,cam0-3_01:7,cam0-3_01,7,37,0,0.7205548947036328,0.20094170932200228,36,96.4527592675941,1.636839427979643,
daniilidis,train,cam0-3_01:8,cam0-3_01,8,38,0,0.7231252395306833,0.17919748813586595,30,7.076270723122161,0.4856703519577232,
daniilidis,train,cam0-3_01:9,cam0-3_01,9,39,0,1.605450585043532,0.13210856898639917,35,126.70558703857589,1.9026717083284748,
daniilidis,train,cam0-3_01:11,cam0-3_01,11,41,0,2.153586784643917,0.32571444540817696,24,66.30389218196936,1.6621257997662882,
daniilidis,train,cam0-3_01:12,cam0-3_01,12,42,0,1.102905323011898,0.19567880270868102,18,65.41774739574032,1.9063890735532847,
daniilidis,train,cam0-3_01:13,cam0-3_01,13,43,0,0.9668668178119926,0.11981988249146405,27,8.062009828340694,0.5464365988888472,
daniilidis,train,cam0-3_01:15,cam0-3_01,15,45,0,0.7888047826173206,0.18726367037982253,40,36.96605980723558,0.961327985227149,
daniilidis,train,cam0-3_01:16,cam0-3_01,16,46,0,0.4164981964001823,0.23196968415045488,40,50.91041757570638,1.1281668490931027,
daniilidis,train,cam0-3_01:17,cam0-3_01,17,47,0,0.7686192293646846,0.22705649589900098,36,53.95948573607346,1.22428534410072,
daniilidis,train,cam0-3_01:19,cam0-3_01,19,49,0,0.9969528417203828,0.37414245997405177,10,20.941984614545323,1.447134569227939,
daniilidis,train,cam0-3_01:20,cam0-3_01,20,50,0,0.7321951710077482,0.17889403496189044,34,163.17051388503077,2.1906923018362106,
daniilidis,train,cam0-3_01:21,cam0-3_01,21,51,0,0.38918575055274335,0.38645937499762817,22,226.76920086047113,3.2105592890029664,
daniilidis,train,cam0-3_01:23,cam0-3_01,23,53,0,1.267571001943466,0.12873620147526826,35,158.5363334421659,2.128287933273838,
daniilidis,train,cam0-3_01:24,cam0-3_01,24,54,0,1.6765487132217505,0.3275442408896294,37,192.08213926118088,2.278466407305823,
daniilidis,train,cam0-3_01:25,cam0-3_01,25,55,0,2.388706505775194,0.23524024385605746,30,163.70635934173612,2.335996285254867,
daniilidis,train,cam0-3_01:27,cam0-3_01,27,57,0,0.9759208288779698,0.7745127206613484,17,62.33880161603176,1.9149382053619404,
daniilidis,train,cam0-3_01:28,cam0-3_01,28,58,0,1.0534666628359064,0.42932153902569586,24,75.30223126281915,1.7713252014478118,
daniilidis,train,cam0-3_01:29,cam0-3_01,29,59,0,1.5434124923760437,0.32824216942935147,33,168.1384237841784,2.2572336500760635,
daniilidis,train,cam0-3_01:31,cam0-3_01,31,61,0,2.1366243586948594,0.16245828105253515,37,25.718990356746207,0.8337312801374477,
daniilidis,train,cam0-3_01:32,cam0-3_01,32,62,0,1.1729600373203495,0.3539592453738329,28,127.25168256344855,2.131830891204692,
daniilidis,train,cam0-3_01:33,cam0-3_01,33,63,0,0.8712511703514414,0.2576484108683636,23,48.607828334044875,1.4537482039922343,
daniilidis,train,cam0-3_01:35,cam0-3_01,35,65,0,0.34439484551882604,0.2761472916249376,2,6.358936723851111,1.7831063798678854,
daniilidis,train,cam0-3_01:36,cam0-3_01,36,66,0,4.064365247884724,0.36079112891205695,20,66.76272655850994,1.8270567391095156,
daniilidis,train,cam0-3_01:37,cam0-3_01,37,67,0,1.5971113230949379,0.3348500818615055,27,71.95216867606334,1.6324506535116134,
daniilidis,train,cam0-3_01:39,cam0-3_01,39,69,0,1.2567141666506756,0.21837824320435806,33,175.4642293840996,2.3058833145075295,
daniilidis,train,cam0-1_02:0,cam0-1_02,0,0,1,6.590076199475887,0.45980336654974,40,84.63540784881326,1.4546082621174443,
daniilidis,train,cam0-1_02:1,cam0-1_02,1,1,1,4.8180915905050234,0.4556164496570325,38,320.1370331046265,2.902526273078544,
daniilidis,train,cam0-1_02:2,cam0-1_02,2,2,1,4.776318740317303,0.5005532746144303,31,357.7731440585584,3.3972149127159006,
daniilidis,train,cam0-1_02:4,cam0-1_02,4,4,1,4.022158137011565,0.29032176542827337,31,353.1868807843084,3.3753703776905124,
daniilidis,train,cam0-1_02:5,cam0-1_02,5,5,1,8.078987207991032,1.08957243663767,29,197.8545016914001,2.6120047901643257,
daniilidis,train,cam0-1_02:6,cam0-1_02,6,6,1,5.362772427521253,1.3763919826772137,25,146.43871785589525,2.4202373260149117,
daniilidis,train,cam0-1_02:8,cam0-1_02,8,8,1,6.0369939474045555,1.0691637444561732,29,228.84327834854386,2.809118639228349,
daniilidis,train,cam0-1_02:9,cam0-1_02,9,9,1,6.968244000486556,1.0561349332736885,19,314.0715346945596,4.065720203530719,
daniilidis,train,cam0-1_02:10,cam0-1_02,10,10,1,6.457887936768351,1.2290774993074522,10,27.893880888307073,1.6701461279872212,
daniilidis,train,cam0-1_02:12,cam0-1_02,12,12,1,7.226468508236525,0.8306228978386682,28,138.7711653356563,2.22623292754869,
daniilidis,train,cam0-1_02:13,cam0-1_02,13,13,1,5.609834330295803,0.631140475206123,32,47.53209404767482,1.2187608210759968,
daniilidis,train,cam0-1_02:14,cam0-1_02,14,14,1,2.95795620863085,0.33237374920865476,31,153.87901903549647,2.2279675320178463,
daniilidis,train,cam0-1_02:16,cam0-1_02,16,16,1,6.851188400545424,0.6473687098429451,22,82.01923824704038,1.9308410584631999,
daniilidis,train,cam0-1_02:17,cam0-1_02,17,17,1,4.060118088161373,1.2207269589170426,26,409.8917588910747,3.970524858209141,
daniilidis,train,cam0-1_02:18,cam0-1_02,18,18,1,4.003540194340444,1.5796770981230048,24,363.50844899787097,3.891810038389758,
daniilidis,train,cam0-1_02:19,cam0-1_02,19,19,1,3.5768021961734076,1.1916078419498397,30,767.6514284049089,5.05849591744723,
daniilidis,train,cam0-1_02:21,cam0-1_02,21,21,1,2.8413969278369704,0.9840721052886878,25,491.50096757565797,4.433964219863115,
daniilidis,train,cam0-1_02:22,cam0-1_02,22,22,1,7.923341226912362,1.0929344840157984,18,434.112890880776,4.910945207056354,
daniilidis,train,cam0-1_02:23,cam0-1_02,23,23,1,9.082800240541468,2.188029206280125,15,578.5492359281844,6.210470921104048,
daniilidis,train,cam0-1_02:25,cam0-1_02,25,25,1,3.2705817519518336,0.7896038407652644,18,310.762386998963,4.155066432140158,
daniilidis,train,cam0-1_02:26,cam0-1_02,26,26,1,4.614172761572001,0.350011960953366,36,264.8183584133138,2.7122067604592646,
daniilidis,train,cam0-1_02:27,cam0-1_02,27,27,1,2.8226846288656415,0.28496676792854087,40,147.8211841746765,1.922376030948917,
daniilidis,train,cam0-1_02:29,cam0-1_02,29,29,1,4.397731953510243,0.8600506454871376,10,58.34918017520912,2.4155574962150896,
daniilidis,train,cam1-3_02:0,cam1-3_02,0,70,1,0.9975565775278162,0.4779680343344628,38,25.418134719139704,0.817862018975465,
daniilidis,train,cam1-3_02:1,cam1-3_02,1,71,1,1.8889633480924175,0.33771525971290245,34,74.65970149364205,1.481848026398933,
daniilidis,train,cam1-3_02:3,cam1-3_02,3,73,1,0.799919299164438,0.2910333875650567,30,10.68610224786477,0.5968277877764733,
daniilidis,train,cam1-3_02:4,cam1-3_02,4,74,1,2.010197929248559,0.4563956195849005,40,29.619883422620987,0.8605214033163409,
daniilidis,train,cam1-3_02:5,cam1-3_02,5,75,1,2.060391661352311,0.5231314984604393,40,33.037614813633446,0.9088126156369288,
daniilidis,train,cam1-3_02:7,cam1-3_02,7,77,1,2.0571938209094984,0.47913872907067684,40,90.33329650896823,1.5027749042102765,
daniilidis,train,cam1-3_02:8,cam1-3_02,8,78,1,3.039226040292765,0.6765878584758255,34,146.78650986260683,2.0777993863885587,
daniilidis,train,cam1-3_02:9,cam1-3_02,9,79,1,2.329031491863009,0.7201445738532329,36,89.17932032727143,1.5739133846639104,
daniilidis,train,cam1-3_02:11,cam1-3_02,11,81,1,1.6358276224939474,0.55054040313965,40,60.08148674901737,1.2255762598571476,
daniilidis,train,cam1-3_02:12,cam1-3_02,12,82,1,1.5105727784936884,0.6170577257181996,27,35.038929104738116,1.1391830910746088,
daniilidis,train,cam1-3_02:13,cam1-3_02,13,83,1,2.192237260210191,0.31350112491542953,36,71.55632889956725,1.4098495674240414,
daniilidis,train,cam1-3_02:15,cam1-3_02,15,85,1,2.1227581941374756,0.3042131208746743,31,50.45834312408586,1.2758089543006577,
daniilidis,train,cam1-3_02:16,cam1-3_02,16,86,1,2.147398540022122,0.8920328066251476,32,51.271495622733354,1.2657939161689857,
daniilidis,train,cam1-3_02:17,cam1-3_02,17,87,1,1.9046535422758137,0.23814005660543663,23,27.96097807377947,1.1025854610233063,
daniilidis,train,cam1-3_02:19,cam1-3_02,19,89,1,1.9072699324393556,0.553749326974737,30,34.188970764601144,1.0675356475640698,
daniilidis,train,cam1-3_02:20,cam1-3_02,20,90,1,1.8636340386999988,0.6169415346705307,34,36.48658486208298,1.0359222214456032,
daniilidis,train,cam1-3_02:21,cam1-3_02,21,91,1,1.6464202416759852,0.7961274723787951,38,26.499051370922892,0.8350709294003413,
daniilidis,train,cam1-3_02:23,cam1-3_02,23,93,1,1.2904672093175347,0.5289712719919281,38,14.408457969034947,0.6157677699860161,
daniilidis,train,cam1-3_02:24,cam1-3_02,24,94,1,2.176990923255218,0.21237852313842565,33,50.39601695980823,1.2357799274486934,
daniilidis,train,cam1-3_02:25,cam1-3_02,25,95,1,2.054289760153186,0.39044092611083914,40,79.20162558773107,1.407139168559129,
daniilidis,train,cam1-3_02:27,cam1-3_02,27,97,1,2.167855252623197,0.5344476654032757,32,62.29811741922212,1.3952835444276879,
daniilidis,train,cam1-3_02:28,cam1-3_02,28,98,1,2.2509475889162887,0.2528487213726584,30,47.76650509924571,1.2618307480171513,
daniilidis,train,cam1-3_02:29,cam1-3_02,29,99,1,1.6533547137749798,0.31893174718290335,36,29.96103827441145,0.9122779528072,
daniilidis,train,cam1-3_02:32,cam1-3_02,32,102,1,3.2840522945901185,0.32132600238971226,14,60.635605883051475,2.081133034174473,
daniilidis,train,cam1-3_02:33,cam1-3_02,33,103,1,3.678689339227937,0.31891184490358176,26,124.38245449521037,2.187222109779455,
daniilidis,train,cam1-3_02:36,cam1-3_02,36,106,1,4.051552787162565,0.17283884188790863,18,148.23293452098633,2.8696973758470916,
daniilidis,train,cam1-3_02:37,cam1-3_02,37,107,1,4.0523789489018585,0.443949909738664,13,139.6011263207011,3.2769724103988835,
daniilidis,train,cam1-3_02:39,cam1-3_02,39,109,1,4.887645844094957,0.47585238021542337,20,258.224652387624,3.5932203688865507,
daniilidis,train,cam1-3_02:40,cam1-3_02,40,110,1,4.763309240435698,0.29743896216044297,18,172.2789697621886,3.093711989774928,
daniilidis,train,cam1-3_02:41,cam1-3_02,41,111,1,5.333954588235204,0.6258199674962339,11,86.79659901898464,2.8090211659609805,
daniilidis,train,cam1-3_02:43,cam1-3_02,43,113,1,3.100690128743067,0.5769948562301814,14,82.19983006008648,2.423100582489988,
daniilidis,train,cam1-3_02:44,cam1-3_02,44,114,1,3.819105005529858,0.48807259645002077,36,290.3423276315733,2.839905747807943,
daniilidis,train,cam1-3_02:45,cam1-3_02,45,115,1,4.130229995023739,0.42490810170249865,26,236.3675430926477,3.015138363279075,
daniilidis,train,cam1-3_02:46,cam1-3_02,46,116,1,4.318346629463105,0.3699258815662735,28,255.75790526797454,3.02228570827241,
daniilidis,train,cam0-3_01:0,cam0-3_01,0,30,3,37.07706278328634,4.426477880675362,40,7320.746861677571,13.528439360914447,
daniilidis,train,cam0-3_01:1,cam0-3_01,1,31,3,34.60509018273109,4.186578537840689,22,4373.394264897291,14.099313756506815,
daniilidis,train,cam0-3_01:3,cam0-3_01,3,33,3,28.288128171354646,3.1853892134058093,25,5274.6280350210745,14.525326894801472,
daniilidis,train,cam0-3_01:4,cam0-3_01,4,34,3,18.627668464522834,1.7550424877755209,18,4664.784781757661,16.098282830713586,
daniilidis,train,cam0-3_01:5,cam0-3_01,5,35,3,16.503164447679477,1.9750483670943386,34,7067.57563390779,14.417693004968696,
daniilidis,train,cam0-3_01:7,cam0-3_01,7,37,3,26.99989120195311,2.8210923299127035,18,2102.4974612952637,10.807655366285674,
daniilidis,train,cam0-3_01:8,cam0-3_01,8,38,3,11.247376217006193,2.5279185364902093,22,4362.055989736438,14.081025256022631,
daniilidis,train,cam0-3_01:9,cam0-3_01,9,39,3,9.325606354700087,1.7142841441420928,24,3048.593028532614,11.270523924032647,
daniilidis,train,cam0-3_01:11,cam0-3_01,11,41,3,10.348438224654384,2.900640944247778,18,3801.583408468331,14.532689986655624,
daniilidis,train,cam0-3_01:12,cam0-3_01,12,42,3,23.210346124127273,3.924685737928036,11,2105.309444285821,13.834441357075006,
daniilidis,train,cam0-3_01:13,cam0-3_01,13,43,3,19.660527329596157,4.856631169458227,18,3683.0105410650103,14.304254497380628,
daniilidis,train,cam0-3_01:15,cam0-3_01,15,45,3,14.401456403743635,1.306089232217161,30,7231.616265872544,15.525909813247171,
daniilidis,train,cam0-3_01:16,cam0-3_01,16,46,3,15.19713769623266,1.2895903782955387,34,9208.801318791662,16.457432898587783,
daniilidis,train,cam0-3_01:17,cam0-3_01,17,47,3,12.467097023286987,1.2378504600543063,28,9119.43792779131,18.047000074993974,
daniilidis,train,cam0-3_01:20,cam0-3_01,20,50,3,19.183319070767467,2.5184216166742392,29,7383.330855376896,15.956115307387684,
daniilidis,train,cam0-3_01:21,cam0-3_01,21,51,3,28.256033134255116,4.027369122813668,20,4978.108568875492,15.77673693904334,
daniilidis,train,cam0-3_01:23,cam0-3_01,23,53,3,33.049102832353,3.7367879122249206,21,1824.12515448873,9.32003769277257,
daniilidis,train,cam0-3_01:24,cam0-3_01,24,54,3,37.328432390442266,3.5398753370792133,30,10398.932876025558,18.618031471332262,
daniilidis,train,cam0-3_01:25,cam0-3_01,25,55,3,21.03952822156985,2.180381372573144,30,4775.5791676845365,12.61689233750337,
daniilidis,train,cam0-3_01:27,cam0-3_01,27,57,3,12.84801884691536,2.5467517666920734,14,1845.9843492363354,11.48285787360675,
daniilidis,train,cam0-3_01:28,cam0-3_01,28,58,3,11.333913771108076,1.7404814367484107,23,2965.2286842856,11.354425845162183,
daniilidis,train,cam0-3_01:29,cam0-3_01,29,59,3,13.843062798372209,2.3853704676524923,27,4396.317688737563,12.760351917731509,
daniilidis,train,cam0-3_01:31,cam0-3_01,31,61,3,20.51809122874212,9.074969904669471,22,4029.320910509512,13.533327398600283,
daniilidis,train,cam0-3_01:32,cam0-3_01,32,62,3,60.88872977231127,22.744694384511057,20,3892.971145983749,13.951650701590383,
daniilidis,train,cam0-3_01:33,cam0-3_01,33,63,3,10.682726509766052,2.7335539744032005,28,6144.191454059015,14.813352391458736,
daniilidis,train,cam0-3_01:35,cam0-3_01,35,65,3,11.65036564013068,10.350672270505974,13,3563.2597510854484,16.55587218873261,
daniilidis,train,cam0-3_01:37,cam0-3_01,37,67,3,16.665662437251896,3.019902939540597,20,5469.297298777785,16.536773111429245,
daniilidis,train,cam0-3_01:39,cam0-3_01,39,69,3,31.27083225233225,12.32863494873201,15,5441.569881737525,19.04655678722977,
daniilidis,train,cam1-3_02:0,cam1-3_02,0,70,3,10.702380656237167,1.5816083603824385,33,9830.579539240627,17.259674089447877,
daniilidis,train,cam1-3_02:1,cam1-3_02,1,71,3,10.945586319759391,1.6712439118775777,25,5190.7736253983485,14.409404741901518,
daniilidis,train,cam1-3_02:3,cam1-3_02,3,73,3,15.03358354188692,1.3382139257701378,36,18334.053240799523,22.56721641427838,
daniilidis,train,cam1-3_02:4,cam1-3_02,4,74,3,9.587824892101867,1.5783886740498028,31,5835.338421259656,13.719938894413506,
daniilidis,train,cam1-3_02:5,cam1-3_02,5,75,3,8.78019524052555,1.807502916849824,23,3097.368610427695,11.60466287547286,
daniilidis,train,cam1-3_02:7,cam1-3_02,7,77,3,10.165515542593372,1.783358267256089,27,3496.2778718621753,11.379445198775397,
daniilidis,train,cam1-3_02:8,cam1-3_02,8,78,3,12.14028425829184,2.298892877844605,9,1683.0664893600147,13.675064449817715,
daniilidis,train,cam1-3_02:9,cam1-3_02,9,79,3,9.50562107994979,1.8026483338887807,24,3019.2883480135256,11.216224015560238,
daniilidis,train,cam1-3_02:11,cam1-3_02,11,81,3,12.221479544343364,1.945863287450225,15,3227.4297646740565,14.668400877791818,
daniilidis,train,cam1-3_02:13,cam1-3_02,13,83,3,12.473556960088668,1.5846269238152706,40,9720.453585285512,15.588820982747148,
daniilidis,train,cam1-3_02:15,cam1-3_02,15,85,3,16.112534004853067,1.6173507953151356,38,28783.23554529351,27.521874336269473,
daniilidis,train,cam1-3_02:16,cam1-3_02,16,86,3,16.108839198110203,1.56673956167605,19,17022.783563126013,29.93218964604214,
daniilidis,train,cam1-3_02:17,cam1-3_02,17,87,3,14.159678826083832,1.6725612158081646,38,10773.905993477836,16.8381662283524,
daniilidis,train,cam1-3_02:19,cam1-3_02,19,89,3,13.432236384898317,1.866005902999405,23,5934.890392973231,16.063583433903116,
daniilidis,train,cam1-3_02:20,cam1-3_02,20,90,3,12.880138674557305,1.9211104486028712,34,10695.412979988272,17.736148680016612,
daniilidis,train,cam1-3_02:21,cam1-3_02,21,91,3,10.666541424680604,1.9507857728063063,12,2309.8256770470916,13.873913402038289,
daniilidis,train,cam1-3_02:23,cam1-3_02,23,93,3,11.218408961071757,1.7500346438334582,26,6378.967222878514,15.663489176669263,
daniilidis,train,cam1-3_02:24,cam1-3_02,24,94,3,15.252856529850526,1.6955272078836288,38,19964.802945513922,22.921377602529365,
daniilidis,train,cam1-3_02:25,cam1-3_02,25,95,3,11.24796799497544,1.748196638344455,33,10446.840178100902,17.79243981268185,
daniilidis,train,cam1-3_02:27,cam1-3_02,27,97,3,9.215506434035643,1.726158257051317,30,6950.279736176712,15.220906385819815,
daniilidis,train,cam1-3_02:28,cam1-3_02,28,98,3,11.133549251505995,1.7567343678366913,34,5872.058819873067,13.14182682693726,
daniilidis,train,cam1-3_02:29,cam1-3_02,29,99,3,11.423714860154927,1.5425592566268844,31,6250.354071712826,14.199448048919441,
daniilidis,train,cam1-3_02:31,cam1-3_02,31,101,3,17.7749169249348,1.1647472048451413,29,10444.971760873705,18.978183264741855,
daniilidis,train,cam1-3_02:32,cam1-3_02,32,102,3,15.10828910649747,1.6114109230202842,35,8348.557480843789,15.444423386400477,
daniilidis,train,cam1-3_02:33,cam1-3_02,33,103,3,16.809597083433314,1.8766497324297222,36,22744.441366246847,25.135433912134904,
daniilidis,train,cam1-3_02:35,cam1-3_02,35,105,3,20.554317489348893,2.548724976375375,33,12491.224863680382,19.455640970322005,
daniilidis,train,cam1-3_02:36,cam1-3_02,36,106,3,14.247503055085069,1.8950050984124824,28,19011.201624507245,26.05708131371479,
daniilidis,train,cam1-3_02:37,cam1-3_02,37,107,3,17.083832911017517,2.4383615915911183,27,18829.689417206864,26.408254473573127,
daniilidis,train,cam1-3_02:39,cam1-3_02,39,109,3,16.820433044507418,2.636883561457363,29,29939.336804878865,32.13084070338291,
daniilidis,train,cam1-3_02:40,cam1-3_02,40,110,3,11.69226086230266,4.248512194142838,22,18500.24902249755,28.998627728110257,
daniilidis,train,cam1-3_02:41,cam1-3_02,41,111,3,13.219833582210832,6.362925549238578,19,18748.629493595257,31.41289501696905,
daniilidis,train,cam1-3_02:43,cam1-3_02,43,113,3,11.904249533831273,6.592697046164367,22,18958.718459373446,29.355747818298212,
daniilidis,train,cam1-3_02:44,cam1-3_02,44,114,3,16.509125714788745,2.424882469043081,24,17616.569323600674,27.092872158866708,
daniilidis,train,cam1-3_02:45,cam1-3_02,45,115,3,18.947020904778753,2.2409470881065,37,45398.601195102376,35.02840592275437,
